#-----------------------------------------------------------
# Vivado v2025.1 (64-bit)
# SW Build 6140274 on Thu May 22 00:12:29 MDT 2025
# IP Build 6138677 on Thu May 22 03:10:11 MDT 2025
# SharedData Build 6139179 on Tue May 20 17:58:58 MDT 2025
# Start of session at: Thu May 14 22:24:08 2026
# Process ID         : 26812
# Current directory  : D:/Hoc_Tap/Dai_hoc/HK6/DoAn1/Pipeline_RISCV
# Command line       : vivado.exe -gui_launcher_event rodinguilauncherevent32252 D:\Hoc_Tap\Dai_hoc\HK6\DoAn1\Pipeline_RISCV\Pipeline_RISCV.xpr
# Log file           : D:/Hoc_Tap/Dai_hoc/HK6/DoAn1/Pipeline_RISCV/vivado.log
# Journal file       : D:/Hoc_Tap/Dai_hoc/HK6/DoAn1/Pipeline_RISCV\vivado.jou
# Running On         : Trong_Hieu
# Platform           : Windows Server 2016 or Windows 10
# Operating System   : 26200
# Processor Detail   : AMD Ryzen 5 6600H with Radeon Graphics         
# CPU Frequency      : 3294 MHz
# CPU Physical cores : 6
# CPU Logical cores  : 12
# Host memory        : 16361 MB
# Swap memory        : 16361 MB
# Total Virtual      : 32722 MB
# Available Virtual  : 12641 MB
#-----------------------------------------------------------
start_gui
open_project D:/Hoc_Tap/Dai_hoc/HK6/DoAn1/Pipeline_RISCV/Pipeline_RISCV.xpr
WARNING: [Board 49-26] cannot add Board Part xilinx.com:emb-plus-vpr-4616:part0:1.0 available at C:/Xilinx/2025.1/data/xhub/boards\XilinxBoardStore\boards\Xilinx\emb-plus-vpr-4616\1.0\board.xml as part xcve2302-sfva784-2mp-e-s specified in board_part file is either invalid or not available
INFO: [Project 1-313] Project file moved from 'C:/Users/nguye/Desktop/new/RISCV-CNN-SoC/Pipeline_RISCV' since last save.
WARNING: [Board 49-26] cannot add Board Part xilinx.com:emb-plus-vpr-4616:part0:1.1 available at C:/Xilinx/2025.1/data/xhub/boards\XilinxBoardStore\boards\Xilinx\emb-plus-vpr-4616\1.1\board.xml as part xcve2302-sfva784-2mp-e-s specified in board_part file is either invalid or not available
WARNING: [Board 49-26] cannot add Board Part xilinx.com:kcu105:part0:1.6 available at C:/Xilinx/2025.1/data/xhub/boards\XilinxBoardStore\boards\Xilinx\kcu105\1.6\board.xml as part xcku040-ffva1156-2-e specified in board_part file is either invalid or not available
WARNING: [Board 49-26] cannot add Board Part xilinx.com:kcu105:part0:1.7 available at C:/Xilinx/2025.1/data/xhub/boards\XilinxBoardStore\boards\Xilinx\kcu105\1.7\board.xml as part xcku040-ffva1156-2-e specified in board_part file is either invalid or not available
WARNING: [Board 49-26] cannot add Board Part xilinx.com:kcu1500:part0:1.2 available at C:/Xilinx/2025.1/data/xhub/boards\XilinxBoardStore\boards\Xilinx\kcu1500\1.2\board.xml as part xcku115-flvb2104-2-e specified in board_part file is either invalid or not available
WARNING: [Board 49-26] cannot add Board Part xilinx.com:v80:part0:1.0 available at C:/Xilinx/2025.1/data/xhub/boards\XilinxBoardStore\boards\Xilinx\v80\1.0\board.xml as part xcv80-lsva4737-2mhp-e-s specified in board_part file is either invalid or not available
WARNING: [Board 49-26] cannot add Board Part xilinx.com:vck190:part0:2.2 available at C:/Xilinx/2025.1/data/xhub/boards\XilinxBoardStore\boards\Xilinx\vck190\production\2.2\board.xml as part xcvc1902-vsva2197-2mp-e-s specified in board_part file is either invalid or not available
WARNING: [Board 49-26] cannot add Board Part xilinx.com:vck190:part0:3.0 available at C:/Xilinx/2025.1/data/xhub/boards\XilinxBoardStore\boards\Xilinx\vck190\production\3.0\board.xml as part xcvc1902-vsva2197-2mp-e-s specified in board_part file is either invalid or not available
WARNING: [Board 49-26] cannot add Board Part xilinx.com:vck190:part0:3.1 available at C:/Xilinx/2025.1/data/xhub/boards\XilinxBoardStore\boards\Xilinx\vck190\production\3.1\board.xml as part xcvc1902-vsva2197-2mp-e-s specified in board_part file is either invalid or not available
WARNING: [Board 49-26] cannot add Board Part xilinx.com:vck190:part0:3.2 available at C:/Xilinx/2025.1/data/xhub/boards\XilinxBoardStore\boards\Xilinx\vck190\production\3.2\board.xml as part xcvc1902-vsva2197-2mp-e-s specified in board_part file is either invalid or not available
WARNING: [Board 49-26] cannot add Board Part xilinx.com:vck190:part0:3.3 available at C:/Xilinx/2025.1/data/xhub/boards\XilinxBoardStore\boards\Xilinx\vck190\production\3.3\board.xml as part xcvc1902-vsva2197-2mp-e-s specified in board_part file is either invalid or not available
WARNING: [Board 49-26] cannot add Board Part xilinx.com:vck190:part0:3.4 available at C:/Xilinx/2025.1/data/xhub/boards\XilinxBoardStore\boards\Xilinx\vck190\production\3.4\board.xml as part xcvc1902-vsva2197-2mp-e-s specified in board_part file is either invalid or not available
WARNING: [Board 49-26] cannot add Board Part xilinx.com:vck190_newl:part0:1.0 available at C:/Xilinx/2025.1/data/xhub/boards\XilinxBoardStore\boards\Xilinx\vck190_newl\production\1.0\board.xml as part xcvc1902-vsva2197-2mp-e-s specified in board_part file is either invalid or not available
WARNING: [Board 49-26] cannot add Board Part xilinx.com:vck190_newl:part0:1.1 available at C:/Xilinx/2025.1/data/xhub/boards\XilinxBoardStore\boards\Xilinx\vck190_newl\production\1.1\board.xml as part xcvc1902-vsva2197-2mp-e-s specified in board_part file is either invalid or not available
WARNING: [Board 49-26] cannot add Board Part xilinx.com:vck190_newl:part0:1.2 available at C:/Xilinx/2025.1/data/xhub/boards\XilinxBoardStore\boards\Xilinx\vck190_newl\production\1.2\board.xml as part xcvc1902-vsva2197-2mp-e-s specified in board_part file is either invalid or not available
WARNING: [Board 49-26] cannot add Board Part xilinx.com:vck190_newl:part0:1.3 available at C:/Xilinx/2025.1/data/xhub/boards\XilinxBoardStore\boards\Xilinx\vck190_newl\production\1.3\board.xml as part xcvc1902-vsva2197-2mp-e-s specified in board_part file is either invalid or not available
WARNING: [Board 49-26] cannot add Board Part xilinx.com:vcu108:part0:1.6 available at C:/Xilinx/2025.1/data/xhub/boards\XilinxBoardStore\boards\Xilinx\vcu108\1.6\board.xml as part xcvu095-ffva2104-2-e specified in board_part file is either invalid or not available
WARNING: [Board 49-26] cannot add Board Part xilinx.com:vcu108:part0:1.7 available at C:/Xilinx/2025.1/data/xhub/boards\XilinxBoardStore\boards\Xilinx\vcu108\1.7\board.xml as part xcvu095-ffva2104-2-e specified in board_part file is either invalid or not available
WARNING: [Board 49-26] cannot add Board Part xilinx.com:vcu110:part0:1.4 available at C:/Xilinx/2025.1/data/xhub/boards\XilinxBoardStore\boards\Xilinx\vcu110\1.4\board.xml as part xcvu190-flgc2104-2-e specified in board_part file is either invalid or not available
WARNING: [Board 49-26] cannot add Board Part xilinx.com:vcu118:part0:2.0 available at C:/Xilinx/2025.1/data/xhub/boards\XilinxBoardStore\boards\Xilinx\vcu118\2.0\board.xml as part xcvu9p-flga2104-2l-e specified in board_part file is either invalid or not available
WARNING: [Board 49-26] cannot add Board Part xilinx.com:vcu118:part0:2.3 available at C:/Xilinx/2025.1/data/xhub/boards\XilinxBoardStore\boards\Xilinx\vcu118\2.3\board.xml as part xcvu9p-flga2104-2l-e specified in board_part file is either invalid or not available
WARNING: [Board 49-26] cannot add Board Part xilinx.com:vcu118:part0:2.4 available at C:/Xilinx/2025.1/data/xhub/boards\XilinxBoardStore\boards\Xilinx\vcu118\2.4\board.xml as part xcvu9p-flga2104-2l-e specified in board_part file is either invalid or not available
WARNING: [Board 49-26] cannot add Board Part xilinx.com:vcu128:part0:1.0 available at C:/Xilinx/2025.1/data/xhub/boards\XilinxBoardStore\boards\Xilinx\vcu128\production\1.0\board.xml as part xcvu37p-fsvh2892-2l-e specified in board_part file is either invalid or not available
WARNING: [Board 49-26] cannot add Board Part xilinx.com:vcu129:part0:1.0 available at C:/Xilinx/2025.1/data/xhub/boards\XilinxBoardStore\boards\Xilinx\vcu129\production\1.0\board.xml as part xcvu29p-fsga2577-2l-e specified in board_part file is either invalid or not available
WARNING: [Board 49-26] cannot add Board Part xilinx.com:vcu1525:part0:1.3 available at C:/Xilinx/2025.1/data/xhub/boards\XilinxBoardStore\boards\Xilinx\vcu1525\1.3\board.xml as part xcvu9p-fsgd2104-2l-e specified in board_part file is either invalid or not available
WARNING: [Board 49-26] cannot add Board Part xilinx.com:vek280:part0:1.0 available at C:/Xilinx/2025.1/data/xhub/boards\XilinxBoardStore\boards\Xilinx\vek280\production\1.0\board.xml as part xcve2802-vsvh1760-2mp-e-s specified in board_part file is either invalid or not available
WARNING: [Board 49-26] cannot add Board Part xilinx.com:vek280:part0:1.1 available at C:/Xilinx/2025.1/data/xhub/boards\XilinxBoardStore\boards\Xilinx\vek280\production\1.1\board.xml as part xcve2802-vsvh1760-2mp-e-s specified in board_part file is either invalid or not available
WARNING: [Board 49-26] cannot add Board Part xilinx.com:vek280:part0:1.2 available at C:/Xilinx/2025.1/data/xhub/boards\XilinxBoardStore\boards\Xilinx\vek280\production\1.2\board.xml as part xcve2802-vsvh1760-2mp-e-s specified in board_part file is either invalid or not available
WARNING: [Board 49-26] cannot add Board Part xilinx.com:vek385:part0:1.0 available at C:/Xilinx/2025.1/data/xhub/boards\XilinxBoardStore\boards\Xilinx\vek385\1.0\board.xml as part xc2ve3858-ssva2112-2mp-e-s specified in board_part file is either invalid or not available
WARNING: [Board 49-26] cannot add Board Part xilinx.com:vermeo_t1_mpsoc:part0:1.0 available at C:/Xilinx/2025.1/data/xhub/boards\XilinxBoardStore\boards\Xilinx\vermeo_t1_mpsoc\1.0\board.xml as part xczu19eg-ffvd1760-2l-e specified in board_part file is either invalid or not available
WARNING: [Board 49-26] cannot add Board Part xilinx.com:vermeo_t1_rfsoc:part0:1.0 available at C:/Xilinx/2025.1/data/xhub/boards\XilinxBoardStore\boards\Xilinx\vermeo_t1_rfsoc\1.0\board.xml as part xczu21dr-ffvd1156-2l-e specified in board_part file is either invalid or not available
WARNING: [Board 49-26] cannot add Board Part xilinx.com:vhk158:part0:1.0 available at C:/Xilinx/2025.1/data/xhub/boards\XilinxBoardStore\boards\Xilinx\vhk158\production\1.0\board.xml as part xcvh1582-vsva3697-2mp-e-s specified in board_part file is either invalid or not available
WARNING: [Board 49-26] cannot add Board Part xilinx.com:vhk158:part0:1.1 available at C:/Xilinx/2025.1/data/xhub/boards\XilinxBoardStore\boards\Xilinx\vhk158\production\1.1\board.xml as part xcvh1582-vsva3697-2mp-e-s specified in board_part file is either invalid or not available
WARNING: [Board 49-26] cannot add Board Part xilinx.com:vhk158:part0:1.2 available at C:/Xilinx/2025.1/data/xhub/boards\XilinxBoardStore\boards\Xilinx\vhk158\production\1.2\board.xml as part xcvh1582-vsva3697-2mp-e-s specified in board_part file is either invalid or not available
WARNING: [Board 49-26] cannot add Board Part xilinx.com:vmk180:part0:2.2 available at C:/Xilinx/2025.1/data/xhub/boards\XilinxBoardStore\boards\Xilinx\vmk180\production\2.2\board.xml as part xcvm1802-vsva2197-2mp-e-s specified in board_part file is either invalid or not available
WARNING: [Board 49-26] cannot add Board Part xilinx.com:vmk180:part0:3.0 available at C:/Xilinx/2025.1/data/xhub/boards\XilinxBoardStore\boards\Xilinx\vmk180\production\3.0\board.xml as part xcvm1802-vsva2197-2mp-e-s specified in board_part file is either invalid or not available
WARNING: [Board 49-26] cannot add Board Part xilinx.com:vmk180:part0:3.1 available at C:/Xilinx/2025.1/data/xhub/boards\XilinxBoardStore\boards\Xilinx\vmk180\production\3.1\board.xml as part xcvm1802-vsva2197-2mp-e-s specified in board_part file is either invalid or not available
WARNING: [Board 49-26] cannot add Board Part xilinx.com:vmk180:part0:3.2 available at C:/Xilinx/2025.1/data/xhub/boards\XilinxBoardStore\boards\Xilinx\vmk180\production\3.2\board.xml as part xcvm1802-vsva2197-2mp-e-s specified in board_part file is either invalid or not available
WARNING: [Board 49-26] cannot add Board Part xilinx.com:vmk180:part0:3.3 available at C:/Xilinx/2025.1/data/xhub/boards\XilinxBoardStore\boards\Xilinx\vmk180\production\3.3\board.xml as part xcvm1802-vsva2197-2mp-e-s specified in board_part file is either invalid or not available
WARNING: [Board 49-26] cannot add Board Part xilinx.com:vmk180_newl:part0:1.0 available at C:/Xilinx/2025.1/data/xhub/boards\XilinxBoardStore\boards\Xilinx\vmk180_newl\production\1.0\board.xml as part xcvm1802-vsva2197-2mp-e-s specified in board_part file is either invalid or not available
WARNING: [Board 49-26] cannot add Board Part xilinx.com:vmk180_newl:part0:1.1 available at C:/Xilinx/2025.1/data/xhub/boards\XilinxBoardStore\boards\Xilinx\vmk180_newl\production\1.1\board.xml as part xcvm1802-vsva2197-2mp-e-s specified in board_part file is either invalid or not available
WARNING: [Board 49-26] cannot add Board Part xilinx.com:vpk120:part0:1.0 available at C:/Xilinx/2025.1/data/xhub/boards\XilinxBoardStore\boards\Xilinx\vpk120\production\1.0\board.xml as part xcvp1202-vsva2785-2mp-e-s specified in board_part file is either invalid or not available
WARNING: [Board 49-26] cannot add Board Part xilinx.com:vpk120:part0:1.1 available at C:/Xilinx/2025.1/data/xhub/boards\XilinxBoardStore\boards\Xilinx\vpk120\production\1.1\board.xml as part xcvp1202-vsva2785-2mp-e-s specified in board_part file is either invalid or not available
WARNING: [Board 49-26] cannot add Board Part xilinx.com:vpk120:part0:1.2 available at C:/Xilinx/2025.1/data/xhub/boards\XilinxBoardStore\boards\Xilinx\vpk120\production\1.2\board.xml as part xcvp1202-vsva2785-2mp-e-s specified in board_part file is either invalid or not available
WARNING: [Board 49-26] cannot add Board Part xilinx.com:vpk180:part0:1.0 available at C:/Xilinx/2025.1/data/xhub/boards\XilinxBoardStore\boards\Xilinx\vpk180\production\1.0\board.xml as part xcvp1802-lsvc4072-2mp-e-s specified in board_part file is either invalid or not available
WARNING: [Board 49-26] cannot add Board Part xilinx.com:vpk180:part0:1.1 available at C:/Xilinx/2025.1/data/xhub/boards\XilinxBoardStore\boards\Xilinx\vpk180\production\1.1\board.xml as part xcvp1802-lsvc4072-2mp-e-s specified in board_part file is either invalid or not available
WARNING: [Board 49-26] cannot add Board Part xilinx.com:vpk180:part0:1.2 available at C:/Xilinx/2025.1/data/xhub/boards\XilinxBoardStore\boards\Xilinx\vpk180\production\1.2\board.xml as part xcvp1802-lsvc4072-2mp-e-s specified in board_part file is either invalid or not available
WARNING: [Board 49-26] cannot add Board Part xilinx.com:zcu102:part0:3.3 available at C:/Xilinx/2025.1/data/xhub/boards\XilinxBoardStore\boards\Xilinx\zcu102\3.3\board.xml as part xczu9eg-ffvb1156-2-e specified in board_part file is either invalid or not available
WARNING: [Board 49-26] cannot add Board Part xilinx.com:zcu102:part0:3.4 available at C:/Xilinx/2025.1/data/xhub/boards\XilinxBoardStore\boards\Xilinx\zcu102\3.4\board.xml as part xczu9eg-ffvb1156-2-e specified in board_part file is either invalid or not available
WARNING: [Board 49-26] cannot add Board Part xilinx.com:zcu111:part0:1.2 available at C:/Xilinx/2025.1/data/xhub/boards\XilinxBoardStore\boards\Xilinx\zcu111\1.2\board.xml as part xczu28dr-ffvg1517-2-e specified in board_part file is either invalid or not available
WARNING: [Board 49-26] cannot add Board Part xilinx.com:zcu111:part0:1.3 available at C:/Xilinx/2025.1/data/xhub/boards\XilinxBoardStore\boards\Xilinx\zcu111\1.3\board.xml as part xczu28dr-ffvg1517-2-e specified in board_part file is either invalid or not available
WARNING: [Board 49-26] cannot add Board Part xilinx.com:zcu111:part0:1.4 available at C:/Xilinx/2025.1/data/xhub/boards\XilinxBoardStore\boards\Xilinx\zcu111\1.4\board.xml as part xczu28dr-ffvg1517-2-e specified in board_part file is either invalid or not available
WARNING: [Board 49-26] cannot add Board Part xilinx.com:zcu1275:part0:1.0 available at C:/Xilinx/2025.1/data/xhub/boards\XilinxBoardStore\boards\Xilinx\zcu1275\1.0\board.xml as part xczu29dr-ffvf1760-2-e specified in board_part file is either invalid or not available
WARNING: [Board 49-26] cannot add Board Part xilinx.com:zcu1285:part0:1.0 available at C:/Xilinx/2025.1/data/xhub/boards\XilinxBoardStore\boards\Xilinx\zcu1285\1.0\board.xml as part xczu39dr-ffvf1760-2-i specified in board_part file is either invalid or not available
WARNING: [Board 49-26] cannot add Board Part xilinx.com:zcu208:part0:2.0 available at C:/Xilinx/2025.1/data/xhub/boards\XilinxBoardStore\boards\Xilinx\zcu208\production\2.0\board.xml as part xczu48dr-fsvg1517-2-e specified in board_part file is either invalid or not available
WARNING: [Board 49-26] cannot add Board Part xilinx.com:zcu208ld:part0:2.0 available at C:/Xilinx/2025.1/data/xhub/boards\XilinxBoardStore\boards\Xilinx\zcu208ld\production\2.0\board.xml as part xczu58dr-fsvg1517-2-i specified in board_part file is either invalid or not available
WARNING: [Board 49-26] cannot add Board Part xilinx.com:zcu216:part0:2.0 available at C:/Xilinx/2025.1/data/xhub/boards\XilinxBoardStore\boards\Xilinx\zcu216\production\2.0\board.xml as part xczu49dr-ffvf1760-2-e specified in board_part file is either invalid or not available
WARNING: [Board 49-26] cannot add Board Part xilinx.com:zcu216ld:part0:2.0 available at C:/Xilinx/2025.1/data/xhub/boards\XilinxBoardStore\boards\Xilinx\zcu216ld\production\2.0\board.xml as part xczu59dr-ffvf1760-2-i specified in board_part file is either invalid or not available
WARNING: [Board 49-26] cannot add Board Part xilinx.com:zcu670:part0:2.0 available at C:/Xilinx/2025.1/data/xhub/boards\XilinxBoardStore\boards\Xilinx\zcu670\2.0\board.xml as part xczu67dr-fsve1156-2-i specified in board_part file is either invalid or not available
WARNING: [Board 49-26] cannot add Board Part xilinx.com:zcu670ld:part0:1.0 available at C:/Xilinx/2025.1/data/xhub/boards\XilinxBoardStore\boards\Xilinx\zcu670ld\1.0\board.xml as part xczu57dr-fsve1156-2-i specified in board_part file is either invalid or not available
CRITICAL WARNING: [Project 1-311] Could not find the file 'D:/Hoc_Tap/Dai_hoc/HK6/DoAn1/utils/data.mem', nor could it be found using path 'C:/Users/nguye/Desktop/new/RISCV-CNN-SoC/utils/data.mem'.
CRITICAL WARNING: [Project 1-311] Could not find the file 'D:/Hoc_Tap/Dai_hoc/HK6/DoAn1/utils/machine_code.mem', nor could it be found using path 'C:/Users/nguye/Desktop/new/RISCV-CNN-SoC/utils/machine_code.mem'.
Scanning sources...
Finished scanning sources
WARNING: [Board 49-26] cannot add Board Part xilinx.com:emb-plus-vpr-4616:part0:1.0 available at C:/Xilinx/2025.1/data/xhub/boards\XilinxBoardStore\boards\Xilinx\emb-plus-vpr-4616\1.0\board.xml as part xcve2302-sfva784-2mp-e-s specified in board_part file is either invalid or not available
WARNING: [Board 49-26] cannot add Board Part xilinx.com:emb-plus-vpr-4616:part0:1.1 available at C:/Xilinx/2025.1/data/xhub/boards\XilinxBoardStore\boards\Xilinx\emb-plus-vpr-4616\1.1\board.xml as part xcve2302-sfva784-2mp-e-s specified in board_part file is either invalid or not available
WARNING: [Board 49-26] cannot add Board Part xilinx.com:kcu105:part0:1.6 available at C:/Xilinx/2025.1/data/xhub/boards\XilinxBoardStore\boards\Xilinx\kcu105\1.6\board.xml as part xcku040-ffva1156-2-e specified in board_part file is either invalid or not available
WARNING: [Board 49-26] cannot add Board Part xilinx.com:kcu105:part0:1.7 available at C:/Xilinx/2025.1/data/xhub/boards\XilinxBoardStore\boards\Xilinx\kcu105\1.7\board.xml as part xcku040-ffva1156-2-e specified in board_part file is either invalid or not available
WARNING: [Board 49-26] cannot add Board Part xilinx.com:kcu1500:part0:1.2 available at C:/Xilinx/2025.1/data/xhub/boards\XilinxBoardStore\boards\Xilinx\kcu1500\1.2\board.xml as part xcku115-flvb2104-2-e specified in board_part file is either invalid or not available
WARNING: [Board 49-26] cannot add Board Part xilinx.com:v80:part0:1.0 available at C:/Xilinx/2025.1/data/xhub/boards\XilinxBoardStore\boards\Xilinx\v80\1.0\board.xml as part xcv80-lsva4737-2mhp-e-s specified in board_part file is either invalid or not available
WARNING: [Board 49-26] cannot add Board Part xilinx.com:vck190:part0:2.2 available at C:/Xilinx/2025.1/data/xhub/boards\XilinxBoardStore\boards\Xilinx\vck190\production\2.2\board.xml as part xcvc1902-vsva2197-2mp-e-s specified in board_part file is either invalid or not available
WARNING: [Board 49-26] cannot add Board Part xilinx.com:vck190:part0:3.0 available at C:/Xilinx/2025.1/data/xhub/boards\XilinxBoardStore\boards\Xilinx\vck190\production\3.0\board.xml as part xcvc1902-vsva2197-2mp-e-s specified in board_part file is either invalid or not available
WARNING: [Board 49-26] cannot add Board Part xilinx.com:vck190:part0:3.1 available at C:/Xilinx/2025.1/data/xhub/boards\XilinxBoardStore\boards\Xilinx\vck190\production\3.1\board.xml as part xcvc1902-vsva2197-2mp-e-s specified in board_part file is either invalid or not available
WARNING: [Board 49-26] cannot add Board Part xilinx.com:vck190:part0:3.2 available at C:/Xilinx/2025.1/data/xhub/boards\XilinxBoardStore\boards\Xilinx\vck190\production\3.2\board.xml as part xcvc1902-vsva2197-2mp-e-s specified in board_part file is either invalid or not available
WARNING: [Board 49-26] cannot add Board Part xilinx.com:vck190:part0:3.3 available at C:/Xilinx/2025.1/data/xhub/boards\XilinxBoardStore\boards\Xilinx\vck190\production\3.3\board.xml as part xcvc1902-vsva2197-2mp-e-s specified in board_part file is either invalid or not available
WARNING: [Board 49-26] cannot add Board Part xilinx.com:vck190:part0:3.4 available at C:/Xilinx/2025.1/data/xhub/boards\XilinxBoardStore\boards\Xilinx\vck190\production\3.4\board.xml as part xcvc1902-vsva2197-2mp-e-s specified in board_part file is either invalid or not available
WARNING: [Board 49-26] cannot add Board Part xilinx.com:vck190_newl:part0:1.0 available at C:/Xilinx/2025.1/data/xhub/boards\XilinxBoardStore\boards\Xilinx\vck190_newl\production\1.0\board.xml as part xcvc1902-vsva2197-2mp-e-s specified in board_part file is either invalid or not available
WARNING: [Board 49-26] cannot add Board Part xilinx.com:vck190_newl:part0:1.1 available at C:/Xilinx/2025.1/data/xhub/boards\XilinxBoardStore\boards\Xilinx\vck190_newl\production\1.1\board.xml as part xcvc1902-vsva2197-2mp-e-s specified in board_part file is either invalid or not available
WARNING: [Board 49-26] cannot add Board Part xilinx.com:vck190_newl:part0:1.2 available at C:/Xilinx/2025.1/data/xhub/boards\XilinxBoardStore\boards\Xilinx\vck190_newl\production\1.2\board.xml as part xcvc1902-vsva2197-2mp-e-s specified in board_part file is either invalid or not available
WARNING: [Board 49-26] cannot add Board Part xilinx.com:vck190_newl:part0:1.3 available at C:/Xilinx/2025.1/data/xhub/boards\XilinxBoardStore\boards\Xilinx\vck190_newl\production\1.3\board.xml as part xcvc1902-vsva2197-2mp-e-s specified in board_part file is either invalid or not available
WARNING: [Board 49-26] cannot add Board Part xilinx.com:vcu108:part0:1.6 available at C:/Xilinx/2025.1/data/xhub/boards\XilinxBoardStore\boards\Xilinx\vcu108\1.6\board.xml as part xcvu095-ffva2104-2-e specified in board_part file is either invalid or not available
WARNING: [Board 49-26] cannot add Board Part xilinx.com:vcu108:part0:1.7 available at C:/Xilinx/2025.1/data/xhub/boards\XilinxBoardStore\boards\Xilinx\vcu108\1.7\board.xml as part xcvu095-ffva2104-2-e specified in board_part file is either invalid or not available
WARNING: [Board 49-26] cannot add Board Part xilinx.com:vcu110:part0:1.4 available at C:/Xilinx/2025.1/data/xhub/boards\XilinxBoardStore\boards\Xilinx\vcu110\1.4\board.xml as part xcvu190-flgc2104-2-e specified in board_part file is either invalid or not available
WARNING: [Board 49-26] cannot add Board Part xilinx.com:vcu118:part0:2.0 available at C:/Xilinx/2025.1/data/xhub/boards\XilinxBoardStore\boards\Xilinx\vcu118\2.0\board.xml as part xcvu9p-flga2104-2l-e specified in board_part file is either invalid or not available
WARNING: [Board 49-26] cannot add Board Part xilinx.com:vcu118:part0:2.3 available at C:/Xilinx/2025.1/data/xhub/boards\XilinxBoardStore\boards\Xilinx\vcu118\2.3\board.xml as part xcvu9p-flga2104-2l-e specified in board_part file is either invalid or not available
WARNING: [Board 49-26] cannot add Board Part xilinx.com:vcu118:part0:2.4 available at C:/Xilinx/2025.1/data/xhub/boards\XilinxBoardStore\boards\Xilinx\vcu118\2.4\board.xml as part xcvu9p-flga2104-2l-e specified in board_part file is either invalid or not available
WARNING: [Board 49-26] cannot add Board Part xilinx.com:vcu128:part0:1.0 available at C:/Xilinx/2025.1/data/xhub/boards\XilinxBoardStore\boards\Xilinx\vcu128\production\1.0\board.xml as part xcvu37p-fsvh2892-2l-e specified in board_part file is either invalid or not available
WARNING: [Board 49-26] cannot add Board Part xilinx.com:vcu129:part0:1.0 available at C:/Xilinx/2025.1/data/xhub/boards\XilinxBoardStore\boards\Xilinx\vcu129\production\1.0\board.xml as part xcvu29p-fsga2577-2l-e specified in board_part file is either invalid or not available
WARNING: [Board 49-26] cannot add Board Part xilinx.com:vcu1525:part0:1.3 available at C:/Xilinx/2025.1/data/xhub/boards\XilinxBoardStore\boards\Xilinx\vcu1525\1.3\board.xml as part xcvu9p-fsgd2104-2l-e specified in board_part file is either invalid or not available
WARNING: [Board 49-26] cannot add Board Part xilinx.com:vek280:part0:1.0 available at C:/Xilinx/2025.1/data/xhub/boards\XilinxBoardStore\boards\Xilinx\vek280\production\1.0\board.xml as part xcve2802-vsvh1760-2mp-e-s specified in board_part file is either invalid or not available
WARNING: [Board 49-26] cannot add Board Part xilinx.com:vek280:part0:1.1 available at C:/Xilinx/2025.1/data/xhub/boards\XilinxBoardStore\boards\Xilinx\vek280\production\1.1\board.xml as part xcve2802-vsvh1760-2mp-e-s specified in board_part file is either invalid or not available
WARNING: [Board 49-26] cannot add Board Part xilinx.com:vek280:part0:1.2 available at C:/Xilinx/2025.1/data/xhub/boards\XilinxBoardStore\boards\Xilinx\vek280\production\1.2\board.xml as part xcve2802-vsvh1760-2mp-e-s specified in board_part file is either invalid or not available
WARNING: [Board 49-26] cannot add Board Part xilinx.com:vek385:part0:1.0 available at C:/Xilinx/2025.1/data/xhub/boards\XilinxBoardStore\boards\Xilinx\vek385\1.0\board.xml as part xc2ve3858-ssva2112-2mp-e-s specified in board_part file is either invalid or not available
WARNING: [Board 49-26] cannot add Board Part xilinx.com:vermeo_t1_mpsoc:part0:1.0 available at C:/Xilinx/2025.1/data/xhub/boards\XilinxBoardStore\boards\Xilinx\vermeo_t1_mpsoc\1.0\board.xml as part xczu19eg-ffvd1760-2l-e specified in board_part file is either invalid or not available
WARNING: [Board 49-26] cannot add Board Part xilinx.com:vermeo_t1_rfsoc:part0:1.0 available at C:/Xilinx/2025.1/data/xhub/boards\XilinxBoardStore\boards\Xilinx\vermeo_t1_rfsoc\1.0\board.xml as part xczu21dr-ffvd1156-2l-e specified in board_part file is either invalid or not available
WARNING: [Board 49-26] cannot add Board Part xilinx.com:vhk158:part0:1.0 available at C:/Xilinx/2025.1/data/xhub/boards\XilinxBoardStore\boards\Xilinx\vhk158\production\1.0\board.xml as part xcvh1582-vsva3697-2mp-e-s specified in board_part file is either invalid or not available
WARNING: [Board 49-26] cannot add Board Part xilinx.com:vhk158:part0:1.1 available at C:/Xilinx/2025.1/data/xhub/boards\XilinxBoardStore\boards\Xilinx\vhk158\production\1.1\board.xml as part xcvh1582-vsva3697-2mp-e-s specified in board_part file is either invalid or not available
WARNING: [Board 49-26] cannot add Board Part xilinx.com:vhk158:part0:1.2 available at C:/Xilinx/2025.1/data/xhub/boards\XilinxBoardStore\boards\Xilinx\vhk158\production\1.2\board.xml as part xcvh1582-vsva3697-2mp-e-s specified in board_part file is either invalid or not available
WARNING: [Board 49-26] cannot add Board Part xilinx.com:vmk180:part0:2.2 available at C:/Xilinx/2025.1/data/xhub/boards\XilinxBoardStore\boards\Xilinx\vmk180\production\2.2\board.xml as part xcvm1802-vsva2197-2mp-e-s specified in board_part file is either invalid or not available
WARNING: [Board 49-26] cannot add Board Part xilinx.com:vmk180:part0:3.0 available at C:/Xilinx/2025.1/data/xhub/boards\XilinxBoardStore\boards\Xilinx\vmk180\production\3.0\board.xml as part xcvm1802-vsva2197-2mp-e-s specified in board_part file is either invalid or not available
WARNING: [Board 49-26] cannot add Board Part xilinx.com:vmk180:part0:3.1 available at C:/Xilinx/2025.1/data/xhub/boards\XilinxBoardStore\boards\Xilinx\vmk180\production\3.1\board.xml as part xcvm1802-vsva2197-2mp-e-s specified in board_part file is either invalid or not available
WARNING: [Board 49-26] cannot add Board Part xilinx.com:vmk180:part0:3.2 available at C:/Xilinx/2025.1/data/xhub/boards\XilinxBoardStore\boards\Xilinx\vmk180\production\3.2\board.xml as part xcvm1802-vsva2197-2mp-e-s specified in board_part file is either invalid or not available
WARNING: [Board 49-26] cannot add Board Part xilinx.com:vmk180:part0:3.3 available at C:/Xilinx/2025.1/data/xhub/boards\XilinxBoardStore\boards\Xilinx\vmk180\production\3.3\board.xml as part xcvm1802-vsva2197-2mp-e-s specified in board_part file is either invalid or not available
WARNING: [Board 49-26] cannot add Board Part xilinx.com:vmk180_newl:part0:1.0 available at C:/Xilinx/2025.1/data/xhub/boards\XilinxBoardStore\boards\Xilinx\vmk180_newl\production\1.0\board.xml as part xcvm1802-vsva2197-2mp-e-s specified in board_part file is either invalid or not available
INFO: [Common 17-14] Message 'Board 49-26' appears 100 times and further instances of the messages will be disabled. Use the Tcl command set_msg_config to change the current settings.
INFO: [IP_Flow 19-234] Refreshing IP repositories
INFO: [IP_Flow 19-1704] No user IP repositories specified
INFO: [IP_Flow 19-2313] Loaded Vivado IP repository 'C:/Xilinx/2025.1/Vivado/data/ip'.
open_project: Time (s): cpu = 00:00:45 ; elapsed = 00:00:31 . Memory (MB): peak = 1748.129 ; gain = 353.867
update_compile_order -fileset sources_1
set_property top riscv_wrapper [current_fileset]
set_property top_lib xil_defaultlib [current_fileset]
set_property top_file D:/Hoc_Tap/Dai_hoc/HK6/DoAn1/Pipeline_RISCV/Pipeline_RISCV.srcs/sources_1/top_module/riscv_wrapper.v [current_fileset]
update_compile_order -fileset sources_1
launch_simulation
Command: launch_simulation 
INFO: [Vivado 12-12493] Simulation top is 'tb_riscv'
INFO: [Vivado 12-5682] Launching behavioral simulation in 'D:/Hoc_Tap/Dai_hoc/HK6/DoAn1/Pipeline_RISCV/Pipeline_RISCV.sim/sim_1/behav/xsim'
INFO: [SIM-utils-51] Simulation object is 'sim_1'
INFO: [SIM-utils-72] Using boost library from 'C:/Xilinx/2025.1/Vivado/tps/boost_1_72_0'
INFO: [USF-XSim-7] Finding pre-compiled libraries...
INFO: [USF-XSim-11] File 'C:/Xilinx/2025.1/Vivado/data/xsim/xsim.ini' copied to run dir:'D:/Hoc_Tap/Dai_hoc/HK6/DoAn1/Pipeline_RISCV/Pipeline_RISCV.sim/sim_1/behav/xsim'
INFO: [SIM-utils-54] Inspecting design source files for 'tb_riscv' in fileset 'sim_1'...
INFO: [SIM-utils-43] Exported 'D:/Hoc_Tap/Dai_hoc/HK6/DoAn1/Pipeline_RISCV/Pipeline_RISCV.sim/sim_1/behav/xsim/sc_xtlm_design_1_axi_smc_3.mem'
WARNING: [SIM-utils-42] Failed to copy file 'D:/Hoc_Tap/Dai_hoc/HK6/DoAn1/Pipeline_RISCV/Pipeline_RISCV.ip_user_files/mem_init_files/data.mem' to 'D:/Hoc_Tap/Dai_hoc/HK6/DoAn1/Pipeline_RISCV/Pipeline_RISCV.sim/sim_1/behav/xsim' : error copying "D:/Hoc_Tap/Dai_hoc/HK6/DoAn1/Pipeline_RISCV/Pipeline_RISCV.ip_user_files/mem_init_files/data.mem": no such file or directory
WARNING: [SIM-utils-42] Failed to copy file 'D:/Hoc_Tap/Dai_hoc/HK6/DoAn1/Pipeline_RISCV/Pipeline_RISCV.ip_user_files/mem_init_files/machine_code.mem' to 'D:/Hoc_Tap/Dai_hoc/HK6/DoAn1/Pipeline_RISCV/Pipeline_RISCV.sim/sim_1/behav/xsim' : error copying "D:/Hoc_Tap/Dai_hoc/HK6/DoAn1/Pipeline_RISCV/Pipeline_RISCV.ip_user_files/mem_init_files/machine_code.mem": no such file or directory
INFO: [USF-XSim-97] Finding global include files...
INFO: [USF-XSim-98] Fetching design files from 'sim_1'...
INFO: [USF-XSim-2] XSim::Compile design
INFO: [USF-XSim-61] Executing 'COMPILE and ANALYZE' step in 'D:/Hoc_Tap/Dai_hoc/HK6/DoAn1/Pipeline_RISCV/Pipeline_RISCV.sim/sim_1/behav/xsim'
"xvlog --incr --relax -L axi_vip_v1_1_21 -L smartconnect_v1_0 -L zynq_ultra_ps_e_vip_v1_0_21 -L xilinx_vip -prj tb_riscv_vlog.prj"
INFO: [VRFC 10-2263] Analyzing Verilog file "D:/Hoc_Tap/Dai_hoc/HK6/DoAn1/Pipeline_RISCV/Pipeline_RISCV.srcs/sources_1/utils/encoding.v" into library xil_defaultlib
INFO: [VRFC 10-2263] Analyzing Verilog file "D:/Hoc_Tap/Dai_hoc/HK6/DoAn1/Pipeline_RISCV/Pipeline_RISCV.srcs/sources_1/functional_unit/alu.v" into library xil_defaultlib
INFO: [VRFC 10-311] analyzing module alu
INFO: [VRFC 10-2263] Analyzing Verilog file "D:/Hoc_Tap/Dai_hoc/HK6/DoAn1/Pipeline_RISCV/Pipeline_RISCV.srcs/sources_1/control_unit/bj_detect.v" into library xil_defaultlib
INFO: [VRFC 10-311] analyzing module bj_detect
INFO: [VRFC 10-2263] Analyzing Verilog file "D:/Hoc_Tap/Dai_hoc/HK6/DoAn1/Pipeline_RISCV/Pipeline_RISCV.srcs/sources_1/control_unit/control_unit.v" into library xil_defaultlib
INFO: [VRFC 10-311] analyzing module control_unit
INFO: [VRFC 10-2263] Analyzing Verilog file "D:/Hoc_Tap/Dai_hoc/HK6/DoAn1/Pipeline_RISCV/Pipeline_RISCV.srcs/sources_1/top_module/cpu_pipeline.v" into library xil_defaultlib
INFO: [VRFC 10-311] analyzing module cpu_pipeline
INFO: [VRFC 10-2263] Analyzing Verilog file "D:/Hoc_Tap/Dai_hoc/HK6/DoAn1/Pipeline_RISCV/Pipeline_RISCV.srcs/sources_1/memory_unit/dmem.v" into library xil_defaultlib
INFO: [VRFC 10-311] analyzing module dmem
INFO: [VRFC 10-2263] Analyzing Verilog file "D:/Hoc_Tap/Dai_hoc/HK6/DoAn1/Pipeline_RISCV/Pipeline_RISCV.srcs/sources_1/pipeline_register/ex_mem_reg.v" into library xil_defaultlib
INFO: [VRFC 10-311] analyzing module ex_mem_reg
INFO: [VRFC 10-2263] Analyzing Verilog file "D:/Hoc_Tap/Dai_hoc/HK6/DoAn1/Pipeline_RISCV/Pipeline_RISCV.srcs/sources_1/control_unit/forwarding_unit.v" into library xil_defaultlib
INFO: [VRFC 10-311] analyzing module forwarding_unit
INFO: [VRFC 10-2263] Analyzing Verilog file "D:/Hoc_Tap/Dai_hoc/HK6/DoAn1/Pipeline_RISCV/Pipeline_RISCV.srcs/sources_1/control_unit/hazard_detection_unit.v" into library xil_defaultlib
INFO: [VRFC 10-311] analyzing module hazard_detection_unit
INFO: [VRFC 10-2263] Analyzing Verilog file "D:/Hoc_Tap/Dai_hoc/HK6/DoAn1/Pipeline_RISCV/Pipeline_RISCV.srcs/sources_1/pipeline_register/id_ex_reg.v" into library xil_defaultlib
INFO: [VRFC 10-311] analyzing module id_ex_reg
INFO: [VRFC 10-2263] Analyzing Verilog file "D:/Hoc_Tap/Dai_hoc/HK6/DoAn1/Pipeline_RISCV/Pipeline_RISCV.srcs/sources_1/pipeline_register/if_id_reg.v" into library xil_defaultlib
INFO: [VRFC 10-311] analyzing module if_id_reg
INFO: [VRFC 10-2263] Analyzing Verilog file "D:/Hoc_Tap/Dai_hoc/HK6/DoAn1/Pipeline_RISCV/Pipeline_RISCV.srcs/sources_1/memory_unit/imem.v" into library xil_defaultlib
INFO: [VRFC 10-311] analyzing module imem
INFO: [VRFC 10-2263] Analyzing Verilog file "D:/Hoc_Tap/Dai_hoc/HK6/DoAn1/Pipeline_RISCV/Pipeline_RISCV.srcs/sources_1/functional_unit/imme_gen.v" into library xil_defaultlib
INFO: [VRFC 10-311] analyzing module imme_gen
INFO: [VRFC 10-2263] Analyzing Verilog file "D:/Hoc_Tap/Dai_hoc/HK6/DoAn1/Pipeline_RISCV/Pipeline_RISCV.srcs/sources_1/memory_unit/load_alignment.v" into library xil_defaultlib
INFO: [VRFC 10-311] analyzing module load_alignment
INFO: [VRFC 10-2263] Analyzing Verilog file "D:/Hoc_Tap/Dai_hoc/HK6/DoAn1/Pipeline_RISCV/Pipeline_RISCV.srcs/sources_1/pipeline_register/mem_wb_reg.v" into library xil_defaultlib
INFO: [VRFC 10-311] analyzing module mem_wb_reg
INFO: [VRFC 10-2263] Analyzing Verilog file "D:/Hoc_Tap/Dai_hoc/HK6/DoAn1/Pipeline_RISCV/Pipeline_RISCV.srcs/sources_1/utils/mux_4x1_32bit.v" into library xil_defaultlib
INFO: [VRFC 10-311] analyzing module mux_4x1_32bit
INFO: [VRFC 10-2263] Analyzing Verilog file "D:/Hoc_Tap/Dai_hoc/HK6/DoAn1/Pipeline_RISCV/Pipeline_RISCV.srcs/sources_1/functional_unit/pc.v" into library xil_defaultlib
INFO: [VRFC 10-311] analyzing module pc
INFO: [VRFC 10-2263] Analyzing Verilog file "D:/Hoc_Tap/Dai_hoc/HK6/DoAn1/Pipeline_RISCV/Pipeline_RISCV.srcs/sources_1/memory_unit/reg_file.v" into library xil_defaultlib
INFO: [VRFC 10-311] analyzing module reg_file
INFO: [VRFC 10-2263] Analyzing Verilog file "D:/Hoc_Tap/Dai_hoc/HK6/DoAn1/Pipeline_RISCV/Pipeline_RISCV.srcs/sources_1/top_module/riscv.v" into library xil_defaultlib
INFO: [VRFC 10-311] analyzing module riscv
INFO: [VRFC 10-2263] Analyzing Verilog file "D:/Hoc_Tap/Dai_hoc/HK6/DoAn1/Pipeline_RISCV/Pipeline_RISCV.srcs/sources_1/memory_unit/store_alignment.v" into library xil_defaultlib
INFO: [VRFC 10-311] analyzing module store_alignment
INFO: [VRFC 10-2263] Analyzing Verilog file "D:/Hoc_Tap/Dai_hoc/HK6/DoAn1/Pipeline_RISCV/Pipeline_RISCV.srcs/sources_1/testbench/tb_riscv.v" into library xil_defaultlib
INFO: [VRFC 10-311] analyzing module tb_riscv
INFO: [VRFC 10-2263] Analyzing Verilog file "D:/Hoc_Tap/Dai_hoc/HK6/DoAn1/Pipeline_RISCV/Pipeline_RISCV.sim/sim_1/behav/xsim/glbl.v" into library xil_defaultlib
INFO: [VRFC 10-311] analyzing module glbl
INFO: [USF-XSim-69] 'compile' step finished in '3' seconds
INFO: [USF-XSim-3] XSim::Elaborate design
INFO: [USF-XSim-61] Executing 'ELABORATE' step in 'D:/Hoc_Tap/Dai_hoc/HK6/DoAn1/Pipeline_RISCV/Pipeline_RISCV.sim/sim_1/behav/xsim'
"xelab --incr --debug typical --relax --mt 2 -L xil_defaultlib -L xilinx_vip -L unisims_ver -L unimacro_ver -L secureip -L xpm --snapshot tb_riscv_behav xil_defaultlib.tb_riscv xil_defaultlib.glbl -log elaborate.log"
Vivado Simulator v2025.1.0
Copyright 1986-2022 Xilinx, Inc. All Rights Reserved.
Copyright 2022-2025 Advanced Micro Devices, Inc. All Rights Reserved.
Running: C:/Xilinx/2025.1/Vivado/bin/unwrapped/win64.o/xelab.exe --incr --debug typical --relax --mt 2 -L xil_defaultlib -L xilinx_vip -L unisims_ver -L unimacro_ver -L secureip -L xpm --snapshot tb_riscv_behav xil_defaultlib.tb_riscv xil_defaultlib.glbl -log elaborate.log 
Using 2 slave threads.
Starting static elaboration
Pass Through NonSizing Optimizer
Completed static elaboration
Starting simulation data flow analysis
Completed simulation data flow analysis
Time Resolution for simulation is 1ps
Compiling module xil_defaultlib.pc
Compiling module xil_defaultlib.if_id_reg
Compiling module xil_defaultlib.control_unit
Compiling module xil_defaultlib.reg_file_default
Compiling module xil_defaultlib.imme_gen
Compiling module xil_defaultlib.hazard_detection_unit
Compiling module xil_defaultlib.id_ex_reg
Compiling module xil_defaultlib.forwarding_unit
Compiling module xil_defaultlib.mux_4x1_32bit
Compiling module xil_defaultlib.alu
Compiling module xil_defaultlib.bj_detect
Compiling module xil_defaultlib.ex_mem_reg
Compiling module xil_defaultlib.store_alignment
Compiling module xil_defaultlib.mem_wb_reg
Compiling module xil_defaultlib.load_alignment
Compiling module xil_defaultlib.cpu_pipeline
Compiling module xil_defaultlib.imem
Compiling module xil_defaultlib.dmem
Compiling module xil_defaultlib.riscv
Compiling module xil_defaultlib.tb_riscv
Compiling module xil_defaultlib.glbl
Built simulation snapshot tb_riscv_behav
run_program: Time (s): cpu = 00:00:01 ; elapsed = 00:00:07 . Memory (MB): peak = 1748.188 ; gain = 0.000
INFO: [USF-XSim-69] 'elaborate' step finished in '7' seconds
INFO: [USF-XSim-4] XSim::Simulate design
INFO: [USF-XSim-61] Executing 'SIMULATE' step in 'D:/Hoc_Tap/Dai_hoc/HK6/DoAn1/Pipeline_RISCV/Pipeline_RISCV.sim/sim_1/behav/xsim'
INFO: [USF-XSim-98] *** Running xsim
   with args "tb_riscv_behav -key {Behavioral:sim_1:Functional:tb_riscv} -tclbatch {tb_riscv.tcl} -protoinst "protoinst_files/bd_ae83.protoinst" -protoinst "protoinst_files/design_1.protoinst" -log {simulate.log}"
INFO: [USF-XSim-8] Loading simulator feature
INFO: [Wavedata 42-565] Reading protoinst file protoinst_files/bd_ae83.protoinst
WARNING: [Wavedata 42-558] Couldn't load one or more protocol instances from protoinst file protoinst_files/bd_ae83.protoinst for the following reason(s):
There are no instances of module "bd_ae83" in the design.

INFO: [Wavedata 42-565] Reading protoinst file protoinst_files/design_1.protoinst
WARNING: [Wavedata 42-558] Couldn't load one or more protocol instances from protoinst file protoinst_files/design_1.protoinst for the following reason(s):
There are no instances of module "design_1" in the design.

Time resolution is 1 ps
source tb_riscv.tcl
# set curr_wave [current_wave_config]
# if { [string length $curr_wave] == 0 } {
#   if { [llength [get_objects]] > 0} {
#     add_wave /
#     set_property needs_save false [current_wave_config]
#   } else {
#      send_msg_id Add_Wave-1 WARNING "No top level signals found. Simulator will start without a wave window. If you want to open a wave window go to 'File->New Waveform Configuration' or type 'create_wave_config' in the TCL console."
#   }
# }
# run 1000ns
==================================================
      STARTING PIPELINE CPU SIMULATION            
==================================================
Time: 50000 | PC = 0x00000000 | Inst = 0x00000013 (NOP   )
-----------------------------------------------------------------
Time: 60000 | PC = 0x00000000 | Inst = 0x00400513 (ALU-I )
-----------------------------------------------------------------
Time: 70000 | PC = 0x00000004 | Inst = 0x02000593 (ALU-I )
-----------------------------------------------------------------
Time: 80000 | PC = 0x00000008 | Inst = 0x00a00293 (ALU-I )
-----------------------------------------------------------------
Time: 90000 | PC = 0x0000000c | Inst = 0x00528333 (ALU-R )
          -> [EX] FORWARDING ACTIVATED | RS1_sel: 00, RS2_sel: 10
          -> [WB]  WRITE REG | x10 <- 0x00000004
-----------------------------------------------------------------
Time: 100000 | PC = 0x00000010 | Inst = 0x005303b3 (ALU-R )
          -> [EX] FORWARDING ACTIVATED | RS1_sel: 01, RS2_sel: 01
          -> [WB]  WRITE REG | x11 <- 0x00000020
-----------------------------------------------------------------
Time: 110000 | PC = 0x00000014 | Inst = 0x0075a023 (STORE )
          -> [EX] FORWARDING ACTIVATED | RS1_sel: 01, RS2_sel: 10
          -> [WB]  WRITE REG | x5 <- 0x0000000a
-----------------------------------------------------------------
Time: 120000 | PC = 0x00000018 | Inst = 0x0005ae03 (LOAD  )
          -> [EX] FORWARDING ACTIVATED | RS1_sel: 00, RS2_sel: 01
          -> [WB]  WRITE REG | x6 <- 0x00000014
-----------------------------------------------------------------
Time: 130000 | PC = 0x0000001c | Inst = 0x01ce0eb3 (ALU-R )
          -> [HAZARD] STALL: Pipeline stalled waiting for Load data!
          -> [MEM] WRITE RAM | Addr: 0x00000020 <- Data: 0x0000001e
          -> [WB]  WRITE REG | x7 <- 0x0000001e
-----------------------------------------------------------------
Time: 140000 | PC = 0x0000001c | Inst = 0x01ce0eb3 (ALU-R )
          -> [MEM] READ RAM  | Read requested at Addr: 0x00000020
-----------------------------------------------------------------
Time: 150000 | PC = 0x00000020 | Inst = 0x01d52023 (STORE )
          -> [EX] FORWARDING ACTIVATED | RS1_sel: 10, RS2_sel: 10
          -> [WB]  LOAD REG  | x28 <- 0x0000001e (Raw RAM Data: 0x0000001e)
-----------------------------------------------------------------
Time: 160000 | PC = 0x00000024 | Inst = 0x00000013 (NOP   )
          -> [EX] FORWARDING ACTIVATED | RS1_sel: 00, RS2_sel: 01
-----------------------------------------------------------------
Time: 170000 | PC = 0x00000028 | Inst = 0x00000013 (NOP   )
          -> [MEM] WRITE RAM | Addr: 0x00000004 <- Data: 0x0000003c
          -> [WB]  WRITE REG | x29 <- 0x0000003c
-----------------------------------------------------------------
Time: 180000 | PC = 0x0000002c | Inst = 0x00000013 (NOP   )
-----------------------------------------------------------------
Time: 190000 | PC = 0x00000030 | Inst = 0x00000073 (ECALL )
-----------------------------------------------------------------
Time: 200000 | PC = 0x00000034 | Inst = 0x0000006f (JAL   )
-----------------------------------------------------------------
Time: 210000 | PC = 0x00000038 | Inst = 0x00000013 (NOP   )
          -> [HAZARD] FLUSH: Clearing pipeline instructions due to Branch/Jump!
          -> [EX] JUMP/BRANCH TAKEN | PC redirected to 0x00000034
-----------------------------------------------------------------
Time: 220000 | PC = 0x00000000 | Inst = 0x00000013 (NOP   )
          -> [SYSTEM] FINISH: ECALL caught, CPU is freezing!
-----------------------------------------------------------------
Time: 230000 | PC = 0x00000038 | Inst = 0x00000000 (BUBBLE)
-----------------------------------------------------------------

[SYSTEM] Finished: DONE signal triggered successfully!

==================================================
         REGISTER FILE STATE AT FINISH            
==================================================
 x0 	 = 32'h00000000
 x1 	 = 32'h00000000
 x2 	 = 32'h00000000
 x3 	 = 32'h00000000
 x4 	 = 32'h00000000
 x5 	 = 32'h0000000a
 x6 	 = 32'h00000014
 x7 	 = 32'h0000001e
 x8 	 = 32'h00000000
 x9 	 = 32'h00000000
 x10 	 = 32'h00000004
 x11 	 = 32'h00000020
 x12 	 = 32'h00000000
 x13 	 = 32'h00000000
 x14 	 = 32'h00000000
 x15 	 = 32'h00000000
 x16 	 = 32'h00000000
 x17 	 = 32'h00000000
 x18 	 = 32'h00000000
 x19 	 = 32'h00000000
 x20 	 = 32'h00000000
 x21 	 = 32'h00000000
 x22 	 = 32'h00000000
 x23 	 = 32'h00000000
 x24 	 = 32'h00000000
 x25 	 = 32'h00000000
 x26 	 = 32'h00000000
 x27 	 = 32'h00000000
 x28 	 = 32'h0000001e
 x29 	 = 32'h0000003c
 x30 	 = 32'h00000000
 x31 	 = 32'h00000000
==================================================
                 SIMULATION ENDED                 
==================================================
$finish called at time : 237 ns : File "D:/Hoc_Tap/Dai_hoc/HK6/DoAn1/Pipeline_RISCV/Pipeline_RISCV.srcs/sources_1/testbench/tb_riscv.v" Line 102
xsim: Time (s): cpu = 00:00:11 ; elapsed = 00:00:05 . Memory (MB): peak = 1779.754 ; gain = 24.648
INFO: [USF-XSim-96] XSim completed. Design snapshot 'tb_riscv_behav' loaded.
INFO: [USF-XSim-97] XSim simulation ran for 1000ns
launch_simulation: Time (s): cpu = 00:00:19 ; elapsed = 00:00:23 . Memory (MB): peak = 1779.754 ; gain = 31.625
run 30000 ns
Time: 240000 | PC = 0x00000038 | Inst = 0x00000000 (BUBBLE)
          -> [SYSTEM] FINISH: ECALL caught, CPU is freezing!
-----------------------------------------------------------------
Time: 250000 | PC = 0x00000038 | Inst = 0x00000000 (BUBBLE)
          -> [SYSTEM] FINISH: ECALL caught, CPU is freezing!
-----------------------------------------------------------------
Time: 260000 | PC = 0x00000038 | Inst = 0x00000000 (BUBBLE)
          -> [SYSTEM] FINISH: ECALL caught, CPU is freezing!
-----------------------------------------------------------------
Time: 270000 | PC = 0x00000038 | Inst = 0x00000000 (BUBBLE)
          -> [SYSTEM] FINISH: ECALL caught, CPU is freezing!
-----------------------------------------------------------------
Time: 280000 | PC = 0x00000038 | Inst = 0x00000000 (BUBBLE)
          -> [SYSTEM] FINISH: ECALL caught, CPU is freezing!
-----------------------------------------------------------------
Time: 290000 | PC = 0x00000038 | Inst = 0x00000000 (BUBBLE)
          -> [SYSTEM] FINISH: ECALL caught, CPU is freezing!
-----------------------------------------------------------------
Time: 300000 | PC = 0x00000038 | Inst = 0x00000000 (BUBBLE)
          -> [SYSTEM] FINISH: ECALL caught, CPU is freezing!
-----------------------------------------------------------------
Time: 310000 | PC = 0x00000038 | Inst = 0x00000000 (BUBBLE)
          -> [SYSTEM] FINISH: ECALL caught, CPU is freezing!
-----------------------------------------------------------------
Time: 320000 | PC = 0x00000038 | Inst = 0x00000000 (BUBBLE)
          -> [SYSTEM] FINISH: ECALL caught, CPU is freezing!
-----------------------------------------------------------------
Time: 330000 | PC = 0x00000038 | Inst = 0x00000000 (BUBBLE)
          -> [SYSTEM] FINISH: ECALL caught, CPU is freezing!
-----------------------------------------------------------------
Time: 340000 | PC = 0x00000038 | Inst = 0x00000000 (BUBBLE)
          -> [SYSTEM] FINISH: ECALL caught, CPU is freezing!
-----------------------------------------------------------------
Time: 350000 | PC = 0x00000038 | Inst = 0x00000000 (BUBBLE)
          -> [SYSTEM] FINISH: ECALL caught, CPU is freezing!
-----------------------------------------------------------------
Time: 360000 | PC = 0x00000038 | Inst = 0x00000000 (BUBBLE)
          -> [SYSTEM] FINISH: ECALL caught, CPU is freezing!
-----------------------------------------------------------------
Time: 370000 | PC = 0x00000038 | Inst = 0x00000000 (BUBBLE)
          -> [SYSTEM] FINISH: ECALL caught, CPU is freezing!
-----------------------------------------------------------------
Time: 380000 | PC = 0x00000038 | Inst = 0x00000000 (BUBBLE)
          -> [SYSTEM] FINISH: ECALL caught, CPU is freezing!
-----------------------------------------------------------------
Time: 390000 | PC = 0x00000038 | Inst = 0x00000000 (BUBBLE)
          -> [SYSTEM] FINISH: ECALL caught, CPU is freezing!
-----------------------------------------------------------------
Time: 400000 | PC = 0x00000038 | Inst = 0x00000000 (BUBBLE)
          -> [SYSTEM] FINISH: ECALL caught, CPU is freezing!
-----------------------------------------------------------------
Time: 410000 | PC = 0x00000038 | Inst = 0x00000000 (BUBBLE)
          -> [SYSTEM] FINISH: ECALL caught, CPU is freezing!
-----------------------------------------------------------------
Time: 420000 | PC = 0x00000038 | Inst = 0x00000000 (BUBBLE)
          -> [SYSTEM] FINISH: ECALL caught, CPU is freezing!
-----------------------------------------------------------------
Time: 430000 | PC = 0x00000038 | Inst = 0x00000000 (BUBBLE)
          -> [SYSTEM] FINISH: ECALL caught, CPU is freezing!
-----------------------------------------------------------------
Time: 440000 | PC = 0x00000038 | Inst = 0x00000000 (BUBBLE)
          -> [SYSTEM] FINISH: ECALL caught, CPU is freezing!
-----------------------------------------------------------------
Time: 450000 | PC = 0x00000038 | Inst = 0x00000000 (BUBBLE)
          -> [SYSTEM] FINISH: ECALL caught, CPU is freezing!
-----------------------------------------------------------------
Time: 460000 | PC = 0x00000038 | Inst = 0x00000000 (BUBBLE)
          -> [SYSTEM] FINISH: ECALL caught, CPU is freezing!
-----------------------------------------------------------------
Time: 470000 | PC = 0x00000038 | Inst = 0x00000000 (BUBBLE)
          -> [SYSTEM] FINISH: ECALL caught, CPU is freezing!
-----------------------------------------------------------------
Time: 480000 | PC = 0x00000038 | Inst = 0x00000000 (BUBBLE)
          -> [SYSTEM] FINISH: ECALL caught, CPU is freezing!
-----------------------------------------------------------------
Time: 490000 | PC = 0x00000038 | Inst = 0x00000000 (BUBBLE)
          -> [SYSTEM] FINISH: ECALL caught, CPU is freezing!
-----------------------------------------------------------------
Time: 500000 | PC = 0x00000038 | Inst = 0x00000000 (BUBBLE)
          -> [SYSTEM] FINISH: ECALL caught, CPU is freezing!
-----------------------------------------------------------------
Time: 510000 | PC = 0x00000038 | Inst = 0x00000000 (BUBBLE)
          -> [SYSTEM] FINISH: ECALL caught, CPU is freezing!
-----------------------------------------------------------------
Time: 520000 | PC = 0x00000038 | Inst = 0x00000000 (BUBBLE)
          -> [SYSTEM] FINISH: ECALL caught, CPU is freezing!
-----------------------------------------------------------------
Time: 530000 | PC = 0x00000038 | Inst = 0x00000000 (BUBBLE)
          -> [SYSTEM] FINISH: ECALL caught, CPU is freezing!
-----------------------------------------------------------------
Time: 540000 | PC = 0x00000038 | Inst = 0x00000000 (BUBBLE)
          -> [SYSTEM] FINISH: ECALL caught, CPU is freezing!
-----------------------------------------------------------------
Time: 550000 | PC = 0x00000038 | Inst = 0x00000000 (BUBBLE)
          -> [SYSTEM] FINISH: ECALL caught, CPU is freezing!
-----------------------------------------------------------------
Time: 560000 | PC = 0x00000038 | Inst = 0x00000000 (BUBBLE)
          -> [SYSTEM] FINISH: ECALL caught, CPU is freezing!
-----------------------------------------------------------------
Time: 570000 | PC = 0x00000038 | Inst = 0x00000000 (BUBBLE)
          -> [SYSTEM] FINISH: ECALL caught, CPU is freezing!
-----------------------------------------------------------------
Time: 580000 | PC = 0x00000038 | Inst = 0x00000000 (BUBBLE)
          -> [SYSTEM] FINISH: ECALL caught, CPU is freezing!
-----------------------------------------------------------------
Time: 590000 | PC = 0x00000038 | Inst = 0x00000000 (BUBBLE)
          -> [SYSTEM] FINISH: ECALL caught, CPU is freezing!
-----------------------------------------------------------------
Time: 600000 | PC = 0x00000038 | Inst = 0x00000000 (BUBBLE)
          -> [SYSTEM] FINISH: ECALL caught, CPU is freezing!
-----------------------------------------------------------------
Time: 610000 | PC = 0x00000038 | Inst = 0x00000000 (BUBBLE)
          -> [SYSTEM] FINISH: ECALL caught, CPU is freezing!
-----------------------------------------------------------------
Time: 620000 | PC = 0x00000038 | Inst = 0x00000000 (BUBBLE)
          -> [SYSTEM] FINISH: ECALL caught, CPU is freezing!
-----------------------------------------------------------------
Time: 630000 | PC = 0x00000038 | Inst = 0x00000000 (BUBBLE)
          -> [SYSTEM] FINISH: ECALL caught, CPU is freezing!
-----------------------------------------------------------------
Time: 640000 | PC = 0x00000038 | Inst = 0x00000000 (BUBBLE)
          -> [SYSTEM] FINISH: ECALL caught, CPU is freezing!
-----------------------------------------------------------------
Time: 650000 | PC = 0x00000038 | Inst = 0x00000000 (BUBBLE)
          -> [SYSTEM] FINISH: ECALL caught, CPU is freezing!
-----------------------------------------------------------------
Time: 660000 | PC = 0x00000038 | Inst = 0x00000000 (BUBBLE)
          -> [SYSTEM] FINISH: ECALL caught, CPU is freezing!
-----------------------------------------------------------------
Time: 670000 | PC = 0x00000038 | Inst = 0x00000000 (BUBBLE)
          -> [SYSTEM] FINISH: ECALL caught, CPU is freezing!
-----------------------------------------------------------------
Time: 680000 | PC = 0x00000038 | Inst = 0x00000000 (BUBBLE)
          -> [SYSTEM] FINISH: ECALL caught, CPU is freezing!
-----------------------------------------------------------------
Time: 690000 | PC = 0x00000038 | Inst = 0x00000000 (BUBBLE)
          -> [SYSTEM] FINISH: ECALL caught, CPU is freezing!
-----------------------------------------------------------------
Time: 700000 | PC = 0x00000038 | Inst = 0x00000000 (BUBBLE)
          -> [SYSTEM] FINISH: ECALL caught, CPU is freezing!
-----------------------------------------------------------------
Time: 710000 | PC = 0x00000038 | Inst = 0x00000000 (BUBBLE)
          -> [SYSTEM] FINISH: ECALL caught, CPU is freezing!
-----------------------------------------------------------------
Time: 720000 | PC = 0x00000038 | Inst = 0x00000000 (BUBBLE)
          -> [SYSTEM] FINISH: ECALL caught, CPU is freezing!
-----------------------------------------------------------------
Time: 730000 | PC = 0x00000038 | Inst = 0x00000000 (BUBBLE)
          -> [SYSTEM] FINISH: ECALL caught, CPU is freezing!
-----------------------------------------------------------------
Time: 740000 | PC = 0x00000038 | Inst = 0x00000000 (BUBBLE)
          -> [SYSTEM] FINISH: ECALL caught, CPU is freezing!
-----------------------------------------------------------------
Time: 750000 | PC = 0x00000038 | Inst = 0x00000000 (BUBBLE)
          -> [SYSTEM] FINISH: ECALL caught, CPU is freezing!
-----------------------------------------------------------------
Time: 760000 | PC = 0x00000038 | Inst = 0x00000000 (BUBBLE)
          -> [SYSTEM] FINISH: ECALL caught, CPU is freezing!
-----------------------------------------------------------------
Time: 770000 | PC = 0x00000038 | Inst = 0x00000000 (BUBBLE)
          -> [SYSTEM] FINISH: ECALL caught, CPU is freezing!
-----------------------------------------------------------------
Time: 780000 | PC = 0x00000038 | Inst = 0x00000000 (BUBBLE)
          -> [SYSTEM] FINISH: ECALL caught, CPU is freezing!
-----------------------------------------------------------------
Time: 790000 | PC = 0x00000038 | Inst = 0x00000000 (BUBBLE)
          -> [SYSTEM] FINISH: ECALL caught, CPU is freezing!
-----------------------------------------------------------------
Time: 800000 | PC = 0x00000038 | Inst = 0x00000000 (BUBBLE)
          -> [SYSTEM] FINISH: ECALL caught, CPU is freezing!
-----------------------------------------------------------------
Time: 810000 | PC = 0x00000038 | Inst = 0x00000000 (BUBBLE)
          -> [SYSTEM] FINISH: ECALL caught, CPU is freezing!
-----------------------------------------------------------------
Time: 820000 | PC = 0x00000038 | Inst = 0x00000000 (BUBBLE)
          -> [SYSTEM] FINISH: ECALL caught, CPU is freezing!
-----------------------------------------------------------------
Time: 830000 | PC = 0x00000038 | Inst = 0x00000000 (BUBBLE)
          -> [SYSTEM] FINISH: ECALL caught, CPU is freezing!
-----------------------------------------------------------------
Time: 840000 | PC = 0x00000038 | Inst = 0x00000000 (BUBBLE)
          -> [SYSTEM] FINISH: ECALL caught, CPU is freezing!
-----------------------------------------------------------------
Time: 850000 | PC = 0x00000038 | Inst = 0x00000000 (BUBBLE)
          -> [SYSTEM] FINISH: ECALL caught, CPU is freezing!
-----------------------------------------------------------------
Time: 860000 | PC = 0x00000038 | Inst = 0x00000000 (BUBBLE)
          -> [SYSTEM] FINISH: ECALL caught, CPU is freezing!
-----------------------------------------------------------------
Time: 870000 | PC = 0x00000038 | Inst = 0x00000000 (BUBBLE)
          -> [SYSTEM] FINISH: ECALL caught, CPU is freezing!
-----------------------------------------------------------------
Time: 880000 | PC = 0x00000038 | Inst = 0x00000000 (BUBBLE)
          -> [SYSTEM] FINISH: ECALL caught, CPU is freezing!
-----------------------------------------------------------------
Time: 890000 | PC = 0x00000038 | Inst = 0x00000000 (BUBBLE)
          -> [SYSTEM] FINISH: ECALL caught, CPU is freezing!
-----------------------------------------------------------------
Time: 900000 | PC = 0x00000038 | Inst = 0x00000000 (BUBBLE)
          -> [SYSTEM] FINISH: ECALL caught, CPU is freezing!
-----------------------------------------------------------------
Time: 910000 | PC = 0x00000038 | Inst = 0x00000000 (BUBBLE)
          -> [SYSTEM] FINISH: ECALL caught, CPU is freezing!
-----------------------------------------------------------------
Time: 920000 | PC = 0x00000038 | Inst = 0x00000000 (BUBBLE)
          -> [SYSTEM] FINISH: ECALL caught, CPU is freezing!
-----------------------------------------------------------------
Time: 930000 | PC = 0x00000038 | Inst = 0x00000000 (BUBBLE)
          -> [SYSTEM] FINISH: ECALL caught, CPU is freezing!
-----------------------------------------------------------------
Time: 940000 | PC = 0x00000038 | Inst = 0x00000000 (BUBBLE)
          -> [SYSTEM] FINISH: ECALL caught, CPU is freezing!
-----------------------------------------------------------------
Time: 950000 | PC = 0x00000038 | Inst = 0x00000000 (BUBBLE)
          -> [SYSTEM] FINISH: ECALL caught, CPU is freezing!
-----------------------------------------------------------------
Time: 960000 | PC = 0x00000038 | Inst = 0x00000000 (BUBBLE)
          -> [SYSTEM] FINISH: ECALL caught, CPU is freezing!
-----------------------------------------------------------------
Time: 970000 | PC = 0x00000038 | Inst = 0x00000000 (BUBBLE)
          -> [SYSTEM] FINISH: ECALL caught, CPU is freezing!
-----------------------------------------------------------------
Time: 980000 | PC = 0x00000038 | Inst = 0x00000000 (BUBBLE)
          -> [SYSTEM] FINISH: ECALL caught, CPU is freezing!
-----------------------------------------------------------------
Time: 990000 | PC = 0x00000038 | Inst = 0x00000000 (BUBBLE)
          -> [SYSTEM] FINISH: ECALL caught, CPU is freezing!
-----------------------------------------------------------------
Time: 1000000 | PC = 0x00000038 | Inst = 0x00000000 (BUBBLE)
          -> [SYSTEM] FINISH: ECALL caught, CPU is freezing!
-----------------------------------------------------------------
Time: 1010000 | PC = 0x00000038 | Inst = 0x00000000 (BUBBLE)
          -> [SYSTEM] FINISH: ECALL caught, CPU is freezing!
-----------------------------------------------------------------
Time: 1020000 | PC = 0x00000038 | Inst = 0x00000000 (BUBBLE)
          -> [SYSTEM] FINISH: ECALL caught, CPU is freezing!
-----------------------------------------------------------------
Time: 1030000 | PC = 0x00000038 | Inst = 0x00000000 (BUBBLE)
          -> [SYSTEM] FINISH: ECALL caught, CPU is freezing!
-----------------------------------------------------------------
Time: 1040000 | PC = 0x00000038 | Inst = 0x00000000 (BUBBLE)
          -> [SYSTEM] FINISH: ECALL caught, CPU is freezing!
-----------------------------------------------------------------
Time: 1050000 | PC = 0x00000038 | Inst = 0x00000000 (BUBBLE)
          -> [SYSTEM] FINISH: ECALL caught, CPU is freezing!
-----------------------------------------------------------------
Time: 1060000 | PC = 0x00000038 | Inst = 0x00000000 (BUBBLE)
          -> [SYSTEM] FINISH: ECALL caught, CPU is freezing!
-----------------------------------------------------------------
Time: 1070000 | PC = 0x00000038 | Inst = 0x00000000 (BUBBLE)
          -> [SYSTEM] FINISH: ECALL caught, CPU is freezing!
-----------------------------------------------------------------
Time: 1080000 | PC = 0x00000038 | Inst = 0x00000000 (BUBBLE)
          -> [SYSTEM] FINISH: ECALL caught, CPU is freezing!
-----------------------------------------------------------------
Time: 1090000 | PC = 0x00000038 | Inst = 0x00000000 (BUBBLE)
          -> [SYSTEM] FINISH: ECALL caught, CPU is freezing!
-----------------------------------------------------------------
Time: 1100000 | PC = 0x00000038 | Inst = 0x00000000 (BUBBLE)
          -> [SYSTEM] FINISH: ECALL caught, CPU is freezing!
-----------------------------------------------------------------
Time: 1110000 | PC = 0x00000038 | Inst = 0x00000000 (BUBBLE)
          -> [SYSTEM] FINISH: ECALL caught, CPU is freezing!
-----------------------------------------------------------------
Time: 1120000 | PC = 0x00000038 | Inst = 0x00000000 (BUBBLE)
          -> [SYSTEM] FINISH: ECALL caught, CPU is freezing!
-----------------------------------------------------------------
Time: 1130000 | PC = 0x00000038 | Inst = 0x00000000 (BUBBLE)
          -> [SYSTEM] FINISH: ECALL caught, CPU is freezing!
-----------------------------------------------------------------
Time: 1140000 | PC = 0x00000038 | Inst = 0x00000000 (BUBBLE)
          -> [SYSTEM] FINISH: ECALL caught, CPU is freezing!
-----------------------------------------------------------------
Time: 1150000 | PC = 0x00000038 | Inst = 0x00000000 (BUBBLE)
          -> [SYSTEM] FINISH: ECALL caught, CPU is freezing!
-----------------------------------------------------------------
Time: 1160000 | PC = 0x00000038 | Inst = 0x00000000 (BUBBLE)
          -> [SYSTEM] FINISH: ECALL caught, CPU is freezing!
-----------------------------------------------------------------
Time: 1170000 | PC = 0x00000038 | Inst = 0x00000000 (BUBBLE)
          -> [SYSTEM] FINISH: ECALL caught, CPU is freezing!
-----------------------------------------------------------------
Time: 1180000 | PC = 0x00000038 | Inst = 0x00000000 (BUBBLE)
          -> [SYSTEM] FINISH: ECALL caught, CPU is freezing!
-----------------------------------------------------------------
Time: 1190000 | PC = 0x00000038 | Inst = 0x00000000 (BUBBLE)
          -> [SYSTEM] FINISH: ECALL caught, CPU is freezing!
-----------------------------------------------------------------
Time: 1200000 | PC = 0x00000038 | Inst = 0x00000000 (BUBBLE)
          -> [SYSTEM] FINISH: ECALL caught, CPU is freezing!
-----------------------------------------------------------------
Time: 1210000 | PC = 0x00000038 | Inst = 0x00000000 (BUBBLE)
          -> [SYSTEM] FINISH: ECALL caught, CPU is freezing!
-----------------------------------------------------------------
Time: 1220000 | PC = 0x00000038 | Inst = 0x00000000 (BUBBLE)
          -> [SYSTEM] FINISH: ECALL caught, CPU is freezing!
-----------------------------------------------------------------
Time: 1230000 | PC = 0x00000038 | Inst = 0x00000000 (BUBBLE)
          -> [SYSTEM] FINISH: ECALL caught, CPU is freezing!
-----------------------------------------------------------------
Time: 1240000 | PC = 0x00000038 | Inst = 0x00000000 (BUBBLE)
          -> [SYSTEM] FINISH: ECALL caught, CPU is freezing!
-----------------------------------------------------------------
Time: 1250000 | PC = 0x00000038 | Inst = 0x00000000 (BUBBLE)
          -> [SYSTEM] FINISH: ECALL caught, CPU is freezing!
-----------------------------------------------------------------
Time: 1260000 | PC = 0x00000038 | Inst = 0x00000000 (BUBBLE)
          -> [SYSTEM] FINISH: ECALL caught, CPU is freezing!
-----------------------------------------------------------------
Time: 1270000 | PC = 0x00000038 | Inst = 0x00000000 (BUBBLE)
          -> [SYSTEM] FINISH: ECALL caught, CPU is freezing!
-----------------------------------------------------------------
Time: 1280000 | PC = 0x00000038 | Inst = 0x00000000 (BUBBLE)
          -> [SYSTEM] FINISH: ECALL caught, CPU is freezing!
-----------------------------------------------------------------
Time: 1290000 | PC = 0x00000038 | Inst = 0x00000000 (BUBBLE)
          -> [SYSTEM] FINISH: ECALL caught, CPU is freezing!
-----------------------------------------------------------------
Time: 1300000 | PC = 0x00000038 | Inst = 0x00000000 (BUBBLE)
          -> [SYSTEM] FINISH: ECALL caught, CPU is freezing!
-----------------------------------------------------------------
Time: 1310000 | PC = 0x00000038 | Inst = 0x00000000 (BUBBLE)
          -> [SYSTEM] FINISH: ECALL caught, CPU is freezing!
-----------------------------------------------------------------
Time: 1320000 | PC = 0x00000038 | Inst = 0x00000000 (BUBBLE)
          -> [SYSTEM] FINISH: ECALL caught, CPU is freezing!
-----------------------------------------------------------------
Time: 1330000 | PC = 0x00000038 | Inst = 0x00000000 (BUBBLE)
          -> [SYSTEM] FINISH: ECALL caught, CPU is freezing!
-----------------------------------------------------------------
Time: 1340000 | PC = 0x00000038 | Inst = 0x00000000 (BUBBLE)
          -> [SYSTEM] FINISH: ECALL caught, CPU is freezing!
-----------------------------------------------------------------
Time: 1350000 | PC = 0x00000038 | Inst = 0x00000000 (BUBBLE)
          -> [SYSTEM] FINISH: ECALL caught, CPU is freezing!
-----------------------------------------------------------------
Time: 1360000 | PC = 0x00000038 | Inst = 0x00000000 (BUBBLE)
          -> [SYSTEM] FINISH: ECALL caught, CPU is freezing!
-----------------------------------------------------------------
Time: 1370000 | PC = 0x00000038 | Inst = 0x00000000 (BUBBLE)
          -> [SYSTEM] FINISH: ECALL caught, CPU is freezing!
-----------------------------------------------------------------
Time: 1380000 | PC = 0x00000038 | Inst = 0x00000000 (BUBBLE)
          -> [SYSTEM] FINISH: ECALL caught, CPU is freezing!
-----------------------------------------------------------------
Time: 1390000 | PC = 0x00000038 | Inst = 0x00000000 (BUBBLE)
          -> [SYSTEM] FINISH: ECALL caught, CPU is freezing!
-----------------------------------------------------------------
Time: 1400000 | PC = 0x00000038 | Inst = 0x00000000 (BUBBLE)
          -> [SYSTEM] FINISH: ECALL caught, CPU is freezing!
-----------------------------------------------------------------
Time: 1410000 | PC = 0x00000038 | Inst = 0x00000000 (BUBBLE)
          -> [SYSTEM] FINISH: ECALL caught, CPU is freezing!
-----------------------------------------------------------------
Time: 1420000 | PC = 0x00000038 | Inst = 0x00000000 (BUBBLE)
          -> [SYSTEM] FINISH: ECALL caught, CPU is freezing!
-----------------------------------------------------------------
Time: 1430000 | PC = 0x00000038 | Inst = 0x00000000 (BUBBLE)
          -> [SYSTEM] FINISH: ECALL caught, CPU is freezing!
-----------------------------------------------------------------
Time: 1440000 | PC = 0x00000038 | Inst = 0x00000000 (BUBBLE)
          -> [SYSTEM] FINISH: ECALL caught, CPU is freezing!
-----------------------------------------------------------------
Time: 1450000 | PC = 0x00000038 | Inst = 0x00000000 (BUBBLE)
          -> [SYSTEM] FINISH: ECALL caught, CPU is freezing!
-----------------------------------------------------------------
Time: 1460000 | PC = 0x00000038 | Inst = 0x00000000 (BUBBLE)
          -> [SYSTEM] FINISH: ECALL caught, CPU is freezing!
-----------------------------------------------------------------
Time: 1470000 | PC = 0x00000038 | Inst = 0x00000000 (BUBBLE)
          -> [SYSTEM] FINISH: ECALL caught, CPU is freezing!
-----------------------------------------------------------------
Time: 1480000 | PC = 0x00000038 | Inst = 0x00000000 (BUBBLE)
          -> [SYSTEM] FINISH: ECALL caught, CPU is freezing!
-----------------------------------------------------------------
Time: 1490000 | PC = 0x00000038 | Inst = 0x00000000 (BUBBLE)
          -> [SYSTEM] FINISH: ECALL caught, CPU is freezing!
-----------------------------------------------------------------
Time: 1500000 | PC = 0x00000038 | Inst = 0x00000000 (BUBBLE)
          -> [SYSTEM] FINISH: ECALL caught, CPU is freezing!
-----------------------------------------------------------------
Time: 1510000 | PC = 0x00000038 | Inst = 0x00000000 (BUBBLE)
          -> [SYSTEM] FINISH: ECALL caught, CPU is freezing!
-----------------------------------------------------------------
Time: 1520000 | PC = 0x00000038 | Inst = 0x00000000 (BUBBLE)
          -> [SYSTEM] FINISH: ECALL caught, CPU is freezing!
-----------------------------------------------------------------
Time: 1530000 | PC = 0x00000038 | Inst = 0x00000000 (BUBBLE)
          -> [SYSTEM] FINISH: ECALL caught, CPU is freezing!
-----------------------------------------------------------------
Time: 1540000 | PC = 0x00000038 | Inst = 0x00000000 (BUBBLE)
          -> [SYSTEM] FINISH: ECALL caught, CPU is freezing!
-----------------------------------------------------------------
Time: 1550000 | PC = 0x00000038 | Inst = 0x00000000 (BUBBLE)
          -> [SYSTEM] FINISH: ECALL caught, CPU is freezing!
-----------------------------------------------------------------
Time: 1560000 | PC = 0x00000038 | Inst = 0x00000000 (BUBBLE)
          -> [SYSTEM] FINISH: ECALL caught, CPU is freezing!
-----------------------------------------------------------------
Time: 1570000 | PC = 0x00000038 | Inst = 0x00000000 (BUBBLE)
          -> [SYSTEM] FINISH: ECALL caught, CPU is freezing!
-----------------------------------------------------------------
Time: 1580000 | PC = 0x00000038 | Inst = 0x00000000 (BUBBLE)
          -> [SYSTEM] FINISH: ECALL caught, CPU is freezing!
-----------------------------------------------------------------
Time: 1590000 | PC = 0x00000038 | Inst = 0x00000000 (BUBBLE)
          -> [SYSTEM] FINISH: ECALL caught, CPU is freezing!
-----------------------------------------------------------------
Time: 1600000 | PC = 0x00000038 | Inst = 0x00000000 (BUBBLE)
          -> [SYSTEM] FINISH: ECALL caught, CPU is freezing!
-----------------------------------------------------------------
Time: 1610000 | PC = 0x00000038 | Inst = 0x00000000 (BUBBLE)
          -> [SYSTEM] FINISH: ECALL caught, CPU is freezing!
-----------------------------------------------------------------
Time: 1620000 | PC = 0x00000038 | Inst = 0x00000000 (BUBBLE)
          -> [SYSTEM] FINISH: ECALL caught, CPU is freezing!
-----------------------------------------------------------------
Time: 1630000 | PC = 0x00000038 | Inst = 0x00000000 (BUBBLE)
          -> [SYSTEM] FINISH: ECALL caught, CPU is freezing!
-----------------------------------------------------------------
Time: 1640000 | PC = 0x00000038 | Inst = 0x00000000 (BUBBLE)
          -> [SYSTEM] FINISH: ECALL caught, CPU is freezing!
-----------------------------------------------------------------
Time: 1650000 | PC = 0x00000038 | Inst = 0x00000000 (BUBBLE)
          -> [SYSTEM] FINISH: ECALL caught, CPU is freezing!
-----------------------------------------------------------------
Time: 1660000 | PC = 0x00000038 | Inst = 0x00000000 (BUBBLE)
          -> [SYSTEM] FINISH: ECALL caught, CPU is freezing!
-----------------------------------------------------------------
Time: 1670000 | PC = 0x00000038 | Inst = 0x00000000 (BUBBLE)
          -> [SYSTEM] FINISH: ECALL caught, CPU is freezing!
-----------------------------------------------------------------
Time: 1680000 | PC = 0x00000038 | Inst = 0x00000000 (BUBBLE)
          -> [SYSTEM] FINISH: ECALL caught, CPU is freezing!
-----------------------------------------------------------------
Time: 1690000 | PC = 0x00000038 | Inst = 0x00000000 (BUBBLE)
          -> [SYSTEM] FINISH: ECALL caught, CPU is freezing!
-----------------------------------------------------------------
Time: 1700000 | PC = 0x00000038 | Inst = 0x00000000 (BUBBLE)
          -> [SYSTEM] FINISH: ECALL caught, CPU is freezing!
-----------------------------------------------------------------
Time: 1710000 | PC = 0x00000038 | Inst = 0x00000000 (BUBBLE)
          -> [SYSTEM] FINISH: ECALL caught, CPU is freezing!
-----------------------------------------------------------------
Time: 1720000 | PC = 0x00000038 | Inst = 0x00000000 (BUBBLE)
          -> [SYSTEM] FINISH: ECALL caught, CPU is freezing!
-----------------------------------------------------------------
Time: 1730000 | PC = 0x00000038 | Inst = 0x00000000 (BUBBLE)
          -> [SYSTEM] FINISH: ECALL caught, CPU is freezing!
-----------------------------------------------------------------
Time: 1740000 | PC = 0x00000038 | Inst = 0x00000000 (BUBBLE)
          -> [SYSTEM] FINISH: ECALL caught, CPU is freezing!
-----------------------------------------------------------------
Time: 1750000 | PC = 0x00000038 | Inst = 0x00000000 (BUBBLE)
          -> [SYSTEM] FINISH: ECALL caught, CPU is freezing!
-----------------------------------------------------------------
Time: 1760000 | PC = 0x00000038 | Inst = 0x00000000 (BUBBLE)
          -> [SYSTEM] FINISH: ECALL caught, CPU is freezing!
-----------------------------------------------------------------
Time: 1770000 | PC = 0x00000038 | Inst = 0x00000000 (BUBBLE)
          -> [SYSTEM] FINISH: ECALL caught, CPU is freezing!
-----------------------------------------------------------------
Time: 1780000 | PC = 0x00000038 | Inst = 0x00000000 (BUBBLE)
          -> [SYSTEM] FINISH: ECALL caught, CPU is freezing!
-----------------------------------------------------------------
Time: 1790000 | PC = 0x00000038 | Inst = 0x00000000 (BUBBLE)
          -> [SYSTEM] FINISH: ECALL caught, CPU is freezing!
-----------------------------------------------------------------
Time: 1800000 | PC = 0x00000038 | Inst = 0x00000000 (BUBBLE)
          -> [SYSTEM] FINISH: ECALL caught, CPU is freezing!
-----------------------------------------------------------------
Time: 1810000 | PC = 0x00000038 | Inst = 0x00000000 (BUBBLE)
          -> [SYSTEM] FINISH: ECALL caught, CPU is freezing!
-----------------------------------------------------------------
Time: 1820000 | PC = 0x00000038 | Inst = 0x00000000 (BUBBLE)
          -> [SYSTEM] FINISH: ECALL caught, CPU is freezing!
-----------------------------------------------------------------
Time: 1830000 | PC = 0x00000038 | Inst = 0x00000000 (BUBBLE)
          -> [SYSTEM] FINISH: ECALL caught, CPU is freezing!
-----------------------------------------------------------------
Time: 1840000 | PC = 0x00000038 | Inst = 0x00000000 (BUBBLE)
          -> [SYSTEM] FINISH: ECALL caught, CPU is freezing!
-----------------------------------------------------------------
Time: 1850000 | PC = 0x00000038 | Inst = 0x00000000 (BUBBLE)
          -> [SYSTEM] FINISH: ECALL caught, CPU is freezing!
-----------------------------------------------------------------
Time: 1860000 | PC = 0x00000038 | Inst = 0x00000000 (BUBBLE)
          -> [SYSTEM] FINISH: ECALL caught, CPU is freezing!
-----------------------------------------------------------------
Time: 1870000 | PC = 0x00000038 | Inst = 0x00000000 (BUBBLE)
          -> [SYSTEM] FINISH: ECALL caught, CPU is freezing!
-----------------------------------------------------------------
Time: 1880000 | PC = 0x00000038 | Inst = 0x00000000 (BUBBLE)
          -> [SYSTEM] FINISH: ECALL caught, CPU is freezing!
-----------------------------------------------------------------
Time: 1890000 | PC = 0x00000038 | Inst = 0x00000000 (BUBBLE)
          -> [SYSTEM] FINISH: ECALL caught, CPU is freezing!
-----------------------------------------------------------------
Time: 1900000 | PC = 0x00000038 | Inst = 0x00000000 (BUBBLE)
          -> [SYSTEM] FINISH: ECALL caught, CPU is freezing!
-----------------------------------------------------------------
Time: 1910000 | PC = 0x00000038 | Inst = 0x00000000 (BUBBLE)
          -> [SYSTEM] FINISH: ECALL caught, CPU is freezing!
-----------------------------------------------------------------
Time: 1920000 | PC = 0x00000038 | Inst = 0x00000000 (BUBBLE)
          -> [SYSTEM] FINISH: ECALL caught, CPU is freezing!
-----------------------------------------------------------------
Time: 1930000 | PC = 0x00000038 | Inst = 0x00000000 (BUBBLE)
          -> [SYSTEM] FINISH: ECALL caught, CPU is freezing!
-----------------------------------------------------------------
Time: 1940000 | PC = 0x00000038 | Inst = 0x00000000 (BUBBLE)
          -> [SYSTEM] FINISH: ECALL caught, CPU is freezing!
-----------------------------------------------------------------
Time: 1950000 | PC = 0x00000038 | Inst = 0x00000000 (BUBBLE)
          -> [SYSTEM] FINISH: ECALL caught, CPU is freezing!
-----------------------------------------------------------------
Time: 1960000 | PC = 0x00000038 | Inst = 0x00000000 (BUBBLE)
          -> [SYSTEM] FINISH: ECALL caught, CPU is freezing!
-----------------------------------------------------------------
Time: 1970000 | PC = 0x00000038 | Inst = 0x00000000 (BUBBLE)
          -> [SYSTEM] FINISH: ECALL caught, CPU is freezing!
-----------------------------------------------------------------
Time: 1980000 | PC = 0x00000038 | Inst = 0x00000000 (BUBBLE)
          -> [SYSTEM] FINISH: ECALL caught, CPU is freezing!
-----------------------------------------------------------------
Time: 1990000 | PC = 0x00000038 | Inst = 0x00000000 (BUBBLE)
          -> [SYSTEM] FINISH: ECALL caught, CPU is freezing!
-----------------------------------------------------------------
Time: 2000000 | PC = 0x00000038 | Inst = 0x00000000 (BUBBLE)
          -> [SYSTEM] FINISH: ECALL caught, CPU is freezing!
-----------------------------------------------------------------
Time: 2010000 | PC = 0x00000038 | Inst = 0x00000000 (BUBBLE)
          -> [SYSTEM] FINISH: ECALL caught, CPU is freezing!
-----------------------------------------------------------------
Time: 2020000 | PC = 0x00000038 | Inst = 0x00000000 (BUBBLE)
          -> [SYSTEM] FINISH: ECALL caught, CPU is freezing!
-----------------------------------------------------------------
Time: 2030000 | PC = 0x00000038 | Inst = 0x00000000 (BUBBLE)
          -> [SYSTEM] FINISH: ECALL caught, CPU is freezing!
-----------------------------------------------------------------
Time: 2040000 | PC = 0x00000038 | Inst = 0x00000000 (BUBBLE)
          -> [SYSTEM] FINISH: ECALL caught, CPU is freezing!
-----------------------------------------------------------------
Time: 2050000 | PC = 0x00000038 | Inst = 0x00000000 (BUBBLE)
          -> [SYSTEM] FINISH: ECALL caught, CPU is freezing!
-----------------------------------------------------------------
Time: 2060000 | PC = 0x00000038 | Inst = 0x00000000 (BUBBLE)
          -> [SYSTEM] FINISH: ECALL caught, CPU is freezing!
-----------------------------------------------------------------
Time: 2070000 | PC = 0x00000038 | Inst = 0x00000000 (BUBBLE)
          -> [SYSTEM] FINISH: ECALL caught, CPU is freezing!
-----------------------------------------------------------------
Time: 2080000 | PC = 0x00000038 | Inst = 0x00000000 (BUBBLE)
          -> [SYSTEM] FINISH: ECALL caught, CPU is freezing!
-----------------------------------------------------------------
Time: 2090000 | PC = 0x00000038 | Inst = 0x00000000 (BUBBLE)
          -> [SYSTEM] FINISH: ECALL caught, CPU is freezing!
-----------------------------------------------------------------
Time: 2100000 | PC = 0x00000038 | Inst = 0x00000000 (BUBBLE)
          -> [SYSTEM] FINISH: ECALL caught, CPU is freezing!
-----------------------------------------------------------------
Time: 2110000 | PC = 0x00000038 | Inst = 0x00000000 (BUBBLE)
          -> [SYSTEM] FINISH: ECALL caught, CPU is freezing!
-----------------------------------------------------------------
Time: 2120000 | PC = 0x00000038 | Inst = 0x00000000 (BUBBLE)
          -> [SYSTEM] FINISH: ECALL caught, CPU is freezing!
-----------------------------------------------------------------
Time: 2130000 | PC = 0x00000038 | Inst = 0x00000000 (BUBBLE)
          -> [SYSTEM] FINISH: ECALL caught, CPU is freezing!
-----------------------------------------------------------------
Time: 2140000 | PC = 0x00000038 | Inst = 0x00000000 (BUBBLE)
          -> [SYSTEM] FINISH: ECALL caught, CPU is freezing!
-----------------------------------------------------------------
Time: 2150000 | PC = 0x00000038 | Inst = 0x00000000 (BUBBLE)
          -> [SYSTEM] FINISH: ECALL caught, CPU is freezing!
-----------------------------------------------------------------
Time: 2160000 | PC = 0x00000038 | Inst = 0x00000000 (BUBBLE)
          -> [SYSTEM] FINISH: ECALL caught, CPU is freezing!
-----------------------------------------------------------------
Time: 2170000 | PC = 0x00000038 | Inst = 0x00000000 (BUBBLE)
          -> [SYSTEM] FINISH: ECALL caught, CPU is freezing!
-----------------------------------------------------------------
Time: 2180000 | PC = 0x00000038 | Inst = 0x00000000 (BUBBLE)
          -> [SYSTEM] FINISH: ECALL caught, CPU is freezing!
-----------------------------------------------------------------
Time: 2190000 | PC = 0x00000038 | Inst = 0x00000000 (BUBBLE)
          -> [SYSTEM] FINISH: ECALL caught, CPU is freezing!
-----------------------------------------------------------------
Time: 2200000 | PC = 0x00000038 | Inst = 0x00000000 (BUBBLE)
          -> [SYSTEM] FINISH: ECALL caught, CPU is freezing!
-----------------------------------------------------------------
Time: 2210000 | PC = 0x00000038 | Inst = 0x00000000 (BUBBLE)
          -> [SYSTEM] FINISH: ECALL caught, CPU is freezing!
-----------------------------------------------------------------
Time: 2220000 | PC = 0x00000038 | Inst = 0x00000000 (BUBBLE)
          -> [SYSTEM] FINISH: ECALL caught, CPU is freezing!
-----------------------------------------------------------------
Time: 2230000 | PC = 0x00000038 | Inst = 0x00000000 (BUBBLE)
          -> [SYSTEM] FINISH: ECALL caught, CPU is freezing!
-----------------------------------------------------------------
Time: 2240000 | PC = 0x00000038 | Inst = 0x00000000 (BUBBLE)
          -> [SYSTEM] FINISH: ECALL caught, CPU is freezing!
-----------------------------------------------------------------
Time: 2250000 | PC = 0x00000038 | Inst = 0x00000000 (BUBBLE)
          -> [SYSTEM] FINISH: ECALL caught, CPU is freezing!
-----------------------------------------------------------------
Time: 2260000 | PC = 0x00000038 | Inst = 0x00000000 (BUBBLE)
          -> [SYSTEM] FINISH: ECALL caught, CPU is freezing!
-----------------------------------------------------------------
Time: 2270000 | PC = 0x00000038 | Inst = 0x00000000 (BUBBLE)
          -> [SYSTEM] FINISH: ECALL caught, CPU is freezing!
-----------------------------------------------------------------
Time: 2280000 | PC = 0x00000038 | Inst = 0x00000000 (BUBBLE)
          -> [SYSTEM] FINISH: ECALL caught, CPU is freezing!
-----------------------------------------------------------------
Time: 2290000 | PC = 0x00000038 | Inst = 0x00000000 (BUBBLE)
          -> [SYSTEM] FINISH: ECALL caught, CPU is freezing!
-----------------------------------------------------------------
Time: 2300000 | PC = 0x00000038 | Inst = 0x00000000 (BUBBLE)
          -> [SYSTEM] FINISH: ECALL caught, CPU is freezing!
-----------------------------------------------------------------
Time: 2310000 | PC = 0x00000038 | Inst = 0x00000000 (BUBBLE)
          -> [SYSTEM] FINISH: ECALL caught, CPU is freezing!
-----------------------------------------------------------------
Time: 2320000 | PC = 0x00000038 | Inst = 0x00000000 (BUBBLE)
          -> [SYSTEM] FINISH: ECALL caught, CPU is freezing!
-----------------------------------------------------------------
Time: 2330000 | PC = 0x00000038 | Inst = 0x00000000 (BUBBLE)
          -> [SYSTEM] FINISH: ECALL caught, CPU is freezing!
-----------------------------------------------------------------
Time: 2340000 | PC = 0x00000038 | Inst = 0x00000000 (BUBBLE)
          -> [SYSTEM] FINISH: ECALL caught, CPU is freezing!
-----------------------------------------------------------------
Time: 2350000 | PC = 0x00000038 | Inst = 0x00000000 (BUBBLE)
          -> [SYSTEM] FINISH: ECALL caught, CPU is freezing!
-----------------------------------------------------------------
Time: 2360000 | PC = 0x00000038 | Inst = 0x00000000 (BUBBLE)
          -> [SYSTEM] FINISH: ECALL caught, CPU is freezing!
-----------------------------------------------------------------
Time: 2370000 | PC = 0x00000038 | Inst = 0x00000000 (BUBBLE)
          -> [SYSTEM] FINISH: ECALL caught, CPU is freezing!
-----------------------------------------------------------------
Time: 2380000 | PC = 0x00000038 | Inst = 0x00000000 (BUBBLE)
          -> [SYSTEM] FINISH: ECALL caught, CPU is freezing!
-----------------------------------------------------------------
Time: 2390000 | PC = 0x00000038 | Inst = 0x00000000 (BUBBLE)
          -> [SYSTEM] FINISH: ECALL caught, CPU is freezing!
-----------------------------------------------------------------
Time: 2400000 | PC = 0x00000038 | Inst = 0x00000000 (BUBBLE)
          -> [SYSTEM] FINISH: ECALL caught, CPU is freezing!
-----------------------------------------------------------------
Time: 2410000 | PC = 0x00000038 | Inst = 0x00000000 (BUBBLE)
          -> [SYSTEM] FINISH: ECALL caught, CPU is freezing!
-----------------------------------------------------------------
Time: 2420000 | PC = 0x00000038 | Inst = 0x00000000 (BUBBLE)
          -> [SYSTEM] FINISH: ECALL caught, CPU is freezing!
-----------------------------------------------------------------
Time: 2430000 | PC = 0x00000038 | Inst = 0x00000000 (BUBBLE)
          -> [SYSTEM] FINISH: ECALL caught, CPU is freezing!
-----------------------------------------------------------------
Time: 2440000 | PC = 0x00000038 | Inst = 0x00000000 (BUBBLE)
          -> [SYSTEM] FINISH: ECALL caught, CPU is freezing!
-----------------------------------------------------------------
Time: 2450000 | PC = 0x00000038 | Inst = 0x00000000 (BUBBLE)
          -> [SYSTEM] FINISH: ECALL caught, CPU is freezing!
-----------------------------------------------------------------
Time: 2460000 | PC = 0x00000038 | Inst = 0x00000000 (BUBBLE)
          -> [SYSTEM] FINISH: ECALL caught, CPU is freezing!
-----------------------------------------------------------------
Time: 2470000 | PC = 0x00000038 | Inst = 0x00000000 (BUBBLE)
          -> [SYSTEM] FINISH: ECALL caught, CPU is freezing!
-----------------------------------------------------------------
Time: 2480000 | PC = 0x00000038 | Inst = 0x00000000 (BUBBLE)
          -> [SYSTEM] FINISH: ECALL caught, CPU is freezing!
-----------------------------------------------------------------
Time: 2490000 | PC = 0x00000038 | Inst = 0x00000000 (BUBBLE)
          -> [SYSTEM] FINISH: ECALL caught, CPU is freezing!
-----------------------------------------------------------------
Time: 2500000 | PC = 0x00000038 | Inst = 0x00000000 (BUBBLE)
          -> [SYSTEM] FINISH: ECALL caught, CPU is freezing!
-----------------------------------------------------------------
Time: 2510000 | PC = 0x00000038 | Inst = 0x00000000 (BUBBLE)
          -> [SYSTEM] FINISH: ECALL caught, CPU is freezing!
-----------------------------------------------------------------
Time: 2520000 | PC = 0x00000038 | Inst = 0x00000000 (BUBBLE)
          -> [SYSTEM] FINISH: ECALL caught, CPU is freezing!
-----------------------------------------------------------------
Time: 2530000 | PC = 0x00000038 | Inst = 0x00000000 (BUBBLE)
          -> [SYSTEM] FINISH: ECALL caught, CPU is freezing!
-----------------------------------------------------------------
Time: 2540000 | PC = 0x00000038 | Inst = 0x00000000 (BUBBLE)
          -> [SYSTEM] FINISH: ECALL caught, CPU is freezing!
-----------------------------------------------------------------
Time: 2550000 | PC = 0x00000038 | Inst = 0x00000000 (BUBBLE)
          -> [SYSTEM] FINISH: ECALL caught, CPU is freezing!
-----------------------------------------------------------------
Time: 2560000 | PC = 0x00000038 | Inst = 0x00000000 (BUBBLE)
          -> [SYSTEM] FINISH: ECALL caught, CPU is freezing!
-----------------------------------------------------------------
Time: 2570000 | PC = 0x00000038 | Inst = 0x00000000 (BUBBLE)
          -> [SYSTEM] FINISH: ECALL caught, CPU is freezing!
-----------------------------------------------------------------
Time: 2580000 | PC = 0x00000038 | Inst = 0x00000000 (BUBBLE)
          -> [SYSTEM] FINISH: ECALL caught, CPU is freezing!
-----------------------------------------------------------------
Time: 2590000 | PC = 0x00000038 | Inst = 0x00000000 (BUBBLE)
          -> [SYSTEM] FINISH: ECALL caught, CPU is freezing!
-----------------------------------------------------------------
Time: 2600000 | PC = 0x00000038 | Inst = 0x00000000 (BUBBLE)
          -> [SYSTEM] FINISH: ECALL caught, CPU is freezing!
-----------------------------------------------------------------
Time: 2610000 | PC = 0x00000038 | Inst = 0x00000000 (BUBBLE)
          -> [SYSTEM] FINISH: ECALL caught, CPU is freezing!
-----------------------------------------------------------------
Time: 2620000 | PC = 0x00000038 | Inst = 0x00000000 (BUBBLE)
          -> [SYSTEM] FINISH: ECALL caught, CPU is freezing!
-----------------------------------------------------------------
Time: 2630000 | PC = 0x00000038 | Inst = 0x00000000 (BUBBLE)
          -> [SYSTEM] FINISH: ECALL caught, CPU is freezing!
-----------------------------------------------------------------
Time: 2640000 | PC = 0x00000038 | Inst = 0x00000000 (BUBBLE)
          -> [SYSTEM] FINISH: ECALL caught, CPU is freezing!
-----------------------------------------------------------------
Time: 2650000 | PC = 0x00000038 | Inst = 0x00000000 (BUBBLE)
          -> [SYSTEM] FINISH: ECALL caught, CPU is freezing!
-----------------------------------------------------------------
Time: 2660000 | PC = 0x00000038 | Inst = 0x00000000 (BUBBLE)
          -> [SYSTEM] FINISH: ECALL caught, CPU is freezing!
-----------------------------------------------------------------
Time: 2670000 | PC = 0x00000038 | Inst = 0x00000000 (BUBBLE)
          -> [SYSTEM] FINISH: ECALL caught, CPU is freezing!
-----------------------------------------------------------------
Time: 2680000 | PC = 0x00000038 | Inst = 0x00000000 (BUBBLE)
          -> [SYSTEM] FINISH: ECALL caught, CPU is freezing!
-----------------------------------------------------------------
Time: 2690000 | PC = 0x00000038 | Inst = 0x00000000 (BUBBLE)
          -> [SYSTEM] FINISH: ECALL caught, CPU is freezing!
-----------------------------------------------------------------
Time: 2700000 | PC = 0x00000038 | Inst = 0x00000000 (BUBBLE)
          -> [SYSTEM] FINISH: ECALL caught, CPU is freezing!
-----------------------------------------------------------------
Time: 2710000 | PC = 0x00000038 | Inst = 0x00000000 (BUBBLE)
          -> [SYSTEM] FINISH: ECALL caught, CPU is freezing!
-----------------------------------------------------------------
Time: 2720000 | PC = 0x00000038 | Inst = 0x00000000 (BUBBLE)
          -> [SYSTEM] FINISH: ECALL caught, CPU is freezing!
-----------------------------------------------------------------
Time: 2730000 | PC = 0x00000038 | Inst = 0x00000000 (BUBBLE)
          -> [SYSTEM] FINISH: ECALL caught, CPU is freezing!
-----------------------------------------------------------------
Time: 2740000 | PC = 0x00000038 | Inst = 0x00000000 (BUBBLE)
          -> [SYSTEM] FINISH: ECALL caught, CPU is freezing!
-----------------------------------------------------------------
Time: 2750000 | PC = 0x00000038 | Inst = 0x00000000 (BUBBLE)
          -> [SYSTEM] FINISH: ECALL caught, CPU is freezing!
-----------------------------------------------------------------
Time: 2760000 | PC = 0x00000038 | Inst = 0x00000000 (BUBBLE)
          -> [SYSTEM] FINISH: ECALL caught, CPU is freezing!
-----------------------------------------------------------------
Time: 2770000 | PC = 0x00000038 | Inst = 0x00000000 (BUBBLE)
          -> [SYSTEM] FINISH: ECALL caught, CPU is freezing!
-----------------------------------------------------------------
Time: 2780000 | PC = 0x00000038 | Inst = 0x00000000 (BUBBLE)
          -> [SYSTEM] FINISH: ECALL caught, CPU is freezing!
-----------------------------------------------------------------
Time: 2790000 | PC = 0x00000038 | Inst = 0x00000000 (BUBBLE)
          -> [SYSTEM] FINISH: ECALL caught, CPU is freezing!
-----------------------------------------------------------------
Time: 2800000 | PC = 0x00000038 | Inst = 0x00000000 (BUBBLE)
          -> [SYSTEM] FINISH: ECALL caught, CPU is freezing!
-----------------------------------------------------------------
Time: 2810000 | PC = 0x00000038 | Inst = 0x00000000 (BUBBLE)
          -> [SYSTEM] FINISH: ECALL caught, CPU is freezing!
-----------------------------------------------------------------
Time: 2820000 | PC = 0x00000038 | Inst = 0x00000000 (BUBBLE)
          -> [SYSTEM] FINISH: ECALL caught, CPU is freezing!
-----------------------------------------------------------------
Time: 2830000 | PC = 0x00000038 | Inst = 0x00000000 (BUBBLE)
          -> [SYSTEM] FINISH: ECALL caught, CPU is freezing!
-----------------------------------------------------------------
Time: 2840000 | PC = 0x00000038 | Inst = 0x00000000 (BUBBLE)
          -> [SYSTEM] FINISH: ECALL caught, CPU is freezing!
-----------------------------------------------------------------
Time: 2850000 | PC = 0x00000038 | Inst = 0x00000000 (BUBBLE)
          -> [SYSTEM] FINISH: ECALL caught, CPU is freezing!
-----------------------------------------------------------------
Time: 2860000 | PC = 0x00000038 | Inst = 0x00000000 (BUBBLE)
          -> [SYSTEM] FINISH: ECALL caught, CPU is freezing!
-----------------------------------------------------------------
Time: 2870000 | PC = 0x00000038 | Inst = 0x00000000 (BUBBLE)
          -> [SYSTEM] FINISH: ECALL caught, CPU is freezing!
-----------------------------------------------------------------
Time: 2880000 | PC = 0x00000038 | Inst = 0x00000000 (BUBBLE)
          -> [SYSTEM] FINISH: ECALL caught, CPU is freezing!
-----------------------------------------------------------------
Time: 2890000 | PC = 0x00000038 | Inst = 0x00000000 (BUBBLE)
          -> [SYSTEM] FINISH: ECALL caught, CPU is freezing!
-----------------------------------------------------------------
Time: 2900000 | PC = 0x00000038 | Inst = 0x00000000 (BUBBLE)
          -> [SYSTEM] FINISH: ECALL caught, CPU is freezing!
-----------------------------------------------------------------
Time: 2910000 | PC = 0x00000038 | Inst = 0x00000000 (BUBBLE)
          -> [SYSTEM] FINISH: ECALL caught, CPU is freezing!
-----------------------------------------------------------------
Time: 2920000 | PC = 0x00000038 | Inst = 0x00000000 (BUBBLE)
          -> [SYSTEM] FINISH: ECALL caught, CPU is freezing!
-----------------------------------------------------------------
Time: 2930000 | PC = 0x00000038 | Inst = 0x00000000 (BUBBLE)
          -> [SYSTEM] FINISH: ECALL caught, CPU is freezing!
-----------------------------------------------------------------
Time: 2940000 | PC = 0x00000038 | Inst = 0x00000000 (BUBBLE)
          -> [SYSTEM] FINISH: ECALL caught, CPU is freezing!
-----------------------------------------------------------------
Time: 2950000 | PC = 0x00000038 | Inst = 0x00000000 (BUBBLE)
          -> [SYSTEM] FINISH: ECALL caught, CPU is freezing!
-----------------------------------------------------------------
Time: 2960000 | PC = 0x00000038 | Inst = 0x00000000 (BUBBLE)
          -> [SYSTEM] FINISH: ECALL caught, CPU is freezing!
-----------------------------------------------------------------
Time: 2970000 | PC = 0x00000038 | Inst = 0x00000000 (BUBBLE)
          -> [SYSTEM] FINISH: ECALL caught, CPU is freezing!
-----------------------------------------------------------------
Time: 2980000 | PC = 0x00000038 | Inst = 0x00000000 (BUBBLE)
          -> [SYSTEM] FINISH: ECALL caught, CPU is freezing!
-----------------------------------------------------------------
Time: 2990000 | PC = 0x00000038 | Inst = 0x00000000 (BUBBLE)
          -> [SYSTEM] FINISH: ECALL caught, CPU is freezing!
-----------------------------------------------------------------
Time: 3000000 | PC = 0x00000038 | Inst = 0x00000000 (BUBBLE)
          -> [SYSTEM] FINISH: ECALL caught, CPU is freezing!
-----------------------------------------------------------------
Time: 3010000 | PC = 0x00000038 | Inst = 0x00000000 (BUBBLE)
          -> [SYSTEM] FINISH: ECALL caught, CPU is freezing!
-----------------------------------------------------------------
Time: 3020000 | PC = 0x00000038 | Inst = 0x00000000 (BUBBLE)
          -> [SYSTEM] FINISH: ECALL caught, CPU is freezing!
-----------------------------------------------------------------
Time: 3030000 | PC = 0x00000038 | Inst = 0x00000000 (BUBBLE)
          -> [SYSTEM] FINISH: ECALL caught, CPU is freezing!
-----------------------------------------------------------------
Time: 3040000 | PC = 0x00000038 | Inst = 0x00000000 (BUBBLE)
          -> [SYSTEM] FINISH: ECALL caught, CPU is freezing!
-----------------------------------------------------------------
Time: 3050000 | PC = 0x00000038 | Inst = 0x00000000 (BUBBLE)
          -> [SYSTEM] FINISH: ECALL caught, CPU is freezing!
-----------------------------------------------------------------
Time: 3060000 | PC = 0x00000038 | Inst = 0x00000000 (BUBBLE)
          -> [SYSTEM] FINISH: ECALL caught, CPU is freezing!
-----------------------------------------------------------------
Time: 3070000 | PC = 0x00000038 | Inst = 0x00000000 (BUBBLE)
          -> [SYSTEM] FINISH: ECALL caught, CPU is freezing!
-----------------------------------------------------------------
Time: 3080000 | PC = 0x00000038 | Inst = 0x00000000 (BUBBLE)
          -> [SYSTEM] FINISH: ECALL caught, CPU is freezing!
-----------------------------------------------------------------
Time: 3090000 | PC = 0x00000038 | Inst = 0x00000000 (BUBBLE)
          -> [SYSTEM] FINISH: ECALL caught, CPU is freezing!
-----------------------------------------------------------------
Time: 3100000 | PC = 0x00000038 | Inst = 0x00000000 (BUBBLE)
          -> [SYSTEM] FINISH: ECALL caught, CPU is freezing!
-----------------------------------------------------------------
Time: 3110000 | PC = 0x00000038 | Inst = 0x00000000 (BUBBLE)
          -> [SYSTEM] FINISH: ECALL caught, CPU is freezing!
-----------------------------------------------------------------
Time: 3120000 | PC = 0x00000038 | Inst = 0x00000000 (BUBBLE)
          -> [SYSTEM] FINISH: ECALL caught, CPU is freezing!
-----------------------------------------------------------------
Time: 3130000 | PC = 0x00000038 | Inst = 0x00000000 (BUBBLE)
          -> [SYSTEM] FINISH: ECALL caught, CPU is freezing!
-----------------------------------------------------------------
Time: 3140000 | PC = 0x00000038 | Inst = 0x00000000 (BUBBLE)
          -> [SYSTEM] FINISH: ECALL caught, CPU is freezing!
-----------------------------------------------------------------
Time: 3150000 | PC = 0x00000038 | Inst = 0x00000000 (BUBBLE)
          -> [SYSTEM] FINISH: ECALL caught, CPU is freezing!
-----------------------------------------------------------------
Time: 3160000 | PC = 0x00000038 | Inst = 0x00000000 (BUBBLE)
          -> [SYSTEM] FINISH: ECALL caught, CPU is freezing!
-----------------------------------------------------------------
Time: 3170000 | PC = 0x00000038 | Inst = 0x00000000 (BUBBLE)
          -> [SYSTEM] FINISH: ECALL caught, CPU is freezing!
-----------------------------------------------------------------
Time: 3180000 | PC = 0x00000038 | Inst = 0x00000000 (BUBBLE)
          -> [SYSTEM] FINISH: ECALL caught, CPU is freezing!
-----------------------------------------------------------------
Time: 3190000 | PC = 0x00000038 | Inst = 0x00000000 (BUBBLE)
          -> [SYSTEM] FINISH: ECALL caught, CPU is freezing!
-----------------------------------------------------------------
Time: 3200000 | PC = 0x00000038 | Inst = 0x00000000 (BUBBLE)
          -> [SYSTEM] FINISH: ECALL caught, CPU is freezing!
-----------------------------------------------------------------
Time: 3210000 | PC = 0x00000038 | Inst = 0x00000000 (BUBBLE)
          -> [SYSTEM] FINISH: ECALL caught, CPU is freezing!
-----------------------------------------------------------------
Time: 3220000 | PC = 0x00000038 | Inst = 0x00000000 (BUBBLE)
          -> [SYSTEM] FINISH: ECALL caught, CPU is freezing!
-----------------------------------------------------------------
Time: 3230000 | PC = 0x00000038 | Inst = 0x00000000 (BUBBLE)
          -> [SYSTEM] FINISH: ECALL caught, CPU is freezing!
-----------------------------------------------------------------
Time: 3240000 | PC = 0x00000038 | Inst = 0x00000000 (BUBBLE)
          -> [SYSTEM] FINISH: ECALL caught, CPU is freezing!
-----------------------------------------------------------------
Time: 3250000 | PC = 0x00000038 | Inst = 0x00000000 (BUBBLE)
          -> [SYSTEM] FINISH: ECALL caught, CPU is freezing!
-----------------------------------------------------------------
Time: 3260000 | PC = 0x00000038 | Inst = 0x00000000 (BUBBLE)
          -> [SYSTEM] FINISH: ECALL caught, CPU is freezing!
-----------------------------------------------------------------
Time: 3270000 | PC = 0x00000038 | Inst = 0x00000000 (BUBBLE)
          -> [SYSTEM] FINISH: ECALL caught, CPU is freezing!
-----------------------------------------------------------------
Time: 3280000 | PC = 0x00000038 | Inst = 0x00000000 (BUBBLE)
          -> [SYSTEM] FINISH: ECALL caught, CPU is freezing!
-----------------------------------------------------------------
Time: 3290000 | PC = 0x00000038 | Inst = 0x00000000 (BUBBLE)
          -> [SYSTEM] FINISH: ECALL caught, CPU is freezing!
-----------------------------------------------------------------
Time: 3300000 | PC = 0x00000038 | Inst = 0x00000000 (BUBBLE)
          -> [SYSTEM] FINISH: ECALL caught, CPU is freezing!
-----------------------------------------------------------------
Time: 3310000 | PC = 0x00000038 | Inst = 0x00000000 (BUBBLE)
          -> [SYSTEM] FINISH: ECALL caught, CPU is freezing!
-----------------------------------------------------------------
Time: 3320000 | PC = 0x00000038 | Inst = 0x00000000 (BUBBLE)
          -> [SYSTEM] FINISH: ECALL caught, CPU is freezing!
-----------------------------------------------------------------
Time: 3330000 | PC = 0x00000038 | Inst = 0x00000000 (BUBBLE)
          -> [SYSTEM] FINISH: ECALL caught, CPU is freezing!
-----------------------------------------------------------------
Time: 3340000 | PC = 0x00000038 | Inst = 0x00000000 (BUBBLE)
          -> [SYSTEM] FINISH: ECALL caught, CPU is freezing!
-----------------------------------------------------------------
Time: 3350000 | PC = 0x00000038 | Inst = 0x00000000 (BUBBLE)
          -> [SYSTEM] FINISH: ECALL caught, CPU is freezing!
-----------------------------------------------------------------
Time: 3360000 | PC = 0x00000038 | Inst = 0x00000000 (BUBBLE)
          -> [SYSTEM] FINISH: ECALL caught, CPU is freezing!
-----------------------------------------------------------------
Time: 3370000 | PC = 0x00000038 | Inst = 0x00000000 (BUBBLE)
          -> [SYSTEM] FINISH: ECALL caught, CPU is freezing!
-----------------------------------------------------------------
Time: 3380000 | PC = 0x00000038 | Inst = 0x00000000 (BUBBLE)
          -> [SYSTEM] FINISH: ECALL caught, CPU is freezing!
-----------------------------------------------------------------
Time: 3390000 | PC = 0x00000038 | Inst = 0x00000000 (BUBBLE)
          -> [SYSTEM] FINISH: ECALL caught, CPU is freezing!
-----------------------------------------------------------------
Time: 3400000 | PC = 0x00000038 | Inst = 0x00000000 (BUBBLE)
          -> [SYSTEM] FINISH: ECALL caught, CPU is freezing!
-----------------------------------------------------------------
Time: 3410000 | PC = 0x00000038 | Inst = 0x00000000 (BUBBLE)
          -> [SYSTEM] FINISH: ECALL caught, CPU is freezing!
-----------------------------------------------------------------
Time: 3420000 | PC = 0x00000038 | Inst = 0x00000000 (BUBBLE)
          -> [SYSTEM] FINISH: ECALL caught, CPU is freezing!
-----------------------------------------------------------------
Time: 3430000 | PC = 0x00000038 | Inst = 0x00000000 (BUBBLE)
          -> [SYSTEM] FINISH: ECALL caught, CPU is freezing!
-----------------------------------------------------------------
Time: 3440000 | PC = 0x00000038 | Inst = 0x00000000 (BUBBLE)
          -> [SYSTEM] FINISH: ECALL caught, CPU is freezing!
-----------------------------------------------------------------
Time: 3450000 | PC = 0x00000038 | Inst = 0x00000000 (BUBBLE)
          -> [SYSTEM] FINISH: ECALL caught, CPU is freezing!
-----------------------------------------------------------------
Time: 3460000 | PC = 0x00000038 | Inst = 0x00000000 (BUBBLE)
          -> [SYSTEM] FINISH: ECALL caught, CPU is freezing!
-----------------------------------------------------------------
Time: 3470000 | PC = 0x00000038 | Inst = 0x00000000 (BUBBLE)
          -> [SYSTEM] FINISH: ECALL caught, CPU is freezing!
-----------------------------------------------------------------
Time: 3480000 | PC = 0x00000038 | Inst = 0x00000000 (BUBBLE)
          -> [SYSTEM] FINISH: ECALL caught, CPU is freezing!
-----------------------------------------------------------------
Time: 3490000 | PC = 0x00000038 | Inst = 0x00000000 (BUBBLE)
          -> [SYSTEM] FINISH: ECALL caught, CPU is freezing!
-----------------------------------------------------------------
Time: 3500000 | PC = 0x00000038 | Inst = 0x00000000 (BUBBLE)
          -> [SYSTEM] FINISH: ECALL caught, CPU is freezing!
-----------------------------------------------------------------
Time: 3510000 | PC = 0x00000038 | Inst = 0x00000000 (BUBBLE)
          -> [SYSTEM] FINISH: ECALL caught, CPU is freezing!
-----------------------------------------------------------------
Time: 3520000 | PC = 0x00000038 | Inst = 0x00000000 (BUBBLE)
          -> [SYSTEM] FINISH: ECALL caught, CPU is freezing!
-----------------------------------------------------------------
Time: 3530000 | PC = 0x00000038 | Inst = 0x00000000 (BUBBLE)
          -> [SYSTEM] FINISH: ECALL caught, CPU is freezing!
-----------------------------------------------------------------
Time: 3540000 | PC = 0x00000038 | Inst = 0x00000000 (BUBBLE)
          -> [SYSTEM] FINISH: ECALL caught, CPU is freezing!
-----------------------------------------------------------------
Time: 3550000 | PC = 0x00000038 | Inst = 0x00000000 (BUBBLE)
          -> [SYSTEM] FINISH: ECALL caught, CPU is freezing!
-----------------------------------------------------------------
Time: 3560000 | PC = 0x00000038 | Inst = 0x00000000 (BUBBLE)
          -> [SYSTEM] FINISH: ECALL caught, CPU is freezing!
-----------------------------------------------------------------
Time: 3570000 | PC = 0x00000038 | Inst = 0x00000000 (BUBBLE)
          -> [SYSTEM] FINISH: ECALL caught, CPU is freezing!
-----------------------------------------------------------------
Time: 3580000 | PC = 0x00000038 | Inst = 0x00000000 (BUBBLE)
          -> [SYSTEM] FINISH: ECALL caught, CPU is freezing!
-----------------------------------------------------------------
Time: 3590000 | PC = 0x00000038 | Inst = 0x00000000 (BUBBLE)
          -> [SYSTEM] FINISH: ECALL caught, CPU is freezing!
-----------------------------------------------------------------
Time: 3600000 | PC = 0x00000038 | Inst = 0x00000000 (BUBBLE)
          -> [SYSTEM] FINISH: ECALL caught, CPU is freezing!
-----------------------------------------------------------------
Time: 3610000 | PC = 0x00000038 | Inst = 0x00000000 (BUBBLE)
          -> [SYSTEM] FINISH: ECALL caught, CPU is freezing!
-----------------------------------------------------------------
Time: 3620000 | PC = 0x00000038 | Inst = 0x00000000 (BUBBLE)
          -> [SYSTEM] FINISH: ECALL caught, CPU is freezing!
-----------------------------------------------------------------
Time: 3630000 | PC = 0x00000038 | Inst = 0x00000000 (BUBBLE)
          -> [SYSTEM] FINISH: ECALL caught, CPU is freezing!
-----------------------------------------------------------------
Time: 3640000 | PC = 0x00000038 | Inst = 0x00000000 (BUBBLE)
          -> [SYSTEM] FINISH: ECALL caught, CPU is freezing!
-----------------------------------------------------------------
Time: 3650000 | PC = 0x00000038 | Inst = 0x00000000 (BUBBLE)
          -> [SYSTEM] FINISH: ECALL caught, CPU is freezing!
-----------------------------------------------------------------
Time: 3660000 | PC = 0x00000038 | Inst = 0x00000000 (BUBBLE)
          -> [SYSTEM] FINISH: ECALL caught, CPU is freezing!
-----------------------------------------------------------------
Time: 3670000 | PC = 0x00000038 | Inst = 0x00000000 (BUBBLE)
          -> [SYSTEM] FINISH: ECALL caught, CPU is freezing!
-----------------------------------------------------------------
Time: 3680000 | PC = 0x00000038 | Inst = 0x00000000 (BUBBLE)
          -> [SYSTEM] FINISH: ECALL caught, CPU is freezing!
-----------------------------------------------------------------
Time: 3690000 | PC = 0x00000038 | Inst = 0x00000000 (BUBBLE)
          -> [SYSTEM] FINISH: ECALL caught, CPU is freezing!
-----------------------------------------------------------------
Time: 3700000 | PC = 0x00000038 | Inst = 0x00000000 (BUBBLE)
          -> [SYSTEM] FINISH: ECALL caught, CPU is freezing!
-----------------------------------------------------------------
Time: 3710000 | PC = 0x00000038 | Inst = 0x00000000 (BUBBLE)
          -> [SYSTEM] FINISH: ECALL caught, CPU is freezing!
-----------------------------------------------------------------
Time: 3720000 | PC = 0x00000038 | Inst = 0x00000000 (BUBBLE)
          -> [SYSTEM] FINISH: ECALL caught, CPU is freezing!
-----------------------------------------------------------------
Time: 3730000 | PC = 0x00000038 | Inst = 0x00000000 (BUBBLE)
          -> [SYSTEM] FINISH: ECALL caught, CPU is freezing!
-----------------------------------------------------------------
Time: 3740000 | PC = 0x00000038 | Inst = 0x00000000 (BUBBLE)
          -> [SYSTEM] FINISH: ECALL caught, CPU is freezing!
-----------------------------------------------------------------
Time: 3750000 | PC = 0x00000038 | Inst = 0x00000000 (BUBBLE)
          -> [SYSTEM] FINISH: ECALL caught, CPU is freezing!
-----------------------------------------------------------------
Time: 3760000 | PC = 0x00000038 | Inst = 0x00000000 (BUBBLE)
          -> [SYSTEM] FINISH: ECALL caught, CPU is freezing!
-----------------------------------------------------------------
Time: 3770000 | PC = 0x00000038 | Inst = 0x00000000 (BUBBLE)
          -> [SYSTEM] FINISH: ECALL caught, CPU is freezing!
-----------------------------------------------------------------
Time: 3780000 | PC = 0x00000038 | Inst = 0x00000000 (BUBBLE)
          -> [SYSTEM] FINISH: ECALL caught, CPU is freezing!
-----------------------------------------------------------------
Time: 3790000 | PC = 0x00000038 | Inst = 0x00000000 (BUBBLE)
          -> [SYSTEM] FINISH: ECALL caught, CPU is freezing!
-----------------------------------------------------------------
Time: 3800000 | PC = 0x00000038 | Inst = 0x00000000 (BUBBLE)
          -> [SYSTEM] FINISH: ECALL caught, CPU is freezing!
-----------------------------------------------------------------
Time: 3810000 | PC = 0x00000038 | Inst = 0x00000000 (BUBBLE)
          -> [SYSTEM] FINISH: ECALL caught, CPU is freezing!
-----------------------------------------------------------------
Time: 3820000 | PC = 0x00000038 | Inst = 0x00000000 (BUBBLE)
          -> [SYSTEM] FINISH: ECALL caught, CPU is freezing!
-----------------------------------------------------------------
Time: 3830000 | PC = 0x00000038 | Inst = 0x00000000 (BUBBLE)
          -> [SYSTEM] FINISH: ECALL caught, CPU is freezing!
-----------------------------------------------------------------
Time: 3840000 | PC = 0x00000038 | Inst = 0x00000000 (BUBBLE)
          -> [SYSTEM] FINISH: ECALL caught, CPU is freezing!
-----------------------------------------------------------------
Time: 3850000 | PC = 0x00000038 | Inst = 0x00000000 (BUBBLE)
          -> [SYSTEM] FINISH: ECALL caught, CPU is freezing!
-----------------------------------------------------------------
Time: 3860000 | PC = 0x00000038 | Inst = 0x00000000 (BUBBLE)
          -> [SYSTEM] FINISH: ECALL caught, CPU is freezing!
-----------------------------------------------------------------
Time: 3870000 | PC = 0x00000038 | Inst = 0x00000000 (BUBBLE)
          -> [SYSTEM] FINISH: ECALL caught, CPU is freezing!
-----------------------------------------------------------------
Time: 3880000 | PC = 0x00000038 | Inst = 0x00000000 (BUBBLE)
          -> [SYSTEM] FINISH: ECALL caught, CPU is freezing!
-----------------------------------------------------------------
Time: 3890000 | PC = 0x00000038 | Inst = 0x00000000 (BUBBLE)
          -> [SYSTEM] FINISH: ECALL caught, CPU is freezing!
-----------------------------------------------------------------
Time: 3900000 | PC = 0x00000038 | Inst = 0x00000000 (BUBBLE)
          -> [SYSTEM] FINISH: ECALL caught, CPU is freezing!
-----------------------------------------------------------------
Time: 3910000 | PC = 0x00000038 | Inst = 0x00000000 (BUBBLE)
          -> [SYSTEM] FINISH: ECALL caught, CPU is freezing!
-----------------------------------------------------------------
Time: 3920000 | PC = 0x00000038 | Inst = 0x00000000 (BUBBLE)
          -> [SYSTEM] FINISH: ECALL caught, CPU is freezing!
-----------------------------------------------------------------
Time: 3930000 | PC = 0x00000038 | Inst = 0x00000000 (BUBBLE)
          -> [SYSTEM] FINISH: ECALL caught, CPU is freezing!
-----------------------------------------------------------------
Time: 3940000 | PC = 0x00000038 | Inst = 0x00000000 (BUBBLE)
          -> [SYSTEM] FINISH: ECALL caught, CPU is freezing!
-----------------------------------------------------------------
Time: 3950000 | PC = 0x00000038 | Inst = 0x00000000 (BUBBLE)
          -> [SYSTEM] FINISH: ECALL caught, CPU is freezing!
-----------------------------------------------------------------
Time: 3960000 | PC = 0x00000038 | Inst = 0x00000000 (BUBBLE)
          -> [SYSTEM] FINISH: ECALL caught, CPU is freezing!
-----------------------------------------------------------------
Time: 3970000 | PC = 0x00000038 | Inst = 0x00000000 (BUBBLE)
          -> [SYSTEM] FINISH: ECALL caught, CPU is freezing!
-----------------------------------------------------------------
Time: 3980000 | PC = 0x00000038 | Inst = 0x00000000 (BUBBLE)
          -> [SYSTEM] FINISH: ECALL caught, CPU is freezing!
-----------------------------------------------------------------
Time: 3990000 | PC = 0x00000038 | Inst = 0x00000000 (BUBBLE)
          -> [SYSTEM] FINISH: ECALL caught, CPU is freezing!
-----------------------------------------------------------------
Time: 4000000 | PC = 0x00000038 | Inst = 0x00000000 (BUBBLE)
          -> [SYSTEM] FINISH: ECALL caught, CPU is freezing!
-----------------------------------------------------------------
Time: 4010000 | PC = 0x00000038 | Inst = 0x00000000 (BUBBLE)
          -> [SYSTEM] FINISH: ECALL caught, CPU is freezing!
-----------------------------------------------------------------
Time: 4020000 | PC = 0x00000038 | Inst = 0x00000000 (BUBBLE)
          -> [SYSTEM] FINISH: ECALL caught, CPU is freezing!
-----------------------------------------------------------------
Time: 4030000 | PC = 0x00000038 | Inst = 0x00000000 (BUBBLE)
          -> [SYSTEM] FINISH: ECALL caught, CPU is freezing!
-----------------------------------------------------------------
Time: 4040000 | PC = 0x00000038 | Inst = 0x00000000 (BUBBLE)
          -> [SYSTEM] FINISH: ECALL caught, CPU is freezing!
-----------------------------------------------------------------
Time: 4050000 | PC = 0x00000038 | Inst = 0x00000000 (BUBBLE)
          -> [SYSTEM] FINISH: ECALL caught, CPU is freezing!
-----------------------------------------------------------------
Time: 4060000 | PC = 0x00000038 | Inst = 0x00000000 (BUBBLE)
          -> [SYSTEM] FINISH: ECALL caught, CPU is freezing!
-----------------------------------------------------------------
Time: 4070000 | PC = 0x00000038 | Inst = 0x00000000 (BUBBLE)
          -> [SYSTEM] FINISH: ECALL caught, CPU is freezing!
-----------------------------------------------------------------
Time: 4080000 | PC = 0x00000038 | Inst = 0x00000000 (BUBBLE)
          -> [SYSTEM] FINISH: ECALL caught, CPU is freezing!
-----------------------------------------------------------------
Time: 4090000 | PC = 0x00000038 | Inst = 0x00000000 (BUBBLE)
          -> [SYSTEM] FINISH: ECALL caught, CPU is freezing!
-----------------------------------------------------------------
Time: 4100000 | PC = 0x00000038 | Inst = 0x00000000 (BUBBLE)
          -> [SYSTEM] FINISH: ECALL caught, CPU is freezing!
-----------------------------------------------------------------
Time: 4110000 | PC = 0x00000038 | Inst = 0x00000000 (BUBBLE)
          -> [SYSTEM] FINISH: ECALL caught, CPU is freezing!
-----------------------------------------------------------------
Time: 4120000 | PC = 0x00000038 | Inst = 0x00000000 (BUBBLE)
          -> [SYSTEM] FINISH: ECALL caught, CPU is freezing!
-----------------------------------------------------------------
Time: 4130000 | PC = 0x00000038 | Inst = 0x00000000 (BUBBLE)
          -> [SYSTEM] FINISH: ECALL caught, CPU is freezing!
-----------------------------------------------------------------
Time: 4140000 | PC = 0x00000038 | Inst = 0x00000000 (BUBBLE)
          -> [SYSTEM] FINISH: ECALL caught, CPU is freezing!
-----------------------------------------------------------------
Time: 4150000 | PC = 0x00000038 | Inst = 0x00000000 (BUBBLE)
          -> [SYSTEM] FINISH: ECALL caught, CPU is freezing!
-----------------------------------------------------------------
Time: 4160000 | PC = 0x00000038 | Inst = 0x00000000 (BUBBLE)
          -> [SYSTEM] FINISH: ECALL caught, CPU is freezing!
-----------------------------------------------------------------
Time: 4170000 | PC = 0x00000038 | Inst = 0x00000000 (BUBBLE)
          -> [SYSTEM] FINISH: ECALL caught, CPU is freezing!
-----------------------------------------------------------------
Time: 4180000 | PC = 0x00000038 | Inst = 0x00000000 (BUBBLE)
          -> [SYSTEM] FINISH: ECALL caught, CPU is freezing!
-----------------------------------------------------------------
Time: 4190000 | PC = 0x00000038 | Inst = 0x00000000 (BUBBLE)
          -> [SYSTEM] FINISH: ECALL caught, CPU is freezing!
-----------------------------------------------------------------
Time: 4200000 | PC = 0x00000038 | Inst = 0x00000000 (BUBBLE)
          -> [SYSTEM] FINISH: ECALL caught, CPU is freezing!
-----------------------------------------------------------------
Time: 4210000 | PC = 0x00000038 | Inst = 0x00000000 (BUBBLE)
          -> [SYSTEM] FINISH: ECALL caught, CPU is freezing!
-----------------------------------------------------------------
Time: 4220000 | PC = 0x00000038 | Inst = 0x00000000 (BUBBLE)
          -> [SYSTEM] FINISH: ECALL caught, CPU is freezing!
-----------------------------------------------------------------
Time: 4230000 | PC = 0x00000038 | Inst = 0x00000000 (BUBBLE)
          -> [SYSTEM] FINISH: ECALL caught, CPU is freezing!
-----------------------------------------------------------------
Time: 4240000 | PC = 0x00000038 | Inst = 0x00000000 (BUBBLE)
          -> [SYSTEM] FINISH: ECALL caught, CPU is freezing!
-----------------------------------------------------------------
Time: 4250000 | PC = 0x00000038 | Inst = 0x00000000 (BUBBLE)
          -> [SYSTEM] FINISH: ECALL caught, CPU is freezing!
-----------------------------------------------------------------
Time: 4260000 | PC = 0x00000038 | Inst = 0x00000000 (BUBBLE)
          -> [SYSTEM] FINISH: ECALL caught, CPU is freezing!
-----------------------------------------------------------------
Time: 4270000 | PC = 0x00000038 | Inst = 0x00000000 (BUBBLE)
          -> [SYSTEM] FINISH: ECALL caught, CPU is freezing!
-----------------------------------------------------------------
Time: 4280000 | PC = 0x00000038 | Inst = 0x00000000 (BUBBLE)
          -> [SYSTEM] FINISH: ECALL caught, CPU is freezing!
-----------------------------------------------------------------
Time: 4290000 | PC = 0x00000038 | Inst = 0x00000000 (BUBBLE)
          -> [SYSTEM] FINISH: ECALL caught, CPU is freezing!
-----------------------------------------------------------------
Time: 4300000 | PC = 0x00000038 | Inst = 0x00000000 (BUBBLE)
          -> [SYSTEM] FINISH: ECALL caught, CPU is freezing!
-----------------------------------------------------------------
Time: 4310000 | PC = 0x00000038 | Inst = 0x00000000 (BUBBLE)
          -> [SYSTEM] FINISH: ECALL caught, CPU is freezing!
-----------------------------------------------------------------
Time: 4320000 | PC = 0x00000038 | Inst = 0x00000000 (BUBBLE)
          -> [SYSTEM] FINISH: ECALL caught, CPU is freezing!
-----------------------------------------------------------------
Time: 4330000 | PC = 0x00000038 | Inst = 0x00000000 (BUBBLE)
          -> [SYSTEM] FINISH: ECALL caught, CPU is freezing!
-----------------------------------------------------------------
Time: 4340000 | PC = 0x00000038 | Inst = 0x00000000 (BUBBLE)
          -> [SYSTEM] FINISH: ECALL caught, CPU is freezing!
-----------------------------------------------------------------
Time: 4350000 | PC = 0x00000038 | Inst = 0x00000000 (BUBBLE)
          -> [SYSTEM] FINISH: ECALL caught, CPU is freezing!
-----------------------------------------------------------------
Time: 4360000 | PC = 0x00000038 | Inst = 0x00000000 (BUBBLE)
          -> [SYSTEM] FINISH: ECALL caught, CPU is freezing!
-----------------------------------------------------------------
Time: 4370000 | PC = 0x00000038 | Inst = 0x00000000 (BUBBLE)
          -> [SYSTEM] FINISH: ECALL caught, CPU is freezing!
-----------------------------------------------------------------
Time: 4380000 | PC = 0x00000038 | Inst = 0x00000000 (BUBBLE)
          -> [SYSTEM] FINISH: ECALL caught, CPU is freezing!
-----------------------------------------------------------------
Time: 4390000 | PC = 0x00000038 | Inst = 0x00000000 (BUBBLE)
          -> [SYSTEM] FINISH: ECALL caught, CPU is freezing!
-----------------------------------------------------------------
Time: 4400000 | PC = 0x00000038 | Inst = 0x00000000 (BUBBLE)
          -> [SYSTEM] FINISH: ECALL caught, CPU is freezing!
-----------------------------------------------------------------
Time: 4410000 | PC = 0x00000038 | Inst = 0x00000000 (BUBBLE)
          -> [SYSTEM] FINISH: ECALL caught, CPU is freezing!
-----------------------------------------------------------------
Time: 4420000 | PC = 0x00000038 | Inst = 0x00000000 (BUBBLE)
          -> [SYSTEM] FINISH: ECALL caught, CPU is freezing!
-----------------------------------------------------------------
Time: 4430000 | PC = 0x00000038 | Inst = 0x00000000 (BUBBLE)
          -> [SYSTEM] FINISH: ECALL caught, CPU is freezing!
-----------------------------------------------------------------
Time: 4440000 | PC = 0x00000038 | Inst = 0x00000000 (BUBBLE)
          -> [SYSTEM] FINISH: ECALL caught, CPU is freezing!
-----------------------------------------------------------------
Time: 4450000 | PC = 0x00000038 | Inst = 0x00000000 (BUBBLE)
          -> [SYSTEM] FINISH: ECALL caught, CPU is freezing!
-----------------------------------------------------------------
Time: 4460000 | PC = 0x00000038 | Inst = 0x00000000 (BUBBLE)
          -> [SYSTEM] FINISH: ECALL caught, CPU is freezing!
-----------------------------------------------------------------
Time: 4470000 | PC = 0x00000038 | Inst = 0x00000000 (BUBBLE)
          -> [SYSTEM] FINISH: ECALL caught, CPU is freezing!
-----------------------------------------------------------------
Time: 4480000 | PC = 0x00000038 | Inst = 0x00000000 (BUBBLE)
          -> [SYSTEM] FINISH: ECALL caught, CPU is freezing!
-----------------------------------------------------------------
Time: 4490000 | PC = 0x00000038 | Inst = 0x00000000 (BUBBLE)
          -> [SYSTEM] FINISH: ECALL caught, CPU is freezing!
-----------------------------------------------------------------
Time: 4500000 | PC = 0x00000038 | Inst = 0x00000000 (BUBBLE)
          -> [SYSTEM] FINISH: ECALL caught, CPU is freezing!
-----------------------------------------------------------------
Time: 4510000 | PC = 0x00000038 | Inst = 0x00000000 (BUBBLE)
          -> [SYSTEM] FINISH: ECALL caught, CPU is freezing!
-----------------------------------------------------------------
Time: 4520000 | PC = 0x00000038 | Inst = 0x00000000 (BUBBLE)
          -> [SYSTEM] FINISH: ECALL caught, CPU is freezing!
-----------------------------------------------------------------
Time: 4530000 | PC = 0x00000038 | Inst = 0x00000000 (BUBBLE)
          -> [SYSTEM] FINISH: ECALL caught, CPU is freezing!
-----------------------------------------------------------------
Time: 4540000 | PC = 0x00000038 | Inst = 0x00000000 (BUBBLE)
          -> [SYSTEM] FINISH: ECALL caught, CPU is freezing!
-----------------------------------------------------------------
Time: 4550000 | PC = 0x00000038 | Inst = 0x00000000 (BUBBLE)
          -> [SYSTEM] FINISH: ECALL caught, CPU is freezing!
-----------------------------------------------------------------
Time: 4560000 | PC = 0x00000038 | Inst = 0x00000000 (BUBBLE)
          -> [SYSTEM] FINISH: ECALL caught, CPU is freezing!
-----------------------------------------------------------------
Time: 4570000 | PC = 0x00000038 | Inst = 0x00000000 (BUBBLE)
          -> [SYSTEM] FINISH: ECALL caught, CPU is freezing!
-----------------------------------------------------------------
Time: 4580000 | PC = 0x00000038 | Inst = 0x00000000 (BUBBLE)
          -> [SYSTEM] FINISH: ECALL caught, CPU is freezing!
-----------------------------------------------------------------
Time: 4590000 | PC = 0x00000038 | Inst = 0x00000000 (BUBBLE)
          -> [SYSTEM] FINISH: ECALL caught, CPU is freezing!
-----------------------------------------------------------------
Time: 4600000 | PC = 0x00000038 | Inst = 0x00000000 (BUBBLE)
          -> [SYSTEM] FINISH: ECALL caught, CPU is freezing!
-----------------------------------------------------------------
Time: 4610000 | PC = 0x00000038 | Inst = 0x00000000 (BUBBLE)
          -> [SYSTEM] FINISH: ECALL caught, CPU is freezing!
-----------------------------------------------------------------
Time: 4620000 | PC = 0x00000038 | Inst = 0x00000000 (BUBBLE)
          -> [SYSTEM] FINISH: ECALL caught, CPU is freezing!
-----------------------------------------------------------------
Time: 4630000 | PC = 0x00000038 | Inst = 0x00000000 (BUBBLE)
          -> [SYSTEM] FINISH: ECALL caught, CPU is freezing!
-----------------------------------------------------------------
Time: 4640000 | PC = 0x00000038 | Inst = 0x00000000 (BUBBLE)
          -> [SYSTEM] FINISH: ECALL caught, CPU is freezing!
-----------------------------------------------------------------
Time: 4650000 | PC = 0x00000038 | Inst = 0x00000000 (BUBBLE)
          -> [SYSTEM] FINISH: ECALL caught, CPU is freezing!
-----------------------------------------------------------------
Time: 4660000 | PC = 0x00000038 | Inst = 0x00000000 (BUBBLE)
          -> [SYSTEM] FINISH: ECALL caught, CPU is freezing!
-----------------------------------------------------------------
Time: 4670000 | PC = 0x00000038 | Inst = 0x00000000 (BUBBLE)
          -> [SYSTEM] FINISH: ECALL caught, CPU is freezing!
-----------------------------------------------------------------
Time: 4680000 | PC = 0x00000038 | Inst = 0x00000000 (BUBBLE)
          -> [SYSTEM] FINISH: ECALL caught, CPU is freezing!
-----------------------------------------------------------------
Time: 4690000 | PC = 0x00000038 | Inst = 0x00000000 (BUBBLE)
          -> [SYSTEM] FINISH: ECALL caught, CPU is freezing!
-----------------------------------------------------------------
Time: 4700000 | PC = 0x00000038 | Inst = 0x00000000 (BUBBLE)
          -> [SYSTEM] FINISH: ECALL caught, CPU is freezing!
-----------------------------------------------------------------
Time: 4710000 | PC = 0x00000038 | Inst = 0x00000000 (BUBBLE)
          -> [SYSTEM] FINISH: ECALL caught, CPU is freezing!
-----------------------------------------------------------------
Time: 4720000 | PC = 0x00000038 | Inst = 0x00000000 (BUBBLE)
          -> [SYSTEM] FINISH: ECALL caught, CPU is freezing!
-----------------------------------------------------------------
Time: 4730000 | PC = 0x00000038 | Inst = 0x00000000 (BUBBLE)
          -> [SYSTEM] FINISH: ECALL caught, CPU is freezing!
-----------------------------------------------------------------
Time: 4740000 | PC = 0x00000038 | Inst = 0x00000000 (BUBBLE)
          -> [SYSTEM] FINISH: ECALL caught, CPU is freezing!
-----------------------------------------------------------------
Time: 4750000 | PC = 0x00000038 | Inst = 0x00000000 (BUBBLE)
          -> [SYSTEM] FINISH: ECALL caught, CPU is freezing!
-----------------------------------------------------------------
Time: 4760000 | PC = 0x00000038 | Inst = 0x00000000 (BUBBLE)
          -> [SYSTEM] FINISH: ECALL caught, CPU is freezing!
-----------------------------------------------------------------
Time: 4770000 | PC = 0x00000038 | Inst = 0x00000000 (BUBBLE)
          -> [SYSTEM] FINISH: ECALL caught, CPU is freezing!
-----------------------------------------------------------------
Time: 4780000 | PC = 0x00000038 | Inst = 0x00000000 (BUBBLE)
          -> [SYSTEM] FINISH: ECALL caught, CPU is freezing!
-----------------------------------------------------------------
Time: 4790000 | PC = 0x00000038 | Inst = 0x00000000 (BUBBLE)
          -> [SYSTEM] FINISH: ECALL caught, CPU is freezing!
-----------------------------------------------------------------
Time: 4800000 | PC = 0x00000038 | Inst = 0x00000000 (BUBBLE)
          -> [SYSTEM] FINISH: ECALL caught, CPU is freezing!
-----------------------------------------------------------------
Time: 4810000 | PC = 0x00000038 | Inst = 0x00000000 (BUBBLE)
          -> [SYSTEM] FINISH: ECALL caught, CPU is freezing!
-----------------------------------------------------------------
Time: 4820000 | PC = 0x00000038 | Inst = 0x00000000 (BUBBLE)
          -> [SYSTEM] FINISH: ECALL caught, CPU is freezing!
-----------------------------------------------------------------
Time: 4830000 | PC = 0x00000038 | Inst = 0x00000000 (BUBBLE)
          -> [SYSTEM] FINISH: ECALL caught, CPU is freezing!
-----------------------------------------------------------------
Time: 4840000 | PC = 0x00000038 | Inst = 0x00000000 (BUBBLE)
          -> [SYSTEM] FINISH: ECALL caught, CPU is freezing!
-----------------------------------------------------------------
Time: 4850000 | PC = 0x00000038 | Inst = 0x00000000 (BUBBLE)
          -> [SYSTEM] FINISH: ECALL caught, CPU is freezing!
-----------------------------------------------------------------
Time: 4860000 | PC = 0x00000038 | Inst = 0x00000000 (BUBBLE)
          -> [SYSTEM] FINISH: ECALL caught, CPU is freezing!
-----------------------------------------------------------------
Time: 4870000 | PC = 0x00000038 | Inst = 0x00000000 (BUBBLE)
          -> [SYSTEM] FINISH: ECALL caught, CPU is freezing!
-----------------------------------------------------------------
Time: 4880000 | PC = 0x00000038 | Inst = 0x00000000 (BUBBLE)
          -> [SYSTEM] FINISH: ECALL caught, CPU is freezing!
-----------------------------------------------------------------
Time: 4890000 | PC = 0x00000038 | Inst = 0x00000000 (BUBBLE)
          -> [SYSTEM] FINISH: ECALL caught, CPU is freezing!
-----------------------------------------------------------------
Time: 4900000 | PC = 0x00000038 | Inst = 0x00000000 (BUBBLE)
          -> [SYSTEM] FINISH: ECALL caught, CPU is freezing!
-----------------------------------------------------------------
Time: 4910000 | PC = 0x00000038 | Inst = 0x00000000 (BUBBLE)
          -> [SYSTEM] FINISH: ECALL caught, CPU is freezing!
-----------------------------------------------------------------
Time: 4920000 | PC = 0x00000038 | Inst = 0x00000000 (BUBBLE)
          -> [SYSTEM] FINISH: ECALL caught, CPU is freezing!
-----------------------------------------------------------------
Time: 4930000 | PC = 0x00000038 | Inst = 0x00000000 (BUBBLE)
          -> [SYSTEM] FINISH: ECALL caught, CPU is freezing!
-----------------------------------------------------------------
Time: 4940000 | PC = 0x00000038 | Inst = 0x00000000 (BUBBLE)
          -> [SYSTEM] FINISH: ECALL caught, CPU is freezing!
-----------------------------------------------------------------
Time: 4950000 | PC = 0x00000038 | Inst = 0x00000000 (BUBBLE)
          -> [SYSTEM] FINISH: ECALL caught, CPU is freezing!
-----------------------------------------------------------------
Time: 4960000 | PC = 0x00000038 | Inst = 0x00000000 (BUBBLE)
          -> [SYSTEM] FINISH: ECALL caught, CPU is freezing!
-----------------------------------------------------------------
Time: 4970000 | PC = 0x00000038 | Inst = 0x00000000 (BUBBLE)
          -> [SYSTEM] FINISH: ECALL caught, CPU is freezing!
-----------------------------------------------------------------
Time: 4980000 | PC = 0x00000038 | Inst = 0x00000000 (BUBBLE)
          -> [SYSTEM] FINISH: ECALL caught, CPU is freezing!
-----------------------------------------------------------------
Time: 4990000 | PC = 0x00000038 | Inst = 0x00000000 (BUBBLE)
          -> [SYSTEM] FINISH: ECALL caught, CPU is freezing!
-----------------------------------------------------------------
Time: 5000000 | PC = 0x00000038 | Inst = 0x00000000 (BUBBLE)
          -> [SYSTEM] FINISH: ECALL caught, CPU is freezing!
-----------------------------------------------------------------
Time: 5010000 | PC = 0x00000038 | Inst = 0x00000000 (BUBBLE)
          -> [SYSTEM] FINISH: ECALL caught, CPU is freezing!
-----------------------------------------------------------------
Time: 5020000 | PC = 0x00000038 | Inst = 0x00000000 (BUBBLE)
          -> [SYSTEM] FINISH: ECALL caught, CPU is freezing!
-----------------------------------------------------------------
Time: 5030000 | PC = 0x00000038 | Inst = 0x00000000 (BUBBLE)
          -> [SYSTEM] FINISH: ECALL caught, CPU is freezing!
-----------------------------------------------------------------
Time: 5040000 | PC = 0x00000038 | Inst = 0x00000000 (BUBBLE)
          -> [SYSTEM] FINISH: ECALL caught, CPU is freezing!
-----------------------------------------------------------------
Time: 5050000 | PC = 0x00000038 | Inst = 0x00000000 (BUBBLE)
          -> [SYSTEM] FINISH: ECALL caught, CPU is freezing!
-----------------------------------------------------------------
Time: 5060000 | PC = 0x00000038 | Inst = 0x00000000 (BUBBLE)
          -> [SYSTEM] FINISH: ECALL caught, CPU is freezing!
-----------------------------------------------------------------
Time: 5070000 | PC = 0x00000038 | Inst = 0x00000000 (BUBBLE)
          -> [SYSTEM] FINISH: ECALL caught, CPU is freezing!
-----------------------------------------------------------------
Time: 5080000 | PC = 0x00000038 | Inst = 0x00000000 (BUBBLE)
          -> [SYSTEM] FINISH: ECALL caught, CPU is freezing!
-----------------------------------------------------------------
Time: 5090000 | PC = 0x00000038 | Inst = 0x00000000 (BUBBLE)
          -> [SYSTEM] FINISH: ECALL caught, CPU is freezing!
-----------------------------------------------------------------
Time: 5100000 | PC = 0x00000038 | Inst = 0x00000000 (BUBBLE)
          -> [SYSTEM] FINISH: ECALL caught, CPU is freezing!
-----------------------------------------------------------------
Time: 5110000 | PC = 0x00000038 | Inst = 0x00000000 (BUBBLE)
          -> [SYSTEM] FINISH: ECALL caught, CPU is freezing!
-----------------------------------------------------------------
Time: 5120000 | PC = 0x00000038 | Inst = 0x00000000 (BUBBLE)
          -> [SYSTEM] FINISH: ECALL caught, CPU is freezing!
-----------------------------------------------------------------
Time: 5130000 | PC = 0x00000038 | Inst = 0x00000000 (BUBBLE)
          -> [SYSTEM] FINISH: ECALL caught, CPU is freezing!
-----------------------------------------------------------------
Time: 5140000 | PC = 0x00000038 | Inst = 0x00000000 (BUBBLE)
          -> [SYSTEM] FINISH: ECALL caught, CPU is freezing!
-----------------------------------------------------------------
Time: 5150000 | PC = 0x00000038 | Inst = 0x00000000 (BUBBLE)
          -> [SYSTEM] FINISH: ECALL caught, CPU is freezing!
-----------------------------------------------------------------
Time: 5160000 | PC = 0x00000038 | Inst = 0x00000000 (BUBBLE)
          -> [SYSTEM] FINISH: ECALL caught, CPU is freezing!
-----------------------------------------------------------------
Time: 5170000 | PC = 0x00000038 | Inst = 0x00000000 (BUBBLE)
          -> [SYSTEM] FINISH: ECALL caught, CPU is freezing!
-----------------------------------------------------------------
Time: 5180000 | PC = 0x00000038 | Inst = 0x00000000 (BUBBLE)
          -> [SYSTEM] FINISH: ECALL caught, CPU is freezing!
-----------------------------------------------------------------
Time: 5190000 | PC = 0x00000038 | Inst = 0x00000000 (BUBBLE)
          -> [SYSTEM] FINISH: ECALL caught, CPU is freezing!
-----------------------------------------------------------------
Time: 5200000 | PC = 0x00000038 | Inst = 0x00000000 (BUBBLE)
          -> [SYSTEM] FINISH: ECALL caught, CPU is freezing!
-----------------------------------------------------------------
Time: 5210000 | PC = 0x00000038 | Inst = 0x00000000 (BUBBLE)
          -> [SYSTEM] FINISH: ECALL caught, CPU is freezing!
-----------------------------------------------------------------
Time: 5220000 | PC = 0x00000038 | Inst = 0x00000000 (BUBBLE)
          -> [SYSTEM] FINISH: ECALL caught, CPU is freezing!
-----------------------------------------------------------------
Time: 5230000 | PC = 0x00000038 | Inst = 0x00000000 (BUBBLE)
          -> [SYSTEM] FINISH: ECALL caught, CPU is freezing!
-----------------------------------------------------------------
Time: 5240000 | PC = 0x00000038 | Inst = 0x00000000 (BUBBLE)
          -> [SYSTEM] FINISH: ECALL caught, CPU is freezing!
-----------------------------------------------------------------
Time: 5250000 | PC = 0x00000038 | Inst = 0x00000000 (BUBBLE)
          -> [SYSTEM] FINISH: ECALL caught, CPU is freezing!
-----------------------------------------------------------------
Time: 5260000 | PC = 0x00000038 | Inst = 0x00000000 (BUBBLE)
          -> [SYSTEM] FINISH: ECALL caught, CPU is freezing!
-----------------------------------------------------------------
Time: 5270000 | PC = 0x00000038 | Inst = 0x00000000 (BUBBLE)
          -> [SYSTEM] FINISH: ECALL caught, CPU is freezing!
-----------------------------------------------------------------
Time: 5280000 | PC = 0x00000038 | Inst = 0x00000000 (BUBBLE)
          -> [SYSTEM] FINISH: ECALL caught, CPU is freezing!
-----------------------------------------------------------------
Time: 5290000 | PC = 0x00000038 | Inst = 0x00000000 (BUBBLE)
          -> [SYSTEM] FINISH: ECALL caught, CPU is freezing!
-----------------------------------------------------------------
Time: 5300000 | PC = 0x00000038 | Inst = 0x00000000 (BUBBLE)
          -> [SYSTEM] FINISH: ECALL caught, CPU is freezing!
-----------------------------------------------------------------
Time: 5310000 | PC = 0x00000038 | Inst = 0x00000000 (BUBBLE)
          -> [SYSTEM] FINISH: ECALL caught, CPU is freezing!
-----------------------------------------------------------------
Time: 5320000 | PC = 0x00000038 | Inst = 0x00000000 (BUBBLE)
          -> [SYSTEM] FINISH: ECALL caught, CPU is freezing!
-----------------------------------------------------------------
Time: 5330000 | PC = 0x00000038 | Inst = 0x00000000 (BUBBLE)
          -> [SYSTEM] FINISH: ECALL caught, CPU is freezing!
-----------------------------------------------------------------
Time: 5340000 | PC = 0x00000038 | Inst = 0x00000000 (BUBBLE)
          -> [SYSTEM] FINISH: ECALL caught, CPU is freezing!
-----------------------------------------------------------------
Time: 5350000 | PC = 0x00000038 | Inst = 0x00000000 (BUBBLE)
          -> [SYSTEM] FINISH: ECALL caught, CPU is freezing!
-----------------------------------------------------------------
Time: 5360000 | PC = 0x00000038 | Inst = 0x00000000 (BUBBLE)
          -> [SYSTEM] FINISH: ECALL caught, CPU is freezing!
-----------------------------------------------------------------
Time: 5370000 | PC = 0x00000038 | Inst = 0x00000000 (BUBBLE)
          -> [SYSTEM] FINISH: ECALL caught, CPU is freezing!
-----------------------------------------------------------------
Time: 5380000 | PC = 0x00000038 | Inst = 0x00000000 (BUBBLE)
          -> [SYSTEM] FINISH: ECALL caught, CPU is freezing!
-----------------------------------------------------------------
Time: 5390000 | PC = 0x00000038 | Inst = 0x00000000 (BUBBLE)
          -> [SYSTEM] FINISH: ECALL caught, CPU is freezing!
-----------------------------------------------------------------
Time: 5400000 | PC = 0x00000038 | Inst = 0x00000000 (BUBBLE)
          -> [SYSTEM] FINISH: ECALL caught, CPU is freezing!
-----------------------------------------------------------------
Time: 5410000 | PC = 0x00000038 | Inst = 0x00000000 (BUBBLE)
          -> [SYSTEM] FINISH: ECALL caught, CPU is freezing!
-----------------------------------------------------------------
Time: 5420000 | PC = 0x00000038 | Inst = 0x00000000 (BUBBLE)
          -> [SYSTEM] FINISH: ECALL caught, CPU is freezing!
-----------------------------------------------------------------
Time: 5430000 | PC = 0x00000038 | Inst = 0x00000000 (BUBBLE)
          -> [SYSTEM] FINISH: ECALL caught, CPU is freezing!
-----------------------------------------------------------------
Time: 5440000 | PC = 0x00000038 | Inst = 0x00000000 (BUBBLE)
          -> [SYSTEM] FINISH: ECALL caught, CPU is freezing!
-----------------------------------------------------------------
Time: 5450000 | PC = 0x00000038 | Inst = 0x00000000 (BUBBLE)
          -> [SYSTEM] FINISH: ECALL caught, CPU is freezing!
-----------------------------------------------------------------
Time: 5460000 | PC = 0x00000038 | Inst = 0x00000000 (BUBBLE)
          -> [SYSTEM] FINISH: ECALL caught, CPU is freezing!
-----------------------------------------------------------------
Time: 5470000 | PC = 0x00000038 | Inst = 0x00000000 (BUBBLE)
          -> [SYSTEM] FINISH: ECALL caught, CPU is freezing!
-----------------------------------------------------------------
Time: 5480000 | PC = 0x00000038 | Inst = 0x00000000 (BUBBLE)
          -> [SYSTEM] FINISH: ECALL caught, CPU is freezing!
-----------------------------------------------------------------
Time: 5490000 | PC = 0x00000038 | Inst = 0x00000000 (BUBBLE)
          -> [SYSTEM] FINISH: ECALL caught, CPU is freezing!
-----------------------------------------------------------------
Time: 5500000 | PC = 0x00000038 | Inst = 0x00000000 (BUBBLE)
          -> [SYSTEM] FINISH: ECALL caught, CPU is freezing!
-----------------------------------------------------------------
Time: 5510000 | PC = 0x00000038 | Inst = 0x00000000 (BUBBLE)
          -> [SYSTEM] FINISH: ECALL caught, CPU is freezing!
-----------------------------------------------------------------
Time: 5520000 | PC = 0x00000038 | Inst = 0x00000000 (BUBBLE)
          -> [SYSTEM] FINISH: ECALL caught, CPU is freezing!
-----------------------------------------------------------------
Time: 5530000 | PC = 0x00000038 | Inst = 0x00000000 (BUBBLE)
          -> [SYSTEM] FINISH: ECALL caught, CPU is freezing!
-----------------------------------------------------------------
Time: 5540000 | PC = 0x00000038 | Inst = 0x00000000 (BUBBLE)
          -> [SYSTEM] FINISH: ECALL caught, CPU is freezing!
-----------------------------------------------------------------
Time: 5550000 | PC = 0x00000038 | Inst = 0x00000000 (BUBBLE)
          -> [SYSTEM] FINISH: ECALL caught, CPU is freezing!
-----------------------------------------------------------------
Time: 5560000 | PC = 0x00000038 | Inst = 0x00000000 (BUBBLE)
          -> [SYSTEM] FINISH: ECALL caught, CPU is freezing!
-----------------------------------------------------------------
Time: 5570000 | PC = 0x00000038 | Inst = 0x00000000 (BUBBLE)
          -> [SYSTEM] FINISH: ECALL caught, CPU is freezing!
-----------------------------------------------------------------
Time: 5580000 | PC = 0x00000038 | Inst = 0x00000000 (BUBBLE)
          -> [SYSTEM] FINISH: ECALL caught, CPU is freezing!
-----------------------------------------------------------------
Time: 5590000 | PC = 0x00000038 | Inst = 0x00000000 (BUBBLE)
          -> [SYSTEM] FINISH: ECALL caught, CPU is freezing!
-----------------------------------------------------------------
Time: 5600000 | PC = 0x00000038 | Inst = 0x00000000 (BUBBLE)
          -> [SYSTEM] FINISH: ECALL caught, CPU is freezing!
-----------------------------------------------------------------
Time: 5610000 | PC = 0x00000038 | Inst = 0x00000000 (BUBBLE)
          -> [SYSTEM] FINISH: ECALL caught, CPU is freezing!
-----------------------------------------------------------------
Time: 5620000 | PC = 0x00000038 | Inst = 0x00000000 (BUBBLE)
          -> [SYSTEM] FINISH: ECALL caught, CPU is freezing!
-----------------------------------------------------------------
Time: 5630000 | PC = 0x00000038 | Inst = 0x00000000 (BUBBLE)
          -> [SYSTEM] FINISH: ECALL caught, CPU is freezing!
-----------------------------------------------------------------
Time: 5640000 | PC = 0x00000038 | Inst = 0x00000000 (BUBBLE)
          -> [SYSTEM] FINISH: ECALL caught, CPU is freezing!
-----------------------------------------------------------------
Time: 5650000 | PC = 0x00000038 | Inst = 0x00000000 (BUBBLE)
          -> [SYSTEM] FINISH: ECALL caught, CPU is freezing!
-----------------------------------------------------------------
Time: 5660000 | PC = 0x00000038 | Inst = 0x00000000 (BUBBLE)
          -> [SYSTEM] FINISH: ECALL caught, CPU is freezing!
-----------------------------------------------------------------
Time: 5670000 | PC = 0x00000038 | Inst = 0x00000000 (BUBBLE)
          -> [SYSTEM] FINISH: ECALL caught, CPU is freezing!
-----------------------------------------------------------------
Time: 5680000 | PC = 0x00000038 | Inst = 0x00000000 (BUBBLE)
          -> [SYSTEM] FINISH: ECALL caught, CPU is freezing!
-----------------------------------------------------------------
Time: 5690000 | PC = 0x00000038 | Inst = 0x00000000 (BUBBLE)
          -> [SYSTEM] FINISH: ECALL caught, CPU is freezing!
-----------------------------------------------------------------
Time: 5700000 | PC = 0x00000038 | Inst = 0x00000000 (BUBBLE)
          -> [SYSTEM] FINISH: ECALL caught, CPU is freezing!
-----------------------------------------------------------------
Time: 5710000 | PC = 0x00000038 | Inst = 0x00000000 (BUBBLE)
          -> [SYSTEM] FINISH: ECALL caught, CPU is freezing!
-----------------------------------------------------------------
Time: 5720000 | PC = 0x00000038 | Inst = 0x00000000 (BUBBLE)
          -> [SYSTEM] FINISH: ECALL caught, CPU is freezing!
-----------------------------------------------------------------
Time: 5730000 | PC = 0x00000038 | Inst = 0x00000000 (BUBBLE)
          -> [SYSTEM] FINISH: ECALL caught, CPU is freezing!
-----------------------------------------------------------------
Time: 5740000 | PC = 0x00000038 | Inst = 0x00000000 (BUBBLE)
          -> [SYSTEM] FINISH: ECALL caught, CPU is freezing!
-----------------------------------------------------------------
Time: 5750000 | PC = 0x00000038 | Inst = 0x00000000 (BUBBLE)
          -> [SYSTEM] FINISH: ECALL caught, CPU is freezing!
-----------------------------------------------------------------
Time: 5760000 | PC = 0x00000038 | Inst = 0x00000000 (BUBBLE)
          -> [SYSTEM] FINISH: ECALL caught, CPU is freezing!
-----------------------------------------------------------------
Time: 5770000 | PC = 0x00000038 | Inst = 0x00000000 (BUBBLE)
          -> [SYSTEM] FINISH: ECALL caught, CPU is freezing!
-----------------------------------------------------------------
Time: 5780000 | PC = 0x00000038 | Inst = 0x00000000 (BUBBLE)
          -> [SYSTEM] FINISH: ECALL caught, CPU is freezing!
-----------------------------------------------------------------
Time: 5790000 | PC = 0x00000038 | Inst = 0x00000000 (BUBBLE)
          -> [SYSTEM] FINISH: ECALL caught, CPU is freezing!
-----------------------------------------------------------------
Time: 5800000 | PC = 0x00000038 | Inst = 0x00000000 (BUBBLE)
          -> [SYSTEM] FINISH: ECALL caught, CPU is freezing!
-----------------------------------------------------------------
Time: 5810000 | PC = 0x00000038 | Inst = 0x00000000 (BUBBLE)
          -> [SYSTEM] FINISH: ECALL caught, CPU is freezing!
-----------------------------------------------------------------
Time: 5820000 | PC = 0x00000038 | Inst = 0x00000000 (BUBBLE)
          -> [SYSTEM] FINISH: ECALL caught, CPU is freezing!
-----------------------------------------------------------------
Time: 5830000 | PC = 0x00000038 | Inst = 0x00000000 (BUBBLE)
          -> [SYSTEM] FINISH: ECALL caught, CPU is freezing!
-----------------------------------------------------------------
Time: 5840000 | PC = 0x00000038 | Inst = 0x00000000 (BUBBLE)
          -> [SYSTEM] FINISH: ECALL caught, CPU is freezing!
-----------------------------------------------------------------
Time: 5850000 | PC = 0x00000038 | Inst = 0x00000000 (BUBBLE)
          -> [SYSTEM] FINISH: ECALL caught, CPU is freezing!
-----------------------------------------------------------------
Time: 5860000 | PC = 0x00000038 | Inst = 0x00000000 (BUBBLE)
          -> [SYSTEM] FINISH: ECALL caught, CPU is freezing!
-----------------------------------------------------------------
Time: 5870000 | PC = 0x00000038 | Inst = 0x00000000 (BUBBLE)
          -> [SYSTEM] FINISH: ECALL caught, CPU is freezing!
-----------------------------------------------------------------
Time: 5880000 | PC = 0x00000038 | Inst = 0x00000000 (BUBBLE)
          -> [SYSTEM] FINISH: ECALL caught, CPU is freezing!
-----------------------------------------------------------------
Time: 5890000 | PC = 0x00000038 | Inst = 0x00000000 (BUBBLE)
          -> [SYSTEM] FINISH: ECALL caught, CPU is freezing!
-----------------------------------------------------------------
Time: 5900000 | PC = 0x00000038 | Inst = 0x00000000 (BUBBLE)
          -> [SYSTEM] FINISH: ECALL caught, CPU is freezing!
-----------------------------------------------------------------
Time: 5910000 | PC = 0x00000038 | Inst = 0x00000000 (BUBBLE)
          -> [SYSTEM] FINISH: ECALL caught, CPU is freezing!
-----------------------------------------------------------------
Time: 5920000 | PC = 0x00000038 | Inst = 0x00000000 (BUBBLE)
          -> [SYSTEM] FINISH: ECALL caught, CPU is freezing!
-----------------------------------------------------------------
Time: 5930000 | PC = 0x00000038 | Inst = 0x00000000 (BUBBLE)
          -> [SYSTEM] FINISH: ECALL caught, CPU is freezing!
-----------------------------------------------------------------
Time: 5940000 | PC = 0x00000038 | Inst = 0x00000000 (BUBBLE)
          -> [SYSTEM] FINISH: ECALL caught, CPU is freezing!
-----------------------------------------------------------------
Time: 5950000 | PC = 0x00000038 | Inst = 0x00000000 (BUBBLE)
          -> [SYSTEM] FINISH: ECALL caught, CPU is freezing!
-----------------------------------------------------------------
Time: 5960000 | PC = 0x00000038 | Inst = 0x00000000 (BUBBLE)
          -> [SYSTEM] FINISH: ECALL caught, CPU is freezing!
-----------------------------------------------------------------
Time: 5970000 | PC = 0x00000038 | Inst = 0x00000000 (BUBBLE)
          -> [SYSTEM] FINISH: ECALL caught, CPU is freezing!
-----------------------------------------------------------------
Time: 5980000 | PC = 0x00000038 | Inst = 0x00000000 (BUBBLE)
          -> [SYSTEM] FINISH: ECALL caught, CPU is freezing!
-----------------------------------------------------------------
Time: 5990000 | PC = 0x00000038 | Inst = 0x00000000 (BUBBLE)
          -> [SYSTEM] FINISH: ECALL caught, CPU is freezing!
-----------------------------------------------------------------
Time: 6000000 | PC = 0x00000038 | Inst = 0x00000000 (BUBBLE)
          -> [SYSTEM] FINISH: ECALL caught, CPU is freezing!
-----------------------------------------------------------------
Time: 6010000 | PC = 0x00000038 | Inst = 0x00000000 (BUBBLE)
          -> [SYSTEM] FINISH: ECALL caught, CPU is freezing!
-----------------------------------------------------------------
Time: 6020000 | PC = 0x00000038 | Inst = 0x00000000 (BUBBLE)
          -> [SYSTEM] FINISH: ECALL caught, CPU is freezing!
-----------------------------------------------------------------
Time: 6030000 | PC = 0x00000038 | Inst = 0x00000000 (BUBBLE)
          -> [SYSTEM] FINISH: ECALL caught, CPU is freezing!
-----------------------------------------------------------------
Time: 6040000 | PC = 0x00000038 | Inst = 0x00000000 (BUBBLE)
          -> [SYSTEM] FINISH: ECALL caught, CPU is freezing!
-----------------------------------------------------------------
Time: 6050000 | PC = 0x00000038 | Inst = 0x00000000 (BUBBLE)
          -> [SYSTEM] FINISH: ECALL caught, CPU is freezing!
-----------------------------------------------------------------
Time: 6060000 | PC = 0x00000038 | Inst = 0x00000000 (BUBBLE)
          -> [SYSTEM] FINISH: ECALL caught, CPU is freezing!
-----------------------------------------------------------------
Time: 6070000 | PC = 0x00000038 | Inst = 0x00000000 (BUBBLE)
          -> [SYSTEM] FINISH: ECALL caught, CPU is freezing!
-----------------------------------------------------------------
Time: 6080000 | PC = 0x00000038 | Inst = 0x00000000 (BUBBLE)
          -> [SYSTEM] FINISH: ECALL caught, CPU is freezing!
-----------------------------------------------------------------
Time: 6090000 | PC = 0x00000038 | Inst = 0x00000000 (BUBBLE)
          -> [SYSTEM] FINISH: ECALL caught, CPU is freezing!
-----------------------------------------------------------------
Time: 6100000 | PC = 0x00000038 | Inst = 0x00000000 (BUBBLE)
          -> [SYSTEM] FINISH: ECALL caught, CPU is freezing!
-----------------------------------------------------------------
Time: 6110000 | PC = 0x00000038 | Inst = 0x00000000 (BUBBLE)
          -> [SYSTEM] FINISH: ECALL caught, CPU is freezing!
-----------------------------------------------------------------
Time: 6120000 | PC = 0x00000038 | Inst = 0x00000000 (BUBBLE)
          -> [SYSTEM] FINISH: ECALL caught, CPU is freezing!
-----------------------------------------------------------------
Time: 6130000 | PC = 0x00000038 | Inst = 0x00000000 (BUBBLE)
          -> [SYSTEM] FINISH: ECALL caught, CPU is freezing!
-----------------------------------------------------------------
Time: 6140000 | PC = 0x00000038 | Inst = 0x00000000 (BUBBLE)
          -> [SYSTEM] FINISH: ECALL caught, CPU is freezing!
-----------------------------------------------------------------
Time: 6150000 | PC = 0x00000038 | Inst = 0x00000000 (BUBBLE)
          -> [SYSTEM] FINISH: ECALL caught, CPU is freezing!
-----------------------------------------------------------------
Time: 6160000 | PC = 0x00000038 | Inst = 0x00000000 (BUBBLE)
          -> [SYSTEM] FINISH: ECALL caught, CPU is freezing!
-----------------------------------------------------------------
Time: 6170000 | PC = 0x00000038 | Inst = 0x00000000 (BUBBLE)
          -> [SYSTEM] FINISH: ECALL caught, CPU is freezing!
-----------------------------------------------------------------
Time: 6180000 | PC = 0x00000038 | Inst = 0x00000000 (BUBBLE)
          -> [SYSTEM] FINISH: ECALL caught, CPU is freezing!
-----------------------------------------------------------------
Time: 6190000 | PC = 0x00000038 | Inst = 0x00000000 (BUBBLE)
          -> [SYSTEM] FINISH: ECALL caught, CPU is freezing!
-----------------------------------------------------------------
Time: 6200000 | PC = 0x00000038 | Inst = 0x00000000 (BUBBLE)
          -> [SYSTEM] FINISH: ECALL caught, CPU is freezing!
-----------------------------------------------------------------
Time: 6210000 | PC = 0x00000038 | Inst = 0x00000000 (BUBBLE)
          -> [SYSTEM] FINISH: ECALL caught, CPU is freezing!
-----------------------------------------------------------------
Time: 6220000 | PC = 0x00000038 | Inst = 0x00000000 (BUBBLE)
          -> [SYSTEM] FINISH: ECALL caught, CPU is freezing!
-----------------------------------------------------------------
Time: 6230000 | PC = 0x00000038 | Inst = 0x00000000 (BUBBLE)
          -> [SYSTEM] FINISH: ECALL caught, CPU is freezing!
-----------------------------------------------------------------
Time: 6240000 | PC = 0x00000038 | Inst = 0x00000000 (BUBBLE)
          -> [SYSTEM] FINISH: ECALL caught, CPU is freezing!
-----------------------------------------------------------------
Time: 6250000 | PC = 0x00000038 | Inst = 0x00000000 (BUBBLE)
          -> [SYSTEM] FINISH: ECALL caught, CPU is freezing!
-----------------------------------------------------------------
Time: 6260000 | PC = 0x00000038 | Inst = 0x00000000 (BUBBLE)
          -> [SYSTEM] FINISH: ECALL caught, CPU is freezing!
-----------------------------------------------------------------
Time: 6270000 | PC = 0x00000038 | Inst = 0x00000000 (BUBBLE)
          -> [SYSTEM] FINISH: ECALL caught, CPU is freezing!
-----------------------------------------------------------------
Time: 6280000 | PC = 0x00000038 | Inst = 0x00000000 (BUBBLE)
          -> [SYSTEM] FINISH: ECALL caught, CPU is freezing!
-----------------------------------------------------------------
Time: 6290000 | PC = 0x00000038 | Inst = 0x00000000 (BUBBLE)
          -> [SYSTEM] FINISH: ECALL caught, CPU is freezing!
-----------------------------------------------------------------
Time: 6300000 | PC = 0x00000038 | Inst = 0x00000000 (BUBBLE)
          -> [SYSTEM] FINISH: ECALL caught, CPU is freezing!
-----------------------------------------------------------------
Time: 6310000 | PC = 0x00000038 | Inst = 0x00000000 (BUBBLE)
          -> [SYSTEM] FINISH: ECALL caught, CPU is freezing!
-----------------------------------------------------------------
Time: 6320000 | PC = 0x00000038 | Inst = 0x00000000 (BUBBLE)
          -> [SYSTEM] FINISH: ECALL caught, CPU is freezing!
-----------------------------------------------------------------
Time: 6330000 | PC = 0x00000038 | Inst = 0x00000000 (BUBBLE)
          -> [SYSTEM] FINISH: ECALL caught, CPU is freezing!
-----------------------------------------------------------------
Time: 6340000 | PC = 0x00000038 | Inst = 0x00000000 (BUBBLE)
          -> [SYSTEM] FINISH: ECALL caught, CPU is freezing!
-----------------------------------------------------------------
Time: 6350000 | PC = 0x00000038 | Inst = 0x00000000 (BUBBLE)
          -> [SYSTEM] FINISH: ECALL caught, CPU is freezing!
-----------------------------------------------------------------
Time: 6360000 | PC = 0x00000038 | Inst = 0x00000000 (BUBBLE)
          -> [SYSTEM] FINISH: ECALL caught, CPU is freezing!
-----------------------------------------------------------------
Time: 6370000 | PC = 0x00000038 | Inst = 0x00000000 (BUBBLE)
          -> [SYSTEM] FINISH: ECALL caught, CPU is freezing!
-----------------------------------------------------------------
Time: 6380000 | PC = 0x00000038 | Inst = 0x00000000 (BUBBLE)
          -> [SYSTEM] FINISH: ECALL caught, CPU is freezing!
-----------------------------------------------------------------
Time: 6390000 | PC = 0x00000038 | Inst = 0x00000000 (BUBBLE)
          -> [SYSTEM] FINISH: ECALL caught, CPU is freezing!
-----------------------------------------------------------------
Time: 6400000 | PC = 0x00000038 | Inst = 0x00000000 (BUBBLE)
          -> [SYSTEM] FINISH: ECALL caught, CPU is freezing!
-----------------------------------------------------------------
Time: 6410000 | PC = 0x00000038 | Inst = 0x00000000 (BUBBLE)
          -> [SYSTEM] FINISH: ECALL caught, CPU is freezing!
-----------------------------------------------------------------
Time: 6420000 | PC = 0x00000038 | Inst = 0x00000000 (BUBBLE)
          -> [SYSTEM] FINISH: ECALL caught, CPU is freezing!
-----------------------------------------------------------------
Time: 6430000 | PC = 0x00000038 | Inst = 0x00000000 (BUBBLE)
          -> [SYSTEM] FINISH: ECALL caught, CPU is freezing!
-----------------------------------------------------------------
Time: 6440000 | PC = 0x00000038 | Inst = 0x00000000 (BUBBLE)
          -> [SYSTEM] FINISH: ECALL caught, CPU is freezing!
-----------------------------------------------------------------
Time: 6450000 | PC = 0x00000038 | Inst = 0x00000000 (BUBBLE)
          -> [SYSTEM] FINISH: ECALL caught, CPU is freezing!
-----------------------------------------------------------------
Time: 6460000 | PC = 0x00000038 | Inst = 0x00000000 (BUBBLE)
          -> [SYSTEM] FINISH: ECALL caught, CPU is freezing!
-----------------------------------------------------------------
Time: 6470000 | PC = 0x00000038 | Inst = 0x00000000 (BUBBLE)
          -> [SYSTEM] FINISH: ECALL caught, CPU is freezing!
-----------------------------------------------------------------
Time: 6480000 | PC = 0x00000038 | Inst = 0x00000000 (BUBBLE)
          -> [SYSTEM] FINISH: ECALL caught, CPU is freezing!
-----------------------------------------------------------------
Time: 6490000 | PC = 0x00000038 | Inst = 0x00000000 (BUBBLE)
          -> [SYSTEM] FINISH: ECALL caught, CPU is freezing!
-----------------------------------------------------------------
Time: 6500000 | PC = 0x00000038 | Inst = 0x00000000 (BUBBLE)
          -> [SYSTEM] FINISH: ECALL caught, CPU is freezing!
-----------------------------------------------------------------
Time: 6510000 | PC = 0x00000038 | Inst = 0x00000000 (BUBBLE)
          -> [SYSTEM] FINISH: ECALL caught, CPU is freezing!
-----------------------------------------------------------------
Time: 6520000 | PC = 0x00000038 | Inst = 0x00000000 (BUBBLE)
          -> [SYSTEM] FINISH: ECALL caught, CPU is freezing!
-----------------------------------------------------------------
Time: 6530000 | PC = 0x00000038 | Inst = 0x00000000 (BUBBLE)
          -> [SYSTEM] FINISH: ECALL caught, CPU is freezing!
-----------------------------------------------------------------
Time: 6540000 | PC = 0x00000038 | Inst = 0x00000000 (BUBBLE)
          -> [SYSTEM] FINISH: ECALL caught, CPU is freezing!
-----------------------------------------------------------------
Time: 6550000 | PC = 0x00000038 | Inst = 0x00000000 (BUBBLE)
          -> [SYSTEM] FINISH: ECALL caught, CPU is freezing!
-----------------------------------------------------------------
Time: 6560000 | PC = 0x00000038 | Inst = 0x00000000 (BUBBLE)
          -> [SYSTEM] FINISH: ECALL caught, CPU is freezing!
-----------------------------------------------------------------
Time: 6570000 | PC = 0x00000038 | Inst = 0x00000000 (BUBBLE)
          -> [SYSTEM] FINISH: ECALL caught, CPU is freezing!
-----------------------------------------------------------------
Time: 6580000 | PC = 0x00000038 | Inst = 0x00000000 (BUBBLE)
          -> [SYSTEM] FINISH: ECALL caught, CPU is freezing!
-----------------------------------------------------------------
Time: 6590000 | PC = 0x00000038 | Inst = 0x00000000 (BUBBLE)
          -> [SYSTEM] FINISH: ECALL caught, CPU is freezing!
-----------------------------------------------------------------
Time: 6600000 | PC = 0x00000038 | Inst = 0x00000000 (BUBBLE)
          -> [SYSTEM] FINISH: ECALL caught, CPU is freezing!
-----------------------------------------------------------------
Time: 6610000 | PC = 0x00000038 | Inst = 0x00000000 (BUBBLE)
          -> [SYSTEM] FINISH: ECALL caught, CPU is freezing!
-----------------------------------------------------------------
Time: 6620000 | PC = 0x00000038 | Inst = 0x00000000 (BUBBLE)
          -> [SYSTEM] FINISH: ECALL caught, CPU is freezing!
-----------------------------------------------------------------
Time: 6630000 | PC = 0x00000038 | Inst = 0x00000000 (BUBBLE)
          -> [SYSTEM] FINISH: ECALL caught, CPU is freezing!
-----------------------------------------------------------------
Time: 6640000 | PC = 0x00000038 | Inst = 0x00000000 (BUBBLE)
          -> [SYSTEM] FINISH: ECALL caught, CPU is freezing!
-----------------------------------------------------------------
Time: 6650000 | PC = 0x00000038 | Inst = 0x00000000 (BUBBLE)
          -> [SYSTEM] FINISH: ECALL caught, CPU is freezing!
-----------------------------------------------------------------
Time: 6660000 | PC = 0x00000038 | Inst = 0x00000000 (BUBBLE)
          -> [SYSTEM] FINISH: ECALL caught, CPU is freezing!
-----------------------------------------------------------------
Time: 6670000 | PC = 0x00000038 | Inst = 0x00000000 (BUBBLE)
          -> [SYSTEM] FINISH: ECALL caught, CPU is freezing!
-----------------------------------------------------------------
Time: 6680000 | PC = 0x00000038 | Inst = 0x00000000 (BUBBLE)
          -> [SYSTEM] FINISH: ECALL caught, CPU is freezing!
-----------------------------------------------------------------
Time: 6690000 | PC = 0x00000038 | Inst = 0x00000000 (BUBBLE)
          -> [SYSTEM] FINISH: ECALL caught, CPU is freezing!
-----------------------------------------------------------------
Time: 6700000 | PC = 0x00000038 | Inst = 0x00000000 (BUBBLE)
          -> [SYSTEM] FINISH: ECALL caught, CPU is freezing!
-----------------------------------------------------------------
Time: 6710000 | PC = 0x00000038 | Inst = 0x00000000 (BUBBLE)
          -> [SYSTEM] FINISH: ECALL caught, CPU is freezing!
-----------------------------------------------------------------
Time: 6720000 | PC = 0x00000038 | Inst = 0x00000000 (BUBBLE)
          -> [SYSTEM] FINISH: ECALL caught, CPU is freezing!
-----------------------------------------------------------------
Time: 6730000 | PC = 0x00000038 | Inst = 0x00000000 (BUBBLE)
          -> [SYSTEM] FINISH: ECALL caught, CPU is freezing!
-----------------------------------------------------------------
Time: 6740000 | PC = 0x00000038 | Inst = 0x00000000 (BUBBLE)
          -> [SYSTEM] FINISH: ECALL caught, CPU is freezing!
-----------------------------------------------------------------
Time: 6750000 | PC = 0x00000038 | Inst = 0x00000000 (BUBBLE)
          -> [SYSTEM] FINISH: ECALL caught, CPU is freezing!
-----------------------------------------------------------------
Time: 6760000 | PC = 0x00000038 | Inst = 0x00000000 (BUBBLE)
          -> [SYSTEM] FINISH: ECALL caught, CPU is freezing!
-----------------------------------------------------------------
Time: 6770000 | PC = 0x00000038 | Inst = 0x00000000 (BUBBLE)
          -> [SYSTEM] FINISH: ECALL caught, CPU is freezing!
-----------------------------------------------------------------
Time: 6780000 | PC = 0x00000038 | Inst = 0x00000000 (BUBBLE)
          -> [SYSTEM] FINISH: ECALL caught, CPU is freezing!
-----------------------------------------------------------------
Time: 6790000 | PC = 0x00000038 | Inst = 0x00000000 (BUBBLE)
          -> [SYSTEM] FINISH: ECALL caught, CPU is freezing!
-----------------------------------------------------------------
Time: 6800000 | PC = 0x00000038 | Inst = 0x00000000 (BUBBLE)
          -> [SYSTEM] FINISH: ECALL caught, CPU is freezing!
-----------------------------------------------------------------
Time: 6810000 | PC = 0x00000038 | Inst = 0x00000000 (BUBBLE)
          -> [SYSTEM] FINISH: ECALL caught, CPU is freezing!
-----------------------------------------------------------------
Time: 6820000 | PC = 0x00000038 | Inst = 0x00000000 (BUBBLE)
          -> [SYSTEM] FINISH: ECALL caught, CPU is freezing!
-----------------------------------------------------------------
Time: 6830000 | PC = 0x00000038 | Inst = 0x00000000 (BUBBLE)
          -> [SYSTEM] FINISH: ECALL caught, CPU is freezing!
-----------------------------------------------------------------
Time: 6840000 | PC = 0x00000038 | Inst = 0x00000000 (BUBBLE)
          -> [SYSTEM] FINISH: ECALL caught, CPU is freezing!
-----------------------------------------------------------------
Time: 6850000 | PC = 0x00000038 | Inst = 0x00000000 (BUBBLE)
          -> [SYSTEM] FINISH: ECALL caught, CPU is freezing!
-----------------------------------------------------------------
Time: 6860000 | PC = 0x00000038 | Inst = 0x00000000 (BUBBLE)
          -> [SYSTEM] FINISH: ECALL caught, CPU is freezing!
-----------------------------------------------------------------
Time: 6870000 | PC = 0x00000038 | Inst = 0x00000000 (BUBBLE)
          -> [SYSTEM] FINISH: ECALL caught, CPU is freezing!
-----------------------------------------------------------------
Time: 6880000 | PC = 0x00000038 | Inst = 0x00000000 (BUBBLE)
          -> [SYSTEM] FINISH: ECALL caught, CPU is freezing!
-----------------------------------------------------------------
Time: 6890000 | PC = 0x00000038 | Inst = 0x00000000 (BUBBLE)
          -> [SYSTEM] FINISH: ECALL caught, CPU is freezing!
-----------------------------------------------------------------
Time: 6900000 | PC = 0x00000038 | Inst = 0x00000000 (BUBBLE)
          -> [SYSTEM] FINISH: ECALL caught, CPU is freezing!
-----------------------------------------------------------------
Time: 6910000 | PC = 0x00000038 | Inst = 0x00000000 (BUBBLE)
          -> [SYSTEM] FINISH: ECALL caught, CPU is freezing!
-----------------------------------------------------------------
Time: 6920000 | PC = 0x00000038 | Inst = 0x00000000 (BUBBLE)
          -> [SYSTEM] FINISH: ECALL caught, CPU is freezing!
-----------------------------------------------------------------
Time: 6930000 | PC = 0x00000038 | Inst = 0x00000000 (BUBBLE)
          -> [SYSTEM] FINISH: ECALL caught, CPU is freezing!
-----------------------------------------------------------------
Time: 6940000 | PC = 0x00000038 | Inst = 0x00000000 (BUBBLE)
          -> [SYSTEM] FINISH: ECALL caught, CPU is freezing!
-----------------------------------------------------------------
Time: 6950000 | PC = 0x00000038 | Inst = 0x00000000 (BUBBLE)
          -> [SYSTEM] FINISH: ECALL caught, CPU is freezing!
-----------------------------------------------------------------
Time: 6960000 | PC = 0x00000038 | Inst = 0x00000000 (BUBBLE)
          -> [SYSTEM] FINISH: ECALL caught, CPU is freezing!
-----------------------------------------------------------------
Time: 6970000 | PC = 0x00000038 | Inst = 0x00000000 (BUBBLE)
          -> [SYSTEM] FINISH: ECALL caught, CPU is freezing!
-----------------------------------------------------------------
Time: 6980000 | PC = 0x00000038 | Inst = 0x00000000 (BUBBLE)
          -> [SYSTEM] FINISH: ECALL caught, CPU is freezing!
-----------------------------------------------------------------
Time: 6990000 | PC = 0x00000038 | Inst = 0x00000000 (BUBBLE)
          -> [SYSTEM] FINISH: ECALL caught, CPU is freezing!
-----------------------------------------------------------------
Time: 7000000 | PC = 0x00000038 | Inst = 0x00000000 (BUBBLE)
          -> [SYSTEM] FINISH: ECALL caught, CPU is freezing!
-----------------------------------------------------------------
Time: 7010000 | PC = 0x00000038 | Inst = 0x00000000 (BUBBLE)
          -> [SYSTEM] FINISH: ECALL caught, CPU is freezing!
-----------------------------------------------------------------
Time: 7020000 | PC = 0x00000038 | Inst = 0x00000000 (BUBBLE)
          -> [SYSTEM] FINISH: ECALL caught, CPU is freezing!
-----------------------------------------------------------------
Time: 7030000 | PC = 0x00000038 | Inst = 0x00000000 (BUBBLE)
          -> [SYSTEM] FINISH: ECALL caught, CPU is freezing!
-----------------------------------------------------------------
Time: 7040000 | PC = 0x00000038 | Inst = 0x00000000 (BUBBLE)
          -> [SYSTEM] FINISH: ECALL caught, CPU is freezing!
-----------------------------------------------------------------
Time: 7050000 | PC = 0x00000038 | Inst = 0x00000000 (BUBBLE)
          -> [SYSTEM] FINISH: ECALL caught, CPU is freezing!
-----------------------------------------------------------------
Time: 7060000 | PC = 0x00000038 | Inst = 0x00000000 (BUBBLE)
          -> [SYSTEM] FINISH: ECALL caught, CPU is freezing!
-----------------------------------------------------------------
Time: 7070000 | PC = 0x00000038 | Inst = 0x00000000 (BUBBLE)
          -> [SYSTEM] FINISH: ECALL caught, CPU is freezing!
-----------------------------------------------------------------
Time: 7080000 | PC = 0x00000038 | Inst = 0x00000000 (BUBBLE)
          -> [SYSTEM] FINISH: ECALL caught, CPU is freezing!
-----------------------------------------------------------------
Time: 7090000 | PC = 0x00000038 | Inst = 0x00000000 (BUBBLE)
          -> [SYSTEM] FINISH: ECALL caught, CPU is freezing!
-----------------------------------------------------------------
Time: 7100000 | PC = 0x00000038 | Inst = 0x00000000 (BUBBLE)
          -> [SYSTEM] FINISH: ECALL caught, CPU is freezing!
-----------------------------------------------------------------
Time: 7110000 | PC = 0x00000038 | Inst = 0x00000000 (BUBBLE)
          -> [SYSTEM] FINISH: ECALL caught, CPU is freezing!
-----------------------------------------------------------------
Time: 7120000 | PC = 0x00000038 | Inst = 0x00000000 (BUBBLE)
          -> [SYSTEM] FINISH: ECALL caught, CPU is freezing!
-----------------------------------------------------------------
Time: 7130000 | PC = 0x00000038 | Inst = 0x00000000 (BUBBLE)
          -> [SYSTEM] FINISH: ECALL caught, CPU is freezing!
-----------------------------------------------------------------
Time: 7140000 | PC = 0x00000038 | Inst = 0x00000000 (BUBBLE)
          -> [SYSTEM] FINISH: ECALL caught, CPU is freezing!
-----------------------------------------------------------------
Time: 7150000 | PC = 0x00000038 | Inst = 0x00000000 (BUBBLE)
          -> [SYSTEM] FINISH: ECALL caught, CPU is freezing!
-----------------------------------------------------------------
Time: 7160000 | PC = 0x00000038 | Inst = 0x00000000 (BUBBLE)
          -> [SYSTEM] FINISH: ECALL caught, CPU is freezing!
-----------------------------------------------------------------
Time: 7170000 | PC = 0x00000038 | Inst = 0x00000000 (BUBBLE)
          -> [SYSTEM] FINISH: ECALL caught, CPU is freezing!
-----------------------------------------------------------------
Time: 7180000 | PC = 0x00000038 | Inst = 0x00000000 (BUBBLE)
          -> [SYSTEM] FINISH: ECALL caught, CPU is freezing!
-----------------------------------------------------------------
Time: 7190000 | PC = 0x00000038 | Inst = 0x00000000 (BUBBLE)
          -> [SYSTEM] FINISH: ECALL caught, CPU is freezing!
-----------------------------------------------------------------
Time: 7200000 | PC = 0x00000038 | Inst = 0x00000000 (BUBBLE)
          -> [SYSTEM] FINISH: ECALL caught, CPU is freezing!
-----------------------------------------------------------------
Time: 7210000 | PC = 0x00000038 | Inst = 0x00000000 (BUBBLE)
          -> [SYSTEM] FINISH: ECALL caught, CPU is freezing!
-----------------------------------------------------------------
Time: 7220000 | PC = 0x00000038 | Inst = 0x00000000 (BUBBLE)
          -> [SYSTEM] FINISH: ECALL caught, CPU is freezing!
-----------------------------------------------------------------
Time: 7230000 | PC = 0x00000038 | Inst = 0x00000000 (BUBBLE)
          -> [SYSTEM] FINISH: ECALL caught, CPU is freezing!
-----------------------------------------------------------------
Time: 7240000 | PC = 0x00000038 | Inst = 0x00000000 (BUBBLE)
          -> [SYSTEM] FINISH: ECALL caught, CPU is freezing!
-----------------------------------------------------------------
Time: 7250000 | PC = 0x00000038 | Inst = 0x00000000 (BUBBLE)
          -> [SYSTEM] FINISH: ECALL caught, CPU is freezing!
-----------------------------------------------------------------
Time: 7260000 | PC = 0x00000038 | Inst = 0x00000000 (BUBBLE)
          -> [SYSTEM] FINISH: ECALL caught, CPU is freezing!
-----------------------------------------------------------------
Time: 7270000 | PC = 0x00000038 | Inst = 0x00000000 (BUBBLE)
          -> [SYSTEM] FINISH: ECALL caught, CPU is freezing!
-----------------------------------------------------------------
Time: 7280000 | PC = 0x00000038 | Inst = 0x00000000 (BUBBLE)
          -> [SYSTEM] FINISH: ECALL caught, CPU is freezing!
-----------------------------------------------------------------
Time: 7290000 | PC = 0x00000038 | Inst = 0x00000000 (BUBBLE)
          -> [SYSTEM] FINISH: ECALL caught, CPU is freezing!
-----------------------------------------------------------------
Time: 7300000 | PC = 0x00000038 | Inst = 0x00000000 (BUBBLE)
          -> [SYSTEM] FINISH: ECALL caught, CPU is freezing!
-----------------------------------------------------------------
Time: 7310000 | PC = 0x00000038 | Inst = 0x00000000 (BUBBLE)
          -> [SYSTEM] FINISH: ECALL caught, CPU is freezing!
-----------------------------------------------------------------
Time: 7320000 | PC = 0x00000038 | Inst = 0x00000000 (BUBBLE)
          -> [SYSTEM] FINISH: ECALL caught, CPU is freezing!
-----------------------------------------------------------------
Time: 7330000 | PC = 0x00000038 | Inst = 0x00000000 (BUBBLE)
          -> [SYSTEM] FINISH: ECALL caught, CPU is freezing!
-----------------------------------------------------------------
Time: 7340000 | PC = 0x00000038 | Inst = 0x00000000 (BUBBLE)
          -> [SYSTEM] FINISH: ECALL caught, CPU is freezing!
-----------------------------------------------------------------
Time: 7350000 | PC = 0x00000038 | Inst = 0x00000000 (BUBBLE)
          -> [SYSTEM] FINISH: ECALL caught, CPU is freezing!
-----------------------------------------------------------------
Time: 7360000 | PC = 0x00000038 | Inst = 0x00000000 (BUBBLE)
          -> [SYSTEM] FINISH: ECALL caught, CPU is freezing!
-----------------------------------------------------------------
Time: 7370000 | PC = 0x00000038 | Inst = 0x00000000 (BUBBLE)
          -> [SYSTEM] FINISH: ECALL caught, CPU is freezing!
-----------------------------------------------------------------
Time: 7380000 | PC = 0x00000038 | Inst = 0x00000000 (BUBBLE)
          -> [SYSTEM] FINISH: ECALL caught, CPU is freezing!
-----------------------------------------------------------------
Time: 7390000 | PC = 0x00000038 | Inst = 0x00000000 (BUBBLE)
          -> [SYSTEM] FINISH: ECALL caught, CPU is freezing!
-----------------------------------------------------------------
Time: 7400000 | PC = 0x00000038 | Inst = 0x00000000 (BUBBLE)
          -> [SYSTEM] FINISH: ECALL caught, CPU is freezing!
-----------------------------------------------------------------
Time: 7410000 | PC = 0x00000038 | Inst = 0x00000000 (BUBBLE)
          -> [SYSTEM] FINISH: ECALL caught, CPU is freezing!
-----------------------------------------------------------------
Time: 7420000 | PC = 0x00000038 | Inst = 0x00000000 (BUBBLE)
          -> [SYSTEM] FINISH: ECALL caught, CPU is freezing!
-----------------------------------------------------------------
Time: 7430000 | PC = 0x00000038 | Inst = 0x00000000 (BUBBLE)
          -> [SYSTEM] FINISH: ECALL caught, CPU is freezing!
-----------------------------------------------------------------
Time: 7440000 | PC = 0x00000038 | Inst = 0x00000000 (BUBBLE)
          -> [SYSTEM] FINISH: ECALL caught, CPU is freezing!
-----------------------------------------------------------------
Time: 7450000 | PC = 0x00000038 | Inst = 0x00000000 (BUBBLE)
          -> [SYSTEM] FINISH: ECALL caught, CPU is freezing!
-----------------------------------------------------------------
Time: 7460000 | PC = 0x00000038 | Inst = 0x00000000 (BUBBLE)
          -> [SYSTEM] FINISH: ECALL caught, CPU is freezing!
-----------------------------------------------------------------
Time: 7470000 | PC = 0x00000038 | Inst = 0x00000000 (BUBBLE)
          -> [SYSTEM] FINISH: ECALL caught, CPU is freezing!
-----------------------------------------------------------------
Time: 7480000 | PC = 0x00000038 | Inst = 0x00000000 (BUBBLE)
          -> [SYSTEM] FINISH: ECALL caught, CPU is freezing!
-----------------------------------------------------------------
Time: 7490000 | PC = 0x00000038 | Inst = 0x00000000 (BUBBLE)
          -> [SYSTEM] FINISH: ECALL caught, CPU is freezing!
-----------------------------------------------------------------
Time: 7500000 | PC = 0x00000038 | Inst = 0x00000000 (BUBBLE)
          -> [SYSTEM] FINISH: ECALL caught, CPU is freezing!
-----------------------------------------------------------------
Time: 7510000 | PC = 0x00000038 | Inst = 0x00000000 (BUBBLE)
          -> [SYSTEM] FINISH: ECALL caught, CPU is freezing!
-----------------------------------------------------------------
Time: 7520000 | PC = 0x00000038 | Inst = 0x00000000 (BUBBLE)
          -> [SYSTEM] FINISH: ECALL caught, CPU is freezing!
-----------------------------------------------------------------
Time: 7530000 | PC = 0x00000038 | Inst = 0x00000000 (BUBBLE)
          -> [SYSTEM] FINISH: ECALL caught, CPU is freezing!
-----------------------------------------------------------------
Time: 7540000 | PC = 0x00000038 | Inst = 0x00000000 (BUBBLE)
          -> [SYSTEM] FINISH: ECALL caught, CPU is freezing!
-----------------------------------------------------------------
Time: 7550000 | PC = 0x00000038 | Inst = 0x00000000 (BUBBLE)
          -> [SYSTEM] FINISH: ECALL caught, CPU is freezing!
-----------------------------------------------------------------
Time: 7560000 | PC = 0x00000038 | Inst = 0x00000000 (BUBBLE)
          -> [SYSTEM] FINISH: ECALL caught, CPU is freezing!
-----------------------------------------------------------------
Time: 7570000 | PC = 0x00000038 | Inst = 0x00000000 (BUBBLE)
          -> [SYSTEM] FINISH: ECALL caught, CPU is freezing!
-----------------------------------------------------------------
Time: 7580000 | PC = 0x00000038 | Inst = 0x00000000 (BUBBLE)
          -> [SYSTEM] FINISH: ECALL caught, CPU is freezing!
-----------------------------------------------------------------
Time: 7590000 | PC = 0x00000038 | Inst = 0x00000000 (BUBBLE)
          -> [SYSTEM] FINISH: ECALL caught, CPU is freezing!
-----------------------------------------------------------------
Time: 7600000 | PC = 0x00000038 | Inst = 0x00000000 (BUBBLE)
          -> [SYSTEM] FINISH: ECALL caught, CPU is freezing!
-----------------------------------------------------------------
Time: 7610000 | PC = 0x00000038 | Inst = 0x00000000 (BUBBLE)
          -> [SYSTEM] FINISH: ECALL caught, CPU is freezing!
-----------------------------------------------------------------
Time: 7620000 | PC = 0x00000038 | Inst = 0x00000000 (BUBBLE)
          -> [SYSTEM] FINISH: ECALL caught, CPU is freezing!
-----------------------------------------------------------------
Time: 7630000 | PC = 0x00000038 | Inst = 0x00000000 (BUBBLE)
          -> [SYSTEM] FINISH: ECALL caught, CPU is freezing!
-----------------------------------------------------------------
Time: 7640000 | PC = 0x00000038 | Inst = 0x00000000 (BUBBLE)
          -> [SYSTEM] FINISH: ECALL caught, CPU is freezing!
-----------------------------------------------------------------
Time: 7650000 | PC = 0x00000038 | Inst = 0x00000000 (BUBBLE)
          -> [SYSTEM] FINISH: ECALL caught, CPU is freezing!
-----------------------------------------------------------------
Time: 7660000 | PC = 0x00000038 | Inst = 0x00000000 (BUBBLE)
          -> [SYSTEM] FINISH: ECALL caught, CPU is freezing!
-----------------------------------------------------------------
Time: 7670000 | PC = 0x00000038 | Inst = 0x00000000 (BUBBLE)
          -> [SYSTEM] FINISH: ECALL caught, CPU is freezing!
-----------------------------------------------------------------
Time: 7680000 | PC = 0x00000038 | Inst = 0x00000000 (BUBBLE)
          -> [SYSTEM] FINISH: ECALL caught, CPU is freezing!
-----------------------------------------------------------------
Time: 7690000 | PC = 0x00000038 | Inst = 0x00000000 (BUBBLE)
          -> [SYSTEM] FINISH: ECALL caught, CPU is freezing!
-----------------------------------------------------------------
Time: 7700000 | PC = 0x00000038 | Inst = 0x00000000 (BUBBLE)
          -> [SYSTEM] FINISH: ECALL caught, CPU is freezing!
-----------------------------------------------------------------
Time: 7710000 | PC = 0x00000038 | Inst = 0x00000000 (BUBBLE)
          -> [SYSTEM] FINISH: ECALL caught, CPU is freezing!
-----------------------------------------------------------------
Time: 7720000 | PC = 0x00000038 | Inst = 0x00000000 (BUBBLE)
          -> [SYSTEM] FINISH: ECALL caught, CPU is freezing!
-----------------------------------------------------------------
Time: 7730000 | PC = 0x00000038 | Inst = 0x00000000 (BUBBLE)
          -> [SYSTEM] FINISH: ECALL caught, CPU is freezing!
-----------------------------------------------------------------
Time: 7740000 | PC = 0x00000038 | Inst = 0x00000000 (BUBBLE)
          -> [SYSTEM] FINISH: ECALL caught, CPU is freezing!
-----------------------------------------------------------------
Time: 7750000 | PC = 0x00000038 | Inst = 0x00000000 (BUBBLE)
          -> [SYSTEM] FINISH: ECALL caught, CPU is freezing!
-----------------------------------------------------------------
Time: 7760000 | PC = 0x00000038 | Inst = 0x00000000 (BUBBLE)
          -> [SYSTEM] FINISH: ECALL caught, CPU is freezing!
-----------------------------------------------------------------
Time: 7770000 | PC = 0x00000038 | Inst = 0x00000000 (BUBBLE)
          -> [SYSTEM] FINISH: ECALL caught, CPU is freezing!
-----------------------------------------------------------------
Time: 7780000 | PC = 0x00000038 | Inst = 0x00000000 (BUBBLE)
          -> [SYSTEM] FINISH: ECALL caught, CPU is freezing!
-----------------------------------------------------------------
Time: 7790000 | PC = 0x00000038 | Inst = 0x00000000 (BUBBLE)
          -> [SYSTEM] FINISH: ECALL caught, CPU is freezing!
-----------------------------------------------------------------
Time: 7800000 | PC = 0x00000038 | Inst = 0x00000000 (BUBBLE)
          -> [SYSTEM] FINISH: ECALL caught, CPU is freezing!
-----------------------------------------------------------------
Time: 7810000 | PC = 0x00000038 | Inst = 0x00000000 (BUBBLE)
          -> [SYSTEM] FINISH: ECALL caught, CPU is freezing!
-----------------------------------------------------------------
Time: 7820000 | PC = 0x00000038 | Inst = 0x00000000 (BUBBLE)
          -> [SYSTEM] FINISH: ECALL caught, CPU is freezing!
-----------------------------------------------------------------
Time: 7830000 | PC = 0x00000038 | Inst = 0x00000000 (BUBBLE)
          -> [SYSTEM] FINISH: ECALL caught, CPU is freezing!
-----------------------------------------------------------------
Time: 7840000 | PC = 0x00000038 | Inst = 0x00000000 (BUBBLE)
          -> [SYSTEM] FINISH: ECALL caught, CPU is freezing!
-----------------------------------------------------------------
Time: 7850000 | PC = 0x00000038 | Inst = 0x00000000 (BUBBLE)
          -> [SYSTEM] FINISH: ECALL caught, CPU is freezing!
-----------------------------------------------------------------
Time: 7860000 | PC = 0x00000038 | Inst = 0x00000000 (BUBBLE)
          -> [SYSTEM] FINISH: ECALL caught, CPU is freezing!
-----------------------------------------------------------------
Time: 7870000 | PC = 0x00000038 | Inst = 0x00000000 (BUBBLE)
          -> [SYSTEM] FINISH: ECALL caught, CPU is freezing!
-----------------------------------------------------------------
Time: 7880000 | PC = 0x00000038 | Inst = 0x00000000 (BUBBLE)
          -> [SYSTEM] FINISH: ECALL caught, CPU is freezing!
-----------------------------------------------------------------
Time: 7890000 | PC = 0x00000038 | Inst = 0x00000000 (BUBBLE)
          -> [SYSTEM] FINISH: ECALL caught, CPU is freezing!
-----------------------------------------------------------------
Time: 7900000 | PC = 0x00000038 | Inst = 0x00000000 (BUBBLE)
          -> [SYSTEM] FINISH: ECALL caught, CPU is freezing!
-----------------------------------------------------------------
Time: 7910000 | PC = 0x00000038 | Inst = 0x00000000 (BUBBLE)
          -> [SYSTEM] FINISH: ECALL caught, CPU is freezing!
-----------------------------------------------------------------
Time: 7920000 | PC = 0x00000038 | Inst = 0x00000000 (BUBBLE)
          -> [SYSTEM] FINISH: ECALL caught, CPU is freezing!
-----------------------------------------------------------------
Time: 7930000 | PC = 0x00000038 | Inst = 0x00000000 (BUBBLE)
          -> [SYSTEM] FINISH: ECALL caught, CPU is freezing!
-----------------------------------------------------------------
Time: 7940000 | PC = 0x00000038 | Inst = 0x00000000 (BUBBLE)
          -> [SYSTEM] FINISH: ECALL caught, CPU is freezing!
-----------------------------------------------------------------
Time: 7950000 | PC = 0x00000038 | Inst = 0x00000000 (BUBBLE)
          -> [SYSTEM] FINISH: ECALL caught, CPU is freezing!
-----------------------------------------------------------------
Time: 7960000 | PC = 0x00000038 | Inst = 0x00000000 (BUBBLE)
          -> [SYSTEM] FINISH: ECALL caught, CPU is freezing!
-----------------------------------------------------------------
Time: 7970000 | PC = 0x00000038 | Inst = 0x00000000 (BUBBLE)
          -> [SYSTEM] FINISH: ECALL caught, CPU is freezing!
-----------------------------------------------------------------
Time: 7980000 | PC = 0x00000038 | Inst = 0x00000000 (BUBBLE)
          -> [SYSTEM] FINISH: ECALL caught, CPU is freezing!
-----------------------------------------------------------------
Time: 7990000 | PC = 0x00000038 | Inst = 0x00000000 (BUBBLE)
          -> [SYSTEM] FINISH: ECALL caught, CPU is freezing!
-----------------------------------------------------------------
Time: 8000000 | PC = 0x00000038 | Inst = 0x00000000 (BUBBLE)
          -> [SYSTEM] FINISH: ECALL caught, CPU is freezing!
-----------------------------------------------------------------
Time: 8010000 | PC = 0x00000038 | Inst = 0x00000000 (BUBBLE)
          -> [SYSTEM] FINISH: ECALL caught, CPU is freezing!
-----------------------------------------------------------------
Time: 8020000 | PC = 0x00000038 | Inst = 0x00000000 (BUBBLE)
          -> [SYSTEM] FINISH: ECALL caught, CPU is freezing!
-----------------------------------------------------------------
Time: 8030000 | PC = 0x00000038 | Inst = 0x00000000 (BUBBLE)
          -> [SYSTEM] FINISH: ECALL caught, CPU is freezing!
-----------------------------------------------------------------
Time: 8040000 | PC = 0x00000038 | Inst = 0x00000000 (BUBBLE)
          -> [SYSTEM] FINISH: ECALL caught, CPU is freezing!
-----------------------------------------------------------------
Time: 8050000 | PC = 0x00000038 | Inst = 0x00000000 (BUBBLE)
          -> [SYSTEM] FINISH: ECALL caught, CPU is freezing!
-----------------------------------------------------------------
Time: 8060000 | PC = 0x00000038 | Inst = 0x00000000 (BUBBLE)
          -> [SYSTEM] FINISH: ECALL caught, CPU is freezing!
-----------------------------------------------------------------
Time: 8070000 | PC = 0x00000038 | Inst = 0x00000000 (BUBBLE)
          -> [SYSTEM] FINISH: ECALL caught, CPU is freezing!
-----------------------------------------------------------------
Time: 8080000 | PC = 0x00000038 | Inst = 0x00000000 (BUBBLE)
          -> [SYSTEM] FINISH: ECALL caught, CPU is freezing!
-----------------------------------------------------------------
Time: 8090000 | PC = 0x00000038 | Inst = 0x00000000 (BUBBLE)
          -> [SYSTEM] FINISH: ECALL caught, CPU is freezing!
-----------------------------------------------------------------
Time: 8100000 | PC = 0x00000038 | Inst = 0x00000000 (BUBBLE)
          -> [SYSTEM] FINISH: ECALL caught, CPU is freezing!
-----------------------------------------------------------------
Time: 8110000 | PC = 0x00000038 | Inst = 0x00000000 (BUBBLE)
          -> [SYSTEM] FINISH: ECALL caught, CPU is freezing!
-----------------------------------------------------------------
Time: 8120000 | PC = 0x00000038 | Inst = 0x00000000 (BUBBLE)
          -> [SYSTEM] FINISH: ECALL caught, CPU is freezing!
-----------------------------------------------------------------
Time: 8130000 | PC = 0x00000038 | Inst = 0x00000000 (BUBBLE)
          -> [SYSTEM] FINISH: ECALL caught, CPU is freezing!
-----------------------------------------------------------------
Time: 8140000 | PC = 0x00000038 | Inst = 0x00000000 (BUBBLE)
          -> [SYSTEM] FINISH: ECALL caught, CPU is freezing!
-----------------------------------------------------------------
Time: 8150000 | PC = 0x00000038 | Inst = 0x00000000 (BUBBLE)
          -> [SYSTEM] FINISH: ECALL caught, CPU is freezing!
-----------------------------------------------------------------
Time: 8160000 | PC = 0x00000038 | Inst = 0x00000000 (BUBBLE)
          -> [SYSTEM] FINISH: ECALL caught, CPU is freezing!
-----------------------------------------------------------------
Time: 8170000 | PC = 0x00000038 | Inst = 0x00000000 (BUBBLE)
          -> [SYSTEM] FINISH: ECALL caught, CPU is freezing!
-----------------------------------------------------------------
Time: 8180000 | PC = 0x00000038 | Inst = 0x00000000 (BUBBLE)
          -> [SYSTEM] FINISH: ECALL caught, CPU is freezing!
-----------------------------------------------------------------
Time: 8190000 | PC = 0x00000038 | Inst = 0x00000000 (BUBBLE)
          -> [SYSTEM] FINISH: ECALL caught, CPU is freezing!
-----------------------------------------------------------------
Time: 8200000 | PC = 0x00000038 | Inst = 0x00000000 (BUBBLE)
          -> [SYSTEM] FINISH: ECALL caught, CPU is freezing!
-----------------------------------------------------------------
Time: 8210000 | PC = 0x00000038 | Inst = 0x00000000 (BUBBLE)
          -> [SYSTEM] FINISH: ECALL caught, CPU is freezing!
-----------------------------------------------------------------
Time: 8220000 | PC = 0x00000038 | Inst = 0x00000000 (BUBBLE)
          -> [SYSTEM] FINISH: ECALL caught, CPU is freezing!
-----------------------------------------------------------------
Time: 8230000 | PC = 0x00000038 | Inst = 0x00000000 (BUBBLE)
          -> [SYSTEM] FINISH: ECALL caught, CPU is freezing!
-----------------------------------------------------------------
Time: 8240000 | PC = 0x00000038 | Inst = 0x00000000 (BUBBLE)
          -> [SYSTEM] FINISH: ECALL caught, CPU is freezing!
-----------------------------------------------------------------
Time: 8250000 | PC = 0x00000038 | Inst = 0x00000000 (BUBBLE)
          -> [SYSTEM] FINISH: ECALL caught, CPU is freezing!
-----------------------------------------------------------------
Time: 8260000 | PC = 0x00000038 | Inst = 0x00000000 (BUBBLE)
          -> [SYSTEM] FINISH: ECALL caught, CPU is freezing!
-----------------------------------------------------------------
Time: 8270000 | PC = 0x00000038 | Inst = 0x00000000 (BUBBLE)
          -> [SYSTEM] FINISH: ECALL caught, CPU is freezing!
-----------------------------------------------------------------
Time: 8280000 | PC = 0x00000038 | Inst = 0x00000000 (BUBBLE)
          -> [SYSTEM] FINISH: ECALL caught, CPU is freezing!
-----------------------------------------------------------------
Time: 8290000 | PC = 0x00000038 | Inst = 0x00000000 (BUBBLE)
          -> [SYSTEM] FINISH: ECALL caught, CPU is freezing!
-----------------------------------------------------------------
Time: 8300000 | PC = 0x00000038 | Inst = 0x00000000 (BUBBLE)
          -> [SYSTEM] FINISH: ECALL caught, CPU is freezing!
-----------------------------------------------------------------
Time: 8310000 | PC = 0x00000038 | Inst = 0x00000000 (BUBBLE)
          -> [SYSTEM] FINISH: ECALL caught, CPU is freezing!
-----------------------------------------------------------------
Time: 8320000 | PC = 0x00000038 | Inst = 0x00000000 (BUBBLE)
          -> [SYSTEM] FINISH: ECALL caught, CPU is freezing!
-----------------------------------------------------------------
Time: 8330000 | PC = 0x00000038 | Inst = 0x00000000 (BUBBLE)
          -> [SYSTEM] FINISH: ECALL caught, CPU is freezing!
-----------------------------------------------------------------
Time: 8340000 | PC = 0x00000038 | Inst = 0x00000000 (BUBBLE)
          -> [SYSTEM] FINISH: ECALL caught, CPU is freezing!
-----------------------------------------------------------------
Time: 8350000 | PC = 0x00000038 | Inst = 0x00000000 (BUBBLE)
          -> [SYSTEM] FINISH: ECALL caught, CPU is freezing!
-----------------------------------------------------------------
Time: 8360000 | PC = 0x00000038 | Inst = 0x00000000 (BUBBLE)
          -> [SYSTEM] FINISH: ECALL caught, CPU is freezing!
-----------------------------------------------------------------
Time: 8370000 | PC = 0x00000038 | Inst = 0x00000000 (BUBBLE)
          -> [SYSTEM] FINISH: ECALL caught, CPU is freezing!
-----------------------------------------------------------------
Time: 8380000 | PC = 0x00000038 | Inst = 0x00000000 (BUBBLE)
          -> [SYSTEM] FINISH: ECALL caught, CPU is freezing!
-----------------------------------------------------------------
Time: 8390000 | PC = 0x00000038 | Inst = 0x00000000 (BUBBLE)
          -> [SYSTEM] FINISH: ECALL caught, CPU is freezing!
-----------------------------------------------------------------
Time: 8400000 | PC = 0x00000038 | Inst = 0x00000000 (BUBBLE)
          -> [SYSTEM] FINISH: ECALL caught, CPU is freezing!
-----------------------------------------------------------------
Time: 8410000 | PC = 0x00000038 | Inst = 0x00000000 (BUBBLE)
          -> [SYSTEM] FINISH: ECALL caught, CPU is freezing!
-----------------------------------------------------------------
Time: 8420000 | PC = 0x00000038 | Inst = 0x00000000 (BUBBLE)
          -> [SYSTEM] FINISH: ECALL caught, CPU is freezing!
-----------------------------------------------------------------
Time: 8430000 | PC = 0x00000038 | Inst = 0x00000000 (BUBBLE)
          -> [SYSTEM] FINISH: ECALL caught, CPU is freezing!
-----------------------------------------------------------------
Time: 8440000 | PC = 0x00000038 | Inst = 0x00000000 (BUBBLE)
          -> [SYSTEM] FINISH: ECALL caught, CPU is freezing!
-----------------------------------------------------------------
Time: 8450000 | PC = 0x00000038 | Inst = 0x00000000 (BUBBLE)
          -> [SYSTEM] FINISH: ECALL caught, CPU is freezing!
-----------------------------------------------------------------
Time: 8460000 | PC = 0x00000038 | Inst = 0x00000000 (BUBBLE)
          -> [SYSTEM] FINISH: ECALL caught, CPU is freezing!
-----------------------------------------------------------------
Time: 8470000 | PC = 0x00000038 | Inst = 0x00000000 (BUBBLE)
          -> [SYSTEM] FINISH: ECALL caught, CPU is freezing!
-----------------------------------------------------------------
Time: 8480000 | PC = 0x00000038 | Inst = 0x00000000 (BUBBLE)
          -> [SYSTEM] FINISH: ECALL caught, CPU is freezing!
-----------------------------------------------------------------
Time: 8490000 | PC = 0x00000038 | Inst = 0x00000000 (BUBBLE)
          -> [SYSTEM] FINISH: ECALL caught, CPU is freezing!
-----------------------------------------------------------------
Time: 8500000 | PC = 0x00000038 | Inst = 0x00000000 (BUBBLE)
          -> [SYSTEM] FINISH: ECALL caught, CPU is freezing!
-----------------------------------------------------------------
Time: 8510000 | PC = 0x00000038 | Inst = 0x00000000 (BUBBLE)
          -> [SYSTEM] FINISH: ECALL caught, CPU is freezing!
-----------------------------------------------------------------
Time: 8520000 | PC = 0x00000038 | Inst = 0x00000000 (BUBBLE)
          -> [SYSTEM] FINISH: ECALL caught, CPU is freezing!
-----------------------------------------------------------------
Time: 8530000 | PC = 0x00000038 | Inst = 0x00000000 (BUBBLE)
          -> [SYSTEM] FINISH: ECALL caught, CPU is freezing!
-----------------------------------------------------------------
Time: 8540000 | PC = 0x00000038 | Inst = 0x00000000 (BUBBLE)
          -> [SYSTEM] FINISH: ECALL caught, CPU is freezing!
-----------------------------------------------------------------
Time: 8550000 | PC = 0x00000038 | Inst = 0x00000000 (BUBBLE)
          -> [SYSTEM] FINISH: ECALL caught, CPU is freezing!
-----------------------------------------------------------------
Time: 8560000 | PC = 0x00000038 | Inst = 0x00000000 (BUBBLE)
          -> [SYSTEM] FINISH: ECALL caught, CPU is freezing!
-----------------------------------------------------------------
Time: 8570000 | PC = 0x00000038 | Inst = 0x00000000 (BUBBLE)
          -> [SYSTEM] FINISH: ECALL caught, CPU is freezing!
-----------------------------------------------------------------
Time: 8580000 | PC = 0x00000038 | Inst = 0x00000000 (BUBBLE)
          -> [SYSTEM] FINISH: ECALL caught, CPU is freezing!
-----------------------------------------------------------------
Time: 8590000 | PC = 0x00000038 | Inst = 0x00000000 (BUBBLE)
          -> [SYSTEM] FINISH: ECALL caught, CPU is freezing!
-----------------------------------------------------------------
Time: 8600000 | PC = 0x00000038 | Inst = 0x00000000 (BUBBLE)
          -> [SYSTEM] FINISH: ECALL caught, CPU is freezing!
-----------------------------------------------------------------
Time: 8610000 | PC = 0x00000038 | Inst = 0x00000000 (BUBBLE)
          -> [SYSTEM] FINISH: ECALL caught, CPU is freezing!
-----------------------------------------------------------------
Time: 8620000 | PC = 0x00000038 | Inst = 0x00000000 (BUBBLE)
          -> [SYSTEM] FINISH: ECALL caught, CPU is freezing!
-----------------------------------------------------------------
Time: 8630000 | PC = 0x00000038 | Inst = 0x00000000 (BUBBLE)
          -> [SYSTEM] FINISH: ECALL caught, CPU is freezing!
-----------------------------------------------------------------
Time: 8640000 | PC = 0x00000038 | Inst = 0x00000000 (BUBBLE)
          -> [SYSTEM] FINISH: ECALL caught, CPU is freezing!
-----------------------------------------------------------------
Time: 8650000 | PC = 0x00000038 | Inst = 0x00000000 (BUBBLE)
          -> [SYSTEM] FINISH: ECALL caught, CPU is freezing!
-----------------------------------------------------------------
Time: 8660000 | PC = 0x00000038 | Inst = 0x00000000 (BUBBLE)
          -> [SYSTEM] FINISH: ECALL caught, CPU is freezing!
-----------------------------------------------------------------
Time: 8670000 | PC = 0x00000038 | Inst = 0x00000000 (BUBBLE)
          -> [SYSTEM] FINISH: ECALL caught, CPU is freezing!
-----------------------------------------------------------------
Time: 8680000 | PC = 0x00000038 | Inst = 0x00000000 (BUBBLE)
          -> [SYSTEM] FINISH: ECALL caught, CPU is freezing!
-----------------------------------------------------------------
Time: 8690000 | PC = 0x00000038 | Inst = 0x00000000 (BUBBLE)
          -> [SYSTEM] FINISH: ECALL caught, CPU is freezing!
-----------------------------------------------------------------
Time: 8700000 | PC = 0x00000038 | Inst = 0x00000000 (BUBBLE)
          -> [SYSTEM] FINISH: ECALL caught, CPU is freezing!
-----------------------------------------------------------------
Time: 8710000 | PC = 0x00000038 | Inst = 0x00000000 (BUBBLE)
          -> [SYSTEM] FINISH: ECALL caught, CPU is freezing!
-----------------------------------------------------------------
Time: 8720000 | PC = 0x00000038 | Inst = 0x00000000 (BUBBLE)
          -> [SYSTEM] FINISH: ECALL caught, CPU is freezing!
-----------------------------------------------------------------
Time: 8730000 | PC = 0x00000038 | Inst = 0x00000000 (BUBBLE)
          -> [SYSTEM] FINISH: ECALL caught, CPU is freezing!
-----------------------------------------------------------------
Time: 8740000 | PC = 0x00000038 | Inst = 0x00000000 (BUBBLE)
          -> [SYSTEM] FINISH: ECALL caught, CPU is freezing!
-----------------------------------------------------------------
Time: 8750000 | PC = 0x00000038 | Inst = 0x00000000 (BUBBLE)
          -> [SYSTEM] FINISH: ECALL caught, CPU is freezing!
-----------------------------------------------------------------
Time: 8760000 | PC = 0x00000038 | Inst = 0x00000000 (BUBBLE)
          -> [SYSTEM] FINISH: ECALL caught, CPU is freezing!
-----------------------------------------------------------------
Time: 8770000 | PC = 0x00000038 | Inst = 0x00000000 (BUBBLE)
          -> [SYSTEM] FINISH: ECALL caught, CPU is freezing!
-----------------------------------------------------------------
Time: 8780000 | PC = 0x00000038 | Inst = 0x00000000 (BUBBLE)
          -> [SYSTEM] FINISH: ECALL caught, CPU is freezing!
-----------------------------------------------------------------
Time: 8790000 | PC = 0x00000038 | Inst = 0x00000000 (BUBBLE)
          -> [SYSTEM] FINISH: ECALL caught, CPU is freezing!
-----------------------------------------------------------------
Time: 8800000 | PC = 0x00000038 | Inst = 0x00000000 (BUBBLE)
          -> [SYSTEM] FINISH: ECALL caught, CPU is freezing!
-----------------------------------------------------------------
Time: 8810000 | PC = 0x00000038 | Inst = 0x00000000 (BUBBLE)
          -> [SYSTEM] FINISH: ECALL caught, CPU is freezing!
-----------------------------------------------------------------
Time: 8820000 | PC = 0x00000038 | Inst = 0x00000000 (BUBBLE)
          -> [SYSTEM] FINISH: ECALL caught, CPU is freezing!
-----------------------------------------------------------------
Time: 8830000 | PC = 0x00000038 | Inst = 0x00000000 (BUBBLE)
          -> [SYSTEM] FINISH: ECALL caught, CPU is freezing!
-----------------------------------------------------------------
Time: 8840000 | PC = 0x00000038 | Inst = 0x00000000 (BUBBLE)
          -> [SYSTEM] FINISH: ECALL caught, CPU is freezing!
-----------------------------------------------------------------
Time: 8850000 | PC = 0x00000038 | Inst = 0x00000000 (BUBBLE)
          -> [SYSTEM] FINISH: ECALL caught, CPU is freezing!
-----------------------------------------------------------------
Time: 8860000 | PC = 0x00000038 | Inst = 0x00000000 (BUBBLE)
          -> [SYSTEM] FINISH: ECALL caught, CPU is freezing!
-----------------------------------------------------------------
Time: 8870000 | PC = 0x00000038 | Inst = 0x00000000 (BUBBLE)
          -> [SYSTEM] FINISH: ECALL caught, CPU is freezing!
-----------------------------------------------------------------
Time: 8880000 | PC = 0x00000038 | Inst = 0x00000000 (BUBBLE)
          -> [SYSTEM] FINISH: ECALL caught, CPU is freezing!
-----------------------------------------------------------------
Time: 8890000 | PC = 0x00000038 | Inst = 0x00000000 (BUBBLE)
          -> [SYSTEM] FINISH: ECALL caught, CPU is freezing!
-----------------------------------------------------------------
Time: 8900000 | PC = 0x00000038 | Inst = 0x00000000 (BUBBLE)
          -> [SYSTEM] FINISH: ECALL caught, CPU is freezing!
-----------------------------------------------------------------
Time: 8910000 | PC = 0x00000038 | Inst = 0x00000000 (BUBBLE)
          -> [SYSTEM] FINISH: ECALL caught, CPU is freezing!
-----------------------------------------------------------------
Time: 8920000 | PC = 0x00000038 | Inst = 0x00000000 (BUBBLE)
          -> [SYSTEM] FINISH: ECALL caught, CPU is freezing!
-----------------------------------------------------------------
Time: 8930000 | PC = 0x00000038 | Inst = 0x00000000 (BUBBLE)
          -> [SYSTEM] FINISH: ECALL caught, CPU is freezing!
-----------------------------------------------------------------
Time: 8940000 | PC = 0x00000038 | Inst = 0x00000000 (BUBBLE)
          -> [SYSTEM] FINISH: ECALL caught, CPU is freezing!
-----------------------------------------------------------------
Time: 8950000 | PC = 0x00000038 | Inst = 0x00000000 (BUBBLE)
          -> [SYSTEM] FINISH: ECALL caught, CPU is freezing!
-----------------------------------------------------------------
Time: 8960000 | PC = 0x00000038 | Inst = 0x00000000 (BUBBLE)
          -> [SYSTEM] FINISH: ECALL caught, CPU is freezing!
-----------------------------------------------------------------
Time: 8970000 | PC = 0x00000038 | Inst = 0x00000000 (BUBBLE)
          -> [SYSTEM] FINISH: ECALL caught, CPU is freezing!
-----------------------------------------------------------------
Time: 8980000 | PC = 0x00000038 | Inst = 0x00000000 (BUBBLE)
          -> [SYSTEM] FINISH: ECALL caught, CPU is freezing!
-----------------------------------------------------------------
Time: 8990000 | PC = 0x00000038 | Inst = 0x00000000 (BUBBLE)
          -> [SYSTEM] FINISH: ECALL caught, CPU is freezing!
-----------------------------------------------------------------
Time: 9000000 | PC = 0x00000038 | Inst = 0x00000000 (BUBBLE)
          -> [SYSTEM] FINISH: ECALL caught, CPU is freezing!
-----------------------------------------------------------------
Time: 9010000 | PC = 0x00000038 | Inst = 0x00000000 (BUBBLE)
          -> [SYSTEM] FINISH: ECALL caught, CPU is freezing!
-----------------------------------------------------------------
Time: 9020000 | PC = 0x00000038 | Inst = 0x00000000 (BUBBLE)
          -> [SYSTEM] FINISH: ECALL caught, CPU is freezing!
-----------------------------------------------------------------
Time: 9030000 | PC = 0x00000038 | Inst = 0x00000000 (BUBBLE)
          -> [SYSTEM] FINISH: ECALL caught, CPU is freezing!
-----------------------------------------------------------------
Time: 9040000 | PC = 0x00000038 | Inst = 0x00000000 (BUBBLE)
          -> [SYSTEM] FINISH: ECALL caught, CPU is freezing!
-----------------------------------------------------------------
Time: 9050000 | PC = 0x00000038 | Inst = 0x00000000 (BUBBLE)
          -> [SYSTEM] FINISH: ECALL caught, CPU is freezing!
-----------------------------------------------------------------
Time: 9060000 | PC = 0x00000038 | Inst = 0x00000000 (BUBBLE)
          -> [SYSTEM] FINISH: ECALL caught, CPU is freezing!
-----------------------------------------------------------------
Time: 9070000 | PC = 0x00000038 | Inst = 0x00000000 (BUBBLE)
          -> [SYSTEM] FINISH: ECALL caught, CPU is freezing!
-----------------------------------------------------------------
Time: 9080000 | PC = 0x00000038 | Inst = 0x00000000 (BUBBLE)
          -> [SYSTEM] FINISH: ECALL caught, CPU is freezing!
-----------------------------------------------------------------
Time: 9090000 | PC = 0x00000038 | Inst = 0x00000000 (BUBBLE)
          -> [SYSTEM] FINISH: ECALL caught, CPU is freezing!
-----------------------------------------------------------------
Time: 9100000 | PC = 0x00000038 | Inst = 0x00000000 (BUBBLE)
          -> [SYSTEM] FINISH: ECALL caught, CPU is freezing!
-----------------------------------------------------------------
Time: 9110000 | PC = 0x00000038 | Inst = 0x00000000 (BUBBLE)
          -> [SYSTEM] FINISH: ECALL caught, CPU is freezing!
-----------------------------------------------------------------
Time: 9120000 | PC = 0x00000038 | Inst = 0x00000000 (BUBBLE)
          -> [SYSTEM] FINISH: ECALL caught, CPU is freezing!
-----------------------------------------------------------------
Time: 9130000 | PC = 0x00000038 | Inst = 0x00000000 (BUBBLE)
          -> [SYSTEM] FINISH: ECALL caught, CPU is freezing!
-----------------------------------------------------------------
Time: 9140000 | PC = 0x00000038 | Inst = 0x00000000 (BUBBLE)
          -> [SYSTEM] FINISH: ECALL caught, CPU is freezing!
-----------------------------------------------------------------
Time: 9150000 | PC = 0x00000038 | Inst = 0x00000000 (BUBBLE)
          -> [SYSTEM] FINISH: ECALL caught, CPU is freezing!
-----------------------------------------------------------------
Time: 9160000 | PC = 0x00000038 | Inst = 0x00000000 (BUBBLE)
          -> [SYSTEM] FINISH: ECALL caught, CPU is freezing!
-----------------------------------------------------------------
Time: 9170000 | PC = 0x00000038 | Inst = 0x00000000 (BUBBLE)
          -> [SYSTEM] FINISH: ECALL caught, CPU is freezing!
-----------------------------------------------------------------
Time: 9180000 | PC = 0x00000038 | Inst = 0x00000000 (BUBBLE)
          -> [SYSTEM] FINISH: ECALL caught, CPU is freezing!
-----------------------------------------------------------------
Time: 9190000 | PC = 0x00000038 | Inst = 0x00000000 (BUBBLE)
          -> [SYSTEM] FINISH: ECALL caught, CPU is freezing!
-----------------------------------------------------------------
Time: 9200000 | PC = 0x00000038 | Inst = 0x00000000 (BUBBLE)
          -> [SYSTEM] FINISH: ECALL caught, CPU is freezing!
-----------------------------------------------------------------
Time: 9210000 | PC = 0x00000038 | Inst = 0x00000000 (BUBBLE)
          -> [SYSTEM] FINISH: ECALL caught, CPU is freezing!
-----------------------------------------------------------------
Time: 9220000 | PC = 0x00000038 | Inst = 0x00000000 (BUBBLE)
          -> [SYSTEM] FINISH: ECALL caught, CPU is freezing!
-----------------------------------------------------------------
Time: 9230000 | PC = 0x00000038 | Inst = 0x00000000 (BUBBLE)
          -> [SYSTEM] FINISH: ECALL caught, CPU is freezing!
-----------------------------------------------------------------
Time: 9240000 | PC = 0x00000038 | Inst = 0x00000000 (BUBBLE)
          -> [SYSTEM] FINISH: ECALL caught, CPU is freezing!
-----------------------------------------------------------------
Time: 9250000 | PC = 0x00000038 | Inst = 0x00000000 (BUBBLE)
          -> [SYSTEM] FINISH: ECALL caught, CPU is freezing!
-----------------------------------------------------------------
Time: 9260000 | PC = 0x00000038 | Inst = 0x00000000 (BUBBLE)
          -> [SYSTEM] FINISH: ECALL caught, CPU is freezing!
-----------------------------------------------------------------
Time: 9270000 | PC = 0x00000038 | Inst = 0x00000000 (BUBBLE)
          -> [SYSTEM] FINISH: ECALL caught, CPU is freezing!
-----------------------------------------------------------------
Time: 9280000 | PC = 0x00000038 | Inst = 0x00000000 (BUBBLE)
          -> [SYSTEM] FINISH: ECALL caught, CPU is freezing!
-----------------------------------------------------------------
Time: 9290000 | PC = 0x00000038 | Inst = 0x00000000 (BUBBLE)
          -> [SYSTEM] FINISH: ECALL caught, CPU is freezing!
-----------------------------------------------------------------
Time: 9300000 | PC = 0x00000038 | Inst = 0x00000000 (BUBBLE)
          -> [SYSTEM] FINISH: ECALL caught, CPU is freezing!
-----------------------------------------------------------------
Time: 9310000 | PC = 0x00000038 | Inst = 0x00000000 (BUBBLE)
          -> [SYSTEM] FINISH: ECALL caught, CPU is freezing!
-----------------------------------------------------------------
Time: 9320000 | PC = 0x00000038 | Inst = 0x00000000 (BUBBLE)
          -> [SYSTEM] FINISH: ECALL caught, CPU is freezing!
-----------------------------------------------------------------
Time: 9330000 | PC = 0x00000038 | Inst = 0x00000000 (BUBBLE)
          -> [SYSTEM] FINISH: ECALL caught, CPU is freezing!
-----------------------------------------------------------------
Time: 9340000 | PC = 0x00000038 | Inst = 0x00000000 (BUBBLE)
          -> [SYSTEM] FINISH: ECALL caught, CPU is freezing!
-----------------------------------------------------------------
Time: 9350000 | PC = 0x00000038 | Inst = 0x00000000 (BUBBLE)
          -> [SYSTEM] FINISH: ECALL caught, CPU is freezing!
-----------------------------------------------------------------
Time: 9360000 | PC = 0x00000038 | Inst = 0x00000000 (BUBBLE)
          -> [SYSTEM] FINISH: ECALL caught, CPU is freezing!
-----------------------------------------------------------------
Time: 9370000 | PC = 0x00000038 | Inst = 0x00000000 (BUBBLE)
          -> [SYSTEM] FINISH: ECALL caught, CPU is freezing!
-----------------------------------------------------------------
Time: 9380000 | PC = 0x00000038 | Inst = 0x00000000 (BUBBLE)
          -> [SYSTEM] FINISH: ECALL caught, CPU is freezing!
-----------------------------------------------------------------
Time: 9390000 | PC = 0x00000038 | Inst = 0x00000000 (BUBBLE)
          -> [SYSTEM] FINISH: ECALL caught, CPU is freezing!
-----------------------------------------------------------------
Time: 9400000 | PC = 0x00000038 | Inst = 0x00000000 (BUBBLE)
          -> [SYSTEM] FINISH: ECALL caught, CPU is freezing!
-----------------------------------------------------------------
Time: 9410000 | PC = 0x00000038 | Inst = 0x00000000 (BUBBLE)
          -> [SYSTEM] FINISH: ECALL caught, CPU is freezing!
-----------------------------------------------------------------
Time: 9420000 | PC = 0x00000038 | Inst = 0x00000000 (BUBBLE)
          -> [SYSTEM] FINISH: ECALL caught, CPU is freezing!
-----------------------------------------------------------------
Time: 9430000 | PC = 0x00000038 | Inst = 0x00000000 (BUBBLE)
          -> [SYSTEM] FINISH: ECALL caught, CPU is freezing!
-----------------------------------------------------------------
Time: 9440000 | PC = 0x00000038 | Inst = 0x00000000 (BUBBLE)
          -> [SYSTEM] FINISH: ECALL caught, CPU is freezing!
-----------------------------------------------------------------
Time: 9450000 | PC = 0x00000038 | Inst = 0x00000000 (BUBBLE)
          -> [SYSTEM] FINISH: ECALL caught, CPU is freezing!
-----------------------------------------------------------------
Time: 9460000 | PC = 0x00000038 | Inst = 0x00000000 (BUBBLE)
          -> [SYSTEM] FINISH: ECALL caught, CPU is freezing!
-----------------------------------------------------------------
Time: 9470000 | PC = 0x00000038 | Inst = 0x00000000 (BUBBLE)
          -> [SYSTEM] FINISH: ECALL caught, CPU is freezing!
-----------------------------------------------------------------
Time: 9480000 | PC = 0x00000038 | Inst = 0x00000000 (BUBBLE)
          -> [SYSTEM] FINISH: ECALL caught, CPU is freezing!
-----------------------------------------------------------------
Time: 9490000 | PC = 0x00000038 | Inst = 0x00000000 (BUBBLE)
          -> [SYSTEM] FINISH: ECALL caught, CPU is freezing!
-----------------------------------------------------------------
Time: 9500000 | PC = 0x00000038 | Inst = 0x00000000 (BUBBLE)
          -> [SYSTEM] FINISH: ECALL caught, CPU is freezing!
-----------------------------------------------------------------
Time: 9510000 | PC = 0x00000038 | Inst = 0x00000000 (BUBBLE)
          -> [SYSTEM] FINISH: ECALL caught, CPU is freezing!
-----------------------------------------------------------------
Time: 9520000 | PC = 0x00000038 | Inst = 0x00000000 (BUBBLE)
          -> [SYSTEM] FINISH: ECALL caught, CPU is freezing!
-----------------------------------------------------------------
Time: 9530000 | PC = 0x00000038 | Inst = 0x00000000 (BUBBLE)
          -> [SYSTEM] FINISH: ECALL caught, CPU is freezing!
-----------------------------------------------------------------
Time: 9540000 | PC = 0x00000038 | Inst = 0x00000000 (BUBBLE)
          -> [SYSTEM] FINISH: ECALL caught, CPU is freezing!
-----------------------------------------------------------------
Time: 9550000 | PC = 0x00000038 | Inst = 0x00000000 (BUBBLE)
          -> [SYSTEM] FINISH: ECALL caught, CPU is freezing!
-----------------------------------------------------------------
Time: 9560000 | PC = 0x00000038 | Inst = 0x00000000 (BUBBLE)
          -> [SYSTEM] FINISH: ECALL caught, CPU is freezing!
-----------------------------------------------------------------
Time: 9570000 | PC = 0x00000038 | Inst = 0x00000000 (BUBBLE)
          -> [SYSTEM] FINISH: ECALL caught, CPU is freezing!
-----------------------------------------------------------------
Time: 9580000 | PC = 0x00000038 | Inst = 0x00000000 (BUBBLE)
          -> [SYSTEM] FINISH: ECALL caught, CPU is freezing!
-----------------------------------------------------------------
Time: 9590000 | PC = 0x00000038 | Inst = 0x00000000 (BUBBLE)
          -> [SYSTEM] FINISH: ECALL caught, CPU is freezing!
-----------------------------------------------------------------
Time: 9600000 | PC = 0x00000038 | Inst = 0x00000000 (BUBBLE)
          -> [SYSTEM] FINISH: ECALL caught, CPU is freezing!
-----------------------------------------------------------------
Time: 9610000 | PC = 0x00000038 | Inst = 0x00000000 (BUBBLE)
          -> [SYSTEM] FINISH: ECALL caught, CPU is freezing!
-----------------------------------------------------------------
Time: 9620000 | PC = 0x00000038 | Inst = 0x00000000 (BUBBLE)
          -> [SYSTEM] FINISH: ECALL caught, CPU is freezing!
-----------------------------------------------------------------
Time: 9630000 | PC = 0x00000038 | Inst = 0x00000000 (BUBBLE)
          -> [SYSTEM] FINISH: ECALL caught, CPU is freezing!
-----------------------------------------------------------------
Time: 9640000 | PC = 0x00000038 | Inst = 0x00000000 (BUBBLE)
          -> [SYSTEM] FINISH: ECALL caught, CPU is freezing!
-----------------------------------------------------------------
Time: 9650000 | PC = 0x00000038 | Inst = 0x00000000 (BUBBLE)
          -> [SYSTEM] FINISH: ECALL caught, CPU is freezing!
-----------------------------------------------------------------
Time: 9660000 | PC = 0x00000038 | Inst = 0x00000000 (BUBBLE)
          -> [SYSTEM] FINISH: ECALL caught, CPU is freezing!
-----------------------------------------------------------------
Time: 9670000 | PC = 0x00000038 | Inst = 0x00000000 (BUBBLE)
          -> [SYSTEM] FINISH: ECALL caught, CPU is freezing!
-----------------------------------------------------------------
Time: 9680000 | PC = 0x00000038 | Inst = 0x00000000 (BUBBLE)
          -> [SYSTEM] FINISH: ECALL caught, CPU is freezing!
-----------------------------------------------------------------
Time: 9690000 | PC = 0x00000038 | Inst = 0x00000000 (BUBBLE)
          -> [SYSTEM] FINISH: ECALL caught, CPU is freezing!
-----------------------------------------------------------------
Time: 9700000 | PC = 0x00000038 | Inst = 0x00000000 (BUBBLE)
          -> [SYSTEM] FINISH: ECALL caught, CPU is freezing!
-----------------------------------------------------------------
Time: 9710000 | PC = 0x00000038 | Inst = 0x00000000 (BUBBLE)
          -> [SYSTEM] FINISH: ECALL caught, CPU is freezing!
-----------------------------------------------------------------
Time: 9720000 | PC = 0x00000038 | Inst = 0x00000000 (BUBBLE)
          -> [SYSTEM] FINISH: ECALL caught, CPU is freezing!
-----------------------------------------------------------------
Time: 9730000 | PC = 0x00000038 | Inst = 0x00000000 (BUBBLE)
          -> [SYSTEM] FINISH: ECALL caught, CPU is freezing!
-----------------------------------------------------------------
Time: 9740000 | PC = 0x00000038 | Inst = 0x00000000 (BUBBLE)
          -> [SYSTEM] FINISH: ECALL caught, CPU is freezing!
-----------------------------------------------------------------
Time: 9750000 | PC = 0x00000038 | Inst = 0x00000000 (BUBBLE)
          -> [SYSTEM] FINISH: ECALL caught, CPU is freezing!
-----------------------------------------------------------------
Time: 9760000 | PC = 0x00000038 | Inst = 0x00000000 (BUBBLE)
          -> [SYSTEM] FINISH: ECALL caught, CPU is freezing!
-----------------------------------------------------------------
Time: 9770000 | PC = 0x00000038 | Inst = 0x00000000 (BUBBLE)
          -> [SYSTEM] FINISH: ECALL caught, CPU is freezing!
-----------------------------------------------------------------
Time: 9780000 | PC = 0x00000038 | Inst = 0x00000000 (BUBBLE)
          -> [SYSTEM] FINISH: ECALL caught, CPU is freezing!
-----------------------------------------------------------------
Time: 9790000 | PC = 0x00000038 | Inst = 0x00000000 (BUBBLE)
          -> [SYSTEM] FINISH: ECALL caught, CPU is freezing!
-----------------------------------------------------------------
Time: 9800000 | PC = 0x00000038 | Inst = 0x00000000 (BUBBLE)
          -> [SYSTEM] FINISH: ECALL caught, CPU is freezing!
-----------------------------------------------------------------
Time: 9810000 | PC = 0x00000038 | Inst = 0x00000000 (BUBBLE)
          -> [SYSTEM] FINISH: ECALL caught, CPU is freezing!
-----------------------------------------------------------------
Time: 9820000 | PC = 0x00000038 | Inst = 0x00000000 (BUBBLE)
          -> [SYSTEM] FINISH: ECALL caught, CPU is freezing!
-----------------------------------------------------------------
Time: 9830000 | PC = 0x00000038 | Inst = 0x00000000 (BUBBLE)
          -> [SYSTEM] FINISH: ECALL caught, CPU is freezing!
-----------------------------------------------------------------
Time: 9840000 | PC = 0x00000038 | Inst = 0x00000000 (BUBBLE)
          -> [SYSTEM] FINISH: ECALL caught, CPU is freezing!
-----------------------------------------------------------------
Time: 9850000 | PC = 0x00000038 | Inst = 0x00000000 (BUBBLE)
          -> [SYSTEM] FINISH: ECALL caught, CPU is freezing!
-----------------------------------------------------------------
Time: 9860000 | PC = 0x00000038 | Inst = 0x00000000 (BUBBLE)
          -> [SYSTEM] FINISH: ECALL caught, CPU is freezing!
-----------------------------------------------------------------
Time: 9870000 | PC = 0x00000038 | Inst = 0x00000000 (BUBBLE)
          -> [SYSTEM] FINISH: ECALL caught, CPU is freezing!
-----------------------------------------------------------------
Time: 9880000 | PC = 0x00000038 | Inst = 0x00000000 (BUBBLE)
          -> [SYSTEM] FINISH: ECALL caught, CPU is freezing!
-----------------------------------------------------------------
Time: 9890000 | PC = 0x00000038 | Inst = 0x00000000 (BUBBLE)
          -> [SYSTEM] FINISH: ECALL caught, CPU is freezing!
-----------------------------------------------------------------
Time: 9900000 | PC = 0x00000038 | Inst = 0x00000000 (BUBBLE)
          -> [SYSTEM] FINISH: ECALL caught, CPU is freezing!
-----------------------------------------------------------------
Time: 9910000 | PC = 0x00000038 | Inst = 0x00000000 (BUBBLE)
          -> [SYSTEM] FINISH: ECALL caught, CPU is freezing!
-----------------------------------------------------------------
Time: 9920000 | PC = 0x00000038 | Inst = 0x00000000 (BUBBLE)
          -> [SYSTEM] FINISH: ECALL caught, CPU is freezing!
-----------------------------------------------------------------
Time: 9930000 | PC = 0x00000038 | Inst = 0x00000000 (BUBBLE)
          -> [SYSTEM] FINISH: ECALL caught, CPU is freezing!
-----------------------------------------------------------------
Time: 9940000 | PC = 0x00000038 | Inst = 0x00000000 (BUBBLE)
          -> [SYSTEM] FINISH: ECALL caught, CPU is freezing!
-----------------------------------------------------------------
Time: 9950000 | PC = 0x00000038 | Inst = 0x00000000 (BUBBLE)
          -> [SYSTEM] FINISH: ECALL caught, CPU is freezing!
-----------------------------------------------------------------
Time: 9960000 | PC = 0x00000038 | Inst = 0x00000000 (BUBBLE)
          -> [SYSTEM] FINISH: ECALL caught, CPU is freezing!
-----------------------------------------------------------------
Time: 9970000 | PC = 0x00000038 | Inst = 0x00000000 (BUBBLE)
          -> [SYSTEM] FINISH: ECALL caught, CPU is freezing!
-----------------------------------------------------------------
Time: 9980000 | PC = 0x00000038 | Inst = 0x00000000 (BUBBLE)
          -> [SYSTEM] FINISH: ECALL caught, CPU is freezing!
-----------------------------------------------------------------
Time: 9990000 | PC = 0x00000038 | Inst = 0x00000000 (BUBBLE)
          -> [SYSTEM] FINISH: ECALL caught, CPU is freezing!
-----------------------------------------------------------------
Time: 10000000 | PC = 0x00000038 | Inst = 0x00000000 (BUBBLE)
          -> [SYSTEM] FINISH: ECALL caught, CPU is freezing!
-----------------------------------------------------------------
Time: 10010000 | PC = 0x00000038 | Inst = 0x00000000 (BUBBLE)
          -> [SYSTEM] FINISH: ECALL caught, CPU is freezing!
-----------------------------------------------------------------
Time: 10020000 | PC = 0x00000038 | Inst = 0x00000000 (BUBBLE)
          -> [SYSTEM] FINISH: ECALL caught, CPU is freezing!
-----------------------------------------------------------------
Time: 10030000 | PC = 0x00000038 | Inst = 0x00000000 (BUBBLE)
          -> [SYSTEM] FINISH: ECALL caught, CPU is freezing!
-----------------------------------------------------------------
Time: 10040000 | PC = 0x00000038 | Inst = 0x00000000 (BUBBLE)
          -> [SYSTEM] FINISH: ECALL caught, CPU is freezing!
-----------------------------------------------------------------
Time: 10050000 | PC = 0x00000038 | Inst = 0x00000000 (BUBBLE)
          -> [SYSTEM] FINISH: ECALL caught, CPU is freezing!
-----------------------------------------------------------------
Time: 10060000 | PC = 0x00000038 | Inst = 0x00000000 (BUBBLE)
          -> [SYSTEM] FINISH: ECALL caught, CPU is freezing!
-----------------------------------------------------------------
Time: 10070000 | PC = 0x00000038 | Inst = 0x00000000 (BUBBLE)
          -> [SYSTEM] FINISH: ECALL caught, CPU is freezing!
-----------------------------------------------------------------
Time: 10080000 | PC = 0x00000038 | Inst = 0x00000000 (BUBBLE)
          -> [SYSTEM] FINISH: ECALL caught, CPU is freezing!
-----------------------------------------------------------------
Time: 10090000 | PC = 0x00000038 | Inst = 0x00000000 (BUBBLE)
          -> [SYSTEM] FINISH: ECALL caught, CPU is freezing!
-----------------------------------------------------------------
Time: 10100000 | PC = 0x00000038 | Inst = 0x00000000 (BUBBLE)
          -> [SYSTEM] FINISH: ECALL caught, CPU is freezing!
-----------------------------------------------------------------
Time: 10110000 | PC = 0x00000038 | Inst = 0x00000000 (BUBBLE)
          -> [SYSTEM] FINISH: ECALL caught, CPU is freezing!
-----------------------------------------------------------------
Time: 10120000 | PC = 0x00000038 | Inst = 0x00000000 (BUBBLE)
          -> [SYSTEM] FINISH: ECALL caught, CPU is freezing!
-----------------------------------------------------------------
Time: 10130000 | PC = 0x00000038 | Inst = 0x00000000 (BUBBLE)
          -> [SYSTEM] FINISH: ECALL caught, CPU is freezing!
-----------------------------------------------------------------
Time: 10140000 | PC = 0x00000038 | Inst = 0x00000000 (BUBBLE)
          -> [SYSTEM] FINISH: ECALL caught, CPU is freezing!
-----------------------------------------------------------------
Time: 10150000 | PC = 0x00000038 | Inst = 0x00000000 (BUBBLE)
          -> [SYSTEM] FINISH: ECALL caught, CPU is freezing!
-----------------------------------------------------------------
Time: 10160000 | PC = 0x00000038 | Inst = 0x00000000 (BUBBLE)
          -> [SYSTEM] FINISH: ECALL caught, CPU is freezing!
-----------------------------------------------------------------
Time: 10170000 | PC = 0x00000038 | Inst = 0x00000000 (BUBBLE)
          -> [SYSTEM] FINISH: ECALL caught, CPU is freezing!
-----------------------------------------------------------------
Time: 10180000 | PC = 0x00000038 | Inst = 0x00000000 (BUBBLE)
          -> [SYSTEM] FINISH: ECALL caught, CPU is freezing!
-----------------------------------------------------------------
Time: 10190000 | PC = 0x00000038 | Inst = 0x00000000 (BUBBLE)
          -> [SYSTEM] FINISH: ECALL caught, CPU is freezing!
-----------------------------------------------------------------
Time: 10200000 | PC = 0x00000038 | Inst = 0x00000000 (BUBBLE)
          -> [SYSTEM] FINISH: ECALL caught, CPU is freezing!
-----------------------------------------------------------------
Time: 10210000 | PC = 0x00000038 | Inst = 0x00000000 (BUBBLE)
          -> [SYSTEM] FINISH: ECALL caught, CPU is freezing!
-----------------------------------------------------------------
Time: 10220000 | PC = 0x00000038 | Inst = 0x00000000 (BUBBLE)
          -> [SYSTEM] FINISH: ECALL caught, CPU is freezing!
-----------------------------------------------------------------
Time: 10230000 | PC = 0x00000038 | Inst = 0x00000000 (BUBBLE)
          -> [SYSTEM] FINISH: ECALL caught, CPU is freezing!
-----------------------------------------------------------------
Time: 10240000 | PC = 0x00000038 | Inst = 0x00000000 (BUBBLE)
          -> [SYSTEM] FINISH: ECALL caught, CPU is freezing!
-----------------------------------------------------------------
Time: 10250000 | PC = 0x00000038 | Inst = 0x00000000 (BUBBLE)
          -> [SYSTEM] FINISH: ECALL caught, CPU is freezing!
-----------------------------------------------------------------
Time: 10260000 | PC = 0x00000038 | Inst = 0x00000000 (BUBBLE)
          -> [SYSTEM] FINISH: ECALL caught, CPU is freezing!
-----------------------------------------------------------------
Time: 10270000 | PC = 0x00000038 | Inst = 0x00000000 (BUBBLE)
          -> [SYSTEM] FINISH: ECALL caught, CPU is freezing!
-----------------------------------------------------------------
Time: 10280000 | PC = 0x00000038 | Inst = 0x00000000 (BUBBLE)
          -> [SYSTEM] FINISH: ECALL caught, CPU is freezing!
-----------------------------------------------------------------
Time: 10290000 | PC = 0x00000038 | Inst = 0x00000000 (BUBBLE)
          -> [SYSTEM] FINISH: ECALL caught, CPU is freezing!
-----------------------------------------------------------------
Time: 10300000 | PC = 0x00000038 | Inst = 0x00000000 (BUBBLE)
          -> [SYSTEM] FINISH: ECALL caught, CPU is freezing!
-----------------------------------------------------------------
Time: 10310000 | PC = 0x00000038 | Inst = 0x00000000 (BUBBLE)
          -> [SYSTEM] FINISH: ECALL caught, CPU is freezing!
-----------------------------------------------------------------
Time: 10320000 | PC = 0x00000038 | Inst = 0x00000000 (BUBBLE)
          -> [SYSTEM] FINISH: ECALL caught, CPU is freezing!
-----------------------------------------------------------------
Time: 10330000 | PC = 0x00000038 | Inst = 0x00000000 (BUBBLE)
          -> [SYSTEM] FINISH: ECALL caught, CPU is freezing!
-----------------------------------------------------------------
Time: 10340000 | PC = 0x00000038 | Inst = 0x00000000 (BUBBLE)
          -> [SYSTEM] FINISH: ECALL caught, CPU is freezing!
-----------------------------------------------------------------
Time: 10350000 | PC = 0x00000038 | Inst = 0x00000000 (BUBBLE)
          -> [SYSTEM] FINISH: ECALL caught, CPU is freezing!
-----------------------------------------------------------------
Time: 10360000 | PC = 0x00000038 | Inst = 0x00000000 (BUBBLE)
          -> [SYSTEM] FINISH: ECALL caught, CPU is freezing!
-----------------------------------------------------------------
Time: 10370000 | PC = 0x00000038 | Inst = 0x00000000 (BUBBLE)
          -> [SYSTEM] FINISH: ECALL caught, CPU is freezing!
-----------------------------------------------------------------
Time: 10380000 | PC = 0x00000038 | Inst = 0x00000000 (BUBBLE)
          -> [SYSTEM] FINISH: ECALL caught, CPU is freezing!
-----------------------------------------------------------------
Time: 10390000 | PC = 0x00000038 | Inst = 0x00000000 (BUBBLE)
          -> [SYSTEM] FINISH: ECALL caught, CPU is freezing!
-----------------------------------------------------------------
Time: 10400000 | PC = 0x00000038 | Inst = 0x00000000 (BUBBLE)
          -> [SYSTEM] FINISH: ECALL caught, CPU is freezing!
-----------------------------------------------------------------
Time: 10410000 | PC = 0x00000038 | Inst = 0x00000000 (BUBBLE)
          -> [SYSTEM] FINISH: ECALL caught, CPU is freezing!
-----------------------------------------------------------------
Time: 10420000 | PC = 0x00000038 | Inst = 0x00000000 (BUBBLE)
          -> [SYSTEM] FINISH: ECALL caught, CPU is freezing!
-----------------------------------------------------------------
Time: 10430000 | PC = 0x00000038 | Inst = 0x00000000 (BUBBLE)
          -> [SYSTEM] FINISH: ECALL caught, CPU is freezing!
-----------------------------------------------------------------
Time: 10440000 | PC = 0x00000038 | Inst = 0x00000000 (BUBBLE)
          -> [SYSTEM] FINISH: ECALL caught, CPU is freezing!
-----------------------------------------------------------------
Time: 10450000 | PC = 0x00000038 | Inst = 0x00000000 (BUBBLE)
          -> [SYSTEM] FINISH: ECALL caught, CPU is freezing!
-----------------------------------------------------------------
Time: 10460000 | PC = 0x00000038 | Inst = 0x00000000 (BUBBLE)
          -> [SYSTEM] FINISH: ECALL caught, CPU is freezing!
-----------------------------------------------------------------
Time: 10470000 | PC = 0x00000038 | Inst = 0x00000000 (BUBBLE)
          -> [SYSTEM] FINISH: ECALL caught, CPU is freezing!
-----------------------------------------------------------------
Time: 10480000 | PC = 0x00000038 | Inst = 0x00000000 (BUBBLE)
          -> [SYSTEM] FINISH: ECALL caught, CPU is freezing!
-----------------------------------------------------------------
Time: 10490000 | PC = 0x00000038 | Inst = 0x00000000 (BUBBLE)
          -> [SYSTEM] FINISH: ECALL caught, CPU is freezing!
-----------------------------------------------------------------
Time: 10500000 | PC = 0x00000038 | Inst = 0x00000000 (BUBBLE)
          -> [SYSTEM] FINISH: ECALL caught, CPU is freezing!
-----------------------------------------------------------------
Time: 10510000 | PC = 0x00000038 | Inst = 0x00000000 (BUBBLE)
          -> [SYSTEM] FINISH: ECALL caught, CPU is freezing!
-----------------------------------------------------------------
Time: 10520000 | PC = 0x00000038 | Inst = 0x00000000 (BUBBLE)
          -> [SYSTEM] FINISH: ECALL caught, CPU is freezing!
-----------------------------------------------------------------
Time: 10530000 | PC = 0x00000038 | Inst = 0x00000000 (BUBBLE)
          -> [SYSTEM] FINISH: ECALL caught, CPU is freezing!
-----------------------------------------------------------------
Time: 10540000 | PC = 0x00000038 | Inst = 0x00000000 (BUBBLE)
          -> [SYSTEM] FINISH: ECALL caught, CPU is freezing!
-----------------------------------------------------------------
Time: 10550000 | PC = 0x00000038 | Inst = 0x00000000 (BUBBLE)
          -> [SYSTEM] FINISH: ECALL caught, CPU is freezing!
-----------------------------------------------------------------
Time: 10560000 | PC = 0x00000038 | Inst = 0x00000000 (BUBBLE)
          -> [SYSTEM] FINISH: ECALL caught, CPU is freezing!
-----------------------------------------------------------------
Time: 10570000 | PC = 0x00000038 | Inst = 0x00000000 (BUBBLE)
          -> [SYSTEM] FINISH: ECALL caught, CPU is freezing!
-----------------------------------------------------------------
Time: 10580000 | PC = 0x00000038 | Inst = 0x00000000 (BUBBLE)
          -> [SYSTEM] FINISH: ECALL caught, CPU is freezing!
-----------------------------------------------------------------
Time: 10590000 | PC = 0x00000038 | Inst = 0x00000000 (BUBBLE)
          -> [SYSTEM] FINISH: ECALL caught, CPU is freezing!
-----------------------------------------------------------------
Time: 10600000 | PC = 0x00000038 | Inst = 0x00000000 (BUBBLE)
          -> [SYSTEM] FINISH: ECALL caught, CPU is freezing!
-----------------------------------------------------------------
Time: 10610000 | PC = 0x00000038 | Inst = 0x00000000 (BUBBLE)
          -> [SYSTEM] FINISH: ECALL caught, CPU is freezing!
-----------------------------------------------------------------
Time: 10620000 | PC = 0x00000038 | Inst = 0x00000000 (BUBBLE)
          -> [SYSTEM] FINISH: ECALL caught, CPU is freezing!
-----------------------------------------------------------------
Time: 10630000 | PC = 0x00000038 | Inst = 0x00000000 (BUBBLE)
          -> [SYSTEM] FINISH: ECALL caught, CPU is freezing!
-----------------------------------------------------------------
Time: 10640000 | PC = 0x00000038 | Inst = 0x00000000 (BUBBLE)
          -> [SYSTEM] FINISH: ECALL caught, CPU is freezing!
-----------------------------------------------------------------
Time: 10650000 | PC = 0x00000038 | Inst = 0x00000000 (BUBBLE)
          -> [SYSTEM] FINISH: ECALL caught, CPU is freezing!
-----------------------------------------------------------------
Time: 10660000 | PC = 0x00000038 | Inst = 0x00000000 (BUBBLE)
          -> [SYSTEM] FINISH: ECALL caught, CPU is freezing!
-----------------------------------------------------------------
Time: 10670000 | PC = 0x00000038 | Inst = 0x00000000 (BUBBLE)
          -> [SYSTEM] FINISH: ECALL caught, CPU is freezing!
-----------------------------------------------------------------
Time: 10680000 | PC = 0x00000038 | Inst = 0x00000000 (BUBBLE)
          -> [SYSTEM] FINISH: ECALL caught, CPU is freezing!
-----------------------------------------------------------------
Time: 10690000 | PC = 0x00000038 | Inst = 0x00000000 (BUBBLE)
          -> [SYSTEM] FINISH: ECALL caught, CPU is freezing!
-----------------------------------------------------------------
Time: 10700000 | PC = 0x00000038 | Inst = 0x00000000 (BUBBLE)
          -> [SYSTEM] FINISH: ECALL caught, CPU is freezing!
-----------------------------------------------------------------
Time: 10710000 | PC = 0x00000038 | Inst = 0x00000000 (BUBBLE)
          -> [SYSTEM] FINISH: ECALL caught, CPU is freezing!
-----------------------------------------------------------------
Time: 10720000 | PC = 0x00000038 | Inst = 0x00000000 (BUBBLE)
          -> [SYSTEM] FINISH: ECALL caught, CPU is freezing!
-----------------------------------------------------------------
Time: 10730000 | PC = 0x00000038 | Inst = 0x00000000 (BUBBLE)
          -> [SYSTEM] FINISH: ECALL caught, CPU is freezing!
-----------------------------------------------------------------
Time: 10740000 | PC = 0x00000038 | Inst = 0x00000000 (BUBBLE)
          -> [SYSTEM] FINISH: ECALL caught, CPU is freezing!
-----------------------------------------------------------------
Time: 10750000 | PC = 0x00000038 | Inst = 0x00000000 (BUBBLE)
          -> [SYSTEM] FINISH: ECALL caught, CPU is freezing!
-----------------------------------------------------------------
Time: 10760000 | PC = 0x00000038 | Inst = 0x00000000 (BUBBLE)
          -> [SYSTEM] FINISH: ECALL caught, CPU is freezing!
-----------------------------------------------------------------
Time: 10770000 | PC = 0x00000038 | Inst = 0x00000000 (BUBBLE)
          -> [SYSTEM] FINISH: ECALL caught, CPU is freezing!
-----------------------------------------------------------------
Time: 10780000 | PC = 0x00000038 | Inst = 0x00000000 (BUBBLE)
          -> [SYSTEM] FINISH: ECALL caught, CPU is freezing!
-----------------------------------------------------------------
Time: 10790000 | PC = 0x00000038 | Inst = 0x00000000 (BUBBLE)
          -> [SYSTEM] FINISH: ECALL caught, CPU is freezing!
-----------------------------------------------------------------
Time: 10800000 | PC = 0x00000038 | Inst = 0x00000000 (BUBBLE)
          -> [SYSTEM] FINISH: ECALL caught, CPU is freezing!
-----------------------------------------------------------------
Time: 10810000 | PC = 0x00000038 | Inst = 0x00000000 (BUBBLE)
          -> [SYSTEM] FINISH: ECALL caught, CPU is freezing!
-----------------------------------------------------------------
Time: 10820000 | PC = 0x00000038 | Inst = 0x00000000 (BUBBLE)
          -> [SYSTEM] FINISH: ECALL caught, CPU is freezing!
-----------------------------------------------------------------
Time: 10830000 | PC = 0x00000038 | Inst = 0x00000000 (BUBBLE)
          -> [SYSTEM] FINISH: ECALL caught, CPU is freezing!
-----------------------------------------------------------------
Time: 10840000 | PC = 0x00000038 | Inst = 0x00000000 (BUBBLE)
          -> [SYSTEM] FINISH: ECALL caught, CPU is freezing!
-----------------------------------------------------------------
Time: 10850000 | PC = 0x00000038 | Inst = 0x00000000 (BUBBLE)
          -> [SYSTEM] FINISH: ECALL caught, CPU is freezing!
-----------------------------------------------------------------
Time: 10860000 | PC = 0x00000038 | Inst = 0x00000000 (BUBBLE)
          -> [SYSTEM] FINISH: ECALL caught, CPU is freezing!
-----------------------------------------------------------------
Time: 10870000 | PC = 0x00000038 | Inst = 0x00000000 (BUBBLE)
          -> [SYSTEM] FINISH: ECALL caught, CPU is freezing!
-----------------------------------------------------------------
Time: 10880000 | PC = 0x00000038 | Inst = 0x00000000 (BUBBLE)
          -> [SYSTEM] FINISH: ECALL caught, CPU is freezing!
-----------------------------------------------------------------
Time: 10890000 | PC = 0x00000038 | Inst = 0x00000000 (BUBBLE)
          -> [SYSTEM] FINISH: ECALL caught, CPU is freezing!
-----------------------------------------------------------------
Time: 10900000 | PC = 0x00000038 | Inst = 0x00000000 (BUBBLE)
          -> [SYSTEM] FINISH: ECALL caught, CPU is freezing!
-----------------------------------------------------------------
Time: 10910000 | PC = 0x00000038 | Inst = 0x00000000 (BUBBLE)
          -> [SYSTEM] FINISH: ECALL caught, CPU is freezing!
-----------------------------------------------------------------
Time: 10920000 | PC = 0x00000038 | Inst = 0x00000000 (BUBBLE)
          -> [SYSTEM] FINISH: ECALL caught, CPU is freezing!
-----------------------------------------------------------------
Time: 10930000 | PC = 0x00000038 | Inst = 0x00000000 (BUBBLE)
          -> [SYSTEM] FINISH: ECALL caught, CPU is freezing!
-----------------------------------------------------------------
Time: 10940000 | PC = 0x00000038 | Inst = 0x00000000 (BUBBLE)
          -> [SYSTEM] FINISH: ECALL caught, CPU is freezing!
-----------------------------------------------------------------
Time: 10950000 | PC = 0x00000038 | Inst = 0x00000000 (BUBBLE)
          -> [SYSTEM] FINISH: ECALL caught, CPU is freezing!
-----------------------------------------------------------------
Time: 10960000 | PC = 0x00000038 | Inst = 0x00000000 (BUBBLE)
          -> [SYSTEM] FINISH: ECALL caught, CPU is freezing!
-----------------------------------------------------------------
Time: 10970000 | PC = 0x00000038 | Inst = 0x00000000 (BUBBLE)
          -> [SYSTEM] FINISH: ECALL caught, CPU is freezing!
-----------------------------------------------------------------
Time: 10980000 | PC = 0x00000038 | Inst = 0x00000000 (BUBBLE)
          -> [SYSTEM] FINISH: ECALL caught, CPU is freezing!
-----------------------------------------------------------------
Time: 10990000 | PC = 0x00000038 | Inst = 0x00000000 (BUBBLE)
          -> [SYSTEM] FINISH: ECALL caught, CPU is freezing!
-----------------------------------------------------------------
Time: 11000000 | PC = 0x00000038 | Inst = 0x00000000 (BUBBLE)
          -> [SYSTEM] FINISH: ECALL caught, CPU is freezing!
-----------------------------------------------------------------
Time: 11010000 | PC = 0x00000038 | Inst = 0x00000000 (BUBBLE)
          -> [SYSTEM] FINISH: ECALL caught, CPU is freezing!
-----------------------------------------------------------------
Time: 11020000 | PC = 0x00000038 | Inst = 0x00000000 (BUBBLE)
          -> [SYSTEM] FINISH: ECALL caught, CPU is freezing!
-----------------------------------------------------------------
Time: 11030000 | PC = 0x00000038 | Inst = 0x00000000 (BUBBLE)
          -> [SYSTEM] FINISH: ECALL caught, CPU is freezing!
-----------------------------------------------------------------
Time: 11040000 | PC = 0x00000038 | Inst = 0x00000000 (BUBBLE)
          -> [SYSTEM] FINISH: ECALL caught, CPU is freezing!
-----------------------------------------------------------------
Time: 11050000 | PC = 0x00000038 | Inst = 0x00000000 (BUBBLE)
          -> [SYSTEM] FINISH: ECALL caught, CPU is freezing!
-----------------------------------------------------------------
Time: 11060000 | PC = 0x00000038 | Inst = 0x00000000 (BUBBLE)
          -> [SYSTEM] FINISH: ECALL caught, CPU is freezing!
-----------------------------------------------------------------
Time: 11070000 | PC = 0x00000038 | Inst = 0x00000000 (BUBBLE)
          -> [SYSTEM] FINISH: ECALL caught, CPU is freezing!
-----------------------------------------------------------------
Time: 11080000 | PC = 0x00000038 | Inst = 0x00000000 (BUBBLE)
          -> [SYSTEM] FINISH: ECALL caught, CPU is freezing!
-----------------------------------------------------------------
Time: 11090000 | PC = 0x00000038 | Inst = 0x00000000 (BUBBLE)
          -> [SYSTEM] FINISH: ECALL caught, CPU is freezing!
-----------------------------------------------------------------
Time: 11100000 | PC = 0x00000038 | Inst = 0x00000000 (BUBBLE)
          -> [SYSTEM] FINISH: ECALL caught, CPU is freezing!
-----------------------------------------------------------------
Time: 11110000 | PC = 0x00000038 | Inst = 0x00000000 (BUBBLE)
          -> [SYSTEM] FINISH: ECALL caught, CPU is freezing!
-----------------------------------------------------------------
Time: 11120000 | PC = 0x00000038 | Inst = 0x00000000 (BUBBLE)
          -> [SYSTEM] FINISH: ECALL caught, CPU is freezing!
-----------------------------------------------------------------
Time: 11130000 | PC = 0x00000038 | Inst = 0x00000000 (BUBBLE)
          -> [SYSTEM] FINISH: ECALL caught, CPU is freezing!
-----------------------------------------------------------------
Time: 11140000 | PC = 0x00000038 | Inst = 0x00000000 (BUBBLE)
          -> [SYSTEM] FINISH: ECALL caught, CPU is freezing!
-----------------------------------------------------------------
Time: 11150000 | PC = 0x00000038 | Inst = 0x00000000 (BUBBLE)
          -> [SYSTEM] FINISH: ECALL caught, CPU is freezing!
-----------------------------------------------------------------
Time: 11160000 | PC = 0x00000038 | Inst = 0x00000000 (BUBBLE)
          -> [SYSTEM] FINISH: ECALL caught, CPU is freezing!
-----------------------------------------------------------------
Time: 11170000 | PC = 0x00000038 | Inst = 0x00000000 (BUBBLE)
          -> [SYSTEM] FINISH: ECALL caught, CPU is freezing!
-----------------------------------------------------------------
Time: 11180000 | PC = 0x00000038 | Inst = 0x00000000 (BUBBLE)
          -> [SYSTEM] FINISH: ECALL caught, CPU is freezing!
-----------------------------------------------------------------
Time: 11190000 | PC = 0x00000038 | Inst = 0x00000000 (BUBBLE)
          -> [SYSTEM] FINISH: ECALL caught, CPU is freezing!
-----------------------------------------------------------------
Time: 11200000 | PC = 0x00000038 | Inst = 0x00000000 (BUBBLE)
          -> [SYSTEM] FINISH: ECALL caught, CPU is freezing!
-----------------------------------------------------------------
Time: 11210000 | PC = 0x00000038 | Inst = 0x00000000 (BUBBLE)
          -> [SYSTEM] FINISH: ECALL caught, CPU is freezing!
-----------------------------------------------------------------
Time: 11220000 | PC = 0x00000038 | Inst = 0x00000000 (BUBBLE)
          -> [SYSTEM] FINISH: ECALL caught, CPU is freezing!
-----------------------------------------------------------------
Time: 11230000 | PC = 0x00000038 | Inst = 0x00000000 (BUBBLE)
          -> [SYSTEM] FINISH: ECALL caught, CPU is freezing!
-----------------------------------------------------------------
Time: 11240000 | PC = 0x00000038 | Inst = 0x00000000 (BUBBLE)
          -> [SYSTEM] FINISH: ECALL caught, CPU is freezing!
-----------------------------------------------------------------
Time: 11250000 | PC = 0x00000038 | Inst = 0x00000000 (BUBBLE)
          -> [SYSTEM] FINISH: ECALL caught, CPU is freezing!
-----------------------------------------------------------------
Time: 11260000 | PC = 0x00000038 | Inst = 0x00000000 (BUBBLE)
          -> [SYSTEM] FINISH: ECALL caught, CPU is freezing!
-----------------------------------------------------------------
Time: 11270000 | PC = 0x00000038 | Inst = 0x00000000 (BUBBLE)
          -> [SYSTEM] FINISH: ECALL caught, CPU is freezing!
-----------------------------------------------------------------
Time: 11280000 | PC = 0x00000038 | Inst = 0x00000000 (BUBBLE)
          -> [SYSTEM] FINISH: ECALL caught, CPU is freezing!
-----------------------------------------------------------------
Time: 11290000 | PC = 0x00000038 | Inst = 0x00000000 (BUBBLE)
          -> [SYSTEM] FINISH: ECALL caught, CPU is freezing!
-----------------------------------------------------------------
Time: 11300000 | PC = 0x00000038 | Inst = 0x00000000 (BUBBLE)
          -> [SYSTEM] FINISH: ECALL caught, CPU is freezing!
-----------------------------------------------------------------
Time: 11310000 | PC = 0x00000038 | Inst = 0x00000000 (BUBBLE)
          -> [SYSTEM] FINISH: ECALL caught, CPU is freezing!
-----------------------------------------------------------------
Time: 11320000 | PC = 0x00000038 | Inst = 0x00000000 (BUBBLE)
          -> [SYSTEM] FINISH: ECALL caught, CPU is freezing!
-----------------------------------------------------------------
Time: 11330000 | PC = 0x00000038 | Inst = 0x00000000 (BUBBLE)
          -> [SYSTEM] FINISH: ECALL caught, CPU is freezing!
-----------------------------------------------------------------
Time: 11340000 | PC = 0x00000038 | Inst = 0x00000000 (BUBBLE)
          -> [SYSTEM] FINISH: ECALL caught, CPU is freezing!
-----------------------------------------------------------------
Time: 11350000 | PC = 0x00000038 | Inst = 0x00000000 (BUBBLE)
          -> [SYSTEM] FINISH: ECALL caught, CPU is freezing!
-----------------------------------------------------------------
Time: 11360000 | PC = 0x00000038 | Inst = 0x00000000 (BUBBLE)
          -> [SYSTEM] FINISH: ECALL caught, CPU is freezing!
-----------------------------------------------------------------
Time: 11370000 | PC = 0x00000038 | Inst = 0x00000000 (BUBBLE)
          -> [SYSTEM] FINISH: ECALL caught, CPU is freezing!
-----------------------------------------------------------------
Time: 11380000 | PC = 0x00000038 | Inst = 0x00000000 (BUBBLE)
          -> [SYSTEM] FINISH: ECALL caught, CPU is freezing!
-----------------------------------------------------------------
Time: 11390000 | PC = 0x00000038 | Inst = 0x00000000 (BUBBLE)
          -> [SYSTEM] FINISH: ECALL caught, CPU is freezing!
-----------------------------------------------------------------
Time: 11400000 | PC = 0x00000038 | Inst = 0x00000000 (BUBBLE)
          -> [SYSTEM] FINISH: ECALL caught, CPU is freezing!
-----------------------------------------------------------------
Time: 11410000 | PC = 0x00000038 | Inst = 0x00000000 (BUBBLE)
          -> [SYSTEM] FINISH: ECALL caught, CPU is freezing!
-----------------------------------------------------------------
Time: 11420000 | PC = 0x00000038 | Inst = 0x00000000 (BUBBLE)
          -> [SYSTEM] FINISH: ECALL caught, CPU is freezing!
-----------------------------------------------------------------
Time: 11430000 | PC = 0x00000038 | Inst = 0x00000000 (BUBBLE)
          -> [SYSTEM] FINISH: ECALL caught, CPU is freezing!
-----------------------------------------------------------------
Time: 11440000 | PC = 0x00000038 | Inst = 0x00000000 (BUBBLE)
          -> [SYSTEM] FINISH: ECALL caught, CPU is freezing!
-----------------------------------------------------------------
Time: 11450000 | PC = 0x00000038 | Inst = 0x00000000 (BUBBLE)
          -> [SYSTEM] FINISH: ECALL caught, CPU is freezing!
-----------------------------------------------------------------
Time: 11460000 | PC = 0x00000038 | Inst = 0x00000000 (BUBBLE)
          -> [SYSTEM] FINISH: ECALL caught, CPU is freezing!
-----------------------------------------------------------------
Time: 11470000 | PC = 0x00000038 | Inst = 0x00000000 (BUBBLE)
          -> [SYSTEM] FINISH: ECALL caught, CPU is freezing!
-----------------------------------------------------------------
Time: 11480000 | PC = 0x00000038 | Inst = 0x00000000 (BUBBLE)
          -> [SYSTEM] FINISH: ECALL caught, CPU is freezing!
-----------------------------------------------------------------
Time: 11490000 | PC = 0x00000038 | Inst = 0x00000000 (BUBBLE)
          -> [SYSTEM] FINISH: ECALL caught, CPU is freezing!
-----------------------------------------------------------------
Time: 11500000 | PC = 0x00000038 | Inst = 0x00000000 (BUBBLE)
          -> [SYSTEM] FINISH: ECALL caught, CPU is freezing!
-----------------------------------------------------------------
Time: 11510000 | PC = 0x00000038 | Inst = 0x00000000 (BUBBLE)
          -> [SYSTEM] FINISH: ECALL caught, CPU is freezing!
-----------------------------------------------------------------
Time: 11520000 | PC = 0x00000038 | Inst = 0x00000000 (BUBBLE)
          -> [SYSTEM] FINISH: ECALL caught, CPU is freezing!
-----------------------------------------------------------------
Time: 11530000 | PC = 0x00000038 | Inst = 0x00000000 (BUBBLE)
          -> [SYSTEM] FINISH: ECALL caught, CPU is freezing!
-----------------------------------------------------------------
Time: 11540000 | PC = 0x00000038 | Inst = 0x00000000 (BUBBLE)
          -> [SYSTEM] FINISH: ECALL caught, CPU is freezing!
-----------------------------------------------------------------
Time: 11550000 | PC = 0x00000038 | Inst = 0x00000000 (BUBBLE)
          -> [SYSTEM] FINISH: ECALL caught, CPU is freezing!
-----------------------------------------------------------------
Time: 11560000 | PC = 0x00000038 | Inst = 0x00000000 (BUBBLE)
          -> [SYSTEM] FINISH: ECALL caught, CPU is freezing!
-----------------------------------------------------------------
Time: 11570000 | PC = 0x00000038 | Inst = 0x00000000 (BUBBLE)
          -> [SYSTEM] FINISH: ECALL caught, CPU is freezing!
-----------------------------------------------------------------
Time: 11580000 | PC = 0x00000038 | Inst = 0x00000000 (BUBBLE)
          -> [SYSTEM] FINISH: ECALL caught, CPU is freezing!
-----------------------------------------------------------------
Time: 11590000 | PC = 0x00000038 | Inst = 0x00000000 (BUBBLE)
          -> [SYSTEM] FINISH: ECALL caught, CPU is freezing!
-----------------------------------------------------------------
Time: 11600000 | PC = 0x00000038 | Inst = 0x00000000 (BUBBLE)
          -> [SYSTEM] FINISH: ECALL caught, CPU is freezing!
-----------------------------------------------------------------
Time: 11610000 | PC = 0x00000038 | Inst = 0x00000000 (BUBBLE)
          -> [SYSTEM] FINISH: ECALL caught, CPU is freezing!
-----------------------------------------------------------------
Time: 11620000 | PC = 0x00000038 | Inst = 0x00000000 (BUBBLE)
          -> [SYSTEM] FINISH: ECALL caught, CPU is freezing!
-----------------------------------------------------------------
Time: 11630000 | PC = 0x00000038 | Inst = 0x00000000 (BUBBLE)
          -> [SYSTEM] FINISH: ECALL caught, CPU is freezing!
-----------------------------------------------------------------
Time: 11640000 | PC = 0x00000038 | Inst = 0x00000000 (BUBBLE)
          -> [SYSTEM] FINISH: ECALL caught, CPU is freezing!
-----------------------------------------------------------------
Time: 11650000 | PC = 0x00000038 | Inst = 0x00000000 (BUBBLE)
          -> [SYSTEM] FINISH: ECALL caught, CPU is freezing!
-----------------------------------------------------------------
Time: 11660000 | PC = 0x00000038 | Inst = 0x00000000 (BUBBLE)
          -> [SYSTEM] FINISH: ECALL caught, CPU is freezing!
-----------------------------------------------------------------
Time: 11670000 | PC = 0x00000038 | Inst = 0x00000000 (BUBBLE)
          -> [SYSTEM] FINISH: ECALL caught, CPU is freezing!
-----------------------------------------------------------------
Time: 11680000 | PC = 0x00000038 | Inst = 0x00000000 (BUBBLE)
          -> [SYSTEM] FINISH: ECALL caught, CPU is freezing!
-----------------------------------------------------------------
Time: 11690000 | PC = 0x00000038 | Inst = 0x00000000 (BUBBLE)
          -> [SYSTEM] FINISH: ECALL caught, CPU is freezing!
-----------------------------------------------------------------
Time: 11700000 | PC = 0x00000038 | Inst = 0x00000000 (BUBBLE)
          -> [SYSTEM] FINISH: ECALL caught, CPU is freezing!
-----------------------------------------------------------------
Time: 11710000 | PC = 0x00000038 | Inst = 0x00000000 (BUBBLE)
          -> [SYSTEM] FINISH: ECALL caught, CPU is freezing!
-----------------------------------------------------------------
Time: 11720000 | PC = 0x00000038 | Inst = 0x00000000 (BUBBLE)
          -> [SYSTEM] FINISH: ECALL caught, CPU is freezing!
-----------------------------------------------------------------
Time: 11730000 | PC = 0x00000038 | Inst = 0x00000000 (BUBBLE)
          -> [SYSTEM] FINISH: ECALL caught, CPU is freezing!
-----------------------------------------------------------------
Time: 11740000 | PC = 0x00000038 | Inst = 0x00000000 (BUBBLE)
          -> [SYSTEM] FINISH: ECALL caught, CPU is freezing!
-----------------------------------------------------------------
Time: 11750000 | PC = 0x00000038 | Inst = 0x00000000 (BUBBLE)
          -> [SYSTEM] FINISH: ECALL caught, CPU is freezing!
-----------------------------------------------------------------
Time: 11760000 | PC = 0x00000038 | Inst = 0x00000000 (BUBBLE)
          -> [SYSTEM] FINISH: ECALL caught, CPU is freezing!
-----------------------------------------------------------------
Time: 11770000 | PC = 0x00000038 | Inst = 0x00000000 (BUBBLE)
          -> [SYSTEM] FINISH: ECALL caught, CPU is freezing!
-----------------------------------------------------------------
Time: 11780000 | PC = 0x00000038 | Inst = 0x00000000 (BUBBLE)
          -> [SYSTEM] FINISH: ECALL caught, CPU is freezing!
-----------------------------------------------------------------
Time: 11790000 | PC = 0x00000038 | Inst = 0x00000000 (BUBBLE)
          -> [SYSTEM] FINISH: ECALL caught, CPU is freezing!
-----------------------------------------------------------------
Time: 11800000 | PC = 0x00000038 | Inst = 0x00000000 (BUBBLE)
          -> [SYSTEM] FINISH: ECALL caught, CPU is freezing!
-----------------------------------------------------------------
Time: 11810000 | PC = 0x00000038 | Inst = 0x00000000 (BUBBLE)
          -> [SYSTEM] FINISH: ECALL caught, CPU is freezing!
-----------------------------------------------------------------
Time: 11820000 | PC = 0x00000038 | Inst = 0x00000000 (BUBBLE)
          -> [SYSTEM] FINISH: ECALL caught, CPU is freezing!
-----------------------------------------------------------------
Time: 11830000 | PC = 0x00000038 | Inst = 0x00000000 (BUBBLE)
          -> [SYSTEM] FINISH: ECALL caught, CPU is freezing!
-----------------------------------------------------------------
Time: 11840000 | PC = 0x00000038 | Inst = 0x00000000 (BUBBLE)
          -> [SYSTEM] FINISH: ECALL caught, CPU is freezing!
-----------------------------------------------------------------
Time: 11850000 | PC = 0x00000038 | Inst = 0x00000000 (BUBBLE)
          -> [SYSTEM] FINISH: ECALL caught, CPU is freezing!
-----------------------------------------------------------------
Time: 11860000 | PC = 0x00000038 | Inst = 0x00000000 (BUBBLE)
          -> [SYSTEM] FINISH: ECALL caught, CPU is freezing!
-----------------------------------------------------------------
Time: 11870000 | PC = 0x00000038 | Inst = 0x00000000 (BUBBLE)
          -> [SYSTEM] FINISH: ECALL caught, CPU is freezing!
-----------------------------------------------------------------
Time: 11880000 | PC = 0x00000038 | Inst = 0x00000000 (BUBBLE)
          -> [SYSTEM] FINISH: ECALL caught, CPU is freezing!
-----------------------------------------------------------------
Time: 11890000 | PC = 0x00000038 | Inst = 0x00000000 (BUBBLE)
          -> [SYSTEM] FINISH: ECALL caught, CPU is freezing!
-----------------------------------------------------------------
Time: 11900000 | PC = 0x00000038 | Inst = 0x00000000 (BUBBLE)
          -> [SYSTEM] FINISH: ECALL caught, CPU is freezing!
-----------------------------------------------------------------
Time: 11910000 | PC = 0x00000038 | Inst = 0x00000000 (BUBBLE)
          -> [SYSTEM] FINISH: ECALL caught, CPU is freezing!
-----------------------------------------------------------------
Time: 11920000 | PC = 0x00000038 | Inst = 0x00000000 (BUBBLE)
          -> [SYSTEM] FINISH: ECALL caught, CPU is freezing!
-----------------------------------------------------------------
Time: 11930000 | PC = 0x00000038 | Inst = 0x00000000 (BUBBLE)
          -> [SYSTEM] FINISH: ECALL caught, CPU is freezing!
-----------------------------------------------------------------
Time: 11940000 | PC = 0x00000038 | Inst = 0x00000000 (BUBBLE)
          -> [SYSTEM] FINISH: ECALL caught, CPU is freezing!
-----------------------------------------------------------------
Time: 11950000 | PC = 0x00000038 | Inst = 0x00000000 (BUBBLE)
          -> [SYSTEM] FINISH: ECALL caught, CPU is freezing!
-----------------------------------------------------------------
Time: 11960000 | PC = 0x00000038 | Inst = 0x00000000 (BUBBLE)
          -> [SYSTEM] FINISH: ECALL caught, CPU is freezing!
-----------------------------------------------------------------
Time: 11970000 | PC = 0x00000038 | Inst = 0x00000000 (BUBBLE)
          -> [SYSTEM] FINISH: ECALL caught, CPU is freezing!
-----------------------------------------------------------------
Time: 11980000 | PC = 0x00000038 | Inst = 0x00000000 (BUBBLE)
          -> [SYSTEM] FINISH: ECALL caught, CPU is freezing!
-----------------------------------------------------------------
Time: 11990000 | PC = 0x00000038 | Inst = 0x00000000 (BUBBLE)
          -> [SYSTEM] FINISH: ECALL caught, CPU is freezing!
-----------------------------------------------------------------
Time: 12000000 | PC = 0x00000038 | Inst = 0x00000000 (BUBBLE)
          -> [SYSTEM] FINISH: ECALL caught, CPU is freezing!
-----------------------------------------------------------------
Time: 12010000 | PC = 0x00000038 | Inst = 0x00000000 (BUBBLE)
          -> [SYSTEM] FINISH: ECALL caught, CPU is freezing!
-----------------------------------------------------------------
Time: 12020000 | PC = 0x00000038 | Inst = 0x00000000 (BUBBLE)
          -> [SYSTEM] FINISH: ECALL caught, CPU is freezing!
-----------------------------------------------------------------
Time: 12030000 | PC = 0x00000038 | Inst = 0x00000000 (BUBBLE)
          -> [SYSTEM] FINISH: ECALL caught, CPU is freezing!
-----------------------------------------------------------------
Time: 12040000 | PC = 0x00000038 | Inst = 0x00000000 (BUBBLE)
          -> [SYSTEM] FINISH: ECALL caught, CPU is freezing!
-----------------------------------------------------------------
Time: 12050000 | PC = 0x00000038 | Inst = 0x00000000 (BUBBLE)
          -> [SYSTEM] FINISH: ECALL caught, CPU is freezing!
-----------------------------------------------------------------
Time: 12060000 | PC = 0x00000038 | Inst = 0x00000000 (BUBBLE)
          -> [SYSTEM] FINISH: ECALL caught, CPU is freezing!
-----------------------------------------------------------------
Time: 12070000 | PC = 0x00000038 | Inst = 0x00000000 (BUBBLE)
          -> [SYSTEM] FINISH: ECALL caught, CPU is freezing!
-----------------------------------------------------------------
Time: 12080000 | PC = 0x00000038 | Inst = 0x00000000 (BUBBLE)
          -> [SYSTEM] FINISH: ECALL caught, CPU is freezing!
-----------------------------------------------------------------
Time: 12090000 | PC = 0x00000038 | Inst = 0x00000000 (BUBBLE)
          -> [SYSTEM] FINISH: ECALL caught, CPU is freezing!
-----------------------------------------------------------------
Time: 12100000 | PC = 0x00000038 | Inst = 0x00000000 (BUBBLE)
          -> [SYSTEM] FINISH: ECALL caught, CPU is freezing!
-----------------------------------------------------------------
Time: 12110000 | PC = 0x00000038 | Inst = 0x00000000 (BUBBLE)
          -> [SYSTEM] FINISH: ECALL caught, CPU is freezing!
-----------------------------------------------------------------
Time: 12120000 | PC = 0x00000038 | Inst = 0x00000000 (BUBBLE)
          -> [SYSTEM] FINISH: ECALL caught, CPU is freezing!
-----------------------------------------------------------------
Time: 12130000 | PC = 0x00000038 | Inst = 0x00000000 (BUBBLE)
          -> [SYSTEM] FINISH: ECALL caught, CPU is freezing!
-----------------------------------------------------------------
Time: 12140000 | PC = 0x00000038 | Inst = 0x00000000 (BUBBLE)
          -> [SYSTEM] FINISH: ECALL caught, CPU is freezing!
-----------------------------------------------------------------
Time: 12150000 | PC = 0x00000038 | Inst = 0x00000000 (BUBBLE)
          -> [SYSTEM] FINISH: ECALL caught, CPU is freezing!
-----------------------------------------------------------------
Time: 12160000 | PC = 0x00000038 | Inst = 0x00000000 (BUBBLE)
          -> [SYSTEM] FINISH: ECALL caught, CPU is freezing!
-----------------------------------------------------------------
Time: 12170000 | PC = 0x00000038 | Inst = 0x00000000 (BUBBLE)
          -> [SYSTEM] FINISH: ECALL caught, CPU is freezing!
-----------------------------------------------------------------
Time: 12180000 | PC = 0x00000038 | Inst = 0x00000000 (BUBBLE)
          -> [SYSTEM] FINISH: ECALL caught, CPU is freezing!
-----------------------------------------------------------------
Time: 12190000 | PC = 0x00000038 | Inst = 0x00000000 (BUBBLE)
          -> [SYSTEM] FINISH: ECALL caught, CPU is freezing!
-----------------------------------------------------------------
Time: 12200000 | PC = 0x00000038 | Inst = 0x00000000 (BUBBLE)
          -> [SYSTEM] FINISH: ECALL caught, CPU is freezing!
-----------------------------------------------------------------
Time: 12210000 | PC = 0x00000038 | Inst = 0x00000000 (BUBBLE)
          -> [SYSTEM] FINISH: ECALL caught, CPU is freezing!
-----------------------------------------------------------------
Time: 12220000 | PC = 0x00000038 | Inst = 0x00000000 (BUBBLE)
          -> [SYSTEM] FINISH: ECALL caught, CPU is freezing!
-----------------------------------------------------------------
Time: 12230000 | PC = 0x00000038 | Inst = 0x00000000 (BUBBLE)
          -> [SYSTEM] FINISH: ECALL caught, CPU is freezing!
-----------------------------------------------------------------
Time: 12240000 | PC = 0x00000038 | Inst = 0x00000000 (BUBBLE)
          -> [SYSTEM] FINISH: ECALL caught, CPU is freezing!
-----------------------------------------------------------------
Time: 12250000 | PC = 0x00000038 | Inst = 0x00000000 (BUBBLE)
          -> [SYSTEM] FINISH: ECALL caught, CPU is freezing!
-----------------------------------------------------------------
Time: 12260000 | PC = 0x00000038 | Inst = 0x00000000 (BUBBLE)
          -> [SYSTEM] FINISH: ECALL caught, CPU is freezing!
-----------------------------------------------------------------
Time: 12270000 | PC = 0x00000038 | Inst = 0x00000000 (BUBBLE)
          -> [SYSTEM] FINISH: ECALL caught, CPU is freezing!
-----------------------------------------------------------------
Time: 12280000 | PC = 0x00000038 | Inst = 0x00000000 (BUBBLE)
          -> [SYSTEM] FINISH: ECALL caught, CPU is freezing!
-----------------------------------------------------------------
Time: 12290000 | PC = 0x00000038 | Inst = 0x00000000 (BUBBLE)
          -> [SYSTEM] FINISH: ECALL caught, CPU is freezing!
-----------------------------------------------------------------
Time: 12300000 | PC = 0x00000038 | Inst = 0x00000000 (BUBBLE)
          -> [SYSTEM] FINISH: ECALL caught, CPU is freezing!
-----------------------------------------------------------------
Time: 12310000 | PC = 0x00000038 | Inst = 0x00000000 (BUBBLE)
          -> [SYSTEM] FINISH: ECALL caught, CPU is freezing!
-----------------------------------------------------------------
Time: 12320000 | PC = 0x00000038 | Inst = 0x00000000 (BUBBLE)
          -> [SYSTEM] FINISH: ECALL caught, CPU is freezing!
-----------------------------------------------------------------
Time: 12330000 | PC = 0x00000038 | Inst = 0x00000000 (BUBBLE)
          -> [SYSTEM] FINISH: ECALL caught, CPU is freezing!
-----------------------------------------------------------------
Time: 12340000 | PC = 0x00000038 | Inst = 0x00000000 (BUBBLE)
          -> [SYSTEM] FINISH: ECALL caught, CPU is freezing!
-----------------------------------------------------------------
Time: 12350000 | PC = 0x00000038 | Inst = 0x00000000 (BUBBLE)
          -> [SYSTEM] FINISH: ECALL caught, CPU is freezing!
-----------------------------------------------------------------
Time: 12360000 | PC = 0x00000038 | Inst = 0x00000000 (BUBBLE)
          -> [SYSTEM] FINISH: ECALL caught, CPU is freezing!
-----------------------------------------------------------------
Time: 12370000 | PC = 0x00000038 | Inst = 0x00000000 (BUBBLE)
          -> [SYSTEM] FINISH: ECALL caught, CPU is freezing!
-----------------------------------------------------------------
Time: 12380000 | PC = 0x00000038 | Inst = 0x00000000 (BUBBLE)
          -> [SYSTEM] FINISH: ECALL caught, CPU is freezing!
-----------------------------------------------------------------
Time: 12390000 | PC = 0x00000038 | Inst = 0x00000000 (BUBBLE)
          -> [SYSTEM] FINISH: ECALL caught, CPU is freezing!
-----------------------------------------------------------------
Time: 12400000 | PC = 0x00000038 | Inst = 0x00000000 (BUBBLE)
          -> [SYSTEM] FINISH: ECALL caught, CPU is freezing!
-----------------------------------------------------------------
Time: 12410000 | PC = 0x00000038 | Inst = 0x00000000 (BUBBLE)
          -> [SYSTEM] FINISH: ECALL caught, CPU is freezing!
-----------------------------------------------------------------
Time: 12420000 | PC = 0x00000038 | Inst = 0x00000000 (BUBBLE)
          -> [SYSTEM] FINISH: ECALL caught, CPU is freezing!
-----------------------------------------------------------------
Time: 12430000 | PC = 0x00000038 | Inst = 0x00000000 (BUBBLE)
          -> [SYSTEM] FINISH: ECALL caught, CPU is freezing!
-----------------------------------------------------------------
Time: 12440000 | PC = 0x00000038 | Inst = 0x00000000 (BUBBLE)
          -> [SYSTEM] FINISH: ECALL caught, CPU is freezing!
-----------------------------------------------------------------
Time: 12450000 | PC = 0x00000038 | Inst = 0x00000000 (BUBBLE)
          -> [SYSTEM] FINISH: ECALL caught, CPU is freezing!
-----------------------------------------------------------------
Time: 12460000 | PC = 0x00000038 | Inst = 0x00000000 (BUBBLE)
          -> [SYSTEM] FINISH: ECALL caught, CPU is freezing!
-----------------------------------------------------------------
Time: 12470000 | PC = 0x00000038 | Inst = 0x00000000 (BUBBLE)
          -> [SYSTEM] FINISH: ECALL caught, CPU is freezing!
-----------------------------------------------------------------
Time: 12480000 | PC = 0x00000038 | Inst = 0x00000000 (BUBBLE)
          -> [SYSTEM] FINISH: ECALL caught, CPU is freezing!
-----------------------------------------------------------------
Time: 12490000 | PC = 0x00000038 | Inst = 0x00000000 (BUBBLE)
          -> [SYSTEM] FINISH: ECALL caught, CPU is freezing!
-----------------------------------------------------------------
Time: 12500000 | PC = 0x00000038 | Inst = 0x00000000 (BUBBLE)
          -> [SYSTEM] FINISH: ECALL caught, CPU is freezing!
-----------------------------------------------------------------
Time: 12510000 | PC = 0x00000038 | Inst = 0x00000000 (BUBBLE)
          -> [SYSTEM] FINISH: ECALL caught, CPU is freezing!
-----------------------------------------------------------------
Time: 12520000 | PC = 0x00000038 | Inst = 0x00000000 (BUBBLE)
          -> [SYSTEM] FINISH: ECALL caught, CPU is freezing!
-----------------------------------------------------------------
Time: 12530000 | PC = 0x00000038 | Inst = 0x00000000 (BUBBLE)
          -> [SYSTEM] FINISH: ECALL caught, CPU is freezing!
-----------------------------------------------------------------
Time: 12540000 | PC = 0x00000038 | Inst = 0x00000000 (BUBBLE)
          -> [SYSTEM] FINISH: ECALL caught, CPU is freezing!
-----------------------------------------------------------------
Time: 12550000 | PC = 0x00000038 | Inst = 0x00000000 (BUBBLE)
          -> [SYSTEM] FINISH: ECALL caught, CPU is freezing!
-----------------------------------------------------------------
Time: 12560000 | PC = 0x00000038 | Inst = 0x00000000 (BUBBLE)
          -> [SYSTEM] FINISH: ECALL caught, CPU is freezing!
-----------------------------------------------------------------
Time: 12570000 | PC = 0x00000038 | Inst = 0x00000000 (BUBBLE)
          -> [SYSTEM] FINISH: ECALL caught, CPU is freezing!
-----------------------------------------------------------------
Time: 12580000 | PC = 0x00000038 | Inst = 0x00000000 (BUBBLE)
          -> [SYSTEM] FINISH: ECALL caught, CPU is freezing!
-----------------------------------------------------------------
Time: 12590000 | PC = 0x00000038 | Inst = 0x00000000 (BUBBLE)
          -> [SYSTEM] FINISH: ECALL caught, CPU is freezing!
-----------------------------------------------------------------
Time: 12600000 | PC = 0x00000038 | Inst = 0x00000000 (BUBBLE)
          -> [SYSTEM] FINISH: ECALL caught, CPU is freezing!
-----------------------------------------------------------------
Time: 12610000 | PC = 0x00000038 | Inst = 0x00000000 (BUBBLE)
          -> [SYSTEM] FINISH: ECALL caught, CPU is freezing!
-----------------------------------------------------------------
Time: 12620000 | PC = 0x00000038 | Inst = 0x00000000 (BUBBLE)
          -> [SYSTEM] FINISH: ECALL caught, CPU is freezing!
-----------------------------------------------------------------
Time: 12630000 | PC = 0x00000038 | Inst = 0x00000000 (BUBBLE)
          -> [SYSTEM] FINISH: ECALL caught, CPU is freezing!
-----------------------------------------------------------------
Time: 12640000 | PC = 0x00000038 | Inst = 0x00000000 (BUBBLE)
          -> [SYSTEM] FINISH: ECALL caught, CPU is freezing!
-----------------------------------------------------------------
Time: 12650000 | PC = 0x00000038 | Inst = 0x00000000 (BUBBLE)
          -> [SYSTEM] FINISH: ECALL caught, CPU is freezing!
-----------------------------------------------------------------
Time: 12660000 | PC = 0x00000038 | Inst = 0x00000000 (BUBBLE)
          -> [SYSTEM] FINISH: ECALL caught, CPU is freezing!
-----------------------------------------------------------------
Time: 12670000 | PC = 0x00000038 | Inst = 0x00000000 (BUBBLE)
          -> [SYSTEM] FINISH: ECALL caught, CPU is freezing!
-----------------------------------------------------------------
Time: 12680000 | PC = 0x00000038 | Inst = 0x00000000 (BUBBLE)
          -> [SYSTEM] FINISH: ECALL caught, CPU is freezing!
-----------------------------------------------------------------
Time: 12690000 | PC = 0x00000038 | Inst = 0x00000000 (BUBBLE)
          -> [SYSTEM] FINISH: ECALL caught, CPU is freezing!
-----------------------------------------------------------------
Time: 12700000 | PC = 0x00000038 | Inst = 0x00000000 (BUBBLE)
          -> [SYSTEM] FINISH: ECALL caught, CPU is freezing!
-----------------------------------------------------------------
Time: 12710000 | PC = 0x00000038 | Inst = 0x00000000 (BUBBLE)
          -> [SYSTEM] FINISH: ECALL caught, CPU is freezing!
-----------------------------------------------------------------
Time: 12720000 | PC = 0x00000038 | Inst = 0x00000000 (BUBBLE)
          -> [SYSTEM] FINISH: ECALL caught, CPU is freezing!
-----------------------------------------------------------------
Time: 12730000 | PC = 0x00000038 | Inst = 0x00000000 (BUBBLE)
          -> [SYSTEM] FINISH: ECALL caught, CPU is freezing!
-----------------------------------------------------------------
Time: 12740000 | PC = 0x00000038 | Inst = 0x00000000 (BUBBLE)
          -> [SYSTEM] FINISH: ECALL caught, CPU is freezing!
-----------------------------------------------------------------
Time: 12750000 | PC = 0x00000038 | Inst = 0x00000000 (BUBBLE)
          -> [SYSTEM] FINISH: ECALL caught, CPU is freezing!
-----------------------------------------------------------------
Time: 12760000 | PC = 0x00000038 | Inst = 0x00000000 (BUBBLE)
          -> [SYSTEM] FINISH: ECALL caught, CPU is freezing!
-----------------------------------------------------------------
Time: 12770000 | PC = 0x00000038 | Inst = 0x00000000 (BUBBLE)
          -> [SYSTEM] FINISH: ECALL caught, CPU is freezing!
-----------------------------------------------------------------
Time: 12780000 | PC = 0x00000038 | Inst = 0x00000000 (BUBBLE)
          -> [SYSTEM] FINISH: ECALL caught, CPU is freezing!
-----------------------------------------------------------------
Time: 12790000 | PC = 0x00000038 | Inst = 0x00000000 (BUBBLE)
          -> [SYSTEM] FINISH: ECALL caught, CPU is freezing!
-----------------------------------------------------------------
Time: 12800000 | PC = 0x00000038 | Inst = 0x00000000 (BUBBLE)
          -> [SYSTEM] FINISH: ECALL caught, CPU is freezing!
-----------------------------------------------------------------
Time: 12810000 | PC = 0x00000038 | Inst = 0x00000000 (BUBBLE)
          -> [SYSTEM] FINISH: ECALL caught, CPU is freezing!
-----------------------------------------------------------------
Time: 12820000 | PC = 0x00000038 | Inst = 0x00000000 (BUBBLE)
          -> [SYSTEM] FINISH: ECALL caught, CPU is freezing!
-----------------------------------------------------------------
Time: 12830000 | PC = 0x00000038 | Inst = 0x00000000 (BUBBLE)
          -> [SYSTEM] FINISH: ECALL caught, CPU is freezing!
-----------------------------------------------------------------
Time: 12840000 | PC = 0x00000038 | Inst = 0x00000000 (BUBBLE)
          -> [SYSTEM] FINISH: ECALL caught, CPU is freezing!
-----------------------------------------------------------------
Time: 12850000 | PC = 0x00000038 | Inst = 0x00000000 (BUBBLE)
          -> [SYSTEM] FINISH: ECALL caught, CPU is freezing!
-----------------------------------------------------------------
Time: 12860000 | PC = 0x00000038 | Inst = 0x00000000 (BUBBLE)
          -> [SYSTEM] FINISH: ECALL caught, CPU is freezing!
-----------------------------------------------------------------
Time: 12870000 | PC = 0x00000038 | Inst = 0x00000000 (BUBBLE)
          -> [SYSTEM] FINISH: ECALL caught, CPU is freezing!
-----------------------------------------------------------------
Time: 12880000 | PC = 0x00000038 | Inst = 0x00000000 (BUBBLE)
          -> [SYSTEM] FINISH: ECALL caught, CPU is freezing!
-----------------------------------------------------------------
Time: 12890000 | PC = 0x00000038 | Inst = 0x00000000 (BUBBLE)
          -> [SYSTEM] FINISH: ECALL caught, CPU is freezing!
-----------------------------------------------------------------
Time: 12900000 | PC = 0x00000038 | Inst = 0x00000000 (BUBBLE)
          -> [SYSTEM] FINISH: ECALL caught, CPU is freezing!
-----------------------------------------------------------------
Time: 12910000 | PC = 0x00000038 | Inst = 0x00000000 (BUBBLE)
          -> [SYSTEM] FINISH: ECALL caught, CPU is freezing!
-----------------------------------------------------------------
Time: 12920000 | PC = 0x00000038 | Inst = 0x00000000 (BUBBLE)
          -> [SYSTEM] FINISH: ECALL caught, CPU is freezing!
-----------------------------------------------------------------
Time: 12930000 | PC = 0x00000038 | Inst = 0x00000000 (BUBBLE)
          -> [SYSTEM] FINISH: ECALL caught, CPU is freezing!
-----------------------------------------------------------------
Time: 12940000 | PC = 0x00000038 | Inst = 0x00000000 (BUBBLE)
          -> [SYSTEM] FINISH: ECALL caught, CPU is freezing!
-----------------------------------------------------------------
Time: 12950000 | PC = 0x00000038 | Inst = 0x00000000 (BUBBLE)
          -> [SYSTEM] FINISH: ECALL caught, CPU is freezing!
-----------------------------------------------------------------
Time: 12960000 | PC = 0x00000038 | Inst = 0x00000000 (BUBBLE)
          -> [SYSTEM] FINISH: ECALL caught, CPU is freezing!
-----------------------------------------------------------------
Time: 12970000 | PC = 0x00000038 | Inst = 0x00000000 (BUBBLE)
          -> [SYSTEM] FINISH: ECALL caught, CPU is freezing!
-----------------------------------------------------------------
Time: 12980000 | PC = 0x00000038 | Inst = 0x00000000 (BUBBLE)
          -> [SYSTEM] FINISH: ECALL caught, CPU is freezing!
-----------------------------------------------------------------
Time: 12990000 | PC = 0x00000038 | Inst = 0x00000000 (BUBBLE)
          -> [SYSTEM] FINISH: ECALL caught, CPU is freezing!
-----------------------------------------------------------------
Time: 13000000 | PC = 0x00000038 | Inst = 0x00000000 (BUBBLE)
          -> [SYSTEM] FINISH: ECALL caught, CPU is freezing!
-----------------------------------------------------------------
Time: 13010000 | PC = 0x00000038 | Inst = 0x00000000 (BUBBLE)
          -> [SYSTEM] FINISH: ECALL caught, CPU is freezing!
-----------------------------------------------------------------
Time: 13020000 | PC = 0x00000038 | Inst = 0x00000000 (BUBBLE)
          -> [SYSTEM] FINISH: ECALL caught, CPU is freezing!
-----------------------------------------------------------------
Time: 13030000 | PC = 0x00000038 | Inst = 0x00000000 (BUBBLE)
          -> [SYSTEM] FINISH: ECALL caught, CPU is freezing!
-----------------------------------------------------------------
Time: 13040000 | PC = 0x00000038 | Inst = 0x00000000 (BUBBLE)
          -> [SYSTEM] FINISH: ECALL caught, CPU is freezing!
-----------------------------------------------------------------
Time: 13050000 | PC = 0x00000038 | Inst = 0x00000000 (BUBBLE)
          -> [SYSTEM] FINISH: ECALL caught, CPU is freezing!
-----------------------------------------------------------------
Time: 13060000 | PC = 0x00000038 | Inst = 0x00000000 (BUBBLE)
          -> [SYSTEM] FINISH: ECALL caught, CPU is freezing!
-----------------------------------------------------------------
Time: 13070000 | PC = 0x00000038 | Inst = 0x00000000 (BUBBLE)
          -> [SYSTEM] FINISH: ECALL caught, CPU is freezing!
-----------------------------------------------------------------
Time: 13080000 | PC = 0x00000038 | Inst = 0x00000000 (BUBBLE)
          -> [SYSTEM] FINISH: ECALL caught, CPU is freezing!
-----------------------------------------------------------------
Time: 13090000 | PC = 0x00000038 | Inst = 0x00000000 (BUBBLE)
          -> [SYSTEM] FINISH: ECALL caught, CPU is freezing!
-----------------------------------------------------------------
Time: 13100000 | PC = 0x00000038 | Inst = 0x00000000 (BUBBLE)
          -> [SYSTEM] FINISH: ECALL caught, CPU is freezing!
-----------------------------------------------------------------
Time: 13110000 | PC = 0x00000038 | Inst = 0x00000000 (BUBBLE)
          -> [SYSTEM] FINISH: ECALL caught, CPU is freezing!
-----------------------------------------------------------------
Time: 13120000 | PC = 0x00000038 | Inst = 0x00000000 (BUBBLE)
          -> [SYSTEM] FINISH: ECALL caught, CPU is freezing!
-----------------------------------------------------------------
Time: 13130000 | PC = 0x00000038 | Inst = 0x00000000 (BUBBLE)
          -> [SYSTEM] FINISH: ECALL caught, CPU is freezing!
-----------------------------------------------------------------
Time: 13140000 | PC = 0x00000038 | Inst = 0x00000000 (BUBBLE)
          -> [SYSTEM] FINISH: ECALL caught, CPU is freezing!
-----------------------------------------------------------------
Time: 13150000 | PC = 0x00000038 | Inst = 0x00000000 (BUBBLE)
          -> [SYSTEM] FINISH: ECALL caught, CPU is freezing!
-----------------------------------------------------------------
Time: 13160000 | PC = 0x00000038 | Inst = 0x00000000 (BUBBLE)
          -> [SYSTEM] FINISH: ECALL caught, CPU is freezing!
-----------------------------------------------------------------
Time: 13170000 | PC = 0x00000038 | Inst = 0x00000000 (BUBBLE)
          -> [SYSTEM] FINISH: ECALL caught, CPU is freezing!
-----------------------------------------------------------------
Time: 13180000 | PC = 0x00000038 | Inst = 0x00000000 (BUBBLE)
          -> [SYSTEM] FINISH: ECALL caught, CPU is freezing!
-----------------------------------------------------------------
Time: 13190000 | PC = 0x00000038 | Inst = 0x00000000 (BUBBLE)
          -> [SYSTEM] FINISH: ECALL caught, CPU is freezing!
-----------------------------------------------------------------
Time: 13200000 | PC = 0x00000038 | Inst = 0x00000000 (BUBBLE)
          -> [SYSTEM] FINISH: ECALL caught, CPU is freezing!
-----------------------------------------------------------------
Time: 13210000 | PC = 0x00000038 | Inst = 0x00000000 (BUBBLE)
          -> [SYSTEM] FINISH: ECALL caught, CPU is freezing!
-----------------------------------------------------------------
Time: 13220000 | PC = 0x00000038 | Inst = 0x00000000 (BUBBLE)
          -> [SYSTEM] FINISH: ECALL caught, CPU is freezing!
-----------------------------------------------------------------
Time: 13230000 | PC = 0x00000038 | Inst = 0x00000000 (BUBBLE)
          -> [SYSTEM] FINISH: ECALL caught, CPU is freezing!
-----------------------------------------------------------------
Time: 13240000 | PC = 0x00000038 | Inst = 0x00000000 (BUBBLE)
          -> [SYSTEM] FINISH: ECALL caught, CPU is freezing!
-----------------------------------------------------------------
Time: 13250000 | PC = 0x00000038 | Inst = 0x00000000 (BUBBLE)
          -> [SYSTEM] FINISH: ECALL caught, CPU is freezing!
-----------------------------------------------------------------
Time: 13260000 | PC = 0x00000038 | Inst = 0x00000000 (BUBBLE)
          -> [SYSTEM] FINISH: ECALL caught, CPU is freezing!
-----------------------------------------------------------------
Time: 13270000 | PC = 0x00000038 | Inst = 0x00000000 (BUBBLE)
          -> [SYSTEM] FINISH: ECALL caught, CPU is freezing!
-----------------------------------------------------------------
Time: 13280000 | PC = 0x00000038 | Inst = 0x00000000 (BUBBLE)
          -> [SYSTEM] FINISH: ECALL caught, CPU is freezing!
-----------------------------------------------------------------
Time: 13290000 | PC = 0x00000038 | Inst = 0x00000000 (BUBBLE)
          -> [SYSTEM] FINISH: ECALL caught, CPU is freezing!
-----------------------------------------------------------------
Time: 13300000 | PC = 0x00000038 | Inst = 0x00000000 (BUBBLE)
          -> [SYSTEM] FINISH: ECALL caught, CPU is freezing!
-----------------------------------------------------------------
Time: 13310000 | PC = 0x00000038 | Inst = 0x00000000 (BUBBLE)
          -> [SYSTEM] FINISH: ECALL caught, CPU is freezing!
-----------------------------------------------------------------
Time: 13320000 | PC = 0x00000038 | Inst = 0x00000000 (BUBBLE)
          -> [SYSTEM] FINISH: ECALL caught, CPU is freezing!
-----------------------------------------------------------------
Time: 13330000 | PC = 0x00000038 | Inst = 0x00000000 (BUBBLE)
          -> [SYSTEM] FINISH: ECALL caught, CPU is freezing!
-----------------------------------------------------------------
Time: 13340000 | PC = 0x00000038 | Inst = 0x00000000 (BUBBLE)
          -> [SYSTEM] FINISH: ECALL caught, CPU is freezing!
-----------------------------------------------------------------
Time: 13350000 | PC = 0x00000038 | Inst = 0x00000000 (BUBBLE)
          -> [SYSTEM] FINISH: ECALL caught, CPU is freezing!
-----------------------------------------------------------------
Time: 13360000 | PC = 0x00000038 | Inst = 0x00000000 (BUBBLE)
          -> [SYSTEM] FINISH: ECALL caught, CPU is freezing!
-----------------------------------------------------------------
Time: 13370000 | PC = 0x00000038 | Inst = 0x00000000 (BUBBLE)
          -> [SYSTEM] FINISH: ECALL caught, CPU is freezing!
-----------------------------------------------------------------
Time: 13380000 | PC = 0x00000038 | Inst = 0x00000000 (BUBBLE)
          -> [SYSTEM] FINISH: ECALL caught, CPU is freezing!
-----------------------------------------------------------------
Time: 13390000 | PC = 0x00000038 | Inst = 0x00000000 (BUBBLE)
          -> [SYSTEM] FINISH: ECALL caught, CPU is freezing!
-----------------------------------------------------------------
Time: 13400000 | PC = 0x00000038 | Inst = 0x00000000 (BUBBLE)
          -> [SYSTEM] FINISH: ECALL caught, CPU is freezing!
-----------------------------------------------------------------
Time: 13410000 | PC = 0x00000038 | Inst = 0x00000000 (BUBBLE)
          -> [SYSTEM] FINISH: ECALL caught, CPU is freezing!
-----------------------------------------------------------------
Time: 13420000 | PC = 0x00000038 | Inst = 0x00000000 (BUBBLE)
          -> [SYSTEM] FINISH: ECALL caught, CPU is freezing!
-----------------------------------------------------------------
Time: 13430000 | PC = 0x00000038 | Inst = 0x00000000 (BUBBLE)
          -> [SYSTEM] FINISH: ECALL caught, CPU is freezing!
-----------------------------------------------------------------
Time: 13440000 | PC = 0x00000038 | Inst = 0x00000000 (BUBBLE)
          -> [SYSTEM] FINISH: ECALL caught, CPU is freezing!
-----------------------------------------------------------------
Time: 13450000 | PC = 0x00000038 | Inst = 0x00000000 (BUBBLE)
          -> [SYSTEM] FINISH: ECALL caught, CPU is freezing!
-----------------------------------------------------------------
Time: 13460000 | PC = 0x00000038 | Inst = 0x00000000 (BUBBLE)
          -> [SYSTEM] FINISH: ECALL caught, CPU is freezing!
-----------------------------------------------------------------
Time: 13470000 | PC = 0x00000038 | Inst = 0x00000000 (BUBBLE)
          -> [SYSTEM] FINISH: ECALL caught, CPU is freezing!
-----------------------------------------------------------------
Time: 13480000 | PC = 0x00000038 | Inst = 0x00000000 (BUBBLE)
          -> [SYSTEM] FINISH: ECALL caught, CPU is freezing!
-----------------------------------------------------------------
Time: 13490000 | PC = 0x00000038 | Inst = 0x00000000 (BUBBLE)
          -> [SYSTEM] FINISH: ECALL caught, CPU is freezing!
-----------------------------------------------------------------
Time: 13500000 | PC = 0x00000038 | Inst = 0x00000000 (BUBBLE)
          -> [SYSTEM] FINISH: ECALL caught, CPU is freezing!
-----------------------------------------------------------------
Time: 13510000 | PC = 0x00000038 | Inst = 0x00000000 (BUBBLE)
          -> [SYSTEM] FINISH: ECALL caught, CPU is freezing!
-----------------------------------------------------------------
Time: 13520000 | PC = 0x00000038 | Inst = 0x00000000 (BUBBLE)
          -> [SYSTEM] FINISH: ECALL caught, CPU is freezing!
-----------------------------------------------------------------
Time: 13530000 | PC = 0x00000038 | Inst = 0x00000000 (BUBBLE)
          -> [SYSTEM] FINISH: ECALL caught, CPU is freezing!
-----------------------------------------------------------------
Time: 13540000 | PC = 0x00000038 | Inst = 0x00000000 (BUBBLE)
          -> [SYSTEM] FINISH: ECALL caught, CPU is freezing!
-----------------------------------------------------------------
Time: 13550000 | PC = 0x00000038 | Inst = 0x00000000 (BUBBLE)
          -> [SYSTEM] FINISH: ECALL caught, CPU is freezing!
-----------------------------------------------------------------
Time: 13560000 | PC = 0x00000038 | Inst = 0x00000000 (BUBBLE)
          -> [SYSTEM] FINISH: ECALL caught, CPU is freezing!
-----------------------------------------------------------------
Time: 13570000 | PC = 0x00000038 | Inst = 0x00000000 (BUBBLE)
          -> [SYSTEM] FINISH: ECALL caught, CPU is freezing!
-----------------------------------------------------------------
Time: 13580000 | PC = 0x00000038 | Inst = 0x00000000 (BUBBLE)
          -> [SYSTEM] FINISH: ECALL caught, CPU is freezing!
-----------------------------------------------------------------
Time: 13590000 | PC = 0x00000038 | Inst = 0x00000000 (BUBBLE)
          -> [SYSTEM] FINISH: ECALL caught, CPU is freezing!
-----------------------------------------------------------------
Time: 13600000 | PC = 0x00000038 | Inst = 0x00000000 (BUBBLE)
          -> [SYSTEM] FINISH: ECALL caught, CPU is freezing!
-----------------------------------------------------------------
Time: 13610000 | PC = 0x00000038 | Inst = 0x00000000 (BUBBLE)
          -> [SYSTEM] FINISH: ECALL caught, CPU is freezing!
-----------------------------------------------------------------
Time: 13620000 | PC = 0x00000038 | Inst = 0x00000000 (BUBBLE)
          -> [SYSTEM] FINISH: ECALL caught, CPU is freezing!
-----------------------------------------------------------------
Time: 13630000 | PC = 0x00000038 | Inst = 0x00000000 (BUBBLE)
          -> [SYSTEM] FINISH: ECALL caught, CPU is freezing!
-----------------------------------------------------------------
Time: 13640000 | PC = 0x00000038 | Inst = 0x00000000 (BUBBLE)
          -> [SYSTEM] FINISH: ECALL caught, CPU is freezing!
-----------------------------------------------------------------
Time: 13650000 | PC = 0x00000038 | Inst = 0x00000000 (BUBBLE)
          -> [SYSTEM] FINISH: ECALL caught, CPU is freezing!
-----------------------------------------------------------------
Time: 13660000 | PC = 0x00000038 | Inst = 0x00000000 (BUBBLE)
          -> [SYSTEM] FINISH: ECALL caught, CPU is freezing!
-----------------------------------------------------------------
Time: 13670000 | PC = 0x00000038 | Inst = 0x00000000 (BUBBLE)
          -> [SYSTEM] FINISH: ECALL caught, CPU is freezing!
-----------------------------------------------------------------
Time: 13680000 | PC = 0x00000038 | Inst = 0x00000000 (BUBBLE)
          -> [SYSTEM] FINISH: ECALL caught, CPU is freezing!
-----------------------------------------------------------------
Time: 13690000 | PC = 0x00000038 | Inst = 0x00000000 (BUBBLE)
          -> [SYSTEM] FINISH: ECALL caught, CPU is freezing!
-----------------------------------------------------------------
Time: 13700000 | PC = 0x00000038 | Inst = 0x00000000 (BUBBLE)
          -> [SYSTEM] FINISH: ECALL caught, CPU is freezing!
-----------------------------------------------------------------
Time: 13710000 | PC = 0x00000038 | Inst = 0x00000000 (BUBBLE)
          -> [SYSTEM] FINISH: ECALL caught, CPU is freezing!
-----------------------------------------------------------------
Time: 13720000 | PC = 0x00000038 | Inst = 0x00000000 (BUBBLE)
          -> [SYSTEM] FINISH: ECALL caught, CPU is freezing!
-----------------------------------------------------------------
Time: 13730000 | PC = 0x00000038 | Inst = 0x00000000 (BUBBLE)
          -> [SYSTEM] FINISH: ECALL caught, CPU is freezing!
-----------------------------------------------------------------
Time: 13740000 | PC = 0x00000038 | Inst = 0x00000000 (BUBBLE)
          -> [SYSTEM] FINISH: ECALL caught, CPU is freezing!
-----------------------------------------------------------------
Time: 13750000 | PC = 0x00000038 | Inst = 0x00000000 (BUBBLE)
          -> [SYSTEM] FINISH: ECALL caught, CPU is freezing!
-----------------------------------------------------------------
Time: 13760000 | PC = 0x00000038 | Inst = 0x00000000 (BUBBLE)
          -> [SYSTEM] FINISH: ECALL caught, CPU is freezing!
-----------------------------------------------------------------
Time: 13770000 | PC = 0x00000038 | Inst = 0x00000000 (BUBBLE)
          -> [SYSTEM] FINISH: ECALL caught, CPU is freezing!
-----------------------------------------------------------------
Time: 13780000 | PC = 0x00000038 | Inst = 0x00000000 (BUBBLE)
          -> [SYSTEM] FINISH: ECALL caught, CPU is freezing!
-----------------------------------------------------------------
Time: 13790000 | PC = 0x00000038 | Inst = 0x00000000 (BUBBLE)
          -> [SYSTEM] FINISH: ECALL caught, CPU is freezing!
-----------------------------------------------------------------
Time: 13800000 | PC = 0x00000038 | Inst = 0x00000000 (BUBBLE)
          -> [SYSTEM] FINISH: ECALL caught, CPU is freezing!
-----------------------------------------------------------------
Time: 13810000 | PC = 0x00000038 | Inst = 0x00000000 (BUBBLE)
          -> [SYSTEM] FINISH: ECALL caught, CPU is freezing!
-----------------------------------------------------------------
Time: 13820000 | PC = 0x00000038 | Inst = 0x00000000 (BUBBLE)
          -> [SYSTEM] FINISH: ECALL caught, CPU is freezing!
-----------------------------------------------------------------
Time: 13830000 | PC = 0x00000038 | Inst = 0x00000000 (BUBBLE)
          -> [SYSTEM] FINISH: ECALL caught, CPU is freezing!
-----------------------------------------------------------------
Time: 13840000 | PC = 0x00000038 | Inst = 0x00000000 (BUBBLE)
          -> [SYSTEM] FINISH: ECALL caught, CPU is freezing!
-----------------------------------------------------------------
Time: 13850000 | PC = 0x00000038 | Inst = 0x00000000 (BUBBLE)
          -> [SYSTEM] FINISH: ECALL caught, CPU is freezing!
-----------------------------------------------------------------
Time: 13860000 | PC = 0x00000038 | Inst = 0x00000000 (BUBBLE)
          -> [SYSTEM] FINISH: ECALL caught, CPU is freezing!
-----------------------------------------------------------------
Time: 13870000 | PC = 0x00000038 | Inst = 0x00000000 (BUBBLE)
          -> [SYSTEM] FINISH: ECALL caught, CPU is freezing!
-----------------------------------------------------------------
Time: 13880000 | PC = 0x00000038 | Inst = 0x00000000 (BUBBLE)
          -> [SYSTEM] FINISH: ECALL caught, CPU is freezing!
-----------------------------------------------------------------
Time: 13890000 | PC = 0x00000038 | Inst = 0x00000000 (BUBBLE)
          -> [SYSTEM] FINISH: ECALL caught, CPU is freezing!
-----------------------------------------------------------------
Time: 13900000 | PC = 0x00000038 | Inst = 0x00000000 (BUBBLE)
          -> [SYSTEM] FINISH: ECALL caught, CPU is freezing!
-----------------------------------------------------------------
Time: 13910000 | PC = 0x00000038 | Inst = 0x00000000 (BUBBLE)
          -> [SYSTEM] FINISH: ECALL caught, CPU is freezing!
-----------------------------------------------------------------
Time: 13920000 | PC = 0x00000038 | Inst = 0x00000000 (BUBBLE)
          -> [SYSTEM] FINISH: ECALL caught, CPU is freezing!
-----------------------------------------------------------------
Time: 13930000 | PC = 0x00000038 | Inst = 0x00000000 (BUBBLE)
          -> [SYSTEM] FINISH: ECALL caught, CPU is freezing!
-----------------------------------------------------------------
Time: 13940000 | PC = 0x00000038 | Inst = 0x00000000 (BUBBLE)
          -> [SYSTEM] FINISH: ECALL caught, CPU is freezing!
-----------------------------------------------------------------
Time: 13950000 | PC = 0x00000038 | Inst = 0x00000000 (BUBBLE)
          -> [SYSTEM] FINISH: ECALL caught, CPU is freezing!
-----------------------------------------------------------------
Time: 13960000 | PC = 0x00000038 | Inst = 0x00000000 (BUBBLE)
          -> [SYSTEM] FINISH: ECALL caught, CPU is freezing!
-----------------------------------------------------------------
Time: 13970000 | PC = 0x00000038 | Inst = 0x00000000 (BUBBLE)
          -> [SYSTEM] FINISH: ECALL caught, CPU is freezing!
-----------------------------------------------------------------
Time: 13980000 | PC = 0x00000038 | Inst = 0x00000000 (BUBBLE)
          -> [SYSTEM] FINISH: ECALL caught, CPU is freezing!
-----------------------------------------------------------------
Time: 13990000 | PC = 0x00000038 | Inst = 0x00000000 (BUBBLE)
          -> [SYSTEM] FINISH: ECALL caught, CPU is freezing!
-----------------------------------------------------------------
Time: 14000000 | PC = 0x00000038 | Inst = 0x00000000 (BUBBLE)
          -> [SYSTEM] FINISH: ECALL caught, CPU is freezing!
-----------------------------------------------------------------
Time: 14010000 | PC = 0x00000038 | Inst = 0x00000000 (BUBBLE)
          -> [SYSTEM] FINISH: ECALL caught, CPU is freezing!
-----------------------------------------------------------------
Time: 14020000 | PC = 0x00000038 | Inst = 0x00000000 (BUBBLE)
          -> [SYSTEM] FINISH: ECALL caught, CPU is freezing!
-----------------------------------------------------------------
Time: 14030000 | PC = 0x00000038 | Inst = 0x00000000 (BUBBLE)
          -> [SYSTEM] FINISH: ECALL caught, CPU is freezing!
-----------------------------------------------------------------
Time: 14040000 | PC = 0x00000038 | Inst = 0x00000000 (BUBBLE)
          -> [SYSTEM] FINISH: ECALL caught, CPU is freezing!
-----------------------------------------------------------------
Time: 14050000 | PC = 0x00000038 | Inst = 0x00000000 (BUBBLE)
          -> [SYSTEM] FINISH: ECALL caught, CPU is freezing!
-----------------------------------------------------------------
Time: 14060000 | PC = 0x00000038 | Inst = 0x00000000 (BUBBLE)
          -> [SYSTEM] FINISH: ECALL caught, CPU is freezing!
-----------------------------------------------------------------
Time: 14070000 | PC = 0x00000038 | Inst = 0x00000000 (BUBBLE)
          -> [SYSTEM] FINISH: ECALL caught, CPU is freezing!
-----------------------------------------------------------------
Time: 14080000 | PC = 0x00000038 | Inst = 0x00000000 (BUBBLE)
          -> [SYSTEM] FINISH: ECALL caught, CPU is freezing!
-----------------------------------------------------------------
Time: 14090000 | PC = 0x00000038 | Inst = 0x00000000 (BUBBLE)
          -> [SYSTEM] FINISH: ECALL caught, CPU is freezing!
-----------------------------------------------------------------
Time: 14100000 | PC = 0x00000038 | Inst = 0x00000000 (BUBBLE)
          -> [SYSTEM] FINISH: ECALL caught, CPU is freezing!
-----------------------------------------------------------------
Time: 14110000 | PC = 0x00000038 | Inst = 0x00000000 (BUBBLE)
          -> [SYSTEM] FINISH: ECALL caught, CPU is freezing!
-----------------------------------------------------------------
Time: 14120000 | PC = 0x00000038 | Inst = 0x00000000 (BUBBLE)
          -> [SYSTEM] FINISH: ECALL caught, CPU is freezing!
-----------------------------------------------------------------
Time: 14130000 | PC = 0x00000038 | Inst = 0x00000000 (BUBBLE)
          -> [SYSTEM] FINISH: ECALL caught, CPU is freezing!
-----------------------------------------------------------------
Time: 14140000 | PC = 0x00000038 | Inst = 0x00000000 (BUBBLE)
          -> [SYSTEM] FINISH: ECALL caught, CPU is freezing!
-----------------------------------------------------------------
Time: 14150000 | PC = 0x00000038 | Inst = 0x00000000 (BUBBLE)
          -> [SYSTEM] FINISH: ECALL caught, CPU is freezing!
-----------------------------------------------------------------
Time: 14160000 | PC = 0x00000038 | Inst = 0x00000000 (BUBBLE)
          -> [SYSTEM] FINISH: ECALL caught, CPU is freezing!
-----------------------------------------------------------------
Time: 14170000 | PC = 0x00000038 | Inst = 0x00000000 (BUBBLE)
          -> [SYSTEM] FINISH: ECALL caught, CPU is freezing!
-----------------------------------------------------------------
Time: 14180000 | PC = 0x00000038 | Inst = 0x00000000 (BUBBLE)
          -> [SYSTEM] FINISH: ECALL caught, CPU is freezing!
-----------------------------------------------------------------
Time: 14190000 | PC = 0x00000038 | Inst = 0x00000000 (BUBBLE)
          -> [SYSTEM] FINISH: ECALL caught, CPU is freezing!
-----------------------------------------------------------------
Time: 14200000 | PC = 0x00000038 | Inst = 0x00000000 (BUBBLE)
          -> [SYSTEM] FINISH: ECALL caught, CPU is freezing!
-----------------------------------------------------------------
Time: 14210000 | PC = 0x00000038 | Inst = 0x00000000 (BUBBLE)
          -> [SYSTEM] FINISH: ECALL caught, CPU is freezing!
-----------------------------------------------------------------
Time: 14220000 | PC = 0x00000038 | Inst = 0x00000000 (BUBBLE)
          -> [SYSTEM] FINISH: ECALL caught, CPU is freezing!
-----------------------------------------------------------------
Time: 14230000 | PC = 0x00000038 | Inst = 0x00000000 (BUBBLE)
          -> [SYSTEM] FINISH: ECALL caught, CPU is freezing!
-----------------------------------------------------------------
Time: 14240000 | PC = 0x00000038 | Inst = 0x00000000 (BUBBLE)
          -> [SYSTEM] FINISH: ECALL caught, CPU is freezing!
-----------------------------------------------------------------
Time: 14250000 | PC = 0x00000038 | Inst = 0x00000000 (BUBBLE)
          -> [SYSTEM] FINISH: ECALL caught, CPU is freezing!
-----------------------------------------------------------------
Time: 14260000 | PC = 0x00000038 | Inst = 0x00000000 (BUBBLE)
          -> [SYSTEM] FINISH: ECALL caught, CPU is freezing!
-----------------------------------------------------------------
Time: 14270000 | PC = 0x00000038 | Inst = 0x00000000 (BUBBLE)
          -> [SYSTEM] FINISH: ECALL caught, CPU is freezing!
-----------------------------------------------------------------
Time: 14280000 | PC = 0x00000038 | Inst = 0x00000000 (BUBBLE)
          -> [SYSTEM] FINISH: ECALL caught, CPU is freezing!
-----------------------------------------------------------------
Time: 14290000 | PC = 0x00000038 | Inst = 0x00000000 (BUBBLE)
          -> [SYSTEM] FINISH: ECALL caught, CPU is freezing!
-----------------------------------------------------------------
Time: 14300000 | PC = 0x00000038 | Inst = 0x00000000 (BUBBLE)
          -> [SYSTEM] FINISH: ECALL caught, CPU is freezing!
-----------------------------------------------------------------
Time: 14310000 | PC = 0x00000038 | Inst = 0x00000000 (BUBBLE)
          -> [SYSTEM] FINISH: ECALL caught, CPU is freezing!
-----------------------------------------------------------------
Time: 14320000 | PC = 0x00000038 | Inst = 0x00000000 (BUBBLE)
          -> [SYSTEM] FINISH: ECALL caught, CPU is freezing!
-----------------------------------------------------------------
Time: 14330000 | PC = 0x00000038 | Inst = 0x00000000 (BUBBLE)
          -> [SYSTEM] FINISH: ECALL caught, CPU is freezing!
-----------------------------------------------------------------
Time: 14340000 | PC = 0x00000038 | Inst = 0x00000000 (BUBBLE)
          -> [SYSTEM] FINISH: ECALL caught, CPU is freezing!
-----------------------------------------------------------------
Time: 14350000 | PC = 0x00000038 | Inst = 0x00000000 (BUBBLE)
          -> [SYSTEM] FINISH: ECALL caught, CPU is freezing!
-----------------------------------------------------------------
Time: 14360000 | PC = 0x00000038 | Inst = 0x00000000 (BUBBLE)
          -> [SYSTEM] FINISH: ECALL caught, CPU is freezing!
-----------------------------------------------------------------
Time: 14370000 | PC = 0x00000038 | Inst = 0x00000000 (BUBBLE)
          -> [SYSTEM] FINISH: ECALL caught, CPU is freezing!
-----------------------------------------------------------------
Time: 14380000 | PC = 0x00000038 | Inst = 0x00000000 (BUBBLE)
          -> [SYSTEM] FINISH: ECALL caught, CPU is freezing!
-----------------------------------------------------------------
Time: 14390000 | PC = 0x00000038 | Inst = 0x00000000 (BUBBLE)
          -> [SYSTEM] FINISH: ECALL caught, CPU is freezing!
-----------------------------------------------------------------
Time: 14400000 | PC = 0x00000038 | Inst = 0x00000000 (BUBBLE)
          -> [SYSTEM] FINISH: ECALL caught, CPU is freezing!
-----------------------------------------------------------------
Time: 14410000 | PC = 0x00000038 | Inst = 0x00000000 (BUBBLE)
          -> [SYSTEM] FINISH: ECALL caught, CPU is freezing!
-----------------------------------------------------------------
Time: 14420000 | PC = 0x00000038 | Inst = 0x00000000 (BUBBLE)
          -> [SYSTEM] FINISH: ECALL caught, CPU is freezing!
-----------------------------------------------------------------
Time: 14430000 | PC = 0x00000038 | Inst = 0x00000000 (BUBBLE)
          -> [SYSTEM] FINISH: ECALL caught, CPU is freezing!
-----------------------------------------------------------------
Time: 14440000 | PC = 0x00000038 | Inst = 0x00000000 (BUBBLE)
          -> [SYSTEM] FINISH: ECALL caught, CPU is freezing!
-----------------------------------------------------------------
Time: 14450000 | PC = 0x00000038 | Inst = 0x00000000 (BUBBLE)
          -> [SYSTEM] FINISH: ECALL caught, CPU is freezing!
-----------------------------------------------------------------
Time: 14460000 | PC = 0x00000038 | Inst = 0x00000000 (BUBBLE)
          -> [SYSTEM] FINISH: ECALL caught, CPU is freezing!
-----------------------------------------------------------------
Time: 14470000 | PC = 0x00000038 | Inst = 0x00000000 (BUBBLE)
          -> [SYSTEM] FINISH: ECALL caught, CPU is freezing!
-----------------------------------------------------------------
Time: 14480000 | PC = 0x00000038 | Inst = 0x00000000 (BUBBLE)
          -> [SYSTEM] FINISH: ECALL caught, CPU is freezing!
-----------------------------------------------------------------
Time: 14490000 | PC = 0x00000038 | Inst = 0x00000000 (BUBBLE)
          -> [SYSTEM] FINISH: ECALL caught, CPU is freezing!
-----------------------------------------------------------------
Time: 14500000 | PC = 0x00000038 | Inst = 0x00000000 (BUBBLE)
          -> [SYSTEM] FINISH: ECALL caught, CPU is freezing!
-----------------------------------------------------------------
Time: 14510000 | PC = 0x00000038 | Inst = 0x00000000 (BUBBLE)
          -> [SYSTEM] FINISH: ECALL caught, CPU is freezing!
-----------------------------------------------------------------
Time: 14520000 | PC = 0x00000038 | Inst = 0x00000000 (BUBBLE)
          -> [SYSTEM] FINISH: ECALL caught, CPU is freezing!
-----------------------------------------------------------------
Time: 14530000 | PC = 0x00000038 | Inst = 0x00000000 (BUBBLE)
          -> [SYSTEM] FINISH: ECALL caught, CPU is freezing!
-----------------------------------------------------------------
Time: 14540000 | PC = 0x00000038 | Inst = 0x00000000 (BUBBLE)
          -> [SYSTEM] FINISH: ECALL caught, CPU is freezing!
-----------------------------------------------------------------
Time: 14550000 | PC = 0x00000038 | Inst = 0x00000000 (BUBBLE)
          -> [SYSTEM] FINISH: ECALL caught, CPU is freezing!
-----------------------------------------------------------------
Time: 14560000 | PC = 0x00000038 | Inst = 0x00000000 (BUBBLE)
          -> [SYSTEM] FINISH: ECALL caught, CPU is freezing!
-----------------------------------------------------------------
Time: 14570000 | PC = 0x00000038 | Inst = 0x00000000 (BUBBLE)
          -> [SYSTEM] FINISH: ECALL caught, CPU is freezing!
-----------------------------------------------------------------
Time: 14580000 | PC = 0x00000038 | Inst = 0x00000000 (BUBBLE)
          -> [SYSTEM] FINISH: ECALL caught, CPU is freezing!
-----------------------------------------------------------------
Time: 14590000 | PC = 0x00000038 | Inst = 0x00000000 (BUBBLE)
          -> [SYSTEM] FINISH: ECALL caught, CPU is freezing!
-----------------------------------------------------------------
Time: 14600000 | PC = 0x00000038 | Inst = 0x00000000 (BUBBLE)
          -> [SYSTEM] FINISH: ECALL caught, CPU is freezing!
-----------------------------------------------------------------
Time: 14610000 | PC = 0x00000038 | Inst = 0x00000000 (BUBBLE)
          -> [SYSTEM] FINISH: ECALL caught, CPU is freezing!
-----------------------------------------------------------------
Time: 14620000 | PC = 0x00000038 | Inst = 0x00000000 (BUBBLE)
          -> [SYSTEM] FINISH: ECALL caught, CPU is freezing!
-----------------------------------------------------------------
Time: 14630000 | PC = 0x00000038 | Inst = 0x00000000 (BUBBLE)
          -> [SYSTEM] FINISH: ECALL caught, CPU is freezing!
-----------------------------------------------------------------
Time: 14640000 | PC = 0x00000038 | Inst = 0x00000000 (BUBBLE)
          -> [SYSTEM] FINISH: ECALL caught, CPU is freezing!
-----------------------------------------------------------------
Time: 14650000 | PC = 0x00000038 | Inst = 0x00000000 (BUBBLE)
          -> [SYSTEM] FINISH: ECALL caught, CPU is freezing!
-----------------------------------------------------------------
Time: 14660000 | PC = 0x00000038 | Inst = 0x00000000 (BUBBLE)
          -> [SYSTEM] FINISH: ECALL caught, CPU is freezing!
-----------------------------------------------------------------
Time: 14670000 | PC = 0x00000038 | Inst = 0x00000000 (BUBBLE)
          -> [SYSTEM] FINISH: ECALL caught, CPU is freezing!
-----------------------------------------------------------------
Time: 14680000 | PC = 0x00000038 | Inst = 0x00000000 (BUBBLE)
          -> [SYSTEM] FINISH: ECALL caught, CPU is freezing!
-----------------------------------------------------------------
Time: 14690000 | PC = 0x00000038 | Inst = 0x00000000 (BUBBLE)
          -> [SYSTEM] FINISH: ECALL caught, CPU is freezing!
-----------------------------------------------------------------
Time: 14700000 | PC = 0x00000038 | Inst = 0x00000000 (BUBBLE)
          -> [SYSTEM] FINISH: ECALL caught, CPU is freezing!
-----------------------------------------------------------------
Time: 14710000 | PC = 0x00000038 | Inst = 0x00000000 (BUBBLE)
          -> [SYSTEM] FINISH: ECALL caught, CPU is freezing!
-----------------------------------------------------------------
Time: 14720000 | PC = 0x00000038 | Inst = 0x00000000 (BUBBLE)
          -> [SYSTEM] FINISH: ECALL caught, CPU is freezing!
-----------------------------------------------------------------
Time: 14730000 | PC = 0x00000038 | Inst = 0x00000000 (BUBBLE)
          -> [SYSTEM] FINISH: ECALL caught, CPU is freezing!
-----------------------------------------------------------------
Time: 14740000 | PC = 0x00000038 | Inst = 0x00000000 (BUBBLE)
          -> [SYSTEM] FINISH: ECALL caught, CPU is freezing!
-----------------------------------------------------------------
Time: 14750000 | PC = 0x00000038 | Inst = 0x00000000 (BUBBLE)
          -> [SYSTEM] FINISH: ECALL caught, CPU is freezing!
-----------------------------------------------------------------
Time: 14760000 | PC = 0x00000038 | Inst = 0x00000000 (BUBBLE)
          -> [SYSTEM] FINISH: ECALL caught, CPU is freezing!
-----------------------------------------------------------------
Time: 14770000 | PC = 0x00000038 | Inst = 0x00000000 (BUBBLE)
          -> [SYSTEM] FINISH: ECALL caught, CPU is freezing!
-----------------------------------------------------------------
Time: 14780000 | PC = 0x00000038 | Inst = 0x00000000 (BUBBLE)
          -> [SYSTEM] FINISH: ECALL caught, CPU is freezing!
-----------------------------------------------------------------
Time: 14790000 | PC = 0x00000038 | Inst = 0x00000000 (BUBBLE)
          -> [SYSTEM] FINISH: ECALL caught, CPU is freezing!
-----------------------------------------------------------------
Time: 14800000 | PC = 0x00000038 | Inst = 0x00000000 (BUBBLE)
          -> [SYSTEM] FINISH: ECALL caught, CPU is freezing!
-----------------------------------------------------------------
Time: 14810000 | PC = 0x00000038 | Inst = 0x00000000 (BUBBLE)
          -> [SYSTEM] FINISH: ECALL caught, CPU is freezing!
-----------------------------------------------------------------
Time: 14820000 | PC = 0x00000038 | Inst = 0x00000000 (BUBBLE)
          -> [SYSTEM] FINISH: ECALL caught, CPU is freezing!
-----------------------------------------------------------------
Time: 14830000 | PC = 0x00000038 | Inst = 0x00000000 (BUBBLE)
          -> [SYSTEM] FINISH: ECALL caught, CPU is freezing!
-----------------------------------------------------------------
Time: 14840000 | PC = 0x00000038 | Inst = 0x00000000 (BUBBLE)
          -> [SYSTEM] FINISH: ECALL caught, CPU is freezing!
-----------------------------------------------------------------
Time: 14850000 | PC = 0x00000038 | Inst = 0x00000000 (BUBBLE)
          -> [SYSTEM] FINISH: ECALL caught, CPU is freezing!
-----------------------------------------------------------------
Time: 14860000 | PC = 0x00000038 | Inst = 0x00000000 (BUBBLE)
          -> [SYSTEM] FINISH: ECALL caught, CPU is freezing!
-----------------------------------------------------------------
Time: 14870000 | PC = 0x00000038 | Inst = 0x00000000 (BUBBLE)
          -> [SYSTEM] FINISH: ECALL caught, CPU is freezing!
-----------------------------------------------------------------
Time: 14880000 | PC = 0x00000038 | Inst = 0x00000000 (BUBBLE)
          -> [SYSTEM] FINISH: ECALL caught, CPU is freezing!
-----------------------------------------------------------------
Time: 14890000 | PC = 0x00000038 | Inst = 0x00000000 (BUBBLE)
          -> [SYSTEM] FINISH: ECALL caught, CPU is freezing!
-----------------------------------------------------------------
Time: 14900000 | PC = 0x00000038 | Inst = 0x00000000 (BUBBLE)
          -> [SYSTEM] FINISH: ECALL caught, CPU is freezing!
-----------------------------------------------------------------
Time: 14910000 | PC = 0x00000038 | Inst = 0x00000000 (BUBBLE)
          -> [SYSTEM] FINISH: ECALL caught, CPU is freezing!
-----------------------------------------------------------------
Time: 14920000 | PC = 0x00000038 | Inst = 0x00000000 (BUBBLE)
          -> [SYSTEM] FINISH: ECALL caught, CPU is freezing!
-----------------------------------------------------------------
Time: 14930000 | PC = 0x00000038 | Inst = 0x00000000 (BUBBLE)
          -> [SYSTEM] FINISH: ECALL caught, CPU is freezing!
-----------------------------------------------------------------
Time: 14940000 | PC = 0x00000038 | Inst = 0x00000000 (BUBBLE)
          -> [SYSTEM] FINISH: ECALL caught, CPU is freezing!
-----------------------------------------------------------------
Time: 14950000 | PC = 0x00000038 | Inst = 0x00000000 (BUBBLE)
          -> [SYSTEM] FINISH: ECALL caught, CPU is freezing!
-----------------------------------------------------------------
Time: 14960000 | PC = 0x00000038 | Inst = 0x00000000 (BUBBLE)
          -> [SYSTEM] FINISH: ECALL caught, CPU is freezing!
-----------------------------------------------------------------
Time: 14970000 | PC = 0x00000038 | Inst = 0x00000000 (BUBBLE)
          -> [SYSTEM] FINISH: ECALL caught, CPU is freezing!
-----------------------------------------------------------------
Time: 14980000 | PC = 0x00000038 | Inst = 0x00000000 (BUBBLE)
          -> [SYSTEM] FINISH: ECALL caught, CPU is freezing!
-----------------------------------------------------------------
Time: 14990000 | PC = 0x00000038 | Inst = 0x00000000 (BUBBLE)
          -> [SYSTEM] FINISH: ECALL caught, CPU is freezing!
-----------------------------------------------------------------
Time: 15000000 | PC = 0x00000038 | Inst = 0x00000000 (BUBBLE)
          -> [SYSTEM] FINISH: ECALL caught, CPU is freezing!
-----------------------------------------------------------------
Time: 15010000 | PC = 0x00000038 | Inst = 0x00000000 (BUBBLE)
          -> [SYSTEM] FINISH: ECALL caught, CPU is freezing!
-----------------------------------------------------------------
Time: 15020000 | PC = 0x00000038 | Inst = 0x00000000 (BUBBLE)
          -> [SYSTEM] FINISH: ECALL caught, CPU is freezing!
-----------------------------------------------------------------
Time: 15030000 | PC = 0x00000038 | Inst = 0x00000000 (BUBBLE)
          -> [SYSTEM] FINISH: ECALL caught, CPU is freezing!
-----------------------------------------------------------------
Time: 15040000 | PC = 0x00000038 | Inst = 0x00000000 (BUBBLE)
          -> [SYSTEM] FINISH: ECALL caught, CPU is freezing!
-----------------------------------------------------------------
Time: 15050000 | PC = 0x00000038 | Inst = 0x00000000 (BUBBLE)
          -> [SYSTEM] FINISH: ECALL caught, CPU is freezing!
-----------------------------------------------------------------
Time: 15060000 | PC = 0x00000038 | Inst = 0x00000000 (BUBBLE)
          -> [SYSTEM] FINISH: ECALL caught, CPU is freezing!
-----------------------------------------------------------------
Time: 15070000 | PC = 0x00000038 | Inst = 0x00000000 (BUBBLE)
          -> [SYSTEM] FINISH: ECALL caught, CPU is freezing!
-----------------------------------------------------------------
Time: 15080000 | PC = 0x00000038 | Inst = 0x00000000 (BUBBLE)
          -> [SYSTEM] FINISH: ECALL caught, CPU is freezing!
-----------------------------------------------------------------
Time: 15090000 | PC = 0x00000038 | Inst = 0x00000000 (BUBBLE)
          -> [SYSTEM] FINISH: ECALL caught, CPU is freezing!
-----------------------------------------------------------------
Time: 15100000 | PC = 0x00000038 | Inst = 0x00000000 (BUBBLE)
          -> [SYSTEM] FINISH: ECALL caught, CPU is freezing!
-----------------------------------------------------------------
Time: 15110000 | PC = 0x00000038 | Inst = 0x00000000 (BUBBLE)
          -> [SYSTEM] FINISH: ECALL caught, CPU is freezing!
-----------------------------------------------------------------
Time: 15120000 | PC = 0x00000038 | Inst = 0x00000000 (BUBBLE)
          -> [SYSTEM] FINISH: ECALL caught, CPU is freezing!
-----------------------------------------------------------------
Time: 15130000 | PC = 0x00000038 | Inst = 0x00000000 (BUBBLE)
          -> [SYSTEM] FINISH: ECALL caught, CPU is freezing!
-----------------------------------------------------------------
Time: 15140000 | PC = 0x00000038 | Inst = 0x00000000 (BUBBLE)
          -> [SYSTEM] FINISH: ECALL caught, CPU is freezing!
-----------------------------------------------------------------
Time: 15150000 | PC = 0x00000038 | Inst = 0x00000000 (BUBBLE)
          -> [SYSTEM] FINISH: ECALL caught, CPU is freezing!
-----------------------------------------------------------------
Time: 15160000 | PC = 0x00000038 | Inst = 0x00000000 (BUBBLE)
          -> [SYSTEM] FINISH: ECALL caught, CPU is freezing!
-----------------------------------------------------------------
Time: 15170000 | PC = 0x00000038 | Inst = 0x00000000 (BUBBLE)
          -> [SYSTEM] FINISH: ECALL caught, CPU is freezing!
-----------------------------------------------------------------
Time: 15180000 | PC = 0x00000038 | Inst = 0x00000000 (BUBBLE)
          -> [SYSTEM] FINISH: ECALL caught, CPU is freezing!
-----------------------------------------------------------------
Time: 15190000 | PC = 0x00000038 | Inst = 0x00000000 (BUBBLE)
          -> [SYSTEM] FINISH: ECALL caught, CPU is freezing!
-----------------------------------------------------------------
Time: 15200000 | PC = 0x00000038 | Inst = 0x00000000 (BUBBLE)
          -> [SYSTEM] FINISH: ECALL caught, CPU is freezing!
-----------------------------------------------------------------
Time: 15210000 | PC = 0x00000038 | Inst = 0x00000000 (BUBBLE)
          -> [SYSTEM] FINISH: ECALL caught, CPU is freezing!
-----------------------------------------------------------------
Time: 15220000 | PC = 0x00000038 | Inst = 0x00000000 (BUBBLE)
          -> [SYSTEM] FINISH: ECALL caught, CPU is freezing!
-----------------------------------------------------------------
Time: 15230000 | PC = 0x00000038 | Inst = 0x00000000 (BUBBLE)
          -> [SYSTEM] FINISH: ECALL caught, CPU is freezing!
-----------------------------------------------------------------
Time: 15240000 | PC = 0x00000038 | Inst = 0x00000000 (BUBBLE)
          -> [SYSTEM] FINISH: ECALL caught, CPU is freezing!
-----------------------------------------------------------------
Time: 15250000 | PC = 0x00000038 | Inst = 0x00000000 (BUBBLE)
          -> [SYSTEM] FINISH: ECALL caught, CPU is freezing!
-----------------------------------------------------------------
Time: 15260000 | PC = 0x00000038 | Inst = 0x00000000 (BUBBLE)
          -> [SYSTEM] FINISH: ECALL caught, CPU is freezing!
-----------------------------------------------------------------
Time: 15270000 | PC = 0x00000038 | Inst = 0x00000000 (BUBBLE)
          -> [SYSTEM] FINISH: ECALL caught, CPU is freezing!
-----------------------------------------------------------------
Time: 15280000 | PC = 0x00000038 | Inst = 0x00000000 (BUBBLE)
          -> [SYSTEM] FINISH: ECALL caught, CPU is freezing!
-----------------------------------------------------------------
Time: 15290000 | PC = 0x00000038 | Inst = 0x00000000 (BUBBLE)
          -> [SYSTEM] FINISH: ECALL caught, CPU is freezing!
-----------------------------------------------------------------
Time: 15300000 | PC = 0x00000038 | Inst = 0x00000000 (BUBBLE)
          -> [SYSTEM] FINISH: ECALL caught, CPU is freezing!
-----------------------------------------------------------------
Time: 15310000 | PC = 0x00000038 | Inst = 0x00000000 (BUBBLE)
          -> [SYSTEM] FINISH: ECALL caught, CPU is freezing!
-----------------------------------------------------------------
Time: 15320000 | PC = 0x00000038 | Inst = 0x00000000 (BUBBLE)
          -> [SYSTEM] FINISH: ECALL caught, CPU is freezing!
-----------------------------------------------------------------
Time: 15330000 | PC = 0x00000038 | Inst = 0x00000000 (BUBBLE)
          -> [SYSTEM] FINISH: ECALL caught, CPU is freezing!
-----------------------------------------------------------------
Time: 15340000 | PC = 0x00000038 | Inst = 0x00000000 (BUBBLE)
          -> [SYSTEM] FINISH: ECALL caught, CPU is freezing!
-----------------------------------------------------------------
Time: 15350000 | PC = 0x00000038 | Inst = 0x00000000 (BUBBLE)
          -> [SYSTEM] FINISH: ECALL caught, CPU is freezing!
-----------------------------------------------------------------
Time: 15360000 | PC = 0x00000038 | Inst = 0x00000000 (BUBBLE)
          -> [SYSTEM] FINISH: ECALL caught, CPU is freezing!
-----------------------------------------------------------------
Time: 15370000 | PC = 0x00000038 | Inst = 0x00000000 (BUBBLE)
          -> [SYSTEM] FINISH: ECALL caught, CPU is freezing!
-----------------------------------------------------------------
Time: 15380000 | PC = 0x00000038 | Inst = 0x00000000 (BUBBLE)
          -> [SYSTEM] FINISH: ECALL caught, CPU is freezing!
-----------------------------------------------------------------
Time: 15390000 | PC = 0x00000038 | Inst = 0x00000000 (BUBBLE)
          -> [SYSTEM] FINISH: ECALL caught, CPU is freezing!
-----------------------------------------------------------------
Time: 15400000 | PC = 0x00000038 | Inst = 0x00000000 (BUBBLE)
          -> [SYSTEM] FINISH: ECALL caught, CPU is freezing!
-----------------------------------------------------------------
Time: 15410000 | PC = 0x00000038 | Inst = 0x00000000 (BUBBLE)
          -> [SYSTEM] FINISH: ECALL caught, CPU is freezing!
-----------------------------------------------------------------
Time: 15420000 | PC = 0x00000038 | Inst = 0x00000000 (BUBBLE)
          -> [SYSTEM] FINISH: ECALL caught, CPU is freezing!
-----------------------------------------------------------------
Time: 15430000 | PC = 0x00000038 | Inst = 0x00000000 (BUBBLE)
          -> [SYSTEM] FINISH: ECALL caught, CPU is freezing!
-----------------------------------------------------------------
Time: 15440000 | PC = 0x00000038 | Inst = 0x00000000 (BUBBLE)
          -> [SYSTEM] FINISH: ECALL caught, CPU is freezing!
-----------------------------------------------------------------
Time: 15450000 | PC = 0x00000038 | Inst = 0x00000000 (BUBBLE)
          -> [SYSTEM] FINISH: ECALL caught, CPU is freezing!
-----------------------------------------------------------------
Time: 15460000 | PC = 0x00000038 | Inst = 0x00000000 (BUBBLE)
          -> [SYSTEM] FINISH: ECALL caught, CPU is freezing!
-----------------------------------------------------------------
Time: 15470000 | PC = 0x00000038 | Inst = 0x00000000 (BUBBLE)
          -> [SYSTEM] FINISH: ECALL caught, CPU is freezing!
-----------------------------------------------------------------
Time: 15480000 | PC = 0x00000038 | Inst = 0x00000000 (BUBBLE)
          -> [SYSTEM] FINISH: ECALL caught, CPU is freezing!
-----------------------------------------------------------------
Time: 15490000 | PC = 0x00000038 | Inst = 0x00000000 (BUBBLE)
          -> [SYSTEM] FINISH: ECALL caught, CPU is freezing!
-----------------------------------------------------------------
Time: 15500000 | PC = 0x00000038 | Inst = 0x00000000 (BUBBLE)
          -> [SYSTEM] FINISH: ECALL caught, CPU is freezing!
-----------------------------------------------------------------
Time: 15510000 | PC = 0x00000038 | Inst = 0x00000000 (BUBBLE)
          -> [SYSTEM] FINISH: ECALL caught, CPU is freezing!
-----------------------------------------------------------------
Time: 15520000 | PC = 0x00000038 | Inst = 0x00000000 (BUBBLE)
          -> [SYSTEM] FINISH: ECALL caught, CPU is freezing!
-----------------------------------------------------------------
Time: 15530000 | PC = 0x00000038 | Inst = 0x00000000 (BUBBLE)
          -> [SYSTEM] FINISH: ECALL caught, CPU is freezing!
-----------------------------------------------------------------
Time: 15540000 | PC = 0x00000038 | Inst = 0x00000000 (BUBBLE)
          -> [SYSTEM] FINISH: ECALL caught, CPU is freezing!
-----------------------------------------------------------------
Time: 15550000 | PC = 0x00000038 | Inst = 0x00000000 (BUBBLE)
          -> [SYSTEM] FINISH: ECALL caught, CPU is freezing!
-----------------------------------------------------------------
Time: 15560000 | PC = 0x00000038 | Inst = 0x00000000 (BUBBLE)
          -> [SYSTEM] FINISH: ECALL caught, CPU is freezing!
-----------------------------------------------------------------
Time: 15570000 | PC = 0x00000038 | Inst = 0x00000000 (BUBBLE)
          -> [SYSTEM] FINISH: ECALL caught, CPU is freezing!
-----------------------------------------------------------------
Time: 15580000 | PC = 0x00000038 | Inst = 0x00000000 (BUBBLE)
          -> [SYSTEM] FINISH: ECALL caught, CPU is freezing!
-----------------------------------------------------------------
Time: 15590000 | PC = 0x00000038 | Inst = 0x00000000 (BUBBLE)
          -> [SYSTEM] FINISH: ECALL caught, CPU is freezing!
-----------------------------------------------------------------
Time: 15600000 | PC = 0x00000038 | Inst = 0x00000000 (BUBBLE)
          -> [SYSTEM] FINISH: ECALL caught, CPU is freezing!
-----------------------------------------------------------------
Time: 15610000 | PC = 0x00000038 | Inst = 0x00000000 (BUBBLE)
          -> [SYSTEM] FINISH: ECALL caught, CPU is freezing!
-----------------------------------------------------------------
Time: 15620000 | PC = 0x00000038 | Inst = 0x00000000 (BUBBLE)
          -> [SYSTEM] FINISH: ECALL caught, CPU is freezing!
-----------------------------------------------------------------
Time: 15630000 | PC = 0x00000038 | Inst = 0x00000000 (BUBBLE)
          -> [SYSTEM] FINISH: ECALL caught, CPU is freezing!
-----------------------------------------------------------------
Time: 15640000 | PC = 0x00000038 | Inst = 0x00000000 (BUBBLE)
          -> [SYSTEM] FINISH: ECALL caught, CPU is freezing!
-----------------------------------------------------------------
Time: 15650000 | PC = 0x00000038 | Inst = 0x00000000 (BUBBLE)
          -> [SYSTEM] FINISH: ECALL caught, CPU is freezing!
-----------------------------------------------------------------
Time: 15660000 | PC = 0x00000038 | Inst = 0x00000000 (BUBBLE)
          -> [SYSTEM] FINISH: ECALL caught, CPU is freezing!
-----------------------------------------------------------------
Time: 15670000 | PC = 0x00000038 | Inst = 0x00000000 (BUBBLE)
          -> [SYSTEM] FINISH: ECALL caught, CPU is freezing!
-----------------------------------------------------------------
Time: 15680000 | PC = 0x00000038 | Inst = 0x00000000 (BUBBLE)
          -> [SYSTEM] FINISH: ECALL caught, CPU is freezing!
-----------------------------------------------------------------
Time: 15690000 | PC = 0x00000038 | Inst = 0x00000000 (BUBBLE)
          -> [SYSTEM] FINISH: ECALL caught, CPU is freezing!
-----------------------------------------------------------------
Time: 15700000 | PC = 0x00000038 | Inst = 0x00000000 (BUBBLE)
          -> [SYSTEM] FINISH: ECALL caught, CPU is freezing!
-----------------------------------------------------------------
Time: 15710000 | PC = 0x00000038 | Inst = 0x00000000 (BUBBLE)
          -> [SYSTEM] FINISH: ECALL caught, CPU is freezing!
-----------------------------------------------------------------
Time: 15720000 | PC = 0x00000038 | Inst = 0x00000000 (BUBBLE)
          -> [SYSTEM] FINISH: ECALL caught, CPU is freezing!
-----------------------------------------------------------------
Time: 15730000 | PC = 0x00000038 | Inst = 0x00000000 (BUBBLE)
          -> [SYSTEM] FINISH: ECALL caught, CPU is freezing!
-----------------------------------------------------------------
Time: 15740000 | PC = 0x00000038 | Inst = 0x00000000 (BUBBLE)
          -> [SYSTEM] FINISH: ECALL caught, CPU is freezing!
-----------------------------------------------------------------
Time: 15750000 | PC = 0x00000038 | Inst = 0x00000000 (BUBBLE)
          -> [SYSTEM] FINISH: ECALL caught, CPU is freezing!
-----------------------------------------------------------------
Time: 15760000 | PC = 0x00000038 | Inst = 0x00000000 (BUBBLE)
          -> [SYSTEM] FINISH: ECALL caught, CPU is freezing!
-----------------------------------------------------------------
Time: 15770000 | PC = 0x00000038 | Inst = 0x00000000 (BUBBLE)
          -> [SYSTEM] FINISH: ECALL caught, CPU is freezing!
-----------------------------------------------------------------
Time: 15780000 | PC = 0x00000038 | Inst = 0x00000000 (BUBBLE)
          -> [SYSTEM] FINISH: ECALL caught, CPU is freezing!
-----------------------------------------------------------------
Time: 15790000 | PC = 0x00000038 | Inst = 0x00000000 (BUBBLE)
          -> [SYSTEM] FINISH: ECALL caught, CPU is freezing!
-----------------------------------------------------------------
Time: 15800000 | PC = 0x00000038 | Inst = 0x00000000 (BUBBLE)
          -> [SYSTEM] FINISH: ECALL caught, CPU is freezing!
-----------------------------------------------------------------
Time: 15810000 | PC = 0x00000038 | Inst = 0x00000000 (BUBBLE)
          -> [SYSTEM] FINISH: ECALL caught, CPU is freezing!
-----------------------------------------------------------------
Time: 15820000 | PC = 0x00000038 | Inst = 0x00000000 (BUBBLE)
          -> [SYSTEM] FINISH: ECALL caught, CPU is freezing!
-----------------------------------------------------------------
Time: 15830000 | PC = 0x00000038 | Inst = 0x00000000 (BUBBLE)
          -> [SYSTEM] FINISH: ECALL caught, CPU is freezing!
-----------------------------------------------------------------
Time: 15840000 | PC = 0x00000038 | Inst = 0x00000000 (BUBBLE)
          -> [SYSTEM] FINISH: ECALL caught, CPU is freezing!
-----------------------------------------------------------------
Time: 15850000 | PC = 0x00000038 | Inst = 0x00000000 (BUBBLE)
          -> [SYSTEM] FINISH: ECALL caught, CPU is freezing!
-----------------------------------------------------------------
Time: 15860000 | PC = 0x00000038 | Inst = 0x00000000 (BUBBLE)
          -> [SYSTEM] FINISH: ECALL caught, CPU is freezing!
-----------------------------------------------------------------
Time: 15870000 | PC = 0x00000038 | Inst = 0x00000000 (BUBBLE)
          -> [SYSTEM] FINISH: ECALL caught, CPU is freezing!
-----------------------------------------------------------------
Time: 15880000 | PC = 0x00000038 | Inst = 0x00000000 (BUBBLE)
          -> [SYSTEM] FINISH: ECALL caught, CPU is freezing!
-----------------------------------------------------------------
Time: 15890000 | PC = 0x00000038 | Inst = 0x00000000 (BUBBLE)
          -> [SYSTEM] FINISH: ECALL caught, CPU is freezing!
-----------------------------------------------------------------
Time: 15900000 | PC = 0x00000038 | Inst = 0x00000000 (BUBBLE)
          -> [SYSTEM] FINISH: ECALL caught, CPU is freezing!
-----------------------------------------------------------------
Time: 15910000 | PC = 0x00000038 | Inst = 0x00000000 (BUBBLE)
          -> [SYSTEM] FINISH: ECALL caught, CPU is freezing!
-----------------------------------------------------------------
Time: 15920000 | PC = 0x00000038 | Inst = 0x00000000 (BUBBLE)
          -> [SYSTEM] FINISH: ECALL caught, CPU is freezing!
-----------------------------------------------------------------
Time: 15930000 | PC = 0x00000038 | Inst = 0x00000000 (BUBBLE)
          -> [SYSTEM] FINISH: ECALL caught, CPU is freezing!
-----------------------------------------------------------------
Time: 15940000 | PC = 0x00000038 | Inst = 0x00000000 (BUBBLE)
          -> [SYSTEM] FINISH: ECALL caught, CPU is freezing!
-----------------------------------------------------------------
Time: 15950000 | PC = 0x00000038 | Inst = 0x00000000 (BUBBLE)
          -> [SYSTEM] FINISH: ECALL caught, CPU is freezing!
-----------------------------------------------------------------
Time: 15960000 | PC = 0x00000038 | Inst = 0x00000000 (BUBBLE)
          -> [SYSTEM] FINISH: ECALL caught, CPU is freezing!
-----------------------------------------------------------------
Time: 15970000 | PC = 0x00000038 | Inst = 0x00000000 (BUBBLE)
          -> [SYSTEM] FINISH: ECALL caught, CPU is freezing!
-----------------------------------------------------------------
Time: 15980000 | PC = 0x00000038 | Inst = 0x00000000 (BUBBLE)
          -> [SYSTEM] FINISH: ECALL caught, CPU is freezing!
-----------------------------------------------------------------
Time: 15990000 | PC = 0x00000038 | Inst = 0x00000000 (BUBBLE)
          -> [SYSTEM] FINISH: ECALL caught, CPU is freezing!
-----------------------------------------------------------------
Time: 16000000 | PC = 0x00000038 | Inst = 0x00000000 (BUBBLE)
          -> [SYSTEM] FINISH: ECALL caught, CPU is freezing!
-----------------------------------------------------------------
Time: 16010000 | PC = 0x00000038 | Inst = 0x00000000 (BUBBLE)
          -> [SYSTEM] FINISH: ECALL caught, CPU is freezing!
-----------------------------------------------------------------
Time: 16020000 | PC = 0x00000038 | Inst = 0x00000000 (BUBBLE)
          -> [SYSTEM] FINISH: ECALL caught, CPU is freezing!
-----------------------------------------------------------------
Time: 16030000 | PC = 0x00000038 | Inst = 0x00000000 (BUBBLE)
          -> [SYSTEM] FINISH: ECALL caught, CPU is freezing!
-----------------------------------------------------------------
Time: 16040000 | PC = 0x00000038 | Inst = 0x00000000 (BUBBLE)
          -> [SYSTEM] FINISH: ECALL caught, CPU is freezing!
-----------------------------------------------------------------
Time: 16050000 | PC = 0x00000038 | Inst = 0x00000000 (BUBBLE)
          -> [SYSTEM] FINISH: ECALL caught, CPU is freezing!
-----------------------------------------------------------------
Time: 16060000 | PC = 0x00000038 | Inst = 0x00000000 (BUBBLE)
          -> [SYSTEM] FINISH: ECALL caught, CPU is freezing!
-----------------------------------------------------------------
Time: 16070000 | PC = 0x00000038 | Inst = 0x00000000 (BUBBLE)
          -> [SYSTEM] FINISH: ECALL caught, CPU is freezing!
-----------------------------------------------------------------
Time: 16080000 | PC = 0x00000038 | Inst = 0x00000000 (BUBBLE)
          -> [SYSTEM] FINISH: ECALL caught, CPU is freezing!
-----------------------------------------------------------------
Time: 16090000 | PC = 0x00000038 | Inst = 0x00000000 (BUBBLE)
          -> [SYSTEM] FINISH: ECALL caught, CPU is freezing!
-----------------------------------------------------------------
Time: 16100000 | PC = 0x00000038 | Inst = 0x00000000 (BUBBLE)
          -> [SYSTEM] FINISH: ECALL caught, CPU is freezing!
-----------------------------------------------------------------
Time: 16110000 | PC = 0x00000038 | Inst = 0x00000000 (BUBBLE)
          -> [SYSTEM] FINISH: ECALL caught, CPU is freezing!
-----------------------------------------------------------------
Time: 16120000 | PC = 0x00000038 | Inst = 0x00000000 (BUBBLE)
          -> [SYSTEM] FINISH: ECALL caught, CPU is freezing!
-----------------------------------------------------------------
Time: 16130000 | PC = 0x00000038 | Inst = 0x00000000 (BUBBLE)
          -> [SYSTEM] FINISH: ECALL caught, CPU is freezing!
-----------------------------------------------------------------
Time: 16140000 | PC = 0x00000038 | Inst = 0x00000000 (BUBBLE)
          -> [SYSTEM] FINISH: ECALL caught, CPU is freezing!
-----------------------------------------------------------------
Time: 16150000 | PC = 0x00000038 | Inst = 0x00000000 (BUBBLE)
          -> [SYSTEM] FINISH: ECALL caught, CPU is freezing!
-----------------------------------------------------------------
Time: 16160000 | PC = 0x00000038 | Inst = 0x00000000 (BUBBLE)
          -> [SYSTEM] FINISH: ECALL caught, CPU is freezing!
-----------------------------------------------------------------
Time: 16170000 | PC = 0x00000038 | Inst = 0x00000000 (BUBBLE)
          -> [SYSTEM] FINISH: ECALL caught, CPU is freezing!
-----------------------------------------------------------------
Time: 16180000 | PC = 0x00000038 | Inst = 0x00000000 (BUBBLE)
          -> [SYSTEM] FINISH: ECALL caught, CPU is freezing!
-----------------------------------------------------------------
Time: 16190000 | PC = 0x00000038 | Inst = 0x00000000 (BUBBLE)
          -> [SYSTEM] FINISH: ECALL caught, CPU is freezing!
-----------------------------------------------------------------
Time: 16200000 | PC = 0x00000038 | Inst = 0x00000000 (BUBBLE)
          -> [SYSTEM] FINISH: ECALL caught, CPU is freezing!
-----------------------------------------------------------------
Time: 16210000 | PC = 0x00000038 | Inst = 0x00000000 (BUBBLE)
          -> [SYSTEM] FINISH: ECALL caught, CPU is freezing!
-----------------------------------------------------------------
Time: 16220000 | PC = 0x00000038 | Inst = 0x00000000 (BUBBLE)
          -> [SYSTEM] FINISH: ECALL caught, CPU is freezing!
-----------------------------------------------------------------
Time: 16230000 | PC = 0x00000038 | Inst = 0x00000000 (BUBBLE)
          -> [SYSTEM] FINISH: ECALL caught, CPU is freezing!
-----------------------------------------------------------------
Time: 16240000 | PC = 0x00000038 | Inst = 0x00000000 (BUBBLE)
          -> [SYSTEM] FINISH: ECALL caught, CPU is freezing!
-----------------------------------------------------------------
Time: 16250000 | PC = 0x00000038 | Inst = 0x00000000 (BUBBLE)
          -> [SYSTEM] FINISH: ECALL caught, CPU is freezing!
-----------------------------------------------------------------
Time: 16260000 | PC = 0x00000038 | Inst = 0x00000000 (BUBBLE)
          -> [SYSTEM] FINISH: ECALL caught, CPU is freezing!
-----------------------------------------------------------------
Time: 16270000 | PC = 0x00000038 | Inst = 0x00000000 (BUBBLE)
          -> [SYSTEM] FINISH: ECALL caught, CPU is freezing!
-----------------------------------------------------------------
Time: 16280000 | PC = 0x00000038 | Inst = 0x00000000 (BUBBLE)
          -> [SYSTEM] FINISH: ECALL caught, CPU is freezing!
-----------------------------------------------------------------
Time: 16290000 | PC = 0x00000038 | Inst = 0x00000000 (BUBBLE)
          -> [SYSTEM] FINISH: ECALL caught, CPU is freezing!
-----------------------------------------------------------------
Time: 16300000 | PC = 0x00000038 | Inst = 0x00000000 (BUBBLE)
          -> [SYSTEM] FINISH: ECALL caught, CPU is freezing!
-----------------------------------------------------------------
Time: 16310000 | PC = 0x00000038 | Inst = 0x00000000 (BUBBLE)
          -> [SYSTEM] FINISH: ECALL caught, CPU is freezing!
-----------------------------------------------------------------
Time: 16320000 | PC = 0x00000038 | Inst = 0x00000000 (BUBBLE)
          -> [SYSTEM] FINISH: ECALL caught, CPU is freezing!
-----------------------------------------------------------------
Time: 16330000 | PC = 0x00000038 | Inst = 0x00000000 (BUBBLE)
          -> [SYSTEM] FINISH: ECALL caught, CPU is freezing!
-----------------------------------------------------------------
Time: 16340000 | PC = 0x00000038 | Inst = 0x00000000 (BUBBLE)
          -> [SYSTEM] FINISH: ECALL caught, CPU is freezing!
-----------------------------------------------------------------
Time: 16350000 | PC = 0x00000038 | Inst = 0x00000000 (BUBBLE)
          -> [SYSTEM] FINISH: ECALL caught, CPU is freezing!
-----------------------------------------------------------------
Time: 16360000 | PC = 0x00000038 | Inst = 0x00000000 (BUBBLE)
          -> [SYSTEM] FINISH: ECALL caught, CPU is freezing!
-----------------------------------------------------------------
Time: 16370000 | PC = 0x00000038 | Inst = 0x00000000 (BUBBLE)
          -> [SYSTEM] FINISH: ECALL caught, CPU is freezing!
-----------------------------------------------------------------
Time: 16380000 | PC = 0x00000038 | Inst = 0x00000000 (BUBBLE)
          -> [SYSTEM] FINISH: ECALL caught, CPU is freezing!
-----------------------------------------------------------------
Time: 16390000 | PC = 0x00000038 | Inst = 0x00000000 (BUBBLE)
          -> [SYSTEM] FINISH: ECALL caught, CPU is freezing!
-----------------------------------------------------------------
Time: 16400000 | PC = 0x00000038 | Inst = 0x00000000 (BUBBLE)
          -> [SYSTEM] FINISH: ECALL caught, CPU is freezing!
-----------------------------------------------------------------
Time: 16410000 | PC = 0x00000038 | Inst = 0x00000000 (BUBBLE)
          -> [SYSTEM] FINISH: ECALL caught, CPU is freezing!
-----------------------------------------------------------------
Time: 16420000 | PC = 0x00000038 | Inst = 0x00000000 (BUBBLE)
          -> [SYSTEM] FINISH: ECALL caught, CPU is freezing!
-----------------------------------------------------------------
Time: 16430000 | PC = 0x00000038 | Inst = 0x00000000 (BUBBLE)
          -> [SYSTEM] FINISH: ECALL caught, CPU is freezing!
-----------------------------------------------------------------
Time: 16440000 | PC = 0x00000038 | Inst = 0x00000000 (BUBBLE)
          -> [SYSTEM] FINISH: ECALL caught, CPU is freezing!
-----------------------------------------------------------------
Time: 16450000 | PC = 0x00000038 | Inst = 0x00000000 (BUBBLE)
          -> [SYSTEM] FINISH: ECALL caught, CPU is freezing!
-----------------------------------------------------------------
Time: 16460000 | PC = 0x00000038 | Inst = 0x00000000 (BUBBLE)
          -> [SYSTEM] FINISH: ECALL caught, CPU is freezing!
-----------------------------------------------------------------
Time: 16470000 | PC = 0x00000038 | Inst = 0x00000000 (BUBBLE)
          -> [SYSTEM] FINISH: ECALL caught, CPU is freezing!
-----------------------------------------------------------------
Time: 16480000 | PC = 0x00000038 | Inst = 0x00000000 (BUBBLE)
          -> [SYSTEM] FINISH: ECALL caught, CPU is freezing!
-----------------------------------------------------------------
Time: 16490000 | PC = 0x00000038 | Inst = 0x00000000 (BUBBLE)
          -> [SYSTEM] FINISH: ECALL caught, CPU is freezing!
-----------------------------------------------------------------
Time: 16500000 | PC = 0x00000038 | Inst = 0x00000000 (BUBBLE)
          -> [SYSTEM] FINISH: ECALL caught, CPU is freezing!
-----------------------------------------------------------------
Time: 16510000 | PC = 0x00000038 | Inst = 0x00000000 (BUBBLE)
          -> [SYSTEM] FINISH: ECALL caught, CPU is freezing!
-----------------------------------------------------------------
Time: 16520000 | PC = 0x00000038 | Inst = 0x00000000 (BUBBLE)
          -> [SYSTEM] FINISH: ECALL caught, CPU is freezing!
-----------------------------------------------------------------
Time: 16530000 | PC = 0x00000038 | Inst = 0x00000000 (BUBBLE)
          -> [SYSTEM] FINISH: ECALL caught, CPU is freezing!
-----------------------------------------------------------------
Time: 16540000 | PC = 0x00000038 | Inst = 0x00000000 (BUBBLE)
          -> [SYSTEM] FINISH: ECALL caught, CPU is freezing!
-----------------------------------------------------------------
Time: 16550000 | PC = 0x00000038 | Inst = 0x00000000 (BUBBLE)
          -> [SYSTEM] FINISH: ECALL caught, CPU is freezing!
-----------------------------------------------------------------
Time: 16560000 | PC = 0x00000038 | Inst = 0x00000000 (BUBBLE)
          -> [SYSTEM] FINISH: ECALL caught, CPU is freezing!
-----------------------------------------------------------------
Time: 16570000 | PC = 0x00000038 | Inst = 0x00000000 (BUBBLE)
          -> [SYSTEM] FINISH: ECALL caught, CPU is freezing!
-----------------------------------------------------------------
Time: 16580000 | PC = 0x00000038 | Inst = 0x00000000 (BUBBLE)
          -> [SYSTEM] FINISH: ECALL caught, CPU is freezing!
-----------------------------------------------------------------
Time: 16590000 | PC = 0x00000038 | Inst = 0x00000000 (BUBBLE)
          -> [SYSTEM] FINISH: ECALL caught, CPU is freezing!
-----------------------------------------------------------------
Time: 16600000 | PC = 0x00000038 | Inst = 0x00000000 (BUBBLE)
          -> [SYSTEM] FINISH: ECALL caught, CPU is freezing!
-----------------------------------------------------------------
Time: 16610000 | PC = 0x00000038 | Inst = 0x00000000 (BUBBLE)
          -> [SYSTEM] FINISH: ECALL caught, CPU is freezing!
-----------------------------------------------------------------
Time: 16620000 | PC = 0x00000038 | Inst = 0x00000000 (BUBBLE)
          -> [SYSTEM] FINISH: ECALL caught, CPU is freezing!
-----------------------------------------------------------------
Time: 16630000 | PC = 0x00000038 | Inst = 0x00000000 (BUBBLE)
          -> [SYSTEM] FINISH: ECALL caught, CPU is freezing!
-----------------------------------------------------------------
Time: 16640000 | PC = 0x00000038 | Inst = 0x00000000 (BUBBLE)
          -> [SYSTEM] FINISH: ECALL caught, CPU is freezing!
-----------------------------------------------------------------
Time: 16650000 | PC = 0x00000038 | Inst = 0x00000000 (BUBBLE)
          -> [SYSTEM] FINISH: ECALL caught, CPU is freezing!
-----------------------------------------------------------------
Time: 16660000 | PC = 0x00000038 | Inst = 0x00000000 (BUBBLE)
          -> [SYSTEM] FINISH: ECALL caught, CPU is freezing!
-----------------------------------------------------------------
Time: 16670000 | PC = 0x00000038 | Inst = 0x00000000 (BUBBLE)
          -> [SYSTEM] FINISH: ECALL caught, CPU is freezing!
-----------------------------------------------------------------
Time: 16680000 | PC = 0x00000038 | Inst = 0x00000000 (BUBBLE)
          -> [SYSTEM] FINISH: ECALL caught, CPU is freezing!
-----------------------------------------------------------------
Time: 16690000 | PC = 0x00000038 | Inst = 0x00000000 (BUBBLE)
          -> [SYSTEM] FINISH: ECALL caught, CPU is freezing!
-----------------------------------------------------------------
Time: 16700000 | PC = 0x00000038 | Inst = 0x00000000 (BUBBLE)
          -> [SYSTEM] FINISH: ECALL caught, CPU is freezing!
-----------------------------------------------------------------
Time: 16710000 | PC = 0x00000038 | Inst = 0x00000000 (BUBBLE)
          -> [SYSTEM] FINISH: ECALL caught, CPU is freezing!
-----------------------------------------------------------------
Time: 16720000 | PC = 0x00000038 | Inst = 0x00000000 (BUBBLE)
          -> [SYSTEM] FINISH: ECALL caught, CPU is freezing!
-----------------------------------------------------------------
Time: 16730000 | PC = 0x00000038 | Inst = 0x00000000 (BUBBLE)
          -> [SYSTEM] FINISH: ECALL caught, CPU is freezing!
-----------------------------------------------------------------
Time: 16740000 | PC = 0x00000038 | Inst = 0x00000000 (BUBBLE)
          -> [SYSTEM] FINISH: ECALL caught, CPU is freezing!
-----------------------------------------------------------------
Time: 16750000 | PC = 0x00000038 | Inst = 0x00000000 (BUBBLE)
          -> [SYSTEM] FINISH: ECALL caught, CPU is freezing!
-----------------------------------------------------------------
Time: 16760000 | PC = 0x00000038 | Inst = 0x00000000 (BUBBLE)
          -> [SYSTEM] FINISH: ECALL caught, CPU is freezing!
-----------------------------------------------------------------
Time: 16770000 | PC = 0x00000038 | Inst = 0x00000000 (BUBBLE)
          -> [SYSTEM] FINISH: ECALL caught, CPU is freezing!
-----------------------------------------------------------------
Time: 16780000 | PC = 0x00000038 | Inst = 0x00000000 (BUBBLE)
          -> [SYSTEM] FINISH: ECALL caught, CPU is freezing!
-----------------------------------------------------------------
Time: 16790000 | PC = 0x00000038 | Inst = 0x00000000 (BUBBLE)
          -> [SYSTEM] FINISH: ECALL caught, CPU is freezing!
-----------------------------------------------------------------
Time: 16800000 | PC = 0x00000038 | Inst = 0x00000000 (BUBBLE)
          -> [SYSTEM] FINISH: ECALL caught, CPU is freezing!
-----------------------------------------------------------------
Time: 16810000 | PC = 0x00000038 | Inst = 0x00000000 (BUBBLE)
          -> [SYSTEM] FINISH: ECALL caught, CPU is freezing!
-----------------------------------------------------------------
Time: 16820000 | PC = 0x00000038 | Inst = 0x00000000 (BUBBLE)
          -> [SYSTEM] FINISH: ECALL caught, CPU is freezing!
-----------------------------------------------------------------
Time: 16830000 | PC = 0x00000038 | Inst = 0x00000000 (BUBBLE)
          -> [SYSTEM] FINISH: ECALL caught, CPU is freezing!
-----------------------------------------------------------------
Time: 16840000 | PC = 0x00000038 | Inst = 0x00000000 (BUBBLE)
          -> [SYSTEM] FINISH: ECALL caught, CPU is freezing!
-----------------------------------------------------------------
Time: 16850000 | PC = 0x00000038 | Inst = 0x00000000 (BUBBLE)
          -> [SYSTEM] FINISH: ECALL caught, CPU is freezing!
-----------------------------------------------------------------
Time: 16860000 | PC = 0x00000038 | Inst = 0x00000000 (BUBBLE)
          -> [SYSTEM] FINISH: ECALL caught, CPU is freezing!
-----------------------------------------------------------------
Time: 16870000 | PC = 0x00000038 | Inst = 0x00000000 (BUBBLE)
          -> [SYSTEM] FINISH: ECALL caught, CPU is freezing!
-----------------------------------------------------------------
Time: 16880000 | PC = 0x00000038 | Inst = 0x00000000 (BUBBLE)
          -> [SYSTEM] FINISH: ECALL caught, CPU is freezing!
-----------------------------------------------------------------
Time: 16890000 | PC = 0x00000038 | Inst = 0x00000000 (BUBBLE)
          -> [SYSTEM] FINISH: ECALL caught, CPU is freezing!
-----------------------------------------------------------------
Time: 16900000 | PC = 0x00000038 | Inst = 0x00000000 (BUBBLE)
          -> [SYSTEM] FINISH: ECALL caught, CPU is freezing!
-----------------------------------------------------------------
Time: 16910000 | PC = 0x00000038 | Inst = 0x00000000 (BUBBLE)
          -> [SYSTEM] FINISH: ECALL caught, CPU is freezing!
-----------------------------------------------------------------
Time: 16920000 | PC = 0x00000038 | Inst = 0x00000000 (BUBBLE)
          -> [SYSTEM] FINISH: ECALL caught, CPU is freezing!
-----------------------------------------------------------------
Time: 16930000 | PC = 0x00000038 | Inst = 0x00000000 (BUBBLE)
          -> [SYSTEM] FINISH: ECALL caught, CPU is freezing!
-----------------------------------------------------------------
Time: 16940000 | PC = 0x00000038 | Inst = 0x00000000 (BUBBLE)
          -> [SYSTEM] FINISH: ECALL caught, CPU is freezing!
-----------------------------------------------------------------
Time: 16950000 | PC = 0x00000038 | Inst = 0x00000000 (BUBBLE)
          -> [SYSTEM] FINISH: ECALL caught, CPU is freezing!
-----------------------------------------------------------------
Time: 16960000 | PC = 0x00000038 | Inst = 0x00000000 (BUBBLE)
          -> [SYSTEM] FINISH: ECALL caught, CPU is freezing!
-----------------------------------------------------------------
Time: 16970000 | PC = 0x00000038 | Inst = 0x00000000 (BUBBLE)
          -> [SYSTEM] FINISH: ECALL caught, CPU is freezing!
-----------------------------------------------------------------
Time: 16980000 | PC = 0x00000038 | Inst = 0x00000000 (BUBBLE)
          -> [SYSTEM] FINISH: ECALL caught, CPU is freezing!
-----------------------------------------------------------------
Time: 16990000 | PC = 0x00000038 | Inst = 0x00000000 (BUBBLE)
          -> [SYSTEM] FINISH: ECALL caught, CPU is freezing!
-----------------------------------------------------------------
Time: 17000000 | PC = 0x00000038 | Inst = 0x00000000 (BUBBLE)
          -> [SYSTEM] FINISH: ECALL caught, CPU is freezing!
-----------------------------------------------------------------
Time: 17010000 | PC = 0x00000038 | Inst = 0x00000000 (BUBBLE)
          -> [SYSTEM] FINISH: ECALL caught, CPU is freezing!
-----------------------------------------------------------------
Time: 17020000 | PC = 0x00000038 | Inst = 0x00000000 (BUBBLE)
          -> [SYSTEM] FINISH: ECALL caught, CPU is freezing!
-----------------------------------------------------------------
Time: 17030000 | PC = 0x00000038 | Inst = 0x00000000 (BUBBLE)
          -> [SYSTEM] FINISH: ECALL caught, CPU is freezing!
-----------------------------------------------------------------
Time: 17040000 | PC = 0x00000038 | Inst = 0x00000000 (BUBBLE)
          -> [SYSTEM] FINISH: ECALL caught, CPU is freezing!
-----------------------------------------------------------------
Time: 17050000 | PC = 0x00000038 | Inst = 0x00000000 (BUBBLE)
          -> [SYSTEM] FINISH: ECALL caught, CPU is freezing!
-----------------------------------------------------------------
Time: 17060000 | PC = 0x00000038 | Inst = 0x00000000 (BUBBLE)
          -> [SYSTEM] FINISH: ECALL caught, CPU is freezing!
-----------------------------------------------------------------
Time: 17070000 | PC = 0x00000038 | Inst = 0x00000000 (BUBBLE)
          -> [SYSTEM] FINISH: ECALL caught, CPU is freezing!
-----------------------------------------------------------------
Time: 17080000 | PC = 0x00000038 | Inst = 0x00000000 (BUBBLE)
          -> [SYSTEM] FINISH: ECALL caught, CPU is freezing!
-----------------------------------------------------------------
Time: 17090000 | PC = 0x00000038 | Inst = 0x00000000 (BUBBLE)
          -> [SYSTEM] FINISH: ECALL caught, CPU is freezing!
-----------------------------------------------------------------
Time: 17100000 | PC = 0x00000038 | Inst = 0x00000000 (BUBBLE)
          -> [SYSTEM] FINISH: ECALL caught, CPU is freezing!
-----------------------------------------------------------------
Time: 17110000 | PC = 0x00000038 | Inst = 0x00000000 (BUBBLE)
          -> [SYSTEM] FINISH: ECALL caught, CPU is freezing!
-----------------------------------------------------------------
Time: 17120000 | PC = 0x00000038 | Inst = 0x00000000 (BUBBLE)
          -> [SYSTEM] FINISH: ECALL caught, CPU is freezing!
-----------------------------------------------------------------
Time: 17130000 | PC = 0x00000038 | Inst = 0x00000000 (BUBBLE)
          -> [SYSTEM] FINISH: ECALL caught, CPU is freezing!
-----------------------------------------------------------------
Time: 17140000 | PC = 0x00000038 | Inst = 0x00000000 (BUBBLE)
          -> [SYSTEM] FINISH: ECALL caught, CPU is freezing!
-----------------------------------------------------------------
Time: 17150000 | PC = 0x00000038 | Inst = 0x00000000 (BUBBLE)
          -> [SYSTEM] FINISH: ECALL caught, CPU is freezing!
-----------------------------------------------------------------
Time: 17160000 | PC = 0x00000038 | Inst = 0x00000000 (BUBBLE)
          -> [SYSTEM] FINISH: ECALL caught, CPU is freezing!
-----------------------------------------------------------------
Time: 17170000 | PC = 0x00000038 | Inst = 0x00000000 (BUBBLE)
          -> [SYSTEM] FINISH: ECALL caught, CPU is freezing!
-----------------------------------------------------------------
Time: 17180000 | PC = 0x00000038 | Inst = 0x00000000 (BUBBLE)
          -> [SYSTEM] FINISH: ECALL caught, CPU is freezing!
-----------------------------------------------------------------
Time: 17190000 | PC = 0x00000038 | Inst = 0x00000000 (BUBBLE)
          -> [SYSTEM] FINISH: ECALL caught, CPU is freezing!
-----------------------------------------------------------------
Time: 17200000 | PC = 0x00000038 | Inst = 0x00000000 (BUBBLE)
          -> [SYSTEM] FINISH: ECALL caught, CPU is freezing!
-----------------------------------------------------------------
Time: 17210000 | PC = 0x00000038 | Inst = 0x00000000 (BUBBLE)
          -> [SYSTEM] FINISH: ECALL caught, CPU is freezing!
-----------------------------------------------------------------
Time: 17220000 | PC = 0x00000038 | Inst = 0x00000000 (BUBBLE)
          -> [SYSTEM] FINISH: ECALL caught, CPU is freezing!
-----------------------------------------------------------------
Time: 17230000 | PC = 0x00000038 | Inst = 0x00000000 (BUBBLE)
          -> [SYSTEM] FINISH: ECALL caught, CPU is freezing!
-----------------------------------------------------------------
Time: 17240000 | PC = 0x00000038 | Inst = 0x00000000 (BUBBLE)
          -> [SYSTEM] FINISH: ECALL caught, CPU is freezing!
-----------------------------------------------------------------
Time: 17250000 | PC = 0x00000038 | Inst = 0x00000000 (BUBBLE)
          -> [SYSTEM] FINISH: ECALL caught, CPU is freezing!
-----------------------------------------------------------------
Time: 17260000 | PC = 0x00000038 | Inst = 0x00000000 (BUBBLE)
          -> [SYSTEM] FINISH: ECALL caught, CPU is freezing!
-----------------------------------------------------------------
Time: 17270000 | PC = 0x00000038 | Inst = 0x00000000 (BUBBLE)
          -> [SYSTEM] FINISH: ECALL caught, CPU is freezing!
-----------------------------------------------------------------
Time: 17280000 | PC = 0x00000038 | Inst = 0x00000000 (BUBBLE)
          -> [SYSTEM] FINISH: ECALL caught, CPU is freezing!
-----------------------------------------------------------------
Time: 17290000 | PC = 0x00000038 | Inst = 0x00000000 (BUBBLE)
          -> [SYSTEM] FINISH: ECALL caught, CPU is freezing!
-----------------------------------------------------------------
Time: 17300000 | PC = 0x00000038 | Inst = 0x00000000 (BUBBLE)
          -> [SYSTEM] FINISH: ECALL caught, CPU is freezing!
-----------------------------------------------------------------
Time: 17310000 | PC = 0x00000038 | Inst = 0x00000000 (BUBBLE)
          -> [SYSTEM] FINISH: ECALL caught, CPU is freezing!
-----------------------------------------------------------------
Time: 17320000 | PC = 0x00000038 | Inst = 0x00000000 (BUBBLE)
          -> [SYSTEM] FINISH: ECALL caught, CPU is freezing!
-----------------------------------------------------------------
Time: 17330000 | PC = 0x00000038 | Inst = 0x00000000 (BUBBLE)
          -> [SYSTEM] FINISH: ECALL caught, CPU is freezing!
-----------------------------------------------------------------
Time: 17340000 | PC = 0x00000038 | Inst = 0x00000000 (BUBBLE)
          -> [SYSTEM] FINISH: ECALL caught, CPU is freezing!
-----------------------------------------------------------------
Time: 17350000 | PC = 0x00000038 | Inst = 0x00000000 (BUBBLE)
          -> [SYSTEM] FINISH: ECALL caught, CPU is freezing!
-----------------------------------------------------------------
Time: 17360000 | PC = 0x00000038 | Inst = 0x00000000 (BUBBLE)
          -> [SYSTEM] FINISH: ECALL caught, CPU is freezing!
-----------------------------------------------------------------
Time: 17370000 | PC = 0x00000038 | Inst = 0x00000000 (BUBBLE)
          -> [SYSTEM] FINISH: ECALL caught, CPU is freezing!
-----------------------------------------------------------------
Time: 17380000 | PC = 0x00000038 | Inst = 0x00000000 (BUBBLE)
          -> [SYSTEM] FINISH: ECALL caught, CPU is freezing!
-----------------------------------------------------------------
Time: 17390000 | PC = 0x00000038 | Inst = 0x00000000 (BUBBLE)
          -> [SYSTEM] FINISH: ECALL caught, CPU is freezing!
-----------------------------------------------------------------
Time: 17400000 | PC = 0x00000038 | Inst = 0x00000000 (BUBBLE)
          -> [SYSTEM] FINISH: ECALL caught, CPU is freezing!
-----------------------------------------------------------------
Time: 17410000 | PC = 0x00000038 | Inst = 0x00000000 (BUBBLE)
          -> [SYSTEM] FINISH: ECALL caught, CPU is freezing!
-----------------------------------------------------------------
Time: 17420000 | PC = 0x00000038 | Inst = 0x00000000 (BUBBLE)
          -> [SYSTEM] FINISH: ECALL caught, CPU is freezing!
-----------------------------------------------------------------
Time: 17430000 | PC = 0x00000038 | Inst = 0x00000000 (BUBBLE)
          -> [SYSTEM] FINISH: ECALL caught, CPU is freezing!
-----------------------------------------------------------------
Time: 17440000 | PC = 0x00000038 | Inst = 0x00000000 (BUBBLE)
          -> [SYSTEM] FINISH: ECALL caught, CPU is freezing!
-----------------------------------------------------------------
Time: 17450000 | PC = 0x00000038 | Inst = 0x00000000 (BUBBLE)
          -> [SYSTEM] FINISH: ECALL caught, CPU is freezing!
-----------------------------------------------------------------
Time: 17460000 | PC = 0x00000038 | Inst = 0x00000000 (BUBBLE)
          -> [SYSTEM] FINISH: ECALL caught, CPU is freezing!
-----------------------------------------------------------------
Time: 17470000 | PC = 0x00000038 | Inst = 0x00000000 (BUBBLE)
          -> [SYSTEM] FINISH: ECALL caught, CPU is freezing!
-----------------------------------------------------------------
Time: 17480000 | PC = 0x00000038 | Inst = 0x00000000 (BUBBLE)
          -> [SYSTEM] FINISH: ECALL caught, CPU is freezing!
-----------------------------------------------------------------
Time: 17490000 | PC = 0x00000038 | Inst = 0x00000000 (BUBBLE)
          -> [SYSTEM] FINISH: ECALL caught, CPU is freezing!
-----------------------------------------------------------------
Time: 17500000 | PC = 0x00000038 | Inst = 0x00000000 (BUBBLE)
          -> [SYSTEM] FINISH: ECALL caught, CPU is freezing!
-----------------------------------------------------------------
Time: 17510000 | PC = 0x00000038 | Inst = 0x00000000 (BUBBLE)
          -> [SYSTEM] FINISH: ECALL caught, CPU is freezing!
-----------------------------------------------------------------
Time: 17520000 | PC = 0x00000038 | Inst = 0x00000000 (BUBBLE)
          -> [SYSTEM] FINISH: ECALL caught, CPU is freezing!
-----------------------------------------------------------------
Time: 17530000 | PC = 0x00000038 | Inst = 0x00000000 (BUBBLE)
          -> [SYSTEM] FINISH: ECALL caught, CPU is freezing!
-----------------------------------------------------------------
Time: 17540000 | PC = 0x00000038 | Inst = 0x00000000 (BUBBLE)
          -> [SYSTEM] FINISH: ECALL caught, CPU is freezing!
-----------------------------------------------------------------
Time: 17550000 | PC = 0x00000038 | Inst = 0x00000000 (BUBBLE)
          -> [SYSTEM] FINISH: ECALL caught, CPU is freezing!
-----------------------------------------------------------------
Time: 17560000 | PC = 0x00000038 | Inst = 0x00000000 (BUBBLE)
          -> [SYSTEM] FINISH: ECALL caught, CPU is freezing!
-----------------------------------------------------------------
Time: 17570000 | PC = 0x00000038 | Inst = 0x00000000 (BUBBLE)
          -> [SYSTEM] FINISH: ECALL caught, CPU is freezing!
-----------------------------------------------------------------
Time: 17580000 | PC = 0x00000038 | Inst = 0x00000000 (BUBBLE)
          -> [SYSTEM] FINISH: ECALL caught, CPU is freezing!
-----------------------------------------------------------------
Time: 17590000 | PC = 0x00000038 | Inst = 0x00000000 (BUBBLE)
          -> [SYSTEM] FINISH: ECALL caught, CPU is freezing!
-----------------------------------------------------------------
Time: 17600000 | PC = 0x00000038 | Inst = 0x00000000 (BUBBLE)
          -> [SYSTEM] FINISH: ECALL caught, CPU is freezing!
-----------------------------------------------------------------
Time: 17610000 | PC = 0x00000038 | Inst = 0x00000000 (BUBBLE)
          -> [SYSTEM] FINISH: ECALL caught, CPU is freezing!
-----------------------------------------------------------------
Time: 17620000 | PC = 0x00000038 | Inst = 0x00000000 (BUBBLE)
          -> [SYSTEM] FINISH: ECALL caught, CPU is freezing!
-----------------------------------------------------------------
Time: 17630000 | PC = 0x00000038 | Inst = 0x00000000 (BUBBLE)
          -> [SYSTEM] FINISH: ECALL caught, CPU is freezing!
-----------------------------------------------------------------
Time: 17640000 | PC = 0x00000038 | Inst = 0x00000000 (BUBBLE)
          -> [SYSTEM] FINISH: ECALL caught, CPU is freezing!
-----------------------------------------------------------------
Time: 17650000 | PC = 0x00000038 | Inst = 0x00000000 (BUBBLE)
          -> [SYSTEM] FINISH: ECALL caught, CPU is freezing!
-----------------------------------------------------------------
Time: 17660000 | PC = 0x00000038 | Inst = 0x00000000 (BUBBLE)
          -> [SYSTEM] FINISH: ECALL caught, CPU is freezing!
-----------------------------------------------------------------
Time: 17670000 | PC = 0x00000038 | Inst = 0x00000000 (BUBBLE)
          -> [SYSTEM] FINISH: ECALL caught, CPU is freezing!
-----------------------------------------------------------------
Time: 17680000 | PC = 0x00000038 | Inst = 0x00000000 (BUBBLE)
          -> [SYSTEM] FINISH: ECALL caught, CPU is freezing!
-----------------------------------------------------------------
Time: 17690000 | PC = 0x00000038 | Inst = 0x00000000 (BUBBLE)
          -> [SYSTEM] FINISH: ECALL caught, CPU is freezing!
-----------------------------------------------------------------
Time: 17700000 | PC = 0x00000038 | Inst = 0x00000000 (BUBBLE)
          -> [SYSTEM] FINISH: ECALL caught, CPU is freezing!
-----------------------------------------------------------------
Time: 17710000 | PC = 0x00000038 | Inst = 0x00000000 (BUBBLE)
          -> [SYSTEM] FINISH: ECALL caught, CPU is freezing!
-----------------------------------------------------------------
Time: 17720000 | PC = 0x00000038 | Inst = 0x00000000 (BUBBLE)
          -> [SYSTEM] FINISH: ECALL caught, CPU is freezing!
-----------------------------------------------------------------
Time: 17730000 | PC = 0x00000038 | Inst = 0x00000000 (BUBBLE)
          -> [SYSTEM] FINISH: ECALL caught, CPU is freezing!
-----------------------------------------------------------------
Time: 17740000 | PC = 0x00000038 | Inst = 0x00000000 (BUBBLE)
          -> [SYSTEM] FINISH: ECALL caught, CPU is freezing!
-----------------------------------------------------------------
Time: 17750000 | PC = 0x00000038 | Inst = 0x00000000 (BUBBLE)
          -> [SYSTEM] FINISH: ECALL caught, CPU is freezing!
-----------------------------------------------------------------
Time: 17760000 | PC = 0x00000038 | Inst = 0x00000000 (BUBBLE)
          -> [SYSTEM] FINISH: ECALL caught, CPU is freezing!
-----------------------------------------------------------------
Time: 17770000 | PC = 0x00000038 | Inst = 0x00000000 (BUBBLE)
          -> [SYSTEM] FINISH: ECALL caught, CPU is freezing!
-----------------------------------------------------------------
Time: 17780000 | PC = 0x00000038 | Inst = 0x00000000 (BUBBLE)
          -> [SYSTEM] FINISH: ECALL caught, CPU is freezing!
-----------------------------------------------------------------
Time: 17790000 | PC = 0x00000038 | Inst = 0x00000000 (BUBBLE)
          -> [SYSTEM] FINISH: ECALL caught, CPU is freezing!
-----------------------------------------------------------------
Time: 17800000 | PC = 0x00000038 | Inst = 0x00000000 (BUBBLE)
          -> [SYSTEM] FINISH: ECALL caught, CPU is freezing!
-----------------------------------------------------------------
Time: 17810000 | PC = 0x00000038 | Inst = 0x00000000 (BUBBLE)
          -> [SYSTEM] FINISH: ECALL caught, CPU is freezing!
-----------------------------------------------------------------
Time: 17820000 | PC = 0x00000038 | Inst = 0x00000000 (BUBBLE)
          -> [SYSTEM] FINISH: ECALL caught, CPU is freezing!
-----------------------------------------------------------------
Time: 17830000 | PC = 0x00000038 | Inst = 0x00000000 (BUBBLE)
          -> [SYSTEM] FINISH: ECALL caught, CPU is freezing!
-----------------------------------------------------------------
Time: 17840000 | PC = 0x00000038 | Inst = 0x00000000 (BUBBLE)
          -> [SYSTEM] FINISH: ECALL caught, CPU is freezing!
-----------------------------------------------------------------
Time: 17850000 | PC = 0x00000038 | Inst = 0x00000000 (BUBBLE)
          -> [SYSTEM] FINISH: ECALL caught, CPU is freezing!
-----------------------------------------------------------------
Time: 17860000 | PC = 0x00000038 | Inst = 0x00000000 (BUBBLE)
          -> [SYSTEM] FINISH: ECALL caught, CPU is freezing!
-----------------------------------------------------------------
Time: 17870000 | PC = 0x00000038 | Inst = 0x00000000 (BUBBLE)
          -> [SYSTEM] FINISH: ECALL caught, CPU is freezing!
-----------------------------------------------------------------
Time: 17880000 | PC = 0x00000038 | Inst = 0x00000000 (BUBBLE)
          -> [SYSTEM] FINISH: ECALL caught, CPU is freezing!
-----------------------------------------------------------------
Time: 17890000 | PC = 0x00000038 | Inst = 0x00000000 (BUBBLE)
          -> [SYSTEM] FINISH: ECALL caught, CPU is freezing!
-----------------------------------------------------------------
Time: 17900000 | PC = 0x00000038 | Inst = 0x00000000 (BUBBLE)
          -> [SYSTEM] FINISH: ECALL caught, CPU is freezing!
-----------------------------------------------------------------
Time: 17910000 | PC = 0x00000038 | Inst = 0x00000000 (BUBBLE)
          -> [SYSTEM] FINISH: ECALL caught, CPU is freezing!
-----------------------------------------------------------------
Time: 17920000 | PC = 0x00000038 | Inst = 0x00000000 (BUBBLE)
          -> [SYSTEM] FINISH: ECALL caught, CPU is freezing!
-----------------------------------------------------------------
Time: 17930000 | PC = 0x00000038 | Inst = 0x00000000 (BUBBLE)
          -> [SYSTEM] FINISH: ECALL caught, CPU is freezing!
-----------------------------------------------------------------
Time: 17940000 | PC = 0x00000038 | Inst = 0x00000000 (BUBBLE)
          -> [SYSTEM] FINISH: ECALL caught, CPU is freezing!
-----------------------------------------------------------------
Time: 17950000 | PC = 0x00000038 | Inst = 0x00000000 (BUBBLE)
          -> [SYSTEM] FINISH: ECALL caught, CPU is freezing!
-----------------------------------------------------------------
Time: 17960000 | PC = 0x00000038 | Inst = 0x00000000 (BUBBLE)
          -> [SYSTEM] FINISH: ECALL caught, CPU is freezing!
-----------------------------------------------------------------
Time: 17970000 | PC = 0x00000038 | Inst = 0x00000000 (BUBBLE)
          -> [SYSTEM] FINISH: ECALL caught, CPU is freezing!
-----------------------------------------------------------------
Time: 17980000 | PC = 0x00000038 | Inst = 0x00000000 (BUBBLE)
          -> [SYSTEM] FINISH: ECALL caught, CPU is freezing!
-----------------------------------------------------------------
Time: 17990000 | PC = 0x00000038 | Inst = 0x00000000 (BUBBLE)
          -> [SYSTEM] FINISH: ECALL caught, CPU is freezing!
-----------------------------------------------------------------
Time: 18000000 | PC = 0x00000038 | Inst = 0x00000000 (BUBBLE)
          -> [SYSTEM] FINISH: ECALL caught, CPU is freezing!
-----------------------------------------------------------------
Time: 18010000 | PC = 0x00000038 | Inst = 0x00000000 (BUBBLE)
          -> [SYSTEM] FINISH: ECALL caught, CPU is freezing!
-----------------------------------------------------------------
Time: 18020000 | PC = 0x00000038 | Inst = 0x00000000 (BUBBLE)
          -> [SYSTEM] FINISH: ECALL caught, CPU is freezing!
-----------------------------------------------------------------
Time: 18030000 | PC = 0x00000038 | Inst = 0x00000000 (BUBBLE)
          -> [SYSTEM] FINISH: ECALL caught, CPU is freezing!
-----------------------------------------------------------------
Time: 18040000 | PC = 0x00000038 | Inst = 0x00000000 (BUBBLE)
          -> [SYSTEM] FINISH: ECALL caught, CPU is freezing!
-----------------------------------------------------------------
Time: 18050000 | PC = 0x00000038 | Inst = 0x00000000 (BUBBLE)
          -> [SYSTEM] FINISH: ECALL caught, CPU is freezing!
-----------------------------------------------------------------
Time: 18060000 | PC = 0x00000038 | Inst = 0x00000000 (BUBBLE)
          -> [SYSTEM] FINISH: ECALL caught, CPU is freezing!
-----------------------------------------------------------------
Time: 18070000 | PC = 0x00000038 | Inst = 0x00000000 (BUBBLE)
          -> [SYSTEM] FINISH: ECALL caught, CPU is freezing!
-----------------------------------------------------------------
Time: 18080000 | PC = 0x00000038 | Inst = 0x00000000 (BUBBLE)
          -> [SYSTEM] FINISH: ECALL caught, CPU is freezing!
-----------------------------------------------------------------
Time: 18090000 | PC = 0x00000038 | Inst = 0x00000000 (BUBBLE)
          -> [SYSTEM] FINISH: ECALL caught, CPU is freezing!
-----------------------------------------------------------------
Time: 18100000 | PC = 0x00000038 | Inst = 0x00000000 (BUBBLE)
          -> [SYSTEM] FINISH: ECALL caught, CPU is freezing!
-----------------------------------------------------------------
Time: 18110000 | PC = 0x00000038 | Inst = 0x00000000 (BUBBLE)
          -> [SYSTEM] FINISH: ECALL caught, CPU is freezing!
-----------------------------------------------------------------
Time: 18120000 | PC = 0x00000038 | Inst = 0x00000000 (BUBBLE)
          -> [SYSTEM] FINISH: ECALL caught, CPU is freezing!
-----------------------------------------------------------------
Time: 18130000 | PC = 0x00000038 | Inst = 0x00000000 (BUBBLE)
          -> [SYSTEM] FINISH: ECALL caught, CPU is freezing!
-----------------------------------------------------------------
Time: 18140000 | PC = 0x00000038 | Inst = 0x00000000 (BUBBLE)
          -> [SYSTEM] FINISH: ECALL caught, CPU is freezing!
-----------------------------------------------------------------
Time: 18150000 | PC = 0x00000038 | Inst = 0x00000000 (BUBBLE)
          -> [SYSTEM] FINISH: ECALL caught, CPU is freezing!
-----------------------------------------------------------------
Time: 18160000 | PC = 0x00000038 | Inst = 0x00000000 (BUBBLE)
          -> [SYSTEM] FINISH: ECALL caught, CPU is freezing!
-----------------------------------------------------------------
Time: 18170000 | PC = 0x00000038 | Inst = 0x00000000 (BUBBLE)
          -> [SYSTEM] FINISH: ECALL caught, CPU is freezing!
-----------------------------------------------------------------
Time: 18180000 | PC = 0x00000038 | Inst = 0x00000000 (BUBBLE)
          -> [SYSTEM] FINISH: ECALL caught, CPU is freezing!
-----------------------------------------------------------------
Time: 18190000 | PC = 0x00000038 | Inst = 0x00000000 (BUBBLE)
          -> [SYSTEM] FINISH: ECALL caught, CPU is freezing!
-----------------------------------------------------------------
Time: 18200000 | PC = 0x00000038 | Inst = 0x00000000 (BUBBLE)
          -> [SYSTEM] FINISH: ECALL caught, CPU is freezing!
-----------------------------------------------------------------
Time: 18210000 | PC = 0x00000038 | Inst = 0x00000000 (BUBBLE)
          -> [SYSTEM] FINISH: ECALL caught, CPU is freezing!
-----------------------------------------------------------------
Time: 18220000 | PC = 0x00000038 | Inst = 0x00000000 (BUBBLE)
          -> [SYSTEM] FINISH: ECALL caught, CPU is freezing!
-----------------------------------------------------------------
Time: 18230000 | PC = 0x00000038 | Inst = 0x00000000 (BUBBLE)
          -> [SYSTEM] FINISH: ECALL caught, CPU is freezing!
-----------------------------------------------------------------
Time: 18240000 | PC = 0x00000038 | Inst = 0x00000000 (BUBBLE)
          -> [SYSTEM] FINISH: ECALL caught, CPU is freezing!
-----------------------------------------------------------------
Time: 18250000 | PC = 0x00000038 | Inst = 0x00000000 (BUBBLE)
          -> [SYSTEM] FINISH: ECALL caught, CPU is freezing!
-----------------------------------------------------------------
Time: 18260000 | PC = 0x00000038 | Inst = 0x00000000 (BUBBLE)
          -> [SYSTEM] FINISH: ECALL caught, CPU is freezing!
-----------------------------------------------------------------
Time: 18270000 | PC = 0x00000038 | Inst = 0x00000000 (BUBBLE)
          -> [SYSTEM] FINISH: ECALL caught, CPU is freezing!
-----------------------------------------------------------------
Time: 18280000 | PC = 0x00000038 | Inst = 0x00000000 (BUBBLE)
          -> [SYSTEM] FINISH: ECALL caught, CPU is freezing!
-----------------------------------------------------------------
Time: 18290000 | PC = 0x00000038 | Inst = 0x00000000 (BUBBLE)
          -> [SYSTEM] FINISH: ECALL caught, CPU is freezing!
-----------------------------------------------------------------
Time: 18300000 | PC = 0x00000038 | Inst = 0x00000000 (BUBBLE)
          -> [SYSTEM] FINISH: ECALL caught, CPU is freezing!
-----------------------------------------------------------------
Time: 18310000 | PC = 0x00000038 | Inst = 0x00000000 (BUBBLE)
          -> [SYSTEM] FINISH: ECALL caught, CPU is freezing!
-----------------------------------------------------------------
Time: 18320000 | PC = 0x00000038 | Inst = 0x00000000 (BUBBLE)
          -> [SYSTEM] FINISH: ECALL caught, CPU is freezing!
-----------------------------------------------------------------
Time: 18330000 | PC = 0x00000038 | Inst = 0x00000000 (BUBBLE)
          -> [SYSTEM] FINISH: ECALL caught, CPU is freezing!
-----------------------------------------------------------------
Time: 18340000 | PC = 0x00000038 | Inst = 0x00000000 (BUBBLE)
          -> [SYSTEM] FINISH: ECALL caught, CPU is freezing!
-----------------------------------------------------------------
Time: 18350000 | PC = 0x00000038 | Inst = 0x00000000 (BUBBLE)
          -> [SYSTEM] FINISH: ECALL caught, CPU is freezing!
-----------------------------------------------------------------
Time: 18360000 | PC = 0x00000038 | Inst = 0x00000000 (BUBBLE)
          -> [SYSTEM] FINISH: ECALL caught, CPU is freezing!
-----------------------------------------------------------------
Time: 18370000 | PC = 0x00000038 | Inst = 0x00000000 (BUBBLE)
          -> [SYSTEM] FINISH: ECALL caught, CPU is freezing!
-----------------------------------------------------------------
Time: 18380000 | PC = 0x00000038 | Inst = 0x00000000 (BUBBLE)
          -> [SYSTEM] FINISH: ECALL caught, CPU is freezing!
-----------------------------------------------------------------
Time: 18390000 | PC = 0x00000038 | Inst = 0x00000000 (BUBBLE)
          -> [SYSTEM] FINISH: ECALL caught, CPU is freezing!
-----------------------------------------------------------------
Time: 18400000 | PC = 0x00000038 | Inst = 0x00000000 (BUBBLE)
          -> [SYSTEM] FINISH: ECALL caught, CPU is freezing!
-----------------------------------------------------------------
Time: 18410000 | PC = 0x00000038 | Inst = 0x00000000 (BUBBLE)
          -> [SYSTEM] FINISH: ECALL caught, CPU is freezing!
-----------------------------------------------------------------
Time: 18420000 | PC = 0x00000038 | Inst = 0x00000000 (BUBBLE)
          -> [SYSTEM] FINISH: ECALL caught, CPU is freezing!
-----------------------------------------------------------------
Time: 18430000 | PC = 0x00000038 | Inst = 0x00000000 (BUBBLE)
          -> [SYSTEM] FINISH: ECALL caught, CPU is freezing!
-----------------------------------------------------------------
Time: 18440000 | PC = 0x00000038 | Inst = 0x00000000 (BUBBLE)
          -> [SYSTEM] FINISH: ECALL caught, CPU is freezing!
-----------------------------------------------------------------
Time: 18450000 | PC = 0x00000038 | Inst = 0x00000000 (BUBBLE)
          -> [SYSTEM] FINISH: ECALL caught, CPU is freezing!
-----------------------------------------------------------------
Time: 18460000 | PC = 0x00000038 | Inst = 0x00000000 (BUBBLE)
          -> [SYSTEM] FINISH: ECALL caught, CPU is freezing!
-----------------------------------------------------------------
Time: 18470000 | PC = 0x00000038 | Inst = 0x00000000 (BUBBLE)
          -> [SYSTEM] FINISH: ECALL caught, CPU is freezing!
-----------------------------------------------------------------
Time: 18480000 | PC = 0x00000038 | Inst = 0x00000000 (BUBBLE)
          -> [SYSTEM] FINISH: ECALL caught, CPU is freezing!
-----------------------------------------------------------------
Time: 18490000 | PC = 0x00000038 | Inst = 0x00000000 (BUBBLE)
          -> [SYSTEM] FINISH: ECALL caught, CPU is freezing!
-----------------------------------------------------------------
Time: 18500000 | PC = 0x00000038 | Inst = 0x00000000 (BUBBLE)
          -> [SYSTEM] FINISH: ECALL caught, CPU is freezing!
-----------------------------------------------------------------
Time: 18510000 | PC = 0x00000038 | Inst = 0x00000000 (BUBBLE)
          -> [SYSTEM] FINISH: ECALL caught, CPU is freezing!
-----------------------------------------------------------------
Time: 18520000 | PC = 0x00000038 | Inst = 0x00000000 (BUBBLE)
          -> [SYSTEM] FINISH: ECALL caught, CPU is freezing!
-----------------------------------------------------------------
Time: 18530000 | PC = 0x00000038 | Inst = 0x00000000 (BUBBLE)
          -> [SYSTEM] FINISH: ECALL caught, CPU is freezing!
-----------------------------------------------------------------
Time: 18540000 | PC = 0x00000038 | Inst = 0x00000000 (BUBBLE)
          -> [SYSTEM] FINISH: ECALL caught, CPU is freezing!
-----------------------------------------------------------------
Time: 18550000 | PC = 0x00000038 | Inst = 0x00000000 (BUBBLE)
          -> [SYSTEM] FINISH: ECALL caught, CPU is freezing!
-----------------------------------------------------------------
Time: 18560000 | PC = 0x00000038 | Inst = 0x00000000 (BUBBLE)
          -> [SYSTEM] FINISH: ECALL caught, CPU is freezing!
-----------------------------------------------------------------
Time: 18570000 | PC = 0x00000038 | Inst = 0x00000000 (BUBBLE)
          -> [SYSTEM] FINISH: ECALL caught, CPU is freezing!
-----------------------------------------------------------------
Time: 18580000 | PC = 0x00000038 | Inst = 0x00000000 (BUBBLE)
          -> [SYSTEM] FINISH: ECALL caught, CPU is freezing!
-----------------------------------------------------------------
Time: 18590000 | PC = 0x00000038 | Inst = 0x00000000 (BUBBLE)
          -> [SYSTEM] FINISH: ECALL caught, CPU is freezing!
-----------------------------------------------------------------
Time: 18600000 | PC = 0x00000038 | Inst = 0x00000000 (BUBBLE)
          -> [SYSTEM] FINISH: ECALL caught, CPU is freezing!
-----------------------------------------------------------------
Time: 18610000 | PC = 0x00000038 | Inst = 0x00000000 (BUBBLE)
          -> [SYSTEM] FINISH: ECALL caught, CPU is freezing!
-----------------------------------------------------------------
Time: 18620000 | PC = 0x00000038 | Inst = 0x00000000 (BUBBLE)
          -> [SYSTEM] FINISH: ECALL caught, CPU is freezing!
-----------------------------------------------------------------
Time: 18630000 | PC = 0x00000038 | Inst = 0x00000000 (BUBBLE)
          -> [SYSTEM] FINISH: ECALL caught, CPU is freezing!
-----------------------------------------------------------------
Time: 18640000 | PC = 0x00000038 | Inst = 0x00000000 (BUBBLE)
          -> [SYSTEM] FINISH: ECALL caught, CPU is freezing!
-----------------------------------------------------------------
Time: 18650000 | PC = 0x00000038 | Inst = 0x00000000 (BUBBLE)
          -> [SYSTEM] FINISH: ECALL caught, CPU is freezing!
-----------------------------------------------------------------
Time: 18660000 | PC = 0x00000038 | Inst = 0x00000000 (BUBBLE)
          -> [SYSTEM] FINISH: ECALL caught, CPU is freezing!
-----------------------------------------------------------------
Time: 18670000 | PC = 0x00000038 | Inst = 0x00000000 (BUBBLE)
          -> [SYSTEM] FINISH: ECALL caught, CPU is freezing!
-----------------------------------------------------------------
Time: 18680000 | PC = 0x00000038 | Inst = 0x00000000 (BUBBLE)
          -> [SYSTEM] FINISH: ECALL caught, CPU is freezing!
-----------------------------------------------------------------
Time: 18690000 | PC = 0x00000038 | Inst = 0x00000000 (BUBBLE)
          -> [SYSTEM] FINISH: ECALL caught, CPU is freezing!
-----------------------------------------------------------------
Time: 18700000 | PC = 0x00000038 | Inst = 0x00000000 (BUBBLE)
          -> [SYSTEM] FINISH: ECALL caught, CPU is freezing!
-----------------------------------------------------------------
Time: 18710000 | PC = 0x00000038 | Inst = 0x00000000 (BUBBLE)
          -> [SYSTEM] FINISH: ECALL caught, CPU is freezing!
-----------------------------------------------------------------
Time: 18720000 | PC = 0x00000038 | Inst = 0x00000000 (BUBBLE)
          -> [SYSTEM] FINISH: ECALL caught, CPU is freezing!
-----------------------------------------------------------------
Time: 18730000 | PC = 0x00000038 | Inst = 0x00000000 (BUBBLE)
          -> [SYSTEM] FINISH: ECALL caught, CPU is freezing!
-----------------------------------------------------------------
Time: 18740000 | PC = 0x00000038 | Inst = 0x00000000 (BUBBLE)
          -> [SYSTEM] FINISH: ECALL caught, CPU is freezing!
-----------------------------------------------------------------
Time: 18750000 | PC = 0x00000038 | Inst = 0x00000000 (BUBBLE)
          -> [SYSTEM] FINISH: ECALL caught, CPU is freezing!
-----------------------------------------------------------------
Time: 18760000 | PC = 0x00000038 | Inst = 0x00000000 (BUBBLE)
          -> [SYSTEM] FINISH: ECALL caught, CPU is freezing!
-----------------------------------------------------------------
Time: 18770000 | PC = 0x00000038 | Inst = 0x00000000 (BUBBLE)
          -> [SYSTEM] FINISH: ECALL caught, CPU is freezing!
-----------------------------------------------------------------
Time: 18780000 | PC = 0x00000038 | Inst = 0x00000000 (BUBBLE)
          -> [SYSTEM] FINISH: ECALL caught, CPU is freezing!
-----------------------------------------------------------------
Time: 18790000 | PC = 0x00000038 | Inst = 0x00000000 (BUBBLE)
          -> [SYSTEM] FINISH: ECALL caught, CPU is freezing!
-----------------------------------------------------------------
Time: 18800000 | PC = 0x00000038 | Inst = 0x00000000 (BUBBLE)
          -> [SYSTEM] FINISH: ECALL caught, CPU is freezing!
-----------------------------------------------------------------
Time: 18810000 | PC = 0x00000038 | Inst = 0x00000000 (BUBBLE)
          -> [SYSTEM] FINISH: ECALL caught, CPU is freezing!
-----------------------------------------------------------------
Time: 18820000 | PC = 0x00000038 | Inst = 0x00000000 (BUBBLE)
          -> [SYSTEM] FINISH: ECALL caught, CPU is freezing!
-----------------------------------------------------------------
Time: 18830000 | PC = 0x00000038 | Inst = 0x00000000 (BUBBLE)
          -> [SYSTEM] FINISH: ECALL caught, CPU is freezing!
-----------------------------------------------------------------
Time: 18840000 | PC = 0x00000038 | Inst = 0x00000000 (BUBBLE)
          -> [SYSTEM] FINISH: ECALL caught, CPU is freezing!
-----------------------------------------------------------------
Time: 18850000 | PC = 0x00000038 | Inst = 0x00000000 (BUBBLE)
          -> [SYSTEM] FINISH: ECALL caught, CPU is freezing!
-----------------------------------------------------------------
Time: 18860000 | PC = 0x00000038 | Inst = 0x00000000 (BUBBLE)
          -> [SYSTEM] FINISH: ECALL caught, CPU is freezing!
-----------------------------------------------------------------
Time: 18870000 | PC = 0x00000038 | Inst = 0x00000000 (BUBBLE)
          -> [SYSTEM] FINISH: ECALL caught, CPU is freezing!
-----------------------------------------------------------------
Time: 18880000 | PC = 0x00000038 | Inst = 0x00000000 (BUBBLE)
          -> [SYSTEM] FINISH: ECALL caught, CPU is freezing!
-----------------------------------------------------------------
Time: 18890000 | PC = 0x00000038 | Inst = 0x00000000 (BUBBLE)
          -> [SYSTEM] FINISH: ECALL caught, CPU is freezing!
-----------------------------------------------------------------
Time: 18900000 | PC = 0x00000038 | Inst = 0x00000000 (BUBBLE)
          -> [SYSTEM] FINISH: ECALL caught, CPU is freezing!
-----------------------------------------------------------------
Time: 18910000 | PC = 0x00000038 | Inst = 0x00000000 (BUBBLE)
          -> [SYSTEM] FINISH: ECALL caught, CPU is freezing!
-----------------------------------------------------------------
Time: 18920000 | PC = 0x00000038 | Inst = 0x00000000 (BUBBLE)
          -> [SYSTEM] FINISH: ECALL caught, CPU is freezing!
-----------------------------------------------------------------
Time: 18930000 | PC = 0x00000038 | Inst = 0x00000000 (BUBBLE)
          -> [SYSTEM] FINISH: ECALL caught, CPU is freezing!
-----------------------------------------------------------------
Time: 18940000 | PC = 0x00000038 | Inst = 0x00000000 (BUBBLE)
          -> [SYSTEM] FINISH: ECALL caught, CPU is freezing!
-----------------------------------------------------------------
Time: 18950000 | PC = 0x00000038 | Inst = 0x00000000 (BUBBLE)
          -> [SYSTEM] FINISH: ECALL caught, CPU is freezing!
-----------------------------------------------------------------
Time: 18960000 | PC = 0x00000038 | Inst = 0x00000000 (BUBBLE)
          -> [SYSTEM] FINISH: ECALL caught, CPU is freezing!
-----------------------------------------------------------------
Time: 18970000 | PC = 0x00000038 | Inst = 0x00000000 (BUBBLE)
          -> [SYSTEM] FINISH: ECALL caught, CPU is freezing!
-----------------------------------------------------------------
Time: 18980000 | PC = 0x00000038 | Inst = 0x00000000 (BUBBLE)
          -> [SYSTEM] FINISH: ECALL caught, CPU is freezing!
-----------------------------------------------------------------
Time: 18990000 | PC = 0x00000038 | Inst = 0x00000000 (BUBBLE)
          -> [SYSTEM] FINISH: ECALL caught, CPU is freezing!
-----------------------------------------------------------------
Time: 19000000 | PC = 0x00000038 | Inst = 0x00000000 (BUBBLE)
          -> [SYSTEM] FINISH: ECALL caught, CPU is freezing!
-----------------------------------------------------------------
Time: 19010000 | PC = 0x00000038 | Inst = 0x00000000 (BUBBLE)
          -> [SYSTEM] FINISH: ECALL caught, CPU is freezing!
-----------------------------------------------------------------
Time: 19020000 | PC = 0x00000038 | Inst = 0x00000000 (BUBBLE)
          -> [SYSTEM] FINISH: ECALL caught, CPU is freezing!
-----------------------------------------------------------------
Time: 19030000 | PC = 0x00000038 | Inst = 0x00000000 (BUBBLE)
          -> [SYSTEM] FINISH: ECALL caught, CPU is freezing!
-----------------------------------------------------------------
Time: 19040000 | PC = 0x00000038 | Inst = 0x00000000 (BUBBLE)
          -> [SYSTEM] FINISH: ECALL caught, CPU is freezing!
-----------------------------------------------------------------
Time: 19050000 | PC = 0x00000038 | Inst = 0x00000000 (BUBBLE)
          -> [SYSTEM] FINISH: ECALL caught, CPU is freezing!
-----------------------------------------------------------------
Time: 19060000 | PC = 0x00000038 | Inst = 0x00000000 (BUBBLE)
          -> [SYSTEM] FINISH: ECALL caught, CPU is freezing!
-----------------------------------------------------------------
Time: 19070000 | PC = 0x00000038 | Inst = 0x00000000 (BUBBLE)
          -> [SYSTEM] FINISH: ECALL caught, CPU is freezing!
-----------------------------------------------------------------
Time: 19080000 | PC = 0x00000038 | Inst = 0x00000000 (BUBBLE)
          -> [SYSTEM] FINISH: ECALL caught, CPU is freezing!
-----------------------------------------------------------------
Time: 19090000 | PC = 0x00000038 | Inst = 0x00000000 (BUBBLE)
          -> [SYSTEM] FINISH: ECALL caught, CPU is freezing!
-----------------------------------------------------------------
Time: 19100000 | PC = 0x00000038 | Inst = 0x00000000 (BUBBLE)
          -> [SYSTEM] FINISH: ECALL caught, CPU is freezing!
-----------------------------------------------------------------
Time: 19110000 | PC = 0x00000038 | Inst = 0x00000000 (BUBBLE)
          -> [SYSTEM] FINISH: ECALL caught, CPU is freezing!
-----------------------------------------------------------------
Time: 19120000 | PC = 0x00000038 | Inst = 0x00000000 (BUBBLE)
          -> [SYSTEM] FINISH: ECALL caught, CPU is freezing!
-----------------------------------------------------------------
Time: 19130000 | PC = 0x00000038 | Inst = 0x00000000 (BUBBLE)
          -> [SYSTEM] FINISH: ECALL caught, CPU is freezing!
-----------------------------------------------------------------
Time: 19140000 | PC = 0x00000038 | Inst = 0x00000000 (BUBBLE)
          -> [SYSTEM] FINISH: ECALL caught, CPU is freezing!
-----------------------------------------------------------------
Time: 19150000 | PC = 0x00000038 | Inst = 0x00000000 (BUBBLE)
          -> [SYSTEM] FINISH: ECALL caught, CPU is freezing!
-----------------------------------------------------------------
Time: 19160000 | PC = 0x00000038 | Inst = 0x00000000 (BUBBLE)
          -> [SYSTEM] FINISH: ECALL caught, CPU is freezing!
-----------------------------------------------------------------
Time: 19170000 | PC = 0x00000038 | Inst = 0x00000000 (BUBBLE)
          -> [SYSTEM] FINISH: ECALL caught, CPU is freezing!
-----------------------------------------------------------------
Time: 19180000 | PC = 0x00000038 | Inst = 0x00000000 (BUBBLE)
          -> [SYSTEM] FINISH: ECALL caught, CPU is freezing!
-----------------------------------------------------------------
Time: 19190000 | PC = 0x00000038 | Inst = 0x00000000 (BUBBLE)
          -> [SYSTEM] FINISH: ECALL caught, CPU is freezing!
-----------------------------------------------------------------
Time: 19200000 | PC = 0x00000038 | Inst = 0x00000000 (BUBBLE)
          -> [SYSTEM] FINISH: ECALL caught, CPU is freezing!
-----------------------------------------------------------------
Time: 19210000 | PC = 0x00000038 | Inst = 0x00000000 (BUBBLE)
          -> [SYSTEM] FINISH: ECALL caught, CPU is freezing!
-----------------------------------------------------------------
Time: 19220000 | PC = 0x00000038 | Inst = 0x00000000 (BUBBLE)
          -> [SYSTEM] FINISH: ECALL caught, CPU is freezing!
-----------------------------------------------------------------
Time: 19230000 | PC = 0x00000038 | Inst = 0x00000000 (BUBBLE)
          -> [SYSTEM] FINISH: ECALL caught, CPU is freezing!
-----------------------------------------------------------------
Time: 19240000 | PC = 0x00000038 | Inst = 0x00000000 (BUBBLE)
          -> [SYSTEM] FINISH: ECALL caught, CPU is freezing!
-----------------------------------------------------------------
Time: 19250000 | PC = 0x00000038 | Inst = 0x00000000 (BUBBLE)
          -> [SYSTEM] FINISH: ECALL caught, CPU is freezing!
-----------------------------------------------------------------
Time: 19260000 | PC = 0x00000038 | Inst = 0x00000000 (BUBBLE)
          -> [SYSTEM] FINISH: ECALL caught, CPU is freezing!
-----------------------------------------------------------------
Time: 19270000 | PC = 0x00000038 | Inst = 0x00000000 (BUBBLE)
          -> [SYSTEM] FINISH: ECALL caught, CPU is freezing!
-----------------------------------------------------------------
Time: 19280000 | PC = 0x00000038 | Inst = 0x00000000 (BUBBLE)
          -> [SYSTEM] FINISH: ECALL caught, CPU is freezing!
-----------------------------------------------------------------
Time: 19290000 | PC = 0x00000038 | Inst = 0x00000000 (BUBBLE)
          -> [SYSTEM] FINISH: ECALL caught, CPU is freezing!
-----------------------------------------------------------------
Time: 19300000 | PC = 0x00000038 | Inst = 0x00000000 (BUBBLE)
          -> [SYSTEM] FINISH: ECALL caught, CPU is freezing!
-----------------------------------------------------------------
Time: 19310000 | PC = 0x00000038 | Inst = 0x00000000 (BUBBLE)
          -> [SYSTEM] FINISH: ECALL caught, CPU is freezing!
-----------------------------------------------------------------
Time: 19320000 | PC = 0x00000038 | Inst = 0x00000000 (BUBBLE)
          -> [SYSTEM] FINISH: ECALL caught, CPU is freezing!
-----------------------------------------------------------------
Time: 19330000 | PC = 0x00000038 | Inst = 0x00000000 (BUBBLE)
          -> [SYSTEM] FINISH: ECALL caught, CPU is freezing!
-----------------------------------------------------------------
Time: 19340000 | PC = 0x00000038 | Inst = 0x00000000 (BUBBLE)
          -> [SYSTEM] FINISH: ECALL caught, CPU is freezing!
-----------------------------------------------------------------
Time: 19350000 | PC = 0x00000038 | Inst = 0x00000000 (BUBBLE)
          -> [SYSTEM] FINISH: ECALL caught, CPU is freezing!
-----------------------------------------------------------------
Time: 19360000 | PC = 0x00000038 | Inst = 0x00000000 (BUBBLE)
          -> [SYSTEM] FINISH: ECALL caught, CPU is freezing!
-----------------------------------------------------------------
Time: 19370000 | PC = 0x00000038 | Inst = 0x00000000 (BUBBLE)
          -> [SYSTEM] FINISH: ECALL caught, CPU is freezing!
-----------------------------------------------------------------
Time: 19380000 | PC = 0x00000038 | Inst = 0x00000000 (BUBBLE)
          -> [SYSTEM] FINISH: ECALL caught, CPU is freezing!
-----------------------------------------------------------------
Time: 19390000 | PC = 0x00000038 | Inst = 0x00000000 (BUBBLE)
          -> [SYSTEM] FINISH: ECALL caught, CPU is freezing!
-----------------------------------------------------------------
Time: 19400000 | PC = 0x00000038 | Inst = 0x00000000 (BUBBLE)
          -> [SYSTEM] FINISH: ECALL caught, CPU is freezing!
-----------------------------------------------------------------
Time: 19410000 | PC = 0x00000038 | Inst = 0x00000000 (BUBBLE)
          -> [SYSTEM] FINISH: ECALL caught, CPU is freezing!
-----------------------------------------------------------------
Time: 19420000 | PC = 0x00000038 | Inst = 0x00000000 (BUBBLE)
          -> [SYSTEM] FINISH: ECALL caught, CPU is freezing!
-----------------------------------------------------------------
Time: 19430000 | PC = 0x00000038 | Inst = 0x00000000 (BUBBLE)
          -> [SYSTEM] FINISH: ECALL caught, CPU is freezing!
-----------------------------------------------------------------
Time: 19440000 | PC = 0x00000038 | Inst = 0x00000000 (BUBBLE)
          -> [SYSTEM] FINISH: ECALL caught, CPU is freezing!
-----------------------------------------------------------------
Time: 19450000 | PC = 0x00000038 | Inst = 0x00000000 (BUBBLE)
          -> [SYSTEM] FINISH: ECALL caught, CPU is freezing!
-----------------------------------------------------------------
Time: 19460000 | PC = 0x00000038 | Inst = 0x00000000 (BUBBLE)
          -> [SYSTEM] FINISH: ECALL caught, CPU is freezing!
-----------------------------------------------------------------
Time: 19470000 | PC = 0x00000038 | Inst = 0x00000000 (BUBBLE)
          -> [SYSTEM] FINISH: ECALL caught, CPU is freezing!
-----------------------------------------------------------------
Time: 19480000 | PC = 0x00000038 | Inst = 0x00000000 (BUBBLE)
          -> [SYSTEM] FINISH: ECALL caught, CPU is freezing!
-----------------------------------------------------------------
Time: 19490000 | PC = 0x00000038 | Inst = 0x00000000 (BUBBLE)
          -> [SYSTEM] FINISH: ECALL caught, CPU is freezing!
-----------------------------------------------------------------
Time: 19500000 | PC = 0x00000038 | Inst = 0x00000000 (BUBBLE)
          -> [SYSTEM] FINISH: ECALL caught, CPU is freezing!
-----------------------------------------------------------------
Time: 19510000 | PC = 0x00000038 | Inst = 0x00000000 (BUBBLE)
          -> [SYSTEM] FINISH: ECALL caught, CPU is freezing!
-----------------------------------------------------------------
Time: 19520000 | PC = 0x00000038 | Inst = 0x00000000 (BUBBLE)
          -> [SYSTEM] FINISH: ECALL caught, CPU is freezing!
-----------------------------------------------------------------
Time: 19530000 | PC = 0x00000038 | Inst = 0x00000000 (BUBBLE)
          -> [SYSTEM] FINISH: ECALL caught, CPU is freezing!
-----------------------------------------------------------------
Time: 19540000 | PC = 0x00000038 | Inst = 0x00000000 (BUBBLE)
          -> [SYSTEM] FINISH: ECALL caught, CPU is freezing!
-----------------------------------------------------------------
Time: 19550000 | PC = 0x00000038 | Inst = 0x00000000 (BUBBLE)
          -> [SYSTEM] FINISH: ECALL caught, CPU is freezing!
-----------------------------------------------------------------
Time: 19560000 | PC = 0x00000038 | Inst = 0x00000000 (BUBBLE)
          -> [SYSTEM] FINISH: ECALL caught, CPU is freezing!
-----------------------------------------------------------------
Time: 19570000 | PC = 0x00000038 | Inst = 0x00000000 (BUBBLE)
          -> [SYSTEM] FINISH: ECALL caught, CPU is freezing!
-----------------------------------------------------------------
Time: 19580000 | PC = 0x00000038 | Inst = 0x00000000 (BUBBLE)
          -> [SYSTEM] FINISH: ECALL caught, CPU is freezing!
-----------------------------------------------------------------
Time: 19590000 | PC = 0x00000038 | Inst = 0x00000000 (BUBBLE)
          -> [SYSTEM] FINISH: ECALL caught, CPU is freezing!
-----------------------------------------------------------------
Time: 19600000 | PC = 0x00000038 | Inst = 0x00000000 (BUBBLE)
          -> [SYSTEM] FINISH: ECALL caught, CPU is freezing!
-----------------------------------------------------------------
Time: 19610000 | PC = 0x00000038 | Inst = 0x00000000 (BUBBLE)
          -> [SYSTEM] FINISH: ECALL caught, CPU is freezing!
-----------------------------------------------------------------
Time: 19620000 | PC = 0x00000038 | Inst = 0x00000000 (BUBBLE)
          -> [SYSTEM] FINISH: ECALL caught, CPU is freezing!
-----------------------------------------------------------------
Time: 19630000 | PC = 0x00000038 | Inst = 0x00000000 (BUBBLE)
          -> [SYSTEM] FINISH: ECALL caught, CPU is freezing!
-----------------------------------------------------------------
Time: 19640000 | PC = 0x00000038 | Inst = 0x00000000 (BUBBLE)
          -> [SYSTEM] FINISH: ECALL caught, CPU is freezing!
-----------------------------------------------------------------
Time: 19650000 | PC = 0x00000038 | Inst = 0x00000000 (BUBBLE)
          -> [SYSTEM] FINISH: ECALL caught, CPU is freezing!
-----------------------------------------------------------------
Time: 19660000 | PC = 0x00000038 | Inst = 0x00000000 (BUBBLE)
          -> [SYSTEM] FINISH: ECALL caught, CPU is freezing!
-----------------------------------------------------------------
Time: 19670000 | PC = 0x00000038 | Inst = 0x00000000 (BUBBLE)
          -> [SYSTEM] FINISH: ECALL caught, CPU is freezing!
-----------------------------------------------------------------
Time: 19680000 | PC = 0x00000038 | Inst = 0x00000000 (BUBBLE)
          -> [SYSTEM] FINISH: ECALL caught, CPU is freezing!
-----------------------------------------------------------------
Time: 19690000 | PC = 0x00000038 | Inst = 0x00000000 (BUBBLE)
          -> [SYSTEM] FINISH: ECALL caught, CPU is freezing!
-----------------------------------------------------------------
Time: 19700000 | PC = 0x00000038 | Inst = 0x00000000 (BUBBLE)
          -> [SYSTEM] FINISH: ECALL caught, CPU is freezing!
-----------------------------------------------------------------
Time: 19710000 | PC = 0x00000038 | Inst = 0x00000000 (BUBBLE)
          -> [SYSTEM] FINISH: ECALL caught, CPU is freezing!
-----------------------------------------------------------------
Time: 19720000 | PC = 0x00000038 | Inst = 0x00000000 (BUBBLE)
          -> [SYSTEM] FINISH: ECALL caught, CPU is freezing!
-----------------------------------------------------------------
Time: 19730000 | PC = 0x00000038 | Inst = 0x00000000 (BUBBLE)
          -> [SYSTEM] FINISH: ECALL caught, CPU is freezing!
-----------------------------------------------------------------
Time: 19740000 | PC = 0x00000038 | Inst = 0x00000000 (BUBBLE)
          -> [SYSTEM] FINISH: ECALL caught, CPU is freezing!
-----------------------------------------------------------------
Time: 19750000 | PC = 0x00000038 | Inst = 0x00000000 (BUBBLE)
          -> [SYSTEM] FINISH: ECALL caught, CPU is freezing!
-----------------------------------------------------------------
Time: 19760000 | PC = 0x00000038 | Inst = 0x00000000 (BUBBLE)
          -> [SYSTEM] FINISH: ECALL caught, CPU is freezing!
-----------------------------------------------------------------
Time: 19770000 | PC = 0x00000038 | Inst = 0x00000000 (BUBBLE)
          -> [SYSTEM] FINISH: ECALL caught, CPU is freezing!
-----------------------------------------------------------------
Time: 19780000 | PC = 0x00000038 | Inst = 0x00000000 (BUBBLE)
          -> [SYSTEM] FINISH: ECALL caught, CPU is freezing!
-----------------------------------------------------------------
Time: 19790000 | PC = 0x00000038 | Inst = 0x00000000 (BUBBLE)
          -> [SYSTEM] FINISH: ECALL caught, CPU is freezing!
-----------------------------------------------------------------
Time: 19800000 | PC = 0x00000038 | Inst = 0x00000000 (BUBBLE)
          -> [SYSTEM] FINISH: ECALL caught, CPU is freezing!
-----------------------------------------------------------------
Time: 19810000 | PC = 0x00000038 | Inst = 0x00000000 (BUBBLE)
          -> [SYSTEM] FINISH: ECALL caught, CPU is freezing!
-----------------------------------------------------------------
Time: 19820000 | PC = 0x00000038 | Inst = 0x00000000 (BUBBLE)
          -> [SYSTEM] FINISH: ECALL caught, CPU is freezing!
-----------------------------------------------------------------
Time: 19830000 | PC = 0x00000038 | Inst = 0x00000000 (BUBBLE)
          -> [SYSTEM] FINISH: ECALL caught, CPU is freezing!
-----------------------------------------------------------------
Time: 19840000 | PC = 0x00000038 | Inst = 0x00000000 (BUBBLE)
          -> [SYSTEM] FINISH: ECALL caught, CPU is freezing!
-----------------------------------------------------------------
Time: 19850000 | PC = 0x00000038 | Inst = 0x00000000 (BUBBLE)
          -> [SYSTEM] FINISH: ECALL caught, CPU is freezing!
-----------------------------------------------------------------
Time: 19860000 | PC = 0x00000038 | Inst = 0x00000000 (BUBBLE)
          -> [SYSTEM] FINISH: ECALL caught, CPU is freezing!
-----------------------------------------------------------------
Time: 19870000 | PC = 0x00000038 | Inst = 0x00000000 (BUBBLE)
          -> [SYSTEM] FINISH: ECALL caught, CPU is freezing!
-----------------------------------------------------------------
Time: 19880000 | PC = 0x00000038 | Inst = 0x00000000 (BUBBLE)
          -> [SYSTEM] FINISH: ECALL caught, CPU is freezing!
-----------------------------------------------------------------
Time: 19890000 | PC = 0x00000038 | Inst = 0x00000000 (BUBBLE)
          -> [SYSTEM] FINISH: ECALL caught, CPU is freezing!
-----------------------------------------------------------------
Time: 19900000 | PC = 0x00000038 | Inst = 0x00000000 (BUBBLE)
          -> [SYSTEM] FINISH: ECALL caught, CPU is freezing!
-----------------------------------------------------------------
Time: 19910000 | PC = 0x00000038 | Inst = 0x00000000 (BUBBLE)
          -> [SYSTEM] FINISH: ECALL caught, CPU is freezing!
-----------------------------------------------------------------
Time: 19920000 | PC = 0x00000038 | Inst = 0x00000000 (BUBBLE)
          -> [SYSTEM] FINISH: ECALL caught, CPU is freezing!
-----------------------------------------------------------------
Time: 19930000 | PC = 0x00000038 | Inst = 0x00000000 (BUBBLE)
          -> [SYSTEM] FINISH: ECALL caught, CPU is freezing!
-----------------------------------------------------------------
Time: 19940000 | PC = 0x00000038 | Inst = 0x00000000 (BUBBLE)
          -> [SYSTEM] FINISH: ECALL caught, CPU is freezing!
-----------------------------------------------------------------
Time: 19950000 | PC = 0x00000038 | Inst = 0x00000000 (BUBBLE)
          -> [SYSTEM] FINISH: ECALL caught, CPU is freezing!
-----------------------------------------------------------------
Time: 19960000 | PC = 0x00000038 | Inst = 0x00000000 (BUBBLE)
          -> [SYSTEM] FINISH: ECALL caught, CPU is freezing!
-----------------------------------------------------------------
Time: 19970000 | PC = 0x00000038 | Inst = 0x00000000 (BUBBLE)
          -> [SYSTEM] FINISH: ECALL caught, CPU is freezing!
-----------------------------------------------------------------
Time: 19980000 | PC = 0x00000038 | Inst = 0x00000000 (BUBBLE)
          -> [SYSTEM] FINISH: ECALL caught, CPU is freezing!
-----------------------------------------------------------------
Time: 19990000 | PC = 0x00000038 | Inst = 0x00000000 (BUBBLE)
          -> [SYSTEM] FINISH: ECALL caught, CPU is freezing!
-----------------------------------------------------------------
Time: 20000000 | PC = 0x00000038 | Inst = 0x00000000 (BUBBLE)
          -> [SYSTEM] FINISH: ECALL caught, CPU is freezing!
-----------------------------------------------------------------
Time: 20010000 | PC = 0x00000038 | Inst = 0x00000000 (BUBBLE)
          -> [SYSTEM] FINISH: ECALL caught, CPU is freezing!
-----------------------------------------------------------------
Time: 20020000 | PC = 0x00000038 | Inst = 0x00000000 (BUBBLE)
          -> [SYSTEM] FINISH: ECALL caught, CPU is freezing!
-----------------------------------------------------------------
Time: 20030000 | PC = 0x00000038 | Inst = 0x00000000 (BUBBLE)
          -> [SYSTEM] FINISH: ECALL caught, CPU is freezing!
-----------------------------------------------------------------
Time: 20040000 | PC = 0x00000038 | Inst = 0x00000000 (BUBBLE)
          -> [SYSTEM] FINISH: ECALL caught, CPU is freezing!
-----------------------------------------------------------------
Time: 20050000 | PC = 0x00000038 | Inst = 0x00000000 (BUBBLE)
          -> [SYSTEM] FINISH: ECALL caught, CPU is freezing!
-----------------------------------------------------------------
Time: 20060000 | PC = 0x00000038 | Inst = 0x00000000 (BUBBLE)
          -> [SYSTEM] FINISH: ECALL caught, CPU is freezing!
-----------------------------------------------------------------
Time: 20070000 | PC = 0x00000038 | Inst = 0x00000000 (BUBBLE)
          -> [SYSTEM] FINISH: ECALL caught, CPU is freezing!
-----------------------------------------------------------------
Time: 20080000 | PC = 0x00000038 | Inst = 0x00000000 (BUBBLE)
          -> [SYSTEM] FINISH: ECALL caught, CPU is freezing!
-----------------------------------------------------------------
Time: 20090000 | PC = 0x00000038 | Inst = 0x00000000 (BUBBLE)
          -> [SYSTEM] FINISH: ECALL caught, CPU is freezing!
-----------------------------------------------------------------
Time: 20100000 | PC = 0x00000038 | Inst = 0x00000000 (BUBBLE)
          -> [SYSTEM] FINISH: ECALL caught, CPU is freezing!
-----------------------------------------------------------------
Time: 20110000 | PC = 0x00000038 | Inst = 0x00000000 (BUBBLE)
          -> [SYSTEM] FINISH: ECALL caught, CPU is freezing!
-----------------------------------------------------------------
Time: 20120000 | PC = 0x00000038 | Inst = 0x00000000 (BUBBLE)
          -> [SYSTEM] FINISH: ECALL caught, CPU is freezing!
-----------------------------------------------------------------
Time: 20130000 | PC = 0x00000038 | Inst = 0x00000000 (BUBBLE)
          -> [SYSTEM] FINISH: ECALL caught, CPU is freezing!
-----------------------------------------------------------------
Time: 20140000 | PC = 0x00000038 | Inst = 0x00000000 (BUBBLE)
          -> [SYSTEM] FINISH: ECALL caught, CPU is freezing!
-----------------------------------------------------------------
Time: 20150000 | PC = 0x00000038 | Inst = 0x00000000 (BUBBLE)
          -> [SYSTEM] FINISH: ECALL caught, CPU is freezing!
-----------------------------------------------------------------
Time: 20160000 | PC = 0x00000038 | Inst = 0x00000000 (BUBBLE)
          -> [SYSTEM] FINISH: ECALL caught, CPU is freezing!
-----------------------------------------------------------------
Time: 20170000 | PC = 0x00000038 | Inst = 0x00000000 (BUBBLE)
          -> [SYSTEM] FINISH: ECALL caught, CPU is freezing!
-----------------------------------------------------------------
Time: 20180000 | PC = 0x00000038 | Inst = 0x00000000 (BUBBLE)
          -> [SYSTEM] FINISH: ECALL caught, CPU is freezing!
-----------------------------------------------------------------
Time: 20190000 | PC = 0x00000038 | Inst = 0x00000000 (BUBBLE)
          -> [SYSTEM] FINISH: ECALL caught, CPU is freezing!
-----------------------------------------------------------------
Time: 20200000 | PC = 0x00000038 | Inst = 0x00000000 (BUBBLE)
          -> [SYSTEM] FINISH: ECALL caught, CPU is freezing!
-----------------------------------------------------------------
Time: 20210000 | PC = 0x00000038 | Inst = 0x00000000 (BUBBLE)
          -> [SYSTEM] FINISH: ECALL caught, CPU is freezing!
-----------------------------------------------------------------
Time: 20220000 | PC = 0x00000038 | Inst = 0x00000000 (BUBBLE)
          -> [SYSTEM] FINISH: ECALL caught, CPU is freezing!
-----------------------------------------------------------------
Time: 20230000 | PC = 0x00000038 | Inst = 0x00000000 (BUBBLE)
          -> [SYSTEM] FINISH: ECALL caught, CPU is freezing!
-----------------------------------------------------------------
Time: 20240000 | PC = 0x00000038 | Inst = 0x00000000 (BUBBLE)
          -> [SYSTEM] FINISH: ECALL caught, CPU is freezing!
-----------------------------------------------------------------
Time: 20250000 | PC = 0x00000038 | Inst = 0x00000000 (BUBBLE)
          -> [SYSTEM] FINISH: ECALL caught, CPU is freezing!
-----------------------------------------------------------------
Time: 20260000 | PC = 0x00000038 | Inst = 0x00000000 (BUBBLE)
          -> [SYSTEM] FINISH: ECALL caught, CPU is freezing!
-----------------------------------------------------------------
Time: 20270000 | PC = 0x00000038 | Inst = 0x00000000 (BUBBLE)
          -> [SYSTEM] FINISH: ECALL caught, CPU is freezing!
-----------------------------------------------------------------
Time: 20280000 | PC = 0x00000038 | Inst = 0x00000000 (BUBBLE)
          -> [SYSTEM] FINISH: ECALL caught, CPU is freezing!
-----------------------------------------------------------------
Time: 20290000 | PC = 0x00000038 | Inst = 0x00000000 (BUBBLE)
          -> [SYSTEM] FINISH: ECALL caught, CPU is freezing!
-----------------------------------------------------------------
Time: 20300000 | PC = 0x00000038 | Inst = 0x00000000 (BUBBLE)
          -> [SYSTEM] FINISH: ECALL caught, CPU is freezing!
-----------------------------------------------------------------
Time: 20310000 | PC = 0x00000038 | Inst = 0x00000000 (BUBBLE)
          -> [SYSTEM] FINISH: ECALL caught, CPU is freezing!
-----------------------------------------------------------------
Time: 20320000 | PC = 0x00000038 | Inst = 0x00000000 (BUBBLE)
          -> [SYSTEM] FINISH: ECALL caught, CPU is freezing!
-----------------------------------------------------------------
Time: 20330000 | PC = 0x00000038 | Inst = 0x00000000 (BUBBLE)
          -> [SYSTEM] FINISH: ECALL caught, CPU is freezing!
-----------------------------------------------------------------
Time: 20340000 | PC = 0x00000038 | Inst = 0x00000000 (BUBBLE)
          -> [SYSTEM] FINISH: ECALL caught, CPU is freezing!
-----------------------------------------------------------------
Time: 20350000 | PC = 0x00000038 | Inst = 0x00000000 (BUBBLE)
          -> [SYSTEM] FINISH: ECALL caught, CPU is freezing!
-----------------------------------------------------------------
Time: 20360000 | PC = 0x00000038 | Inst = 0x00000000 (BUBBLE)
          -> [SYSTEM] FINISH: ECALL caught, CPU is freezing!
-----------------------------------------------------------------
Time: 20370000 | PC = 0x00000038 | Inst = 0x00000000 (BUBBLE)
          -> [SYSTEM] FINISH: ECALL caught, CPU is freezing!
-----------------------------------------------------------------
Time: 20380000 | PC = 0x00000038 | Inst = 0x00000000 (BUBBLE)
          -> [SYSTEM] FINISH: ECALL caught, CPU is freezing!
-----------------------------------------------------------------
Time: 20390000 | PC = 0x00000038 | Inst = 0x00000000 (BUBBLE)
          -> [SYSTEM] FINISH: ECALL caught, CPU is freezing!
-----------------------------------------------------------------
Time: 20400000 | PC = 0x00000038 | Inst = 0x00000000 (BUBBLE)
          -> [SYSTEM] FINISH: ECALL caught, CPU is freezing!
-----------------------------------------------------------------
Time: 20410000 | PC = 0x00000038 | Inst = 0x00000000 (BUBBLE)
          -> [SYSTEM] FINISH: ECALL caught, CPU is freezing!
-----------------------------------------------------------------
Time: 20420000 | PC = 0x00000038 | Inst = 0x00000000 (BUBBLE)
          -> [SYSTEM] FINISH: ECALL caught, CPU is freezing!
-----------------------------------------------------------------
Time: 20430000 | PC = 0x00000038 | Inst = 0x00000000 (BUBBLE)
          -> [SYSTEM] FINISH: ECALL caught, CPU is freezing!
-----------------------------------------------------------------
Time: 20440000 | PC = 0x00000038 | Inst = 0x00000000 (BUBBLE)
          -> [SYSTEM] FINISH: ECALL caught, CPU is freezing!
-----------------------------------------------------------------
Time: 20450000 | PC = 0x00000038 | Inst = 0x00000000 (BUBBLE)
          -> [SYSTEM] FINISH: ECALL caught, CPU is freezing!
-----------------------------------------------------------------
Time: 20460000 | PC = 0x00000038 | Inst = 0x00000000 (BUBBLE)
          -> [SYSTEM] FINISH: ECALL caught, CPU is freezing!
-----------------------------------------------------------------
Time: 20470000 | PC = 0x00000038 | Inst = 0x00000000 (BUBBLE)
          -> [SYSTEM] FINISH: ECALL caught, CPU is freezing!
-----------------------------------------------------------------
Time: 20480000 | PC = 0x00000038 | Inst = 0x00000000 (BUBBLE)
          -> [SYSTEM] FINISH: ECALL caught, CPU is freezing!
-----------------------------------------------------------------
Time: 20490000 | PC = 0x00000038 | Inst = 0x00000000 (BUBBLE)
          -> [SYSTEM] FINISH: ECALL caught, CPU is freezing!
-----------------------------------------------------------------
Time: 20500000 | PC = 0x00000038 | Inst = 0x00000000 (BUBBLE)
          -> [SYSTEM] FINISH: ECALL caught, CPU is freezing!
-----------------------------------------------------------------
Time: 20510000 | PC = 0x00000038 | Inst = 0x00000000 (BUBBLE)
          -> [SYSTEM] FINISH: ECALL caught, CPU is freezing!
-----------------------------------------------------------------
Time: 20520000 | PC = 0x00000038 | Inst = 0x00000000 (BUBBLE)
          -> [SYSTEM] FINISH: ECALL caught, CPU is freezing!
-----------------------------------------------------------------
Time: 20530000 | PC = 0x00000038 | Inst = 0x00000000 (BUBBLE)
          -> [SYSTEM] FINISH: ECALL caught, CPU is freezing!
-----------------------------------------------------------------
Time: 20540000 | PC = 0x00000038 | Inst = 0x00000000 (BUBBLE)
          -> [SYSTEM] FINISH: ECALL caught, CPU is freezing!
-----------------------------------------------------------------
Time: 20550000 | PC = 0x00000038 | Inst = 0x00000000 (BUBBLE)
          -> [SYSTEM] FINISH: ECALL caught, CPU is freezing!
-----------------------------------------------------------------
Time: 20560000 | PC = 0x00000038 | Inst = 0x00000000 (BUBBLE)
          -> [SYSTEM] FINISH: ECALL caught, CPU is freezing!
-----------------------------------------------------------------
Time: 20570000 | PC = 0x00000038 | Inst = 0x00000000 (BUBBLE)
          -> [SYSTEM] FINISH: ECALL caught, CPU is freezing!
-----------------------------------------------------------------
Time: 20580000 | PC = 0x00000038 | Inst = 0x00000000 (BUBBLE)
          -> [SYSTEM] FINISH: ECALL caught, CPU is freezing!
-----------------------------------------------------------------
Time: 20590000 | PC = 0x00000038 | Inst = 0x00000000 (BUBBLE)
          -> [SYSTEM] FINISH: ECALL caught, CPU is freezing!
-----------------------------------------------------------------
Time: 20600000 | PC = 0x00000038 | Inst = 0x00000000 (BUBBLE)
          -> [SYSTEM] FINISH: ECALL caught, CPU is freezing!
-----------------------------------------------------------------
Time: 20610000 | PC = 0x00000038 | Inst = 0x00000000 (BUBBLE)
          -> [SYSTEM] FINISH: ECALL caught, CPU is freezing!
-----------------------------------------------------------------
Time: 20620000 | PC = 0x00000038 | Inst = 0x00000000 (BUBBLE)
          -> [SYSTEM] FINISH: ECALL caught, CPU is freezing!
-----------------------------------------------------------------
Time: 20630000 | PC = 0x00000038 | Inst = 0x00000000 (BUBBLE)
          -> [SYSTEM] FINISH: ECALL caught, CPU is freezing!
-----------------------------------------------------------------
Time: 20640000 | PC = 0x00000038 | Inst = 0x00000000 (BUBBLE)
          -> [SYSTEM] FINISH: ECALL caught, CPU is freezing!
-----------------------------------------------------------------
Time: 20650000 | PC = 0x00000038 | Inst = 0x00000000 (BUBBLE)
          -> [SYSTEM] FINISH: ECALL caught, CPU is freezing!
-----------------------------------------------------------------
Time: 20660000 | PC = 0x00000038 | Inst = 0x00000000 (BUBBLE)
          -> [SYSTEM] FINISH: ECALL caught, CPU is freezing!
-----------------------------------------------------------------
Time: 20670000 | PC = 0x00000038 | Inst = 0x00000000 (BUBBLE)
          -> [SYSTEM] FINISH: ECALL caught, CPU is freezing!
-----------------------------------------------------------------
Time: 20680000 | PC = 0x00000038 | Inst = 0x00000000 (BUBBLE)
          -> [SYSTEM] FINISH: ECALL caught, CPU is freezing!
-----------------------------------------------------------------
Time: 20690000 | PC = 0x00000038 | Inst = 0x00000000 (BUBBLE)
          -> [SYSTEM] FINISH: ECALL caught, CPU is freezing!
-----------------------------------------------------------------
Time: 20700000 | PC = 0x00000038 | Inst = 0x00000000 (BUBBLE)
          -> [SYSTEM] FINISH: ECALL caught, CPU is freezing!
-----------------------------------------------------------------
Time: 20710000 | PC = 0x00000038 | Inst = 0x00000000 (BUBBLE)
          -> [SYSTEM] FINISH: ECALL caught, CPU is freezing!
-----------------------------------------------------------------
Time: 20720000 | PC = 0x00000038 | Inst = 0x00000000 (BUBBLE)
          -> [SYSTEM] FINISH: ECALL caught, CPU is freezing!
-----------------------------------------------------------------
Time: 20730000 | PC = 0x00000038 | Inst = 0x00000000 (BUBBLE)
          -> [SYSTEM] FINISH: ECALL caught, CPU is freezing!
-----------------------------------------------------------------
Time: 20740000 | PC = 0x00000038 | Inst = 0x00000000 (BUBBLE)
          -> [SYSTEM] FINISH: ECALL caught, CPU is freezing!
-----------------------------------------------------------------
Time: 20750000 | PC = 0x00000038 | Inst = 0x00000000 (BUBBLE)
          -> [SYSTEM] FINISH: ECALL caught, CPU is freezing!
-----------------------------------------------------------------
Time: 20760000 | PC = 0x00000038 | Inst = 0x00000000 (BUBBLE)
          -> [SYSTEM] FINISH: ECALL caught, CPU is freezing!
-----------------------------------------------------------------
Time: 20770000 | PC = 0x00000038 | Inst = 0x00000000 (BUBBLE)
          -> [SYSTEM] FINISH: ECALL caught, CPU is freezing!
-----------------------------------------------------------------
Time: 20780000 | PC = 0x00000038 | Inst = 0x00000000 (BUBBLE)
          -> [SYSTEM] FINISH: ECALL caught, CPU is freezing!
-----------------------------------------------------------------
Time: 20790000 | PC = 0x00000038 | Inst = 0x00000000 (BUBBLE)
          -> [SYSTEM] FINISH: ECALL caught, CPU is freezing!
-----------------------------------------------------------------
Time: 20800000 | PC = 0x00000038 | Inst = 0x00000000 (BUBBLE)
          -> [SYSTEM] FINISH: ECALL caught, CPU is freezing!
-----------------------------------------------------------------
Time: 20810000 | PC = 0x00000038 | Inst = 0x00000000 (BUBBLE)
          -> [SYSTEM] FINISH: ECALL caught, CPU is freezing!
-----------------------------------------------------------------
Time: 20820000 | PC = 0x00000038 | Inst = 0x00000000 (BUBBLE)
          -> [SYSTEM] FINISH: ECALL caught, CPU is freezing!
-----------------------------------------------------------------
Time: 20830000 | PC = 0x00000038 | Inst = 0x00000000 (BUBBLE)
          -> [SYSTEM] FINISH: ECALL caught, CPU is freezing!
-----------------------------------------------------------------
Time: 20840000 | PC = 0x00000038 | Inst = 0x00000000 (BUBBLE)
          -> [SYSTEM] FINISH: ECALL caught, CPU is freezing!
-----------------------------------------------------------------
Time: 20850000 | PC = 0x00000038 | Inst = 0x00000000 (BUBBLE)
          -> [SYSTEM] FINISH: ECALL caught, CPU is freezing!
-----------------------------------------------------------------
Time: 20860000 | PC = 0x00000038 | Inst = 0x00000000 (BUBBLE)
          -> [SYSTEM] FINISH: ECALL caught, CPU is freezing!
-----------------------------------------------------------------
Time: 20870000 | PC = 0x00000038 | Inst = 0x00000000 (BUBBLE)
          -> [SYSTEM] FINISH: ECALL caught, CPU is freezing!
-----------------------------------------------------------------
Time: 20880000 | PC = 0x00000038 | Inst = 0x00000000 (BUBBLE)
          -> [SYSTEM] FINISH: ECALL caught, CPU is freezing!
-----------------------------------------------------------------
Time: 20890000 | PC = 0x00000038 | Inst = 0x00000000 (BUBBLE)
          -> [SYSTEM] FINISH: ECALL caught, CPU is freezing!
-----------------------------------------------------------------
Time: 20900000 | PC = 0x00000038 | Inst = 0x00000000 (BUBBLE)
          -> [SYSTEM] FINISH: ECALL caught, CPU is freezing!
-----------------------------------------------------------------
Time: 20910000 | PC = 0x00000038 | Inst = 0x00000000 (BUBBLE)
          -> [SYSTEM] FINISH: ECALL caught, CPU is freezing!
-----------------------------------------------------------------
Time: 20920000 | PC = 0x00000038 | Inst = 0x00000000 (BUBBLE)
          -> [SYSTEM] FINISH: ECALL caught, CPU is freezing!
-----------------------------------------------------------------
Time: 20930000 | PC = 0x00000038 | Inst = 0x00000000 (BUBBLE)
          -> [SYSTEM] FINISH: ECALL caught, CPU is freezing!
-----------------------------------------------------------------
Time: 20940000 | PC = 0x00000038 | Inst = 0x00000000 (BUBBLE)
          -> [SYSTEM] FINISH: ECALL caught, CPU is freezing!
-----------------------------------------------------------------
Time: 20950000 | PC = 0x00000038 | Inst = 0x00000000 (BUBBLE)
          -> [SYSTEM] FINISH: ECALL caught, CPU is freezing!
-----------------------------------------------------------------
Time: 20960000 | PC = 0x00000038 | Inst = 0x00000000 (BUBBLE)
          -> [SYSTEM] FINISH: ECALL caught, CPU is freezing!
-----------------------------------------------------------------
Time: 20970000 | PC = 0x00000038 | Inst = 0x00000000 (BUBBLE)
          -> [SYSTEM] FINISH: ECALL caught, CPU is freezing!
-----------------------------------------------------------------
Time: 20980000 | PC = 0x00000038 | Inst = 0x00000000 (BUBBLE)
          -> [SYSTEM] FINISH: ECALL caught, CPU is freezing!
-----------------------------------------------------------------
Time: 20990000 | PC = 0x00000038 | Inst = 0x00000000 (BUBBLE)
          -> [SYSTEM] FINISH: ECALL caught, CPU is freezing!
-----------------------------------------------------------------
Time: 21000000 | PC = 0x00000038 | Inst = 0x00000000 (BUBBLE)
          -> [SYSTEM] FINISH: ECALL caught, CPU is freezing!
-----------------------------------------------------------------
Time: 21010000 | PC = 0x00000038 | Inst = 0x00000000 (BUBBLE)
          -> [SYSTEM] FINISH: ECALL caught, CPU is freezing!
-----------------------------------------------------------------
Time: 21020000 | PC = 0x00000038 | Inst = 0x00000000 (BUBBLE)
          -> [SYSTEM] FINISH: ECALL caught, CPU is freezing!
-----------------------------------------------------------------
Time: 21030000 | PC = 0x00000038 | Inst = 0x00000000 (BUBBLE)
          -> [SYSTEM] FINISH: ECALL caught, CPU is freezing!
-----------------------------------------------------------------
Time: 21040000 | PC = 0x00000038 | Inst = 0x00000000 (BUBBLE)
          -> [SYSTEM] FINISH: ECALL caught, CPU is freezing!
-----------------------------------------------------------------
Time: 21050000 | PC = 0x00000038 | Inst = 0x00000000 (BUBBLE)
          -> [SYSTEM] FINISH: ECALL caught, CPU is freezing!
-----------------------------------------------------------------
Time: 21060000 | PC = 0x00000038 | Inst = 0x00000000 (BUBBLE)
          -> [SYSTEM] FINISH: ECALL caught, CPU is freezing!
-----------------------------------------------------------------
Time: 21070000 | PC = 0x00000038 | Inst = 0x00000000 (BUBBLE)
          -> [SYSTEM] FINISH: ECALL caught, CPU is freezing!
-----------------------------------------------------------------
Time: 21080000 | PC = 0x00000038 | Inst = 0x00000000 (BUBBLE)
          -> [SYSTEM] FINISH: ECALL caught, CPU is freezing!
-----------------------------------------------------------------
Time: 21090000 | PC = 0x00000038 | Inst = 0x00000000 (BUBBLE)
          -> [SYSTEM] FINISH: ECALL caught, CPU is freezing!
-----------------------------------------------------------------
Time: 21100000 | PC = 0x00000038 | Inst = 0x00000000 (BUBBLE)
          -> [SYSTEM] FINISH: ECALL caught, CPU is freezing!
-----------------------------------------------------------------
Time: 21110000 | PC = 0x00000038 | Inst = 0x00000000 (BUBBLE)
          -> [SYSTEM] FINISH: ECALL caught, CPU is freezing!
-----------------------------------------------------------------
Time: 21120000 | PC = 0x00000038 | Inst = 0x00000000 (BUBBLE)
          -> [SYSTEM] FINISH: ECALL caught, CPU is freezing!
-----------------------------------------------------------------
Time: 21130000 | PC = 0x00000038 | Inst = 0x00000000 (BUBBLE)
          -> [SYSTEM] FINISH: ECALL caught, CPU is freezing!
-----------------------------------------------------------------
Time: 21140000 | PC = 0x00000038 | Inst = 0x00000000 (BUBBLE)
          -> [SYSTEM] FINISH: ECALL caught, CPU is freezing!
-----------------------------------------------------------------
Time: 21150000 | PC = 0x00000038 | Inst = 0x00000000 (BUBBLE)
          -> [SYSTEM] FINISH: ECALL caught, CPU is freezing!
-----------------------------------------------------------------
Time: 21160000 | PC = 0x00000038 | Inst = 0x00000000 (BUBBLE)
          -> [SYSTEM] FINISH: ECALL caught, CPU is freezing!
-----------------------------------------------------------------
Time: 21170000 | PC = 0x00000038 | Inst = 0x00000000 (BUBBLE)
          -> [SYSTEM] FINISH: ECALL caught, CPU is freezing!
-----------------------------------------------------------------
Time: 21180000 | PC = 0x00000038 | Inst = 0x00000000 (BUBBLE)
          -> [SYSTEM] FINISH: ECALL caught, CPU is freezing!
-----------------------------------------------------------------
Time: 21190000 | PC = 0x00000038 | Inst = 0x00000000 (BUBBLE)
          -> [SYSTEM] FINISH: ECALL caught, CPU is freezing!
-----------------------------------------------------------------
Time: 21200000 | PC = 0x00000038 | Inst = 0x00000000 (BUBBLE)
          -> [SYSTEM] FINISH: ECALL caught, CPU is freezing!
-----------------------------------------------------------------
Time: 21210000 | PC = 0x00000038 | Inst = 0x00000000 (BUBBLE)
          -> [SYSTEM] FINISH: ECALL caught, CPU is freezing!
-----------------------------------------------------------------
Time: 21220000 | PC = 0x00000038 | Inst = 0x00000000 (BUBBLE)
          -> [SYSTEM] FINISH: ECALL caught, CPU is freezing!
-----------------------------------------------------------------
Time: 21230000 | PC = 0x00000038 | Inst = 0x00000000 (BUBBLE)
          -> [SYSTEM] FINISH: ECALL caught, CPU is freezing!
-----------------------------------------------------------------
Time: 21240000 | PC = 0x00000038 | Inst = 0x00000000 (BUBBLE)
          -> [SYSTEM] FINISH: ECALL caught, CPU is freezing!
-----------------------------------------------------------------
Time: 21250000 | PC = 0x00000038 | Inst = 0x00000000 (BUBBLE)
          -> [SYSTEM] FINISH: ECALL caught, CPU is freezing!
-----------------------------------------------------------------
Time: 21260000 | PC = 0x00000038 | Inst = 0x00000000 (BUBBLE)
          -> [SYSTEM] FINISH: ECALL caught, CPU is freezing!
-----------------------------------------------------------------
Time: 21270000 | PC = 0x00000038 | Inst = 0x00000000 (BUBBLE)
          -> [SYSTEM] FINISH: ECALL caught, CPU is freezing!
-----------------------------------------------------------------
Time: 21280000 | PC = 0x00000038 | Inst = 0x00000000 (BUBBLE)
          -> [SYSTEM] FINISH: ECALL caught, CPU is freezing!
-----------------------------------------------------------------
Time: 21290000 | PC = 0x00000038 | Inst = 0x00000000 (BUBBLE)
          -> [SYSTEM] FINISH: ECALL caught, CPU is freezing!
-----------------------------------------------------------------
Time: 21300000 | PC = 0x00000038 | Inst = 0x00000000 (BUBBLE)
          -> [SYSTEM] FINISH: ECALL caught, CPU is freezing!
-----------------------------------------------------------------
Time: 21310000 | PC = 0x00000038 | Inst = 0x00000000 (BUBBLE)
          -> [SYSTEM] FINISH: ECALL caught, CPU is freezing!
-----------------------------------------------------------------
Time: 21320000 | PC = 0x00000038 | Inst = 0x00000000 (BUBBLE)
          -> [SYSTEM] FINISH: ECALL caught, CPU is freezing!
-----------------------------------------------------------------
Time: 21330000 | PC = 0x00000038 | Inst = 0x00000000 (BUBBLE)
          -> [SYSTEM] FINISH: ECALL caught, CPU is freezing!
-----------------------------------------------------------------
Time: 21340000 | PC = 0x00000038 | Inst = 0x00000000 (BUBBLE)
          -> [SYSTEM] FINISH: ECALL caught, CPU is freezing!
-----------------------------------------------------------------
Time: 21350000 | PC = 0x00000038 | Inst = 0x00000000 (BUBBLE)
          -> [SYSTEM] FINISH: ECALL caught, CPU is freezing!
-----------------------------------------------------------------
Time: 21360000 | PC = 0x00000038 | Inst = 0x00000000 (BUBBLE)
          -> [SYSTEM] FINISH: ECALL caught, CPU is freezing!
-----------------------------------------------------------------
Time: 21370000 | PC = 0x00000038 | Inst = 0x00000000 (BUBBLE)
          -> [SYSTEM] FINISH: ECALL caught, CPU is freezing!
-----------------------------------------------------------------
Time: 21380000 | PC = 0x00000038 | Inst = 0x00000000 (BUBBLE)
          -> [SYSTEM] FINISH: ECALL caught, CPU is freezing!
-----------------------------------------------------------------
Time: 21390000 | PC = 0x00000038 | Inst = 0x00000000 (BUBBLE)
          -> [SYSTEM] FINISH: ECALL caught, CPU is freezing!
-----------------------------------------------------------------
Time: 21400000 | PC = 0x00000038 | Inst = 0x00000000 (BUBBLE)
          -> [SYSTEM] FINISH: ECALL caught, CPU is freezing!
-----------------------------------------------------------------
Time: 21410000 | PC = 0x00000038 | Inst = 0x00000000 (BUBBLE)
          -> [SYSTEM] FINISH: ECALL caught, CPU is freezing!
-----------------------------------------------------------------
Time: 21420000 | PC = 0x00000038 | Inst = 0x00000000 (BUBBLE)
          -> [SYSTEM] FINISH: ECALL caught, CPU is freezing!
-----------------------------------------------------------------
Time: 21430000 | PC = 0x00000038 | Inst = 0x00000000 (BUBBLE)
          -> [SYSTEM] FINISH: ECALL caught, CPU is freezing!
-----------------------------------------------------------------
Time: 21440000 | PC = 0x00000038 | Inst = 0x00000000 (BUBBLE)
          -> [SYSTEM] FINISH: ECALL caught, CPU is freezing!
-----------------------------------------------------------------
Time: 21450000 | PC = 0x00000038 | Inst = 0x00000000 (BUBBLE)
          -> [SYSTEM] FINISH: ECALL caught, CPU is freezing!
-----------------------------------------------------------------
Time: 21460000 | PC = 0x00000038 | Inst = 0x00000000 (BUBBLE)
          -> [SYSTEM] FINISH: ECALL caught, CPU is freezing!
-----------------------------------------------------------------
Time: 21470000 | PC = 0x00000038 | Inst = 0x00000000 (BUBBLE)
          -> [SYSTEM] FINISH: ECALL caught, CPU is freezing!
-----------------------------------------------------------------
Time: 21480000 | PC = 0x00000038 | Inst = 0x00000000 (BUBBLE)
          -> [SYSTEM] FINISH: ECALL caught, CPU is freezing!
-----------------------------------------------------------------
Time: 21490000 | PC = 0x00000038 | Inst = 0x00000000 (BUBBLE)
          -> [SYSTEM] FINISH: ECALL caught, CPU is freezing!
-----------------------------------------------------------------
Time: 21500000 | PC = 0x00000038 | Inst = 0x00000000 (BUBBLE)
          -> [SYSTEM] FINISH: ECALL caught, CPU is freezing!
-----------------------------------------------------------------
Time: 21510000 | PC = 0x00000038 | Inst = 0x00000000 (BUBBLE)
          -> [SYSTEM] FINISH: ECALL caught, CPU is freezing!
-----------------------------------------------------------------
Time: 21520000 | PC = 0x00000038 | Inst = 0x00000000 (BUBBLE)
          -> [SYSTEM] FINISH: ECALL caught, CPU is freezing!
-----------------------------------------------------------------
Time: 21530000 | PC = 0x00000038 | Inst = 0x00000000 (BUBBLE)
          -> [SYSTEM] FINISH: ECALL caught, CPU is freezing!
-----------------------------------------------------------------
Time: 21540000 | PC = 0x00000038 | Inst = 0x00000000 (BUBBLE)
          -> [SYSTEM] FINISH: ECALL caught, CPU is freezing!
-----------------------------------------------------------------
Time: 21550000 | PC = 0x00000038 | Inst = 0x00000000 (BUBBLE)
          -> [SYSTEM] FINISH: ECALL caught, CPU is freezing!
-----------------------------------------------------------------
Time: 21560000 | PC = 0x00000038 | Inst = 0x00000000 (BUBBLE)
          -> [SYSTEM] FINISH: ECALL caught, CPU is freezing!
-----------------------------------------------------------------
Time: 21570000 | PC = 0x00000038 | Inst = 0x00000000 (BUBBLE)
          -> [SYSTEM] FINISH: ECALL caught, CPU is freezing!
-----------------------------------------------------------------
Time: 21580000 | PC = 0x00000038 | Inst = 0x00000000 (BUBBLE)
          -> [SYSTEM] FINISH: ECALL caught, CPU is freezing!
-----------------------------------------------------------------
Time: 21590000 | PC = 0x00000038 | Inst = 0x00000000 (BUBBLE)
          -> [SYSTEM] FINISH: ECALL caught, CPU is freezing!
-----------------------------------------------------------------
Time: 21600000 | PC = 0x00000038 | Inst = 0x00000000 (BUBBLE)
          -> [SYSTEM] FINISH: ECALL caught, CPU is freezing!
-----------------------------------------------------------------
Time: 21610000 | PC = 0x00000038 | Inst = 0x00000000 (BUBBLE)
          -> [SYSTEM] FINISH: ECALL caught, CPU is freezing!
-----------------------------------------------------------------
Time: 21620000 | PC = 0x00000038 | Inst = 0x00000000 (BUBBLE)
          -> [SYSTEM] FINISH: ECALL caught, CPU is freezing!
-----------------------------------------------------------------
Time: 21630000 | PC = 0x00000038 | Inst = 0x00000000 (BUBBLE)
          -> [SYSTEM] FINISH: ECALL caught, CPU is freezing!
-----------------------------------------------------------------
Time: 21640000 | PC = 0x00000038 | Inst = 0x00000000 (BUBBLE)
          -> [SYSTEM] FINISH: ECALL caught, CPU is freezing!
-----------------------------------------------------------------
Time: 21650000 | PC = 0x00000038 | Inst = 0x00000000 (BUBBLE)
          -> [SYSTEM] FINISH: ECALL caught, CPU is freezing!
-----------------------------------------------------------------
Time: 21660000 | PC = 0x00000038 | Inst = 0x00000000 (BUBBLE)
          -> [SYSTEM] FINISH: ECALL caught, CPU is freezing!
-----------------------------------------------------------------
Time: 21670000 | PC = 0x00000038 | Inst = 0x00000000 (BUBBLE)
          -> [SYSTEM] FINISH: ECALL caught, CPU is freezing!
-----------------------------------------------------------------
Time: 21680000 | PC = 0x00000038 | Inst = 0x00000000 (BUBBLE)
          -> [SYSTEM] FINISH: ECALL caught, CPU is freezing!
-----------------------------------------------------------------
Time: 21690000 | PC = 0x00000038 | Inst = 0x00000000 (BUBBLE)
          -> [SYSTEM] FINISH: ECALL caught, CPU is freezing!
-----------------------------------------------------------------
Time: 21700000 | PC = 0x00000038 | Inst = 0x00000000 (BUBBLE)
          -> [SYSTEM] FINISH: ECALL caught, CPU is freezing!
-----------------------------------------------------------------
Time: 21710000 | PC = 0x00000038 | Inst = 0x00000000 (BUBBLE)
          -> [SYSTEM] FINISH: ECALL caught, CPU is freezing!
-----------------------------------------------------------------
Time: 21720000 | PC = 0x00000038 | Inst = 0x00000000 (BUBBLE)
          -> [SYSTEM] FINISH: ECALL caught, CPU is freezing!
-----------------------------------------------------------------
Time: 21730000 | PC = 0x00000038 | Inst = 0x00000000 (BUBBLE)
          -> [SYSTEM] FINISH: ECALL caught, CPU is freezing!
-----------------------------------------------------------------
Time: 21740000 | PC = 0x00000038 | Inst = 0x00000000 (BUBBLE)
          -> [SYSTEM] FINISH: ECALL caught, CPU is freezing!
-----------------------------------------------------------------
Time: 21750000 | PC = 0x00000038 | Inst = 0x00000000 (BUBBLE)
          -> [SYSTEM] FINISH: ECALL caught, CPU is freezing!
-----------------------------------------------------------------
Time: 21760000 | PC = 0x00000038 | Inst = 0x00000000 (BUBBLE)
          -> [SYSTEM] FINISH: ECALL caught, CPU is freezing!
-----------------------------------------------------------------
Time: 21770000 | PC = 0x00000038 | Inst = 0x00000000 (BUBBLE)
          -> [SYSTEM] FINISH: ECALL caught, CPU is freezing!
-----------------------------------------------------------------
Time: 21780000 | PC = 0x00000038 | Inst = 0x00000000 (BUBBLE)
          -> [SYSTEM] FINISH: ECALL caught, CPU is freezing!
-----------------------------------------------------------------
Time: 21790000 | PC = 0x00000038 | Inst = 0x00000000 (BUBBLE)
          -> [SYSTEM] FINISH: ECALL caught, CPU is freezing!
-----------------------------------------------------------------
Time: 21800000 | PC = 0x00000038 | Inst = 0x00000000 (BUBBLE)
          -> [SYSTEM] FINISH: ECALL caught, CPU is freezing!
-----------------------------------------------------------------
Time: 21810000 | PC = 0x00000038 | Inst = 0x00000000 (BUBBLE)
          -> [SYSTEM] FINISH: ECALL caught, CPU is freezing!
-----------------------------------------------------------------
Time: 21820000 | PC = 0x00000038 | Inst = 0x00000000 (BUBBLE)
          -> [SYSTEM] FINISH: ECALL caught, CPU is freezing!
-----------------------------------------------------------------
Time: 21830000 | PC = 0x00000038 | Inst = 0x00000000 (BUBBLE)
          -> [SYSTEM] FINISH: ECALL caught, CPU is freezing!
-----------------------------------------------------------------
Time: 21840000 | PC = 0x00000038 | Inst = 0x00000000 (BUBBLE)
          -> [SYSTEM] FINISH: ECALL caught, CPU is freezing!
-----------------------------------------------------------------
Time: 21850000 | PC = 0x00000038 | Inst = 0x00000000 (BUBBLE)
          -> [SYSTEM] FINISH: ECALL caught, CPU is freezing!
-----------------------------------------------------------------
Time: 21860000 | PC = 0x00000038 | Inst = 0x00000000 (BUBBLE)
          -> [SYSTEM] FINISH: ECALL caught, CPU is freezing!
-----------------------------------------------------------------
Time: 21870000 | PC = 0x00000038 | Inst = 0x00000000 (BUBBLE)
          -> [SYSTEM] FINISH: ECALL caught, CPU is freezing!
-----------------------------------------------------------------
Time: 21880000 | PC = 0x00000038 | Inst = 0x00000000 (BUBBLE)
          -> [SYSTEM] FINISH: ECALL caught, CPU is freezing!
-----------------------------------------------------------------
Time: 21890000 | PC = 0x00000038 | Inst = 0x00000000 (BUBBLE)
          -> [SYSTEM] FINISH: ECALL caught, CPU is freezing!
-----------------------------------------------------------------
Time: 21900000 | PC = 0x00000038 | Inst = 0x00000000 (BUBBLE)
          -> [SYSTEM] FINISH: ECALL caught, CPU is freezing!
-----------------------------------------------------------------
Time: 21910000 | PC = 0x00000038 | Inst = 0x00000000 (BUBBLE)
          -> [SYSTEM] FINISH: ECALL caught, CPU is freezing!
-----------------------------------------------------------------
Time: 21920000 | PC = 0x00000038 | Inst = 0x00000000 (BUBBLE)
          -> [SYSTEM] FINISH: ECALL caught, CPU is freezing!
-----------------------------------------------------------------
Time: 21930000 | PC = 0x00000038 | Inst = 0x00000000 (BUBBLE)
          -> [SYSTEM] FINISH: ECALL caught, CPU is freezing!
-----------------------------------------------------------------
Time: 21940000 | PC = 0x00000038 | Inst = 0x00000000 (BUBBLE)
          -> [SYSTEM] FINISH: ECALL caught, CPU is freezing!
-----------------------------------------------------------------
Time: 21950000 | PC = 0x00000038 | Inst = 0x00000000 (BUBBLE)
          -> [SYSTEM] FINISH: ECALL caught, CPU is freezing!
-----------------------------------------------------------------
Time: 21960000 | PC = 0x00000038 | Inst = 0x00000000 (BUBBLE)
          -> [SYSTEM] FINISH: ECALL caught, CPU is freezing!
-----------------------------------------------------------------
Time: 21970000 | PC = 0x00000038 | Inst = 0x00000000 (BUBBLE)
          -> [SYSTEM] FINISH: ECALL caught, CPU is freezing!
-----------------------------------------------------------------
Time: 21980000 | PC = 0x00000038 | Inst = 0x00000000 (BUBBLE)
          -> [SYSTEM] FINISH: ECALL caught, CPU is freezing!
-----------------------------------------------------------------
Time: 21990000 | PC = 0x00000038 | Inst = 0x00000000 (BUBBLE)
          -> [SYSTEM] FINISH: ECALL caught, CPU is freezing!
-----------------------------------------------------------------
Time: 22000000 | PC = 0x00000038 | Inst = 0x00000000 (BUBBLE)
          -> [SYSTEM] FINISH: ECALL caught, CPU is freezing!
-----------------------------------------------------------------
Time: 22010000 | PC = 0x00000038 | Inst = 0x00000000 (BUBBLE)
          -> [SYSTEM] FINISH: ECALL caught, CPU is freezing!
-----------------------------------------------------------------
Time: 22020000 | PC = 0x00000038 | Inst = 0x00000000 (BUBBLE)
          -> [SYSTEM] FINISH: ECALL caught, CPU is freezing!
-----------------------------------------------------------------
Time: 22030000 | PC = 0x00000038 | Inst = 0x00000000 (BUBBLE)
          -> [SYSTEM] FINISH: ECALL caught, CPU is freezing!
-----------------------------------------------------------------
Time: 22040000 | PC = 0x00000038 | Inst = 0x00000000 (BUBBLE)
          -> [SYSTEM] FINISH: ECALL caught, CPU is freezing!
-----------------------------------------------------------------
Time: 22050000 | PC = 0x00000038 | Inst = 0x00000000 (BUBBLE)
          -> [SYSTEM] FINISH: ECALL caught, CPU is freezing!
-----------------------------------------------------------------
Time: 22060000 | PC = 0x00000038 | Inst = 0x00000000 (BUBBLE)
          -> [SYSTEM] FINISH: ECALL caught, CPU is freezing!
-----------------------------------------------------------------
Time: 22070000 | PC = 0x00000038 | Inst = 0x00000000 (BUBBLE)
          -> [SYSTEM] FINISH: ECALL caught, CPU is freezing!
-----------------------------------------------------------------
Time: 22080000 | PC = 0x00000038 | Inst = 0x00000000 (BUBBLE)
          -> [SYSTEM] FINISH: ECALL caught, CPU is freezing!
-----------------------------------------------------------------
Time: 22090000 | PC = 0x00000038 | Inst = 0x00000000 (BUBBLE)
          -> [SYSTEM] FINISH: ECALL caught, CPU is freezing!
-----------------------------------------------------------------
Time: 22100000 | PC = 0x00000038 | Inst = 0x00000000 (BUBBLE)
          -> [SYSTEM] FINISH: ECALL caught, CPU is freezing!
-----------------------------------------------------------------
Time: 22110000 | PC = 0x00000038 | Inst = 0x00000000 (BUBBLE)
          -> [SYSTEM] FINISH: ECALL caught, CPU is freezing!
-----------------------------------------------------------------
Time: 22120000 | PC = 0x00000038 | Inst = 0x00000000 (BUBBLE)
          -> [SYSTEM] FINISH: ECALL caught, CPU is freezing!
-----------------------------------------------------------------
Time: 22130000 | PC = 0x00000038 | Inst = 0x00000000 (BUBBLE)
          -> [SYSTEM] FINISH: ECALL caught, CPU is freezing!
-----------------------------------------------------------------
Time: 22140000 | PC = 0x00000038 | Inst = 0x00000000 (BUBBLE)
          -> [SYSTEM] FINISH: ECALL caught, CPU is freezing!
-----------------------------------------------------------------
Time: 22150000 | PC = 0x00000038 | Inst = 0x00000000 (BUBBLE)
          -> [SYSTEM] FINISH: ECALL caught, CPU is freezing!
-----------------------------------------------------------------
Time: 22160000 | PC = 0x00000038 | Inst = 0x00000000 (BUBBLE)
          -> [SYSTEM] FINISH: ECALL caught, CPU is freezing!
-----------------------------------------------------------------
Time: 22170000 | PC = 0x00000038 | Inst = 0x00000000 (BUBBLE)
          -> [SYSTEM] FINISH: ECALL caught, CPU is freezing!
-----------------------------------------------------------------
Time: 22180000 | PC = 0x00000038 | Inst = 0x00000000 (BUBBLE)
          -> [SYSTEM] FINISH: ECALL caught, CPU is freezing!
-----------------------------------------------------------------
Time: 22190000 | PC = 0x00000038 | Inst = 0x00000000 (BUBBLE)
          -> [SYSTEM] FINISH: ECALL caught, CPU is freezing!
-----------------------------------------------------------------
Time: 22200000 | PC = 0x00000038 | Inst = 0x00000000 (BUBBLE)
          -> [SYSTEM] FINISH: ECALL caught, CPU is freezing!
-----------------------------------------------------------------
Time: 22210000 | PC = 0x00000038 | Inst = 0x00000000 (BUBBLE)
          -> [SYSTEM] FINISH: ECALL caught, CPU is freezing!
-----------------------------------------------------------------
Time: 22220000 | PC = 0x00000038 | Inst = 0x00000000 (BUBBLE)
          -> [SYSTEM] FINISH: ECALL caught, CPU is freezing!
-----------------------------------------------------------------
Time: 22230000 | PC = 0x00000038 | Inst = 0x00000000 (BUBBLE)
          -> [SYSTEM] FINISH: ECALL caught, CPU is freezing!
-----------------------------------------------------------------
Time: 22240000 | PC = 0x00000038 | Inst = 0x00000000 (BUBBLE)
          -> [SYSTEM] FINISH: ECALL caught, CPU is freezing!
-----------------------------------------------------------------
Time: 22250000 | PC = 0x00000038 | Inst = 0x00000000 (BUBBLE)
          -> [SYSTEM] FINISH: ECALL caught, CPU is freezing!
-----------------------------------------------------------------
Time: 22260000 | PC = 0x00000038 | Inst = 0x00000000 (BUBBLE)
          -> [SYSTEM] FINISH: ECALL caught, CPU is freezing!
-----------------------------------------------------------------
Time: 22270000 | PC = 0x00000038 | Inst = 0x00000000 (BUBBLE)
          -> [SYSTEM] FINISH: ECALL caught, CPU is freezing!
-----------------------------------------------------------------
Time: 22280000 | PC = 0x00000038 | Inst = 0x00000000 (BUBBLE)
          -> [SYSTEM] FINISH: ECALL caught, CPU is freezing!
-----------------------------------------------------------------
Time: 22290000 | PC = 0x00000038 | Inst = 0x00000000 (BUBBLE)
          -> [SYSTEM] FINISH: ECALL caught, CPU is freezing!
-----------------------------------------------------------------
Time: 22300000 | PC = 0x00000038 | Inst = 0x00000000 (BUBBLE)
          -> [SYSTEM] FINISH: ECALL caught, CPU is freezing!
-----------------------------------------------------------------
Time: 22310000 | PC = 0x00000038 | Inst = 0x00000000 (BUBBLE)
          -> [SYSTEM] FINISH: ECALL caught, CPU is freezing!
-----------------------------------------------------------------
Time: 22320000 | PC = 0x00000038 | Inst = 0x00000000 (BUBBLE)
          -> [SYSTEM] FINISH: ECALL caught, CPU is freezing!
-----------------------------------------------------------------
Time: 22330000 | PC = 0x00000038 | Inst = 0x00000000 (BUBBLE)
          -> [SYSTEM] FINISH: ECALL caught, CPU is freezing!
-----------------------------------------------------------------
Time: 22340000 | PC = 0x00000038 | Inst = 0x00000000 (BUBBLE)
          -> [SYSTEM] FINISH: ECALL caught, CPU is freezing!
-----------------------------------------------------------------
Time: 22350000 | PC = 0x00000038 | Inst = 0x00000000 (BUBBLE)
          -> [SYSTEM] FINISH: ECALL caught, CPU is freezing!
-----------------------------------------------------------------
Time: 22360000 | PC = 0x00000038 | Inst = 0x00000000 (BUBBLE)
          -> [SYSTEM] FINISH: ECALL caught, CPU is freezing!
-----------------------------------------------------------------
Time: 22370000 | PC = 0x00000038 | Inst = 0x00000000 (BUBBLE)
          -> [SYSTEM] FINISH: ECALL caught, CPU is freezing!
-----------------------------------------------------------------
Time: 22380000 | PC = 0x00000038 | Inst = 0x00000000 (BUBBLE)
          -> [SYSTEM] FINISH: ECALL caught, CPU is freezing!
-----------------------------------------------------------------
Time: 22390000 | PC = 0x00000038 | Inst = 0x00000000 (BUBBLE)
          -> [SYSTEM] FINISH: ECALL caught, CPU is freezing!
-----------------------------------------------------------------
Time: 22400000 | PC = 0x00000038 | Inst = 0x00000000 (BUBBLE)
          -> [SYSTEM] FINISH: ECALL caught, CPU is freezing!
-----------------------------------------------------------------
Time: 22410000 | PC = 0x00000038 | Inst = 0x00000000 (BUBBLE)
          -> [SYSTEM] FINISH: ECALL caught, CPU is freezing!
-----------------------------------------------------------------
Time: 22420000 | PC = 0x00000038 | Inst = 0x00000000 (BUBBLE)
          -> [SYSTEM] FINISH: ECALL caught, CPU is freezing!
-----------------------------------------------------------------
Time: 22430000 | PC = 0x00000038 | Inst = 0x00000000 (BUBBLE)
          -> [SYSTEM] FINISH: ECALL caught, CPU is freezing!
-----------------------------------------------------------------
Time: 22440000 | PC = 0x00000038 | Inst = 0x00000000 (BUBBLE)
          -> [SYSTEM] FINISH: ECALL caught, CPU is freezing!
-----------------------------------------------------------------
Time: 22450000 | PC = 0x00000038 | Inst = 0x00000000 (BUBBLE)
          -> [SYSTEM] FINISH: ECALL caught, CPU is freezing!
-----------------------------------------------------------------
Time: 22460000 | PC = 0x00000038 | Inst = 0x00000000 (BUBBLE)
          -> [SYSTEM] FINISH: ECALL caught, CPU is freezing!
-----------------------------------------------------------------
Time: 22470000 | PC = 0x00000038 | Inst = 0x00000000 (BUBBLE)
          -> [SYSTEM] FINISH: ECALL caught, CPU is freezing!
-----------------------------------------------------------------
Time: 22480000 | PC = 0x00000038 | Inst = 0x00000000 (BUBBLE)
          -> [SYSTEM] FINISH: ECALL caught, CPU is freezing!
-----------------------------------------------------------------
Time: 22490000 | PC = 0x00000038 | Inst = 0x00000000 (BUBBLE)
          -> [SYSTEM] FINISH: ECALL caught, CPU is freezing!
-----------------------------------------------------------------
Time: 22500000 | PC = 0x00000038 | Inst = 0x00000000 (BUBBLE)
          -> [SYSTEM] FINISH: ECALL caught, CPU is freezing!
-----------------------------------------------------------------
Time: 22510000 | PC = 0x00000038 | Inst = 0x00000000 (BUBBLE)
          -> [SYSTEM] FINISH: ECALL caught, CPU is freezing!
-----------------------------------------------------------------
Time: 22520000 | PC = 0x00000038 | Inst = 0x00000000 (BUBBLE)
          -> [SYSTEM] FINISH: ECALL caught, CPU is freezing!
-----------------------------------------------------------------
Time: 22530000 | PC = 0x00000038 | Inst = 0x00000000 (BUBBLE)
          -> [SYSTEM] FINISH: ECALL caught, CPU is freezing!
-----------------------------------------------------------------
Time: 22540000 | PC = 0x00000038 | Inst = 0x00000000 (BUBBLE)
          -> [SYSTEM] FINISH: ECALL caught, CPU is freezing!
-----------------------------------------------------------------
Time: 22550000 | PC = 0x00000038 | Inst = 0x00000000 (BUBBLE)
          -> [SYSTEM] FINISH: ECALL caught, CPU is freezing!
-----------------------------------------------------------------
Time: 22560000 | PC = 0x00000038 | Inst = 0x00000000 (BUBBLE)
          -> [SYSTEM] FINISH: ECALL caught, CPU is freezing!
-----------------------------------------------------------------
Time: 22570000 | PC = 0x00000038 | Inst = 0x00000000 (BUBBLE)
          -> [SYSTEM] FINISH: ECALL caught, CPU is freezing!
-----------------------------------------------------------------
Time: 22580000 | PC = 0x00000038 | Inst = 0x00000000 (BUBBLE)
          -> [SYSTEM] FINISH: ECALL caught, CPU is freezing!
-----------------------------------------------------------------
Time: 22590000 | PC = 0x00000038 | Inst = 0x00000000 (BUBBLE)
          -> [SYSTEM] FINISH: ECALL caught, CPU is freezing!
-----------------------------------------------------------------
Time: 22600000 | PC = 0x00000038 | Inst = 0x00000000 (BUBBLE)
          -> [SYSTEM] FINISH: ECALL caught, CPU is freezing!
-----------------------------------------------------------------
Time: 22610000 | PC = 0x00000038 | Inst = 0x00000000 (BUBBLE)
          -> [SYSTEM] FINISH: ECALL caught, CPU is freezing!
-----------------------------------------------------------------
Time: 22620000 | PC = 0x00000038 | Inst = 0x00000000 (BUBBLE)
          -> [SYSTEM] FINISH: ECALL caught, CPU is freezing!
-----------------------------------------------------------------
Time: 22630000 | PC = 0x00000038 | Inst = 0x00000000 (BUBBLE)
          -> [SYSTEM] FINISH: ECALL caught, CPU is freezing!
-----------------------------------------------------------------
Time: 22640000 | PC = 0x00000038 | Inst = 0x00000000 (BUBBLE)
          -> [SYSTEM] FINISH: ECALL caught, CPU is freezing!
-----------------------------------------------------------------
Time: 22650000 | PC = 0x00000038 | Inst = 0x00000000 (BUBBLE)
          -> [SYSTEM] FINISH: ECALL caught, CPU is freezing!
-----------------------------------------------------------------
Time: 22660000 | PC = 0x00000038 | Inst = 0x00000000 (BUBBLE)
          -> [SYSTEM] FINISH: ECALL caught, CPU is freezing!
-----------------------------------------------------------------
Time: 22670000 | PC = 0x00000038 | Inst = 0x00000000 (BUBBLE)
          -> [SYSTEM] FINISH: ECALL caught, CPU is freezing!
-----------------------------------------------------------------
Time: 22680000 | PC = 0x00000038 | Inst = 0x00000000 (BUBBLE)
          -> [SYSTEM] FINISH: ECALL caught, CPU is freezing!
-----------------------------------------------------------------
Time: 22690000 | PC = 0x00000038 | Inst = 0x00000000 (BUBBLE)
          -> [SYSTEM] FINISH: ECALL caught, CPU is freezing!
-----------------------------------------------------------------
Time: 22700000 | PC = 0x00000038 | Inst = 0x00000000 (BUBBLE)
          -> [SYSTEM] FINISH: ECALL caught, CPU is freezing!
-----------------------------------------------------------------
Time: 22710000 | PC = 0x00000038 | Inst = 0x00000000 (BUBBLE)
          -> [SYSTEM] FINISH: ECALL caught, CPU is freezing!
-----------------------------------------------------------------
Time: 22720000 | PC = 0x00000038 | Inst = 0x00000000 (BUBBLE)
          -> [SYSTEM] FINISH: ECALL caught, CPU is freezing!
-----------------------------------------------------------------
Time: 22730000 | PC = 0x00000038 | Inst = 0x00000000 (BUBBLE)
          -> [SYSTEM] FINISH: ECALL caught, CPU is freezing!
-----------------------------------------------------------------
Time: 22740000 | PC = 0x00000038 | Inst = 0x00000000 (BUBBLE)
          -> [SYSTEM] FINISH: ECALL caught, CPU is freezing!
-----------------------------------------------------------------
Time: 22750000 | PC = 0x00000038 | Inst = 0x00000000 (BUBBLE)
          -> [SYSTEM] FINISH: ECALL caught, CPU is freezing!
-----------------------------------------------------------------
Time: 22760000 | PC = 0x00000038 | Inst = 0x00000000 (BUBBLE)
          -> [SYSTEM] FINISH: ECALL caught, CPU is freezing!
-----------------------------------------------------------------
Time: 22770000 | PC = 0x00000038 | Inst = 0x00000000 (BUBBLE)
          -> [SYSTEM] FINISH: ECALL caught, CPU is freezing!
-----------------------------------------------------------------
Time: 22780000 | PC = 0x00000038 | Inst = 0x00000000 (BUBBLE)
          -> [SYSTEM] FINISH: ECALL caught, CPU is freezing!
-----------------------------------------------------------------
Time: 22790000 | PC = 0x00000038 | Inst = 0x00000000 (BUBBLE)
          -> [SYSTEM] FINISH: ECALL caught, CPU is freezing!
-----------------------------------------------------------------
Time: 22800000 | PC = 0x00000038 | Inst = 0x00000000 (BUBBLE)
          -> [SYSTEM] FINISH: ECALL caught, CPU is freezing!
-----------------------------------------------------------------
Time: 22810000 | PC = 0x00000038 | Inst = 0x00000000 (BUBBLE)
          -> [SYSTEM] FINISH: ECALL caught, CPU is freezing!
-----------------------------------------------------------------
Time: 22820000 | PC = 0x00000038 | Inst = 0x00000000 (BUBBLE)
          -> [SYSTEM] FINISH: ECALL caught, CPU is freezing!
-----------------------------------------------------------------
Time: 22830000 | PC = 0x00000038 | Inst = 0x00000000 (BUBBLE)
          -> [SYSTEM] FINISH: ECALL caught, CPU is freezing!
-----------------------------------------------------------------
Time: 22840000 | PC = 0x00000038 | Inst = 0x00000000 (BUBBLE)
          -> [SYSTEM] FINISH: ECALL caught, CPU is freezing!
-----------------------------------------------------------------
Time: 22850000 | PC = 0x00000038 | Inst = 0x00000000 (BUBBLE)
          -> [SYSTEM] FINISH: ECALL caught, CPU is freezing!
-----------------------------------------------------------------
Time: 22860000 | PC = 0x00000038 | Inst = 0x00000000 (BUBBLE)
          -> [SYSTEM] FINISH: ECALL caught, CPU is freezing!
-----------------------------------------------------------------
Time: 22870000 | PC = 0x00000038 | Inst = 0x00000000 (BUBBLE)
          -> [SYSTEM] FINISH: ECALL caught, CPU is freezing!
-----------------------------------------------------------------
Time: 22880000 | PC = 0x00000038 | Inst = 0x00000000 (BUBBLE)
          -> [SYSTEM] FINISH: ECALL caught, CPU is freezing!
-----------------------------------------------------------------
Time: 22890000 | PC = 0x00000038 | Inst = 0x00000000 (BUBBLE)
          -> [SYSTEM] FINISH: ECALL caught, CPU is freezing!
-----------------------------------------------------------------
Time: 22900000 | PC = 0x00000038 | Inst = 0x00000000 (BUBBLE)
          -> [SYSTEM] FINISH: ECALL caught, CPU is freezing!
-----------------------------------------------------------------
Time: 22910000 | PC = 0x00000038 | Inst = 0x00000000 (BUBBLE)
          -> [SYSTEM] FINISH: ECALL caught, CPU is freezing!
-----------------------------------------------------------------
Time: 22920000 | PC = 0x00000038 | Inst = 0x00000000 (BUBBLE)
          -> [SYSTEM] FINISH: ECALL caught, CPU is freezing!
-----------------------------------------------------------------
Time: 22930000 | PC = 0x00000038 | Inst = 0x00000000 (BUBBLE)
          -> [SYSTEM] FINISH: ECALL caught, CPU is freezing!
-----------------------------------------------------------------
Time: 22940000 | PC = 0x00000038 | Inst = 0x00000000 (BUBBLE)
          -> [SYSTEM] FINISH: ECALL caught, CPU is freezing!
-----------------------------------------------------------------
Time: 22950000 | PC = 0x00000038 | Inst = 0x00000000 (BUBBLE)
          -> [SYSTEM] FINISH: ECALL caught, CPU is freezing!
-----------------------------------------------------------------
Time: 22960000 | PC = 0x00000038 | Inst = 0x00000000 (BUBBLE)
          -> [SYSTEM] FINISH: ECALL caught, CPU is freezing!
-----------------------------------------------------------------
Time: 22970000 | PC = 0x00000038 | Inst = 0x00000000 (BUBBLE)
          -> [SYSTEM] FINISH: ECALL caught, CPU is freezing!
-----------------------------------------------------------------
Time: 22980000 | PC = 0x00000038 | Inst = 0x00000000 (BUBBLE)
          -> [SYSTEM] FINISH: ECALL caught, CPU is freezing!
-----------------------------------------------------------------
Time: 22990000 | PC = 0x00000038 | Inst = 0x00000000 (BUBBLE)
          -> [SYSTEM] FINISH: ECALL caught, CPU is freezing!
-----------------------------------------------------------------
Time: 23000000 | PC = 0x00000038 | Inst = 0x00000000 (BUBBLE)
          -> [SYSTEM] FINISH: ECALL caught, CPU is freezing!
-----------------------------------------------------------------
Time: 23010000 | PC = 0x00000038 | Inst = 0x00000000 (BUBBLE)
          -> [SYSTEM] FINISH: ECALL caught, CPU is freezing!
-----------------------------------------------------------------
Time: 23020000 | PC = 0x00000038 | Inst = 0x00000000 (BUBBLE)
          -> [SYSTEM] FINISH: ECALL caught, CPU is freezing!
-----------------------------------------------------------------
Time: 23030000 | PC = 0x00000038 | Inst = 0x00000000 (BUBBLE)
          -> [SYSTEM] FINISH: ECALL caught, CPU is freezing!
-----------------------------------------------------------------
Time: 23040000 | PC = 0x00000038 | Inst = 0x00000000 (BUBBLE)
          -> [SYSTEM] FINISH: ECALL caught, CPU is freezing!
-----------------------------------------------------------------
Time: 23050000 | PC = 0x00000038 | Inst = 0x00000000 (BUBBLE)
          -> [SYSTEM] FINISH: ECALL caught, CPU is freezing!
-----------------------------------------------------------------
Time: 23060000 | PC = 0x00000038 | Inst = 0x00000000 (BUBBLE)
          -> [SYSTEM] FINISH: ECALL caught, CPU is freezing!
-----------------------------------------------------------------
Time: 23070000 | PC = 0x00000038 | Inst = 0x00000000 (BUBBLE)
          -> [SYSTEM] FINISH: ECALL caught, CPU is freezing!
-----------------------------------------------------------------
Time: 23080000 | PC = 0x00000038 | Inst = 0x00000000 (BUBBLE)
          -> [SYSTEM] FINISH: ECALL caught, CPU is freezing!
-----------------------------------------------------------------
Time: 23090000 | PC = 0x00000038 | Inst = 0x00000000 (BUBBLE)
          -> [SYSTEM] FINISH: ECALL caught, CPU is freezing!
-----------------------------------------------------------------
Time: 23100000 | PC = 0x00000038 | Inst = 0x00000000 (BUBBLE)
          -> [SYSTEM] FINISH: ECALL caught, CPU is freezing!
-----------------------------------------------------------------
Time: 23110000 | PC = 0x00000038 | Inst = 0x00000000 (BUBBLE)
          -> [SYSTEM] FINISH: ECALL caught, CPU is freezing!
-----------------------------------------------------------------
Time: 23120000 | PC = 0x00000038 | Inst = 0x00000000 (BUBBLE)
          -> [SYSTEM] FINISH: ECALL caught, CPU is freezing!
-----------------------------------------------------------------
Time: 23130000 | PC = 0x00000038 | Inst = 0x00000000 (BUBBLE)
          -> [SYSTEM] FINISH: ECALL caught, CPU is freezing!
-----------------------------------------------------------------
Time: 23140000 | PC = 0x00000038 | Inst = 0x00000000 (BUBBLE)
          -> [SYSTEM] FINISH: ECALL caught, CPU is freezing!
-----------------------------------------------------------------
Time: 23150000 | PC = 0x00000038 | Inst = 0x00000000 (BUBBLE)
          -> [SYSTEM] FINISH: ECALL caught, CPU is freezing!
-----------------------------------------------------------------
Time: 23160000 | PC = 0x00000038 | Inst = 0x00000000 (BUBBLE)
          -> [SYSTEM] FINISH: ECALL caught, CPU is freezing!
-----------------------------------------------------------------
Time: 23170000 | PC = 0x00000038 | Inst = 0x00000000 (BUBBLE)
          -> [SYSTEM] FINISH: ECALL caught, CPU is freezing!
-----------------------------------------------------------------
Time: 23180000 | PC = 0x00000038 | Inst = 0x00000000 (BUBBLE)
          -> [SYSTEM] FINISH: ECALL caught, CPU is freezing!
-----------------------------------------------------------------
Time: 23190000 | PC = 0x00000038 | Inst = 0x00000000 (BUBBLE)
          -> [SYSTEM] FINISH: ECALL caught, CPU is freezing!
-----------------------------------------------------------------
Time: 23200000 | PC = 0x00000038 | Inst = 0x00000000 (BUBBLE)
          -> [SYSTEM] FINISH: ECALL caught, CPU is freezing!
-----------------------------------------------------------------
Time: 23210000 | PC = 0x00000038 | Inst = 0x00000000 (BUBBLE)
          -> [SYSTEM] FINISH: ECALL caught, CPU is freezing!
-----------------------------------------------------------------
Time: 23220000 | PC = 0x00000038 | Inst = 0x00000000 (BUBBLE)
          -> [SYSTEM] FINISH: ECALL caught, CPU is freezing!
-----------------------------------------------------------------
Time: 23230000 | PC = 0x00000038 | Inst = 0x00000000 (BUBBLE)
          -> [SYSTEM] FINISH: ECALL caught, CPU is freezing!
-----------------------------------------------------------------
Time: 23240000 | PC = 0x00000038 | Inst = 0x00000000 (BUBBLE)
          -> [SYSTEM] FINISH: ECALL caught, CPU is freezing!
-----------------------------------------------------------------
Time: 23250000 | PC = 0x00000038 | Inst = 0x00000000 (BUBBLE)
          -> [SYSTEM] FINISH: ECALL caught, CPU is freezing!
-----------------------------------------------------------------
Time: 23260000 | PC = 0x00000038 | Inst = 0x00000000 (BUBBLE)
          -> [SYSTEM] FINISH: ECALL caught, CPU is freezing!
-----------------------------------------------------------------
Time: 23270000 | PC = 0x00000038 | Inst = 0x00000000 (BUBBLE)
          -> [SYSTEM] FINISH: ECALL caught, CPU is freezing!
-----------------------------------------------------------------
Time: 23280000 | PC = 0x00000038 | Inst = 0x00000000 (BUBBLE)
          -> [SYSTEM] FINISH: ECALL caught, CPU is freezing!
-----------------------------------------------------------------
Time: 23290000 | PC = 0x00000038 | Inst = 0x00000000 (BUBBLE)
          -> [SYSTEM] FINISH: ECALL caught, CPU is freezing!
-----------------------------------------------------------------
Time: 23300000 | PC = 0x00000038 | Inst = 0x00000000 (BUBBLE)
          -> [SYSTEM] FINISH: ECALL caught, CPU is freezing!
-----------------------------------------------------------------
Time: 23310000 | PC = 0x00000038 | Inst = 0x00000000 (BUBBLE)
          -> [SYSTEM] FINISH: ECALL caught, CPU is freezing!
-----------------------------------------------------------------
Time: 23320000 | PC = 0x00000038 | Inst = 0x00000000 (BUBBLE)
          -> [SYSTEM] FINISH: ECALL caught, CPU is freezing!
-----------------------------------------------------------------
Time: 23330000 | PC = 0x00000038 | Inst = 0x00000000 (BUBBLE)
          -> [SYSTEM] FINISH: ECALL caught, CPU is freezing!
-----------------------------------------------------------------
Time: 23340000 | PC = 0x00000038 | Inst = 0x00000000 (BUBBLE)
          -> [SYSTEM] FINISH: ECALL caught, CPU is freezing!
-----------------------------------------------------------------
Time: 23350000 | PC = 0x00000038 | Inst = 0x00000000 (BUBBLE)
          -> [SYSTEM] FINISH: ECALL caught, CPU is freezing!
-----------------------------------------------------------------
Time: 23360000 | PC = 0x00000038 | Inst = 0x00000000 (BUBBLE)
          -> [SYSTEM] FINISH: ECALL caught, CPU is freezing!
-----------------------------------------------------------------
Time: 23370000 | PC = 0x00000038 | Inst = 0x00000000 (BUBBLE)
          -> [SYSTEM] FINISH: ECALL caught, CPU is freezing!
-----------------------------------------------------------------
Time: 23380000 | PC = 0x00000038 | Inst = 0x00000000 (BUBBLE)
          -> [SYSTEM] FINISH: ECALL caught, CPU is freezing!
-----------------------------------------------------------------
Time: 23390000 | PC = 0x00000038 | Inst = 0x00000000 (BUBBLE)
          -> [SYSTEM] FINISH: ECALL caught, CPU is freezing!
-----------------------------------------------------------------
Time: 23400000 | PC = 0x00000038 | Inst = 0x00000000 (BUBBLE)
          -> [SYSTEM] FINISH: ECALL caught, CPU is freezing!
-----------------------------------------------------------------
Time: 23410000 | PC = 0x00000038 | Inst = 0x00000000 (BUBBLE)
          -> [SYSTEM] FINISH: ECALL caught, CPU is freezing!
-----------------------------------------------------------------
Time: 23420000 | PC = 0x00000038 | Inst = 0x00000000 (BUBBLE)
          -> [SYSTEM] FINISH: ECALL caught, CPU is freezing!
-----------------------------------------------------------------
Time: 23430000 | PC = 0x00000038 | Inst = 0x00000000 (BUBBLE)
          -> [SYSTEM] FINISH: ECALL caught, CPU is freezing!
-----------------------------------------------------------------
Time: 23440000 | PC = 0x00000038 | Inst = 0x00000000 (BUBBLE)
          -> [SYSTEM] FINISH: ECALL caught, CPU is freezing!
-----------------------------------------------------------------
Time: 23450000 | PC = 0x00000038 | Inst = 0x00000000 (BUBBLE)
          -> [SYSTEM] FINISH: ECALL caught, CPU is freezing!
-----------------------------------------------------------------
Time: 23460000 | PC = 0x00000038 | Inst = 0x00000000 (BUBBLE)
          -> [SYSTEM] FINISH: ECALL caught, CPU is freezing!
-----------------------------------------------------------------
Time: 23470000 | PC = 0x00000038 | Inst = 0x00000000 (BUBBLE)
          -> [SYSTEM] FINISH: ECALL caught, CPU is freezing!
-----------------------------------------------------------------
Time: 23480000 | PC = 0x00000038 | Inst = 0x00000000 (BUBBLE)
          -> [SYSTEM] FINISH: ECALL caught, CPU is freezing!
-----------------------------------------------------------------
Time: 23490000 | PC = 0x00000038 | Inst = 0x00000000 (BUBBLE)
          -> [SYSTEM] FINISH: ECALL caught, CPU is freezing!
-----------------------------------------------------------------
Time: 23500000 | PC = 0x00000038 | Inst = 0x00000000 (BUBBLE)
          -> [SYSTEM] FINISH: ECALL caught, CPU is freezing!
-----------------------------------------------------------------
Time: 23510000 | PC = 0x00000038 | Inst = 0x00000000 (BUBBLE)
          -> [SYSTEM] FINISH: ECALL caught, CPU is freezing!
-----------------------------------------------------------------
Time: 23520000 | PC = 0x00000038 | Inst = 0x00000000 (BUBBLE)
          -> [SYSTEM] FINISH: ECALL caught, CPU is freezing!
-----------------------------------------------------------------
Time: 23530000 | PC = 0x00000038 | Inst = 0x00000000 (BUBBLE)
          -> [SYSTEM] FINISH: ECALL caught, CPU is freezing!
-----------------------------------------------------------------
Time: 23540000 | PC = 0x00000038 | Inst = 0x00000000 (BUBBLE)
          -> [SYSTEM] FINISH: ECALL caught, CPU is freezing!
-----------------------------------------------------------------
Time: 23550000 | PC = 0x00000038 | Inst = 0x00000000 (BUBBLE)
          -> [SYSTEM] FINISH: ECALL caught, CPU is freezing!
-----------------------------------------------------------------
Time: 23560000 | PC = 0x00000038 | Inst = 0x00000000 (BUBBLE)
          -> [SYSTEM] FINISH: ECALL caught, CPU is freezing!
-----------------------------------------------------------------
Time: 23570000 | PC = 0x00000038 | Inst = 0x00000000 (BUBBLE)
          -> [SYSTEM] FINISH: ECALL caught, CPU is freezing!
-----------------------------------------------------------------
Time: 23580000 | PC = 0x00000038 | Inst = 0x00000000 (BUBBLE)
          -> [SYSTEM] FINISH: ECALL caught, CPU is freezing!
-----------------------------------------------------------------
Time: 23590000 | PC = 0x00000038 | Inst = 0x00000000 (BUBBLE)
          -> [SYSTEM] FINISH: ECALL caught, CPU is freezing!
-----------------------------------------------------------------
Time: 23600000 | PC = 0x00000038 | Inst = 0x00000000 (BUBBLE)
          -> [SYSTEM] FINISH: ECALL caught, CPU is freezing!
-----------------------------------------------------------------
Time: 23610000 | PC = 0x00000038 | Inst = 0x00000000 (BUBBLE)
          -> [SYSTEM] FINISH: ECALL caught, CPU is freezing!
-----------------------------------------------------------------
Time: 23620000 | PC = 0x00000038 | Inst = 0x00000000 (BUBBLE)
          -> [SYSTEM] FINISH: ECALL caught, CPU is freezing!
-----------------------------------------------------------------
Time: 23630000 | PC = 0x00000038 | Inst = 0x00000000 (BUBBLE)
          -> [SYSTEM] FINISH: ECALL caught, CPU is freezing!
-----------------------------------------------------------------
Time: 23640000 | PC = 0x00000038 | Inst = 0x00000000 (BUBBLE)
          -> [SYSTEM] FINISH: ECALL caught, CPU is freezing!
-----------------------------------------------------------------
Time: 23650000 | PC = 0x00000038 | Inst = 0x00000000 (BUBBLE)
          -> [SYSTEM] FINISH: ECALL caught, CPU is freezing!
-----------------------------------------------------------------
Time: 23660000 | PC = 0x00000038 | Inst = 0x00000000 (BUBBLE)
          -> [SYSTEM] FINISH: ECALL caught, CPU is freezing!
-----------------------------------------------------------------
Time: 23670000 | PC = 0x00000038 | Inst = 0x00000000 (BUBBLE)
          -> [SYSTEM] FINISH: ECALL caught, CPU is freezing!
-----------------------------------------------------------------
Time: 23680000 | PC = 0x00000038 | Inst = 0x00000000 (BUBBLE)
          -> [SYSTEM] FINISH: ECALL caught, CPU is freezing!
-----------------------------------------------------------------
Time: 23690000 | PC = 0x00000038 | Inst = 0x00000000 (BUBBLE)
          -> [SYSTEM] FINISH: ECALL caught, CPU is freezing!
-----------------------------------------------------------------
Time: 23700000 | PC = 0x00000038 | Inst = 0x00000000 (BUBBLE)
          -> [SYSTEM] FINISH: ECALL caught, CPU is freezing!
-----------------------------------------------------------------
Time: 23710000 | PC = 0x00000038 | Inst = 0x00000000 (BUBBLE)
          -> [SYSTEM] FINISH: ECALL caught, CPU is freezing!
-----------------------------------------------------------------
Time: 23720000 | PC = 0x00000038 | Inst = 0x00000000 (BUBBLE)
          -> [SYSTEM] FINISH: ECALL caught, CPU is freezing!
-----------------------------------------------------------------
Time: 23730000 | PC = 0x00000038 | Inst = 0x00000000 (BUBBLE)
          -> [SYSTEM] FINISH: ECALL caught, CPU is freezing!
-----------------------------------------------------------------
Time: 23740000 | PC = 0x00000038 | Inst = 0x00000000 (BUBBLE)
          -> [SYSTEM] FINISH: ECALL caught, CPU is freezing!
-----------------------------------------------------------------
Time: 23750000 | PC = 0x00000038 | Inst = 0x00000000 (BUBBLE)
          -> [SYSTEM] FINISH: ECALL caught, CPU is freezing!
-----------------------------------------------------------------
Time: 23760000 | PC = 0x00000038 | Inst = 0x00000000 (BUBBLE)
          -> [SYSTEM] FINISH: ECALL caught, CPU is freezing!
-----------------------------------------------------------------
Time: 23770000 | PC = 0x00000038 | Inst = 0x00000000 (BUBBLE)
          -> [SYSTEM] FINISH: ECALL caught, CPU is freezing!
-----------------------------------------------------------------
Time: 23780000 | PC = 0x00000038 | Inst = 0x00000000 (BUBBLE)
          -> [SYSTEM] FINISH: ECALL caught, CPU is freezing!
-----------------------------------------------------------------
Time: 23790000 | PC = 0x00000038 | Inst = 0x00000000 (BUBBLE)
          -> [SYSTEM] FINISH: ECALL caught, CPU is freezing!
-----------------------------------------------------------------
Time: 23800000 | PC = 0x00000038 | Inst = 0x00000000 (BUBBLE)
          -> [SYSTEM] FINISH: ECALL caught, CPU is freezing!
-----------------------------------------------------------------
Time: 23810000 | PC = 0x00000038 | Inst = 0x00000000 (BUBBLE)
          -> [SYSTEM] FINISH: ECALL caught, CPU is freezing!
-----------------------------------------------------------------
Time: 23820000 | PC = 0x00000038 | Inst = 0x00000000 (BUBBLE)
          -> [SYSTEM] FINISH: ECALL caught, CPU is freezing!
-----------------------------------------------------------------
Time: 23830000 | PC = 0x00000038 | Inst = 0x00000000 (BUBBLE)
          -> [SYSTEM] FINISH: ECALL caught, CPU is freezing!
-----------------------------------------------------------------
Time: 23840000 | PC = 0x00000038 | Inst = 0x00000000 (BUBBLE)
          -> [SYSTEM] FINISH: ECALL caught, CPU is freezing!
-----------------------------------------------------------------
Time: 23850000 | PC = 0x00000038 | Inst = 0x00000000 (BUBBLE)
          -> [SYSTEM] FINISH: ECALL caught, CPU is freezing!
-----------------------------------------------------------------
Time: 23860000 | PC = 0x00000038 | Inst = 0x00000000 (BUBBLE)
          -> [SYSTEM] FINISH: ECALL caught, CPU is freezing!
-----------------------------------------------------------------
Time: 23870000 | PC = 0x00000038 | Inst = 0x00000000 (BUBBLE)
          -> [SYSTEM] FINISH: ECALL caught, CPU is freezing!
-----------------------------------------------------------------
Time: 23880000 | PC = 0x00000038 | Inst = 0x00000000 (BUBBLE)
          -> [SYSTEM] FINISH: ECALL caught, CPU is freezing!
-----------------------------------------------------------------
Time: 23890000 | PC = 0x00000038 | Inst = 0x00000000 (BUBBLE)
          -> [SYSTEM] FINISH: ECALL caught, CPU is freezing!
-----------------------------------------------------------------
Time: 23900000 | PC = 0x00000038 | Inst = 0x00000000 (BUBBLE)
          -> [SYSTEM] FINISH: ECALL caught, CPU is freezing!
-----------------------------------------------------------------
Time: 23910000 | PC = 0x00000038 | Inst = 0x00000000 (BUBBLE)
          -> [SYSTEM] FINISH: ECALL caught, CPU is freezing!
-----------------------------------------------------------------
Time: 23920000 | PC = 0x00000038 | Inst = 0x00000000 (BUBBLE)
          -> [SYSTEM] FINISH: ECALL caught, CPU is freezing!
-----------------------------------------------------------------
Time: 23930000 | PC = 0x00000038 | Inst = 0x00000000 (BUBBLE)
          -> [SYSTEM] FINISH: ECALL caught, CPU is freezing!
-----------------------------------------------------------------
Time: 23940000 | PC = 0x00000038 | Inst = 0x00000000 (BUBBLE)
          -> [SYSTEM] FINISH: ECALL caught, CPU is freezing!
-----------------------------------------------------------------
Time: 23950000 | PC = 0x00000038 | Inst = 0x00000000 (BUBBLE)
          -> [SYSTEM] FINISH: ECALL caught, CPU is freezing!
-----------------------------------------------------------------
Time: 23960000 | PC = 0x00000038 | Inst = 0x00000000 (BUBBLE)
          -> [SYSTEM] FINISH: ECALL caught, CPU is freezing!
-----------------------------------------------------------------
Time: 23970000 | PC = 0x00000038 | Inst = 0x00000000 (BUBBLE)
          -> [SYSTEM] FINISH: ECALL caught, CPU is freezing!
-----------------------------------------------------------------
Time: 23980000 | PC = 0x00000038 | Inst = 0x00000000 (BUBBLE)
          -> [SYSTEM] FINISH: ECALL caught, CPU is freezing!
-----------------------------------------------------------------
Time: 23990000 | PC = 0x00000038 | Inst = 0x00000000 (BUBBLE)
          -> [SYSTEM] FINISH: ECALL caught, CPU is freezing!
-----------------------------------------------------------------
Time: 24000000 | PC = 0x00000038 | Inst = 0x00000000 (BUBBLE)
          -> [SYSTEM] FINISH: ECALL caught, CPU is freezing!
-----------------------------------------------------------------
Time: 24010000 | PC = 0x00000038 | Inst = 0x00000000 (BUBBLE)
          -> [SYSTEM] FINISH: ECALL caught, CPU is freezing!
-----------------------------------------------------------------
Time: 24020000 | PC = 0x00000038 | Inst = 0x00000000 (BUBBLE)
          -> [SYSTEM] FINISH: ECALL caught, CPU is freezing!
-----------------------------------------------------------------
Time: 24030000 | PC = 0x00000038 | Inst = 0x00000000 (BUBBLE)
          -> [SYSTEM] FINISH: ECALL caught, CPU is freezing!
-----------------------------------------------------------------
Time: 24040000 | PC = 0x00000038 | Inst = 0x00000000 (BUBBLE)
          -> [SYSTEM] FINISH: ECALL caught, CPU is freezing!
-----------------------------------------------------------------
Time: 24050000 | PC = 0x00000038 | Inst = 0x00000000 (BUBBLE)
          -> [SYSTEM] FINISH: ECALL caught, CPU is freezing!
-----------------------------------------------------------------
Time: 24060000 | PC = 0x00000038 | Inst = 0x00000000 (BUBBLE)
          -> [SYSTEM] FINISH: ECALL caught, CPU is freezing!
-----------------------------------------------------------------
Time: 24070000 | PC = 0x00000038 | Inst = 0x00000000 (BUBBLE)
          -> [SYSTEM] FINISH: ECALL caught, CPU is freezing!
-----------------------------------------------------------------
Time: 24080000 | PC = 0x00000038 | Inst = 0x00000000 (BUBBLE)
          -> [SYSTEM] FINISH: ECALL caught, CPU is freezing!
-----------------------------------------------------------------
Time: 24090000 | PC = 0x00000038 | Inst = 0x00000000 (BUBBLE)
          -> [SYSTEM] FINISH: ECALL caught, CPU is freezing!
-----------------------------------------------------------------
Time: 24100000 | PC = 0x00000038 | Inst = 0x00000000 (BUBBLE)
          -> [SYSTEM] FINISH: ECALL caught, CPU is freezing!
-----------------------------------------------------------------
Time: 24110000 | PC = 0x00000038 | Inst = 0x00000000 (BUBBLE)
          -> [SYSTEM] FINISH: ECALL caught, CPU is freezing!
-----------------------------------------------------------------
Time: 24120000 | PC = 0x00000038 | Inst = 0x00000000 (BUBBLE)
          -> [SYSTEM] FINISH: ECALL caught, CPU is freezing!
-----------------------------------------------------------------
Time: 24130000 | PC = 0x00000038 | Inst = 0x00000000 (BUBBLE)
          -> [SYSTEM] FINISH: ECALL caught, CPU is freezing!
-----------------------------------------------------------------
Time: 24140000 | PC = 0x00000038 | Inst = 0x00000000 (BUBBLE)
          -> [SYSTEM] FINISH: ECALL caught, CPU is freezing!
-----------------------------------------------------------------
Time: 24150000 | PC = 0x00000038 | Inst = 0x00000000 (BUBBLE)
          -> [SYSTEM] FINISH: ECALL caught, CPU is freezing!
-----------------------------------------------------------------
Time: 24160000 | PC = 0x00000038 | Inst = 0x00000000 (BUBBLE)
          -> [SYSTEM] FINISH: ECALL caught, CPU is freezing!
-----------------------------------------------------------------
Time: 24170000 | PC = 0x00000038 | Inst = 0x00000000 (BUBBLE)
          -> [SYSTEM] FINISH: ECALL caught, CPU is freezing!
-----------------------------------------------------------------
Time: 24180000 | PC = 0x00000038 | Inst = 0x00000000 (BUBBLE)
          -> [SYSTEM] FINISH: ECALL caught, CPU is freezing!
-----------------------------------------------------------------
Time: 24190000 | PC = 0x00000038 | Inst = 0x00000000 (BUBBLE)
          -> [SYSTEM] FINISH: ECALL caught, CPU is freezing!
-----------------------------------------------------------------
Time: 24200000 | PC = 0x00000038 | Inst = 0x00000000 (BUBBLE)
          -> [SYSTEM] FINISH: ECALL caught, CPU is freezing!
-----------------------------------------------------------------
Time: 24210000 | PC = 0x00000038 | Inst = 0x00000000 (BUBBLE)
          -> [SYSTEM] FINISH: ECALL caught, CPU is freezing!
-----------------------------------------------------------------
Time: 24220000 | PC = 0x00000038 | Inst = 0x00000000 (BUBBLE)
          -> [SYSTEM] FINISH: ECALL caught, CPU is freezing!
-----------------------------------------------------------------
Time: 24230000 | PC = 0x00000038 | Inst = 0x00000000 (BUBBLE)
          -> [SYSTEM] FINISH: ECALL caught, CPU is freezing!
-----------------------------------------------------------------
Time: 24240000 | PC = 0x00000038 | Inst = 0x00000000 (BUBBLE)
          -> [SYSTEM] FINISH: ECALL caught, CPU is freezing!
-----------------------------------------------------------------
Time: 24250000 | PC = 0x00000038 | Inst = 0x00000000 (BUBBLE)
          -> [SYSTEM] FINISH: ECALL caught, CPU is freezing!
-----------------------------------------------------------------
Time: 24260000 | PC = 0x00000038 | Inst = 0x00000000 (BUBBLE)
          -> [SYSTEM] FINISH: ECALL caught, CPU is freezing!
-----------------------------------------------------------------
Time: 24270000 | PC = 0x00000038 | Inst = 0x00000000 (BUBBLE)
          -> [SYSTEM] FINISH: ECALL caught, CPU is freezing!
-----------------------------------------------------------------
Time: 24280000 | PC = 0x00000038 | Inst = 0x00000000 (BUBBLE)
          -> [SYSTEM] FINISH: ECALL caught, CPU is freezing!
-----------------------------------------------------------------
Time: 24290000 | PC = 0x00000038 | Inst = 0x00000000 (BUBBLE)
          -> [SYSTEM] FINISH: ECALL caught, CPU is freezing!
-----------------------------------------------------------------
Time: 24300000 | PC = 0x00000038 | Inst = 0x00000000 (BUBBLE)
          -> [SYSTEM] FINISH: ECALL caught, CPU is freezing!
-----------------------------------------------------------------
Time: 24310000 | PC = 0x00000038 | Inst = 0x00000000 (BUBBLE)
          -> [SYSTEM] FINISH: ECALL caught, CPU is freezing!
-----------------------------------------------------------------
Time: 24320000 | PC = 0x00000038 | Inst = 0x00000000 (BUBBLE)
          -> [SYSTEM] FINISH: ECALL caught, CPU is freezing!
-----------------------------------------------------------------
Time: 24330000 | PC = 0x00000038 | Inst = 0x00000000 (BUBBLE)
          -> [SYSTEM] FINISH: ECALL caught, CPU is freezing!
-----------------------------------------------------------------
Time: 24340000 | PC = 0x00000038 | Inst = 0x00000000 (BUBBLE)
          -> [SYSTEM] FINISH: ECALL caught, CPU is freezing!
-----------------------------------------------------------------
Time: 24350000 | PC = 0x00000038 | Inst = 0x00000000 (BUBBLE)
          -> [SYSTEM] FINISH: ECALL caught, CPU is freezing!
-----------------------------------------------------------------
Time: 24360000 | PC = 0x00000038 | Inst = 0x00000000 (BUBBLE)
          -> [SYSTEM] FINISH: ECALL caught, CPU is freezing!
-----------------------------------------------------------------
Time: 24370000 | PC = 0x00000038 | Inst = 0x00000000 (BUBBLE)
          -> [SYSTEM] FINISH: ECALL caught, CPU is freezing!
-----------------------------------------------------------------
Time: 24380000 | PC = 0x00000038 | Inst = 0x00000000 (BUBBLE)
          -> [SYSTEM] FINISH: ECALL caught, CPU is freezing!
-----------------------------------------------------------------
Time: 24390000 | PC = 0x00000038 | Inst = 0x00000000 (BUBBLE)
          -> [SYSTEM] FINISH: ECALL caught, CPU is freezing!
-----------------------------------------------------------------
Time: 24400000 | PC = 0x00000038 | Inst = 0x00000000 (BUBBLE)
          -> [SYSTEM] FINISH: ECALL caught, CPU is freezing!
-----------------------------------------------------------------
Time: 24410000 | PC = 0x00000038 | Inst = 0x00000000 (BUBBLE)
          -> [SYSTEM] FINISH: ECALL caught, CPU is freezing!
-----------------------------------------------------------------
Time: 24420000 | PC = 0x00000038 | Inst = 0x00000000 (BUBBLE)
          -> [SYSTEM] FINISH: ECALL caught, CPU is freezing!
-----------------------------------------------------------------
Time: 24430000 | PC = 0x00000038 | Inst = 0x00000000 (BUBBLE)
          -> [SYSTEM] FINISH: ECALL caught, CPU is freezing!
-----------------------------------------------------------------
Time: 24440000 | PC = 0x00000038 | Inst = 0x00000000 (BUBBLE)
          -> [SYSTEM] FINISH: ECALL caught, CPU is freezing!
-----------------------------------------------------------------
Time: 24450000 | PC = 0x00000038 | Inst = 0x00000000 (BUBBLE)
          -> [SYSTEM] FINISH: ECALL caught, CPU is freezing!
-----------------------------------------------------------------
Time: 24460000 | PC = 0x00000038 | Inst = 0x00000000 (BUBBLE)
          -> [SYSTEM] FINISH: ECALL caught, CPU is freezing!
-----------------------------------------------------------------
Time: 24470000 | PC = 0x00000038 | Inst = 0x00000000 (BUBBLE)
          -> [SYSTEM] FINISH: ECALL caught, CPU is freezing!
-----------------------------------------------------------------
Time: 24480000 | PC = 0x00000038 | Inst = 0x00000000 (BUBBLE)
          -> [SYSTEM] FINISH: ECALL caught, CPU is freezing!
-----------------------------------------------------------------
Time: 24490000 | PC = 0x00000038 | Inst = 0x00000000 (BUBBLE)
          -> [SYSTEM] FINISH: ECALL caught, CPU is freezing!
-----------------------------------------------------------------
Time: 24500000 | PC = 0x00000038 | Inst = 0x00000000 (BUBBLE)
          -> [SYSTEM] FINISH: ECALL caught, CPU is freezing!
-----------------------------------------------------------------
Time: 24510000 | PC = 0x00000038 | Inst = 0x00000000 (BUBBLE)
          -> [SYSTEM] FINISH: ECALL caught, CPU is freezing!
-----------------------------------------------------------------
Time: 24520000 | PC = 0x00000038 | Inst = 0x00000000 (BUBBLE)
          -> [SYSTEM] FINISH: ECALL caught, CPU is freezing!
-----------------------------------------------------------------
Time: 24530000 | PC = 0x00000038 | Inst = 0x00000000 (BUBBLE)
          -> [SYSTEM] FINISH: ECALL caught, CPU is freezing!
-----------------------------------------------------------------
Time: 24540000 | PC = 0x00000038 | Inst = 0x00000000 (BUBBLE)
          -> [SYSTEM] FINISH: ECALL caught, CPU is freezing!
-----------------------------------------------------------------
Time: 24550000 | PC = 0x00000038 | Inst = 0x00000000 (BUBBLE)
          -> [SYSTEM] FINISH: ECALL caught, CPU is freezing!
-----------------------------------------------------------------
Time: 24560000 | PC = 0x00000038 | Inst = 0x00000000 (BUBBLE)
          -> [SYSTEM] FINISH: ECALL caught, CPU is freezing!
-----------------------------------------------------------------
Time: 24570000 | PC = 0x00000038 | Inst = 0x00000000 (BUBBLE)
          -> [SYSTEM] FINISH: ECALL caught, CPU is freezing!
-----------------------------------------------------------------
Time: 24580000 | PC = 0x00000038 | Inst = 0x00000000 (BUBBLE)
          -> [SYSTEM] FINISH: ECALL caught, CPU is freezing!
-----------------------------------------------------------------
Time: 24590000 | PC = 0x00000038 | Inst = 0x00000000 (BUBBLE)
          -> [SYSTEM] FINISH: ECALL caught, CPU is freezing!
-----------------------------------------------------------------
Time: 24600000 | PC = 0x00000038 | Inst = 0x00000000 (BUBBLE)
          -> [SYSTEM] FINISH: ECALL caught, CPU is freezing!
-----------------------------------------------------------------
Time: 24610000 | PC = 0x00000038 | Inst = 0x00000000 (BUBBLE)
          -> [SYSTEM] FINISH: ECALL caught, CPU is freezing!
-----------------------------------------------------------------
Time: 24620000 | PC = 0x00000038 | Inst = 0x00000000 (BUBBLE)
          -> [SYSTEM] FINISH: ECALL caught, CPU is freezing!
-----------------------------------------------------------------
Time: 24630000 | PC = 0x00000038 | Inst = 0x00000000 (BUBBLE)
          -> [SYSTEM] FINISH: ECALL caught, CPU is freezing!
-----------------------------------------------------------------
Time: 24640000 | PC = 0x00000038 | Inst = 0x00000000 (BUBBLE)
          -> [SYSTEM] FINISH: ECALL caught, CPU is freezing!
-----------------------------------------------------------------
Time: 24650000 | PC = 0x00000038 | Inst = 0x00000000 (BUBBLE)
          -> [SYSTEM] FINISH: ECALL caught, CPU is freezing!
-----------------------------------------------------------------
Time: 24660000 | PC = 0x00000038 | Inst = 0x00000000 (BUBBLE)
          -> [SYSTEM] FINISH: ECALL caught, CPU is freezing!
-----------------------------------------------------------------
Time: 24670000 | PC = 0x00000038 | Inst = 0x00000000 (BUBBLE)
          -> [SYSTEM] FINISH: ECALL caught, CPU is freezing!
-----------------------------------------------------------------
Time: 24680000 | PC = 0x00000038 | Inst = 0x00000000 (BUBBLE)
          -> [SYSTEM] FINISH: ECALL caught, CPU is freezing!
-----------------------------------------------------------------
Time: 24690000 | PC = 0x00000038 | Inst = 0x00000000 (BUBBLE)
          -> [SYSTEM] FINISH: ECALL caught, CPU is freezing!
-----------------------------------------------------------------
Time: 24700000 | PC = 0x00000038 | Inst = 0x00000000 (BUBBLE)
          -> [SYSTEM] FINISH: ECALL caught, CPU is freezing!
-----------------------------------------------------------------
Time: 24710000 | PC = 0x00000038 | Inst = 0x00000000 (BUBBLE)
          -> [SYSTEM] FINISH: ECALL caught, CPU is freezing!
-----------------------------------------------------------------
Time: 24720000 | PC = 0x00000038 | Inst = 0x00000000 (BUBBLE)
          -> [SYSTEM] FINISH: ECALL caught, CPU is freezing!
-----------------------------------------------------------------
Time: 24730000 | PC = 0x00000038 | Inst = 0x00000000 (BUBBLE)
          -> [SYSTEM] FINISH: ECALL caught, CPU is freezing!
-----------------------------------------------------------------
Time: 24740000 | PC = 0x00000038 | Inst = 0x00000000 (BUBBLE)
          -> [SYSTEM] FINISH: ECALL caught, CPU is freezing!
-----------------------------------------------------------------
Time: 24750000 | PC = 0x00000038 | Inst = 0x00000000 (BUBBLE)
          -> [SYSTEM] FINISH: ECALL caught, CPU is freezing!
-----------------------------------------------------------------
Time: 24760000 | PC = 0x00000038 | Inst = 0x00000000 (BUBBLE)
          -> [SYSTEM] FINISH: ECALL caught, CPU is freezing!
-----------------------------------------------------------------
Time: 24770000 | PC = 0x00000038 | Inst = 0x00000000 (BUBBLE)
          -> [SYSTEM] FINISH: ECALL caught, CPU is freezing!
-----------------------------------------------------------------
Time: 24780000 | PC = 0x00000038 | Inst = 0x00000000 (BUBBLE)
          -> [SYSTEM] FINISH: ECALL caught, CPU is freezing!
-----------------------------------------------------------------
Time: 24790000 | PC = 0x00000038 | Inst = 0x00000000 (BUBBLE)
          -> [SYSTEM] FINISH: ECALL caught, CPU is freezing!
-----------------------------------------------------------------
Time: 24800000 | PC = 0x00000038 | Inst = 0x00000000 (BUBBLE)
          -> [SYSTEM] FINISH: ECALL caught, CPU is freezing!
-----------------------------------------------------------------
Time: 24810000 | PC = 0x00000038 | Inst = 0x00000000 (BUBBLE)
          -> [SYSTEM] FINISH: ECALL caught, CPU is freezing!
-----------------------------------------------------------------
Time: 24820000 | PC = 0x00000038 | Inst = 0x00000000 (BUBBLE)
          -> [SYSTEM] FINISH: ECALL caught, CPU is freezing!
-----------------------------------------------------------------
Time: 24830000 | PC = 0x00000038 | Inst = 0x00000000 (BUBBLE)
          -> [SYSTEM] FINISH: ECALL caught, CPU is freezing!
-----------------------------------------------------------------
Time: 24840000 | PC = 0x00000038 | Inst = 0x00000000 (BUBBLE)
          -> [SYSTEM] FINISH: ECALL caught, CPU is freezing!
-----------------------------------------------------------------
Time: 24850000 | PC = 0x00000038 | Inst = 0x00000000 (BUBBLE)
          -> [SYSTEM] FINISH: ECALL caught, CPU is freezing!
-----------------------------------------------------------------
Time: 24860000 | PC = 0x00000038 | Inst = 0x00000000 (BUBBLE)
          -> [SYSTEM] FINISH: ECALL caught, CPU is freezing!
-----------------------------------------------------------------
Time: 24870000 | PC = 0x00000038 | Inst = 0x00000000 (BUBBLE)
          -> [SYSTEM] FINISH: ECALL caught, CPU is freezing!
-----------------------------------------------------------------
Time: 24880000 | PC = 0x00000038 | Inst = 0x00000000 (BUBBLE)
          -> [SYSTEM] FINISH: ECALL caught, CPU is freezing!
-----------------------------------------------------------------
Time: 24890000 | PC = 0x00000038 | Inst = 0x00000000 (BUBBLE)
          -> [SYSTEM] FINISH: ECALL caught, CPU is freezing!
-----------------------------------------------------------------
Time: 24900000 | PC = 0x00000038 | Inst = 0x00000000 (BUBBLE)
          -> [SYSTEM] FINISH: ECALL caught, CPU is freezing!
-----------------------------------------------------------------
Time: 24910000 | PC = 0x00000038 | Inst = 0x00000000 (BUBBLE)
          -> [SYSTEM] FINISH: ECALL caught, CPU is freezing!
-----------------------------------------------------------------
Time: 24920000 | PC = 0x00000038 | Inst = 0x00000000 (BUBBLE)
          -> [SYSTEM] FINISH: ECALL caught, CPU is freezing!
-----------------------------------------------------------------
Time: 24930000 | PC = 0x00000038 | Inst = 0x00000000 (BUBBLE)
          -> [SYSTEM] FINISH: ECALL caught, CPU is freezing!
-----------------------------------------------------------------
Time: 24940000 | PC = 0x00000038 | Inst = 0x00000000 (BUBBLE)
          -> [SYSTEM] FINISH: ECALL caught, CPU is freezing!
-----------------------------------------------------------------
Time: 24950000 | PC = 0x00000038 | Inst = 0x00000000 (BUBBLE)
          -> [SYSTEM] FINISH: ECALL caught, CPU is freezing!
-----------------------------------------------------------------
Time: 24960000 | PC = 0x00000038 | Inst = 0x00000000 (BUBBLE)
          -> [SYSTEM] FINISH: ECALL caught, CPU is freezing!
-----------------------------------------------------------------
Time: 24970000 | PC = 0x00000038 | Inst = 0x00000000 (BUBBLE)
          -> [SYSTEM] FINISH: ECALL caught, CPU is freezing!
-----------------------------------------------------------------
Time: 24980000 | PC = 0x00000038 | Inst = 0x00000000 (BUBBLE)
          -> [SYSTEM] FINISH: ECALL caught, CPU is freezing!
-----------------------------------------------------------------
Time: 24990000 | PC = 0x00000038 | Inst = 0x00000000 (BUBBLE)
          -> [SYSTEM] FINISH: ECALL caught, CPU is freezing!
-----------------------------------------------------------------
Time: 25000000 | PC = 0x00000038 | Inst = 0x00000000 (BUBBLE)
          -> [SYSTEM] FINISH: ECALL caught, CPU is freezing!
-----------------------------------------------------------------
Time: 25010000 | PC = 0x00000038 | Inst = 0x00000000 (BUBBLE)
          -> [SYSTEM] FINISH: ECALL caught, CPU is freezing!
-----------------------------------------------------------------
Time: 25020000 | PC = 0x00000038 | Inst = 0x00000000 (BUBBLE)
          -> [SYSTEM] FINISH: ECALL caught, CPU is freezing!
-----------------------------------------------------------------
Time: 25030000 | PC = 0x00000038 | Inst = 0x00000000 (BUBBLE)
          -> [SYSTEM] FINISH: ECALL caught, CPU is freezing!
-----------------------------------------------------------------
Time: 25040000 | PC = 0x00000038 | Inst = 0x00000000 (BUBBLE)
          -> [SYSTEM] FINISH: ECALL caught, CPU is freezing!
-----------------------------------------------------------------
Time: 25050000 | PC = 0x00000038 | Inst = 0x00000000 (BUBBLE)
          -> [SYSTEM] FINISH: ECALL caught, CPU is freezing!
-----------------------------------------------------------------
Time: 25060000 | PC = 0x00000038 | Inst = 0x00000000 (BUBBLE)
          -> [SYSTEM] FINISH: ECALL caught, CPU is freezing!
-----------------------------------------------------------------
Time: 25070000 | PC = 0x00000038 | Inst = 0x00000000 (BUBBLE)
          -> [SYSTEM] FINISH: ECALL caught, CPU is freezing!
-----------------------------------------------------------------
Time: 25080000 | PC = 0x00000038 | Inst = 0x00000000 (BUBBLE)
          -> [SYSTEM] FINISH: ECALL caught, CPU is freezing!
-----------------------------------------------------------------
Time: 25090000 | PC = 0x00000038 | Inst = 0x00000000 (BUBBLE)
          -> [SYSTEM] FINISH: ECALL caught, CPU is freezing!
-----------------------------------------------------------------
Time: 25100000 | PC = 0x00000038 | Inst = 0x00000000 (BUBBLE)
          -> [SYSTEM] FINISH: ECALL caught, CPU is freezing!
-----------------------------------------------------------------
Time: 25110000 | PC = 0x00000038 | Inst = 0x00000000 (BUBBLE)
          -> [SYSTEM] FINISH: ECALL caught, CPU is freezing!
-----------------------------------------------------------------
Time: 25120000 | PC = 0x00000038 | Inst = 0x00000000 (BUBBLE)
          -> [SYSTEM] FINISH: ECALL caught, CPU is freezing!
-----------------------------------------------------------------
Time: 25130000 | PC = 0x00000038 | Inst = 0x00000000 (BUBBLE)
          -> [SYSTEM] FINISH: ECALL caught, CPU is freezing!
-----------------------------------------------------------------
Time: 25140000 | PC = 0x00000038 | Inst = 0x00000000 (BUBBLE)
          -> [SYSTEM] FINISH: ECALL caught, CPU is freezing!
-----------------------------------------------------------------
Time: 25150000 | PC = 0x00000038 | Inst = 0x00000000 (BUBBLE)
          -> [SYSTEM] FINISH: ECALL caught, CPU is freezing!
-----------------------------------------------------------------
Time: 25160000 | PC = 0x00000038 | Inst = 0x00000000 (BUBBLE)
          -> [SYSTEM] FINISH: ECALL caught, CPU is freezing!
-----------------------------------------------------------------
Time: 25170000 | PC = 0x00000038 | Inst = 0x00000000 (BUBBLE)
          -> [SYSTEM] FINISH: ECALL caught, CPU is freezing!
-----------------------------------------------------------------
Time: 25180000 | PC = 0x00000038 | Inst = 0x00000000 (BUBBLE)
          -> [SYSTEM] FINISH: ECALL caught, CPU is freezing!
-----------------------------------------------------------------
Time: 25190000 | PC = 0x00000038 | Inst = 0x00000000 (BUBBLE)
          -> [SYSTEM] FINISH: ECALL caught, CPU is freezing!
-----------------------------------------------------------------
Time: 25200000 | PC = 0x00000038 | Inst = 0x00000000 (BUBBLE)
          -> [SYSTEM] FINISH: ECALL caught, CPU is freezing!
-----------------------------------------------------------------
Time: 25210000 | PC = 0x00000038 | Inst = 0x00000000 (BUBBLE)
          -> [SYSTEM] FINISH: ECALL caught, CPU is freezing!
-----------------------------------------------------------------
Time: 25220000 | PC = 0x00000038 | Inst = 0x00000000 (BUBBLE)
          -> [SYSTEM] FINISH: ECALL caught, CPU is freezing!
-----------------------------------------------------------------
Time: 25230000 | PC = 0x00000038 | Inst = 0x00000000 (BUBBLE)
          -> [SYSTEM] FINISH: ECALL caught, CPU is freezing!
-----------------------------------------------------------------
Time: 25240000 | PC = 0x00000038 | Inst = 0x00000000 (BUBBLE)
          -> [SYSTEM] FINISH: ECALL caught, CPU is freezing!
-----------------------------------------------------------------
Time: 25250000 | PC = 0x00000038 | Inst = 0x00000000 (BUBBLE)
          -> [SYSTEM] FINISH: ECALL caught, CPU is freezing!
-----------------------------------------------------------------
Time: 25260000 | PC = 0x00000038 | Inst = 0x00000000 (BUBBLE)
          -> [SYSTEM] FINISH: ECALL caught, CPU is freezing!
-----------------------------------------------------------------
Time: 25270000 | PC = 0x00000038 | Inst = 0x00000000 (BUBBLE)
          -> [SYSTEM] FINISH: ECALL caught, CPU is freezing!
-----------------------------------------------------------------
Time: 25280000 | PC = 0x00000038 | Inst = 0x00000000 (BUBBLE)
          -> [SYSTEM] FINISH: ECALL caught, CPU is freezing!
-----------------------------------------------------------------
Time: 25290000 | PC = 0x00000038 | Inst = 0x00000000 (BUBBLE)
          -> [SYSTEM] FINISH: ECALL caught, CPU is freezing!
-----------------------------------------------------------------
Time: 25300000 | PC = 0x00000038 | Inst = 0x00000000 (BUBBLE)
          -> [SYSTEM] FINISH: ECALL caught, CPU is freezing!
-----------------------------------------------------------------
Time: 25310000 | PC = 0x00000038 | Inst = 0x00000000 (BUBBLE)
          -> [SYSTEM] FINISH: ECALL caught, CPU is freezing!
-----------------------------------------------------------------
Time: 25320000 | PC = 0x00000038 | Inst = 0x00000000 (BUBBLE)
          -> [SYSTEM] FINISH: ECALL caught, CPU is freezing!
-----------------------------------------------------------------
Time: 25330000 | PC = 0x00000038 | Inst = 0x00000000 (BUBBLE)
          -> [SYSTEM] FINISH: ECALL caught, CPU is freezing!
-----------------------------------------------------------------
Time: 25340000 | PC = 0x00000038 | Inst = 0x00000000 (BUBBLE)
          -> [SYSTEM] FINISH: ECALL caught, CPU is freezing!
-----------------------------------------------------------------
Time: 25350000 | PC = 0x00000038 | Inst = 0x00000000 (BUBBLE)
          -> [SYSTEM] FINISH: ECALL caught, CPU is freezing!
-----------------------------------------------------------------
Time: 25360000 | PC = 0x00000038 | Inst = 0x00000000 (BUBBLE)
          -> [SYSTEM] FINISH: ECALL caught, CPU is freezing!
-----------------------------------------------------------------
Time: 25370000 | PC = 0x00000038 | Inst = 0x00000000 (BUBBLE)
          -> [SYSTEM] FINISH: ECALL caught, CPU is freezing!
-----------------------------------------------------------------
Time: 25380000 | PC = 0x00000038 | Inst = 0x00000000 (BUBBLE)
          -> [SYSTEM] FINISH: ECALL caught, CPU is freezing!
-----------------------------------------------------------------
Time: 25390000 | PC = 0x00000038 | Inst = 0x00000000 (BUBBLE)
          -> [SYSTEM] FINISH: ECALL caught, CPU is freezing!
-----------------------------------------------------------------
Time: 25400000 | PC = 0x00000038 | Inst = 0x00000000 (BUBBLE)
          -> [SYSTEM] FINISH: ECALL caught, CPU is freezing!
-----------------------------------------------------------------
Time: 25410000 | PC = 0x00000038 | Inst = 0x00000000 (BUBBLE)
          -> [SYSTEM] FINISH: ECALL caught, CPU is freezing!
-----------------------------------------------------------------
Time: 25420000 | PC = 0x00000038 | Inst = 0x00000000 (BUBBLE)
          -> [SYSTEM] FINISH: ECALL caught, CPU is freezing!
-----------------------------------------------------------------
Time: 25430000 | PC = 0x00000038 | Inst = 0x00000000 (BUBBLE)
          -> [SYSTEM] FINISH: ECALL caught, CPU is freezing!
-----------------------------------------------------------------
Time: 25440000 | PC = 0x00000038 | Inst = 0x00000000 (BUBBLE)
          -> [SYSTEM] FINISH: ECALL caught, CPU is freezing!
-----------------------------------------------------------------
Time: 25450000 | PC = 0x00000038 | Inst = 0x00000000 (BUBBLE)
          -> [SYSTEM] FINISH: ECALL caught, CPU is freezing!
-----------------------------------------------------------------
Time: 25460000 | PC = 0x00000038 | Inst = 0x00000000 (BUBBLE)
          -> [SYSTEM] FINISH: ECALL caught, CPU is freezing!
-----------------------------------------------------------------
Time: 25470000 | PC = 0x00000038 | Inst = 0x00000000 (BUBBLE)
          -> [SYSTEM] FINISH: ECALL caught, CPU is freezing!
-----------------------------------------------------------------
Time: 25480000 | PC = 0x00000038 | Inst = 0x00000000 (BUBBLE)
          -> [SYSTEM] FINISH: ECALL caught, CPU is freezing!
-----------------------------------------------------------------
Time: 25490000 | PC = 0x00000038 | Inst = 0x00000000 (BUBBLE)
          -> [SYSTEM] FINISH: ECALL caught, CPU is freezing!
-----------------------------------------------------------------
Time: 25500000 | PC = 0x00000038 | Inst = 0x00000000 (BUBBLE)
          -> [SYSTEM] FINISH: ECALL caught, CPU is freezing!
-----------------------------------------------------------------
Time: 25510000 | PC = 0x00000038 | Inst = 0x00000000 (BUBBLE)
          -> [SYSTEM] FINISH: ECALL caught, CPU is freezing!
-----------------------------------------------------------------
Time: 25520000 | PC = 0x00000038 | Inst = 0x00000000 (BUBBLE)
          -> [SYSTEM] FINISH: ECALL caught, CPU is freezing!
-----------------------------------------------------------------
Time: 25530000 | PC = 0x00000038 | Inst = 0x00000000 (BUBBLE)
          -> [SYSTEM] FINISH: ECALL caught, CPU is freezing!
-----------------------------------------------------------------
Time: 25540000 | PC = 0x00000038 | Inst = 0x00000000 (BUBBLE)
          -> [SYSTEM] FINISH: ECALL caught, CPU is freezing!
-----------------------------------------------------------------
Time: 25550000 | PC = 0x00000038 | Inst = 0x00000000 (BUBBLE)
          -> [SYSTEM] FINISH: ECALL caught, CPU is freezing!
-----------------------------------------------------------------
Time: 25560000 | PC = 0x00000038 | Inst = 0x00000000 (BUBBLE)
          -> [SYSTEM] FINISH: ECALL caught, CPU is freezing!
-----------------------------------------------------------------
Time: 25570000 | PC = 0x00000038 | Inst = 0x00000000 (BUBBLE)
          -> [SYSTEM] FINISH: ECALL caught, CPU is freezing!
-----------------------------------------------------------------
Time: 25580000 | PC = 0x00000038 | Inst = 0x00000000 (BUBBLE)
          -> [SYSTEM] FINISH: ECALL caught, CPU is freezing!
-----------------------------------------------------------------
Time: 25590000 | PC = 0x00000038 | Inst = 0x00000000 (BUBBLE)
          -> [SYSTEM] FINISH: ECALL caught, CPU is freezing!
-----------------------------------------------------------------
Time: 25600000 | PC = 0x00000038 | Inst = 0x00000000 (BUBBLE)
          -> [SYSTEM] FINISH: ECALL caught, CPU is freezing!
-----------------------------------------------------------------
Time: 25610000 | PC = 0x00000038 | Inst = 0x00000000 (BUBBLE)
          -> [SYSTEM] FINISH: ECALL caught, CPU is freezing!
-----------------------------------------------------------------
Time: 25620000 | PC = 0x00000038 | Inst = 0x00000000 (BUBBLE)
          -> [SYSTEM] FINISH: ECALL caught, CPU is freezing!
-----------------------------------------------------------------
Time: 25630000 | PC = 0x00000038 | Inst = 0x00000000 (BUBBLE)
          -> [SYSTEM] FINISH: ECALL caught, CPU is freezing!
-----------------------------------------------------------------
Time: 25640000 | PC = 0x00000038 | Inst = 0x00000000 (BUBBLE)
          -> [SYSTEM] FINISH: ECALL caught, CPU is freezing!
-----------------------------------------------------------------
Time: 25650000 | PC = 0x00000038 | Inst = 0x00000000 (BUBBLE)
          -> [SYSTEM] FINISH: ECALL caught, CPU is freezing!
-----------------------------------------------------------------
Time: 25660000 | PC = 0x00000038 | Inst = 0x00000000 (BUBBLE)
          -> [SYSTEM] FINISH: ECALL caught, CPU is freezing!
-----------------------------------------------------------------
Time: 25670000 | PC = 0x00000038 | Inst = 0x00000000 (BUBBLE)
          -> [SYSTEM] FINISH: ECALL caught, CPU is freezing!
-----------------------------------------------------------------
Time: 25680000 | PC = 0x00000038 | Inst = 0x00000000 (BUBBLE)
          -> [SYSTEM] FINISH: ECALL caught, CPU is freezing!
-----------------------------------------------------------------
Time: 25690000 | PC = 0x00000038 | Inst = 0x00000000 (BUBBLE)
          -> [SYSTEM] FINISH: ECALL caught, CPU is freezing!
-----------------------------------------------------------------
Time: 25700000 | PC = 0x00000038 | Inst = 0x00000000 (BUBBLE)
          -> [SYSTEM] FINISH: ECALL caught, CPU is freezing!
-----------------------------------------------------------------
Time: 25710000 | PC = 0x00000038 | Inst = 0x00000000 (BUBBLE)
          -> [SYSTEM] FINISH: ECALL caught, CPU is freezing!
-----------------------------------------------------------------
Time: 25720000 | PC = 0x00000038 | Inst = 0x00000000 (BUBBLE)
          -> [SYSTEM] FINISH: ECALL caught, CPU is freezing!
-----------------------------------------------------------------
Time: 25730000 | PC = 0x00000038 | Inst = 0x00000000 (BUBBLE)
          -> [SYSTEM] FINISH: ECALL caught, CPU is freezing!
-----------------------------------------------------------------
Time: 25740000 | PC = 0x00000038 | Inst = 0x00000000 (BUBBLE)
          -> [SYSTEM] FINISH: ECALL caught, CPU is freezing!
-----------------------------------------------------------------
Time: 25750000 | PC = 0x00000038 | Inst = 0x00000000 (BUBBLE)
          -> [SYSTEM] FINISH: ECALL caught, CPU is freezing!
-----------------------------------------------------------------
Time: 25760000 | PC = 0x00000038 | Inst = 0x00000000 (BUBBLE)
          -> [SYSTEM] FINISH: ECALL caught, CPU is freezing!
-----------------------------------------------------------------
Time: 25770000 | PC = 0x00000038 | Inst = 0x00000000 (BUBBLE)
          -> [SYSTEM] FINISH: ECALL caught, CPU is freezing!
-----------------------------------------------------------------
Time: 25780000 | PC = 0x00000038 | Inst = 0x00000000 (BUBBLE)
          -> [SYSTEM] FINISH: ECALL caught, CPU is freezing!
-----------------------------------------------------------------
Time: 25790000 | PC = 0x00000038 | Inst = 0x00000000 (BUBBLE)
          -> [SYSTEM] FINISH: ECALL caught, CPU is freezing!
-----------------------------------------------------------------
Time: 25800000 | PC = 0x00000038 | Inst = 0x00000000 (BUBBLE)
          -> [SYSTEM] FINISH: ECALL caught, CPU is freezing!
-----------------------------------------------------------------
Time: 25810000 | PC = 0x00000038 | Inst = 0x00000000 (BUBBLE)
          -> [SYSTEM] FINISH: ECALL caught, CPU is freezing!
-----------------------------------------------------------------
Time: 25820000 | PC = 0x00000038 | Inst = 0x00000000 (BUBBLE)
          -> [SYSTEM] FINISH: ECALL caught, CPU is freezing!
-----------------------------------------------------------------
Time: 25830000 | PC = 0x00000038 | Inst = 0x00000000 (BUBBLE)
          -> [SYSTEM] FINISH: ECALL caught, CPU is freezing!
-----------------------------------------------------------------
Time: 25840000 | PC = 0x00000038 | Inst = 0x00000000 (BUBBLE)
          -> [SYSTEM] FINISH: ECALL caught, CPU is freezing!
-----------------------------------------------------------------
Time: 25850000 | PC = 0x00000038 | Inst = 0x00000000 (BUBBLE)
          -> [SYSTEM] FINISH: ECALL caught, CPU is freezing!
-----------------------------------------------------------------
Time: 25860000 | PC = 0x00000038 | Inst = 0x00000000 (BUBBLE)
          -> [SYSTEM] FINISH: ECALL caught, CPU is freezing!
-----------------------------------------------------------------
Time: 25870000 | PC = 0x00000038 | Inst = 0x00000000 (BUBBLE)
          -> [SYSTEM] FINISH: ECALL caught, CPU is freezing!
-----------------------------------------------------------------
Time: 25880000 | PC = 0x00000038 | Inst = 0x00000000 (BUBBLE)
          -> [SYSTEM] FINISH: ECALL caught, CPU is freezing!
-----------------------------------------------------------------
Time: 25890000 | PC = 0x00000038 | Inst = 0x00000000 (BUBBLE)
          -> [SYSTEM] FINISH: ECALL caught, CPU is freezing!
-----------------------------------------------------------------
Time: 25900000 | PC = 0x00000038 | Inst = 0x00000000 (BUBBLE)
          -> [SYSTEM] FINISH: ECALL caught, CPU is freezing!
-----------------------------------------------------------------
Time: 25910000 | PC = 0x00000038 | Inst = 0x00000000 (BUBBLE)
          -> [SYSTEM] FINISH: ECALL caught, CPU is freezing!
-----------------------------------------------------------------
Time: 25920000 | PC = 0x00000038 | Inst = 0x00000000 (BUBBLE)
          -> [SYSTEM] FINISH: ECALL caught, CPU is freezing!
-----------------------------------------------------------------
Time: 25930000 | PC = 0x00000038 | Inst = 0x00000000 (BUBBLE)
          -> [SYSTEM] FINISH: ECALL caught, CPU is freezing!
-----------------------------------------------------------------
Time: 25940000 | PC = 0x00000038 | Inst = 0x00000000 (BUBBLE)
          -> [SYSTEM] FINISH: ECALL caught, CPU is freezing!
-----------------------------------------------------------------
Time: 25950000 | PC = 0x00000038 | Inst = 0x00000000 (BUBBLE)
          -> [SYSTEM] FINISH: ECALL caught, CPU is freezing!
-----------------------------------------------------------------
Time: 25960000 | PC = 0x00000038 | Inst = 0x00000000 (BUBBLE)
          -> [SYSTEM] FINISH: ECALL caught, CPU is freezing!
-----------------------------------------------------------------
Time: 25970000 | PC = 0x00000038 | Inst = 0x00000000 (BUBBLE)
          -> [SYSTEM] FINISH: ECALL caught, CPU is freezing!
-----------------------------------------------------------------
Time: 25980000 | PC = 0x00000038 | Inst = 0x00000000 (BUBBLE)
          -> [SYSTEM] FINISH: ECALL caught, CPU is freezing!
-----------------------------------------------------------------
Time: 25990000 | PC = 0x00000038 | Inst = 0x00000000 (BUBBLE)
          -> [SYSTEM] FINISH: ECALL caught, CPU is freezing!
-----------------------------------------------------------------
Time: 26000000 | PC = 0x00000038 | Inst = 0x00000000 (BUBBLE)
          -> [SYSTEM] FINISH: ECALL caught, CPU is freezing!
-----------------------------------------------------------------
Time: 26010000 | PC = 0x00000038 | Inst = 0x00000000 (BUBBLE)
          -> [SYSTEM] FINISH: ECALL caught, CPU is freezing!
-----------------------------------------------------------------
Time: 26020000 | PC = 0x00000038 | Inst = 0x00000000 (BUBBLE)
          -> [SYSTEM] FINISH: ECALL caught, CPU is freezing!
-----------------------------------------------------------------
Time: 26030000 | PC = 0x00000038 | Inst = 0x00000000 (BUBBLE)
          -> [SYSTEM] FINISH: ECALL caught, CPU is freezing!
-----------------------------------------------------------------
Time: 26040000 | PC = 0x00000038 | Inst = 0x00000000 (BUBBLE)
          -> [SYSTEM] FINISH: ECALL caught, CPU is freezing!
-----------------------------------------------------------------
Time: 26050000 | PC = 0x00000038 | Inst = 0x00000000 (BUBBLE)
          -> [SYSTEM] FINISH: ECALL caught, CPU is freezing!
-----------------------------------------------------------------
Time: 26060000 | PC = 0x00000038 | Inst = 0x00000000 (BUBBLE)
          -> [SYSTEM] FINISH: ECALL caught, CPU is freezing!
-----------------------------------------------------------------
Time: 26070000 | PC = 0x00000038 | Inst = 0x00000000 (BUBBLE)
          -> [SYSTEM] FINISH: ECALL caught, CPU is freezing!
-----------------------------------------------------------------
Time: 26080000 | PC = 0x00000038 | Inst = 0x00000000 (BUBBLE)
          -> [SYSTEM] FINISH: ECALL caught, CPU is freezing!
-----------------------------------------------------------------
Time: 26090000 | PC = 0x00000038 | Inst = 0x00000000 (BUBBLE)
          -> [SYSTEM] FINISH: ECALL caught, CPU is freezing!
-----------------------------------------------------------------
Time: 26100000 | PC = 0x00000038 | Inst = 0x00000000 (BUBBLE)
          -> [SYSTEM] FINISH: ECALL caught, CPU is freezing!
-----------------------------------------------------------------
Time: 26110000 | PC = 0x00000038 | Inst = 0x00000000 (BUBBLE)
          -> [SYSTEM] FINISH: ECALL caught, CPU is freezing!
-----------------------------------------------------------------
Time: 26120000 | PC = 0x00000038 | Inst = 0x00000000 (BUBBLE)
          -> [SYSTEM] FINISH: ECALL caught, CPU is freezing!
-----------------------------------------------------------------
Time: 26130000 | PC = 0x00000038 | Inst = 0x00000000 (BUBBLE)
          -> [SYSTEM] FINISH: ECALL caught, CPU is freezing!
-----------------------------------------------------------------
Time: 26140000 | PC = 0x00000038 | Inst = 0x00000000 (BUBBLE)
          -> [SYSTEM] FINISH: ECALL caught, CPU is freezing!
-----------------------------------------------------------------
Time: 26150000 | PC = 0x00000038 | Inst = 0x00000000 (BUBBLE)
          -> [SYSTEM] FINISH: ECALL caught, CPU is freezing!
-----------------------------------------------------------------
Time: 26160000 | PC = 0x00000038 | Inst = 0x00000000 (BUBBLE)
          -> [SYSTEM] FINISH: ECALL caught, CPU is freezing!
-----------------------------------------------------------------
Time: 26170000 | PC = 0x00000038 | Inst = 0x00000000 (BUBBLE)
          -> [SYSTEM] FINISH: ECALL caught, CPU is freezing!
-----------------------------------------------------------------
Time: 26180000 | PC = 0x00000038 | Inst = 0x00000000 (BUBBLE)
          -> [SYSTEM] FINISH: ECALL caught, CPU is freezing!
-----------------------------------------------------------------
Time: 26190000 | PC = 0x00000038 | Inst = 0x00000000 (BUBBLE)
          -> [SYSTEM] FINISH: ECALL caught, CPU is freezing!
-----------------------------------------------------------------
Time: 26200000 | PC = 0x00000038 | Inst = 0x00000000 (BUBBLE)
          -> [SYSTEM] FINISH: ECALL caught, CPU is freezing!
-----------------------------------------------------------------
Time: 26210000 | PC = 0x00000038 | Inst = 0x00000000 (BUBBLE)
          -> [SYSTEM] FINISH: ECALL caught, CPU is freezing!
-----------------------------------------------------------------
Time: 26220000 | PC = 0x00000038 | Inst = 0x00000000 (BUBBLE)
          -> [SYSTEM] FINISH: ECALL caught, CPU is freezing!
-----------------------------------------------------------------
Time: 26230000 | PC = 0x00000038 | Inst = 0x00000000 (BUBBLE)
          -> [SYSTEM] FINISH: ECALL caught, CPU is freezing!
-----------------------------------------------------------------
Time: 26240000 | PC = 0x00000038 | Inst = 0x00000000 (BUBBLE)
          -> [SYSTEM] FINISH: ECALL caught, CPU is freezing!
-----------------------------------------------------------------
Time: 26250000 | PC = 0x00000038 | Inst = 0x00000000 (BUBBLE)
          -> [SYSTEM] FINISH: ECALL caught, CPU is freezing!
-----------------------------------------------------------------
Time: 26260000 | PC = 0x00000038 | Inst = 0x00000000 (BUBBLE)
          -> [SYSTEM] FINISH: ECALL caught, CPU is freezing!
-----------------------------------------------------------------
Time: 26270000 | PC = 0x00000038 | Inst = 0x00000000 (BUBBLE)
          -> [SYSTEM] FINISH: ECALL caught, CPU is freezing!
-----------------------------------------------------------------
Time: 26280000 | PC = 0x00000038 | Inst = 0x00000000 (BUBBLE)
          -> [SYSTEM] FINISH: ECALL caught, CPU is freezing!
-----------------------------------------------------------------
Time: 26290000 | PC = 0x00000038 | Inst = 0x00000000 (BUBBLE)
          -> [SYSTEM] FINISH: ECALL caught, CPU is freezing!
-----------------------------------------------------------------
Time: 26300000 | PC = 0x00000038 | Inst = 0x00000000 (BUBBLE)
          -> [SYSTEM] FINISH: ECALL caught, CPU is freezing!
-----------------------------------------------------------------
Time: 26310000 | PC = 0x00000038 | Inst = 0x00000000 (BUBBLE)
          -> [SYSTEM] FINISH: ECALL caught, CPU is freezing!
-----------------------------------------------------------------
Time: 26320000 | PC = 0x00000038 | Inst = 0x00000000 (BUBBLE)
          -> [SYSTEM] FINISH: ECALL caught, CPU is freezing!
-----------------------------------------------------------------
Time: 26330000 | PC = 0x00000038 | Inst = 0x00000000 (BUBBLE)
          -> [SYSTEM] FINISH: ECALL caught, CPU is freezing!
-----------------------------------------------------------------
Time: 26340000 | PC = 0x00000038 | Inst = 0x00000000 (BUBBLE)
          -> [SYSTEM] FINISH: ECALL caught, CPU is freezing!
-----------------------------------------------------------------
Time: 26350000 | PC = 0x00000038 | Inst = 0x00000000 (BUBBLE)
          -> [SYSTEM] FINISH: ECALL caught, CPU is freezing!
-----------------------------------------------------------------
Time: 26360000 | PC = 0x00000038 | Inst = 0x00000000 (BUBBLE)
          -> [SYSTEM] FINISH: ECALL caught, CPU is freezing!
-----------------------------------------------------------------
Time: 26370000 | PC = 0x00000038 | Inst = 0x00000000 (BUBBLE)
          -> [SYSTEM] FINISH: ECALL caught, CPU is freezing!
-----------------------------------------------------------------
Time: 26380000 | PC = 0x00000038 | Inst = 0x00000000 (BUBBLE)
          -> [SYSTEM] FINISH: ECALL caught, CPU is freezing!
-----------------------------------------------------------------
Time: 26390000 | PC = 0x00000038 | Inst = 0x00000000 (BUBBLE)
          -> [SYSTEM] FINISH: ECALL caught, CPU is freezing!
-----------------------------------------------------------------
Time: 26400000 | PC = 0x00000038 | Inst = 0x00000000 (BUBBLE)
          -> [SYSTEM] FINISH: ECALL caught, CPU is freezing!
-----------------------------------------------------------------
Time: 26410000 | PC = 0x00000038 | Inst = 0x00000000 (BUBBLE)
          -> [SYSTEM] FINISH: ECALL caught, CPU is freezing!
-----------------------------------------------------------------
Time: 26420000 | PC = 0x00000038 | Inst = 0x00000000 (BUBBLE)
          -> [SYSTEM] FINISH: ECALL caught, CPU is freezing!
-----------------------------------------------------------------
Time: 26430000 | PC = 0x00000038 | Inst = 0x00000000 (BUBBLE)
          -> [SYSTEM] FINISH: ECALL caught, CPU is freezing!
-----------------------------------------------------------------
Time: 26440000 | PC = 0x00000038 | Inst = 0x00000000 (BUBBLE)
          -> [SYSTEM] FINISH: ECALL caught, CPU is freezing!
-----------------------------------------------------------------
Time: 26450000 | PC = 0x00000038 | Inst = 0x00000000 (BUBBLE)
          -> [SYSTEM] FINISH: ECALL caught, CPU is freezing!
-----------------------------------------------------------------
Time: 26460000 | PC = 0x00000038 | Inst = 0x00000000 (BUBBLE)
          -> [SYSTEM] FINISH: ECALL caught, CPU is freezing!
-----------------------------------------------------------------
Time: 26470000 | PC = 0x00000038 | Inst = 0x00000000 (BUBBLE)
          -> [SYSTEM] FINISH: ECALL caught, CPU is freezing!
-----------------------------------------------------------------
Time: 26480000 | PC = 0x00000038 | Inst = 0x00000000 (BUBBLE)
          -> [SYSTEM] FINISH: ECALL caught, CPU is freezing!
-----------------------------------------------------------------
Time: 26490000 | PC = 0x00000038 | Inst = 0x00000000 (BUBBLE)
          -> [SYSTEM] FINISH: ECALL caught, CPU is freezing!
-----------------------------------------------------------------
Time: 26500000 | PC = 0x00000038 | Inst = 0x00000000 (BUBBLE)
          -> [SYSTEM] FINISH: ECALL caught, CPU is freezing!
-----------------------------------------------------------------
Time: 26510000 | PC = 0x00000038 | Inst = 0x00000000 (BUBBLE)
          -> [SYSTEM] FINISH: ECALL caught, CPU is freezing!
-----------------------------------------------------------------
Time: 26520000 | PC = 0x00000038 | Inst = 0x00000000 (BUBBLE)
          -> [SYSTEM] FINISH: ECALL caught, CPU is freezing!
-----------------------------------------------------------------
Time: 26530000 | PC = 0x00000038 | Inst = 0x00000000 (BUBBLE)
          -> [SYSTEM] FINISH: ECALL caught, CPU is freezing!
-----------------------------------------------------------------
Time: 26540000 | PC = 0x00000038 | Inst = 0x00000000 (BUBBLE)
          -> [SYSTEM] FINISH: ECALL caught, CPU is freezing!
-----------------------------------------------------------------
Time: 26550000 | PC = 0x00000038 | Inst = 0x00000000 (BUBBLE)
          -> [SYSTEM] FINISH: ECALL caught, CPU is freezing!
-----------------------------------------------------------------
Time: 26560000 | PC = 0x00000038 | Inst = 0x00000000 (BUBBLE)
          -> [SYSTEM] FINISH: ECALL caught, CPU is freezing!
-----------------------------------------------------------------
Time: 26570000 | PC = 0x00000038 | Inst = 0x00000000 (BUBBLE)
          -> [SYSTEM] FINISH: ECALL caught, CPU is freezing!
-----------------------------------------------------------------
Time: 26580000 | PC = 0x00000038 | Inst = 0x00000000 (BUBBLE)
          -> [SYSTEM] FINISH: ECALL caught, CPU is freezing!
-----------------------------------------------------------------
Time: 26590000 | PC = 0x00000038 | Inst = 0x00000000 (BUBBLE)
          -> [SYSTEM] FINISH: ECALL caught, CPU is freezing!
-----------------------------------------------------------------
Time: 26600000 | PC = 0x00000038 | Inst = 0x00000000 (BUBBLE)
          -> [SYSTEM] FINISH: ECALL caught, CPU is freezing!
-----------------------------------------------------------------
Time: 26610000 | PC = 0x00000038 | Inst = 0x00000000 (BUBBLE)
          -> [SYSTEM] FINISH: ECALL caught, CPU is freezing!
-----------------------------------------------------------------
Time: 26620000 | PC = 0x00000038 | Inst = 0x00000000 (BUBBLE)
          -> [SYSTEM] FINISH: ECALL caught, CPU is freezing!
-----------------------------------------------------------------
Time: 26630000 | PC = 0x00000038 | Inst = 0x00000000 (BUBBLE)
          -> [SYSTEM] FINISH: ECALL caught, CPU is freezing!
-----------------------------------------------------------------
Time: 26640000 | PC = 0x00000038 | Inst = 0x00000000 (BUBBLE)
          -> [SYSTEM] FINISH: ECALL caught, CPU is freezing!
-----------------------------------------------------------------
Time: 26650000 | PC = 0x00000038 | Inst = 0x00000000 (BUBBLE)
          -> [SYSTEM] FINISH: ECALL caught, CPU is freezing!
-----------------------------------------------------------------
Time: 26660000 | PC = 0x00000038 | Inst = 0x00000000 (BUBBLE)
          -> [SYSTEM] FINISH: ECALL caught, CPU is freezing!
-----------------------------------------------------------------
Time: 26670000 | PC = 0x00000038 | Inst = 0x00000000 (BUBBLE)
          -> [SYSTEM] FINISH: ECALL caught, CPU is freezing!
-----------------------------------------------------------------
Time: 26680000 | PC = 0x00000038 | Inst = 0x00000000 (BUBBLE)
          -> [SYSTEM] FINISH: ECALL caught, CPU is freezing!
-----------------------------------------------------------------
Time: 26690000 | PC = 0x00000038 | Inst = 0x00000000 (BUBBLE)
          -> [SYSTEM] FINISH: ECALL caught, CPU is freezing!
-----------------------------------------------------------------
Time: 26700000 | PC = 0x00000038 | Inst = 0x00000000 (BUBBLE)
          -> [SYSTEM] FINISH: ECALL caught, CPU is freezing!
-----------------------------------------------------------------
Time: 26710000 | PC = 0x00000038 | Inst = 0x00000000 (BUBBLE)
          -> [SYSTEM] FINISH: ECALL caught, CPU is freezing!
-----------------------------------------------------------------
Time: 26720000 | PC = 0x00000038 | Inst = 0x00000000 (BUBBLE)
          -> [SYSTEM] FINISH: ECALL caught, CPU is freezing!
-----------------------------------------------------------------
Time: 26730000 | PC = 0x00000038 | Inst = 0x00000000 (BUBBLE)
          -> [SYSTEM] FINISH: ECALL caught, CPU is freezing!
-----------------------------------------------------------------
Time: 26740000 | PC = 0x00000038 | Inst = 0x00000000 (BUBBLE)
          -> [SYSTEM] FINISH: ECALL caught, CPU is freezing!
-----------------------------------------------------------------
Time: 26750000 | PC = 0x00000038 | Inst = 0x00000000 (BUBBLE)
          -> [SYSTEM] FINISH: ECALL caught, CPU is freezing!
-----------------------------------------------------------------
Time: 26760000 | PC = 0x00000038 | Inst = 0x00000000 (BUBBLE)
          -> [SYSTEM] FINISH: ECALL caught, CPU is freezing!
-----------------------------------------------------------------
Time: 26770000 | PC = 0x00000038 | Inst = 0x00000000 (BUBBLE)
          -> [SYSTEM] FINISH: ECALL caught, CPU is freezing!
-----------------------------------------------------------------
Time: 26780000 | PC = 0x00000038 | Inst = 0x00000000 (BUBBLE)
          -> [SYSTEM] FINISH: ECALL caught, CPU is freezing!
-----------------------------------------------------------------
Time: 26790000 | PC = 0x00000038 | Inst = 0x00000000 (BUBBLE)
          -> [SYSTEM] FINISH: ECALL caught, CPU is freezing!
-----------------------------------------------------------------
Time: 26800000 | PC = 0x00000038 | Inst = 0x00000000 (BUBBLE)
          -> [SYSTEM] FINISH: ECALL caught, CPU is freezing!
-----------------------------------------------------------------
Time: 26810000 | PC = 0x00000038 | Inst = 0x00000000 (BUBBLE)
          -> [SYSTEM] FINISH: ECALL caught, CPU is freezing!
-----------------------------------------------------------------
Time: 26820000 | PC = 0x00000038 | Inst = 0x00000000 (BUBBLE)
          -> [SYSTEM] FINISH: ECALL caught, CPU is freezing!
-----------------------------------------------------------------
Time: 26830000 | PC = 0x00000038 | Inst = 0x00000000 (BUBBLE)
          -> [SYSTEM] FINISH: ECALL caught, CPU is freezing!
-----------------------------------------------------------------
Time: 26840000 | PC = 0x00000038 | Inst = 0x00000000 (BUBBLE)
          -> [SYSTEM] FINISH: ECALL caught, CPU is freezing!
-----------------------------------------------------------------
Time: 26850000 | PC = 0x00000038 | Inst = 0x00000000 (BUBBLE)
          -> [SYSTEM] FINISH: ECALL caught, CPU is freezing!
-----------------------------------------------------------------
Time: 26860000 | PC = 0x00000038 | Inst = 0x00000000 (BUBBLE)
          -> [SYSTEM] FINISH: ECALL caught, CPU is freezing!
-----------------------------------------------------------------
Time: 26870000 | PC = 0x00000038 | Inst = 0x00000000 (BUBBLE)
          -> [SYSTEM] FINISH: ECALL caught, CPU is freezing!
-----------------------------------------------------------------
Time: 26880000 | PC = 0x00000038 | Inst = 0x00000000 (BUBBLE)
          -> [SYSTEM] FINISH: ECALL caught, CPU is freezing!
-----------------------------------------------------------------
Time: 26890000 | PC = 0x00000038 | Inst = 0x00000000 (BUBBLE)
          -> [SYSTEM] FINISH: ECALL caught, CPU is freezing!
-----------------------------------------------------------------
Time: 26900000 | PC = 0x00000038 | Inst = 0x00000000 (BUBBLE)
          -> [SYSTEM] FINISH: ECALL caught, CPU is freezing!
-----------------------------------------------------------------
Time: 26910000 | PC = 0x00000038 | Inst = 0x00000000 (BUBBLE)
          -> [SYSTEM] FINISH: ECALL caught, CPU is freezing!
-----------------------------------------------------------------
Time: 26920000 | PC = 0x00000038 | Inst = 0x00000000 (BUBBLE)
          -> [SYSTEM] FINISH: ECALL caught, CPU is freezing!
-----------------------------------------------------------------
Time: 26930000 | PC = 0x00000038 | Inst = 0x00000000 (BUBBLE)
          -> [SYSTEM] FINISH: ECALL caught, CPU is freezing!
-----------------------------------------------------------------
Time: 26940000 | PC = 0x00000038 | Inst = 0x00000000 (BUBBLE)
          -> [SYSTEM] FINISH: ECALL caught, CPU is freezing!
-----------------------------------------------------------------
Time: 26950000 | PC = 0x00000038 | Inst = 0x00000000 (BUBBLE)
          -> [SYSTEM] FINISH: ECALL caught, CPU is freezing!
-----------------------------------------------------------------
Time: 26960000 | PC = 0x00000038 | Inst = 0x00000000 (BUBBLE)
          -> [SYSTEM] FINISH: ECALL caught, CPU is freezing!
-----------------------------------------------------------------
Time: 26970000 | PC = 0x00000038 | Inst = 0x00000000 (BUBBLE)
          -> [SYSTEM] FINISH: ECALL caught, CPU is freezing!
-----------------------------------------------------------------
Time: 26980000 | PC = 0x00000038 | Inst = 0x00000000 (BUBBLE)
          -> [SYSTEM] FINISH: ECALL caught, CPU is freezing!
-----------------------------------------------------------------
Time: 26990000 | PC = 0x00000038 | Inst = 0x00000000 (BUBBLE)
          -> [SYSTEM] FINISH: ECALL caught, CPU is freezing!
-----------------------------------------------------------------
Time: 27000000 | PC = 0x00000038 | Inst = 0x00000000 (BUBBLE)
          -> [SYSTEM] FINISH: ECALL caught, CPU is freezing!
-----------------------------------------------------------------
Time: 27010000 | PC = 0x00000038 | Inst = 0x00000000 (BUBBLE)
          -> [SYSTEM] FINISH: ECALL caught, CPU is freezing!
-----------------------------------------------------------------
Time: 27020000 | PC = 0x00000038 | Inst = 0x00000000 (BUBBLE)
          -> [SYSTEM] FINISH: ECALL caught, CPU is freezing!
-----------------------------------------------------------------
Time: 27030000 | PC = 0x00000038 | Inst = 0x00000000 (BUBBLE)
          -> [SYSTEM] FINISH: ECALL caught, CPU is freezing!
-----------------------------------------------------------------
Time: 27040000 | PC = 0x00000038 | Inst = 0x00000000 (BUBBLE)
          -> [SYSTEM] FINISH: ECALL caught, CPU is freezing!
-----------------------------------------------------------------
Time: 27050000 | PC = 0x00000038 | Inst = 0x00000000 (BUBBLE)
          -> [SYSTEM] FINISH: ECALL caught, CPU is freezing!
-----------------------------------------------------------------
Time: 27060000 | PC = 0x00000038 | Inst = 0x00000000 (BUBBLE)
          -> [SYSTEM] FINISH: ECALL caught, CPU is freezing!
-----------------------------------------------------------------
Time: 27070000 | PC = 0x00000038 | Inst = 0x00000000 (BUBBLE)
          -> [SYSTEM] FINISH: ECALL caught, CPU is freezing!
-----------------------------------------------------------------
Time: 27080000 | PC = 0x00000038 | Inst = 0x00000000 (BUBBLE)
          -> [SYSTEM] FINISH: ECALL caught, CPU is freezing!
-----------------------------------------------------------------
Time: 27090000 | PC = 0x00000038 | Inst = 0x00000000 (BUBBLE)
          -> [SYSTEM] FINISH: ECALL caught, CPU is freezing!
-----------------------------------------------------------------
Time: 27100000 | PC = 0x00000038 | Inst = 0x00000000 (BUBBLE)
          -> [SYSTEM] FINISH: ECALL caught, CPU is freezing!
-----------------------------------------------------------------
Time: 27110000 | PC = 0x00000038 | Inst = 0x00000000 (BUBBLE)
          -> [SYSTEM] FINISH: ECALL caught, CPU is freezing!
-----------------------------------------------------------------
Time: 27120000 | PC = 0x00000038 | Inst = 0x00000000 (BUBBLE)
          -> [SYSTEM] FINISH: ECALL caught, CPU is freezing!
-----------------------------------------------------------------
Time: 27130000 | PC = 0x00000038 | Inst = 0x00000000 (BUBBLE)
          -> [SYSTEM] FINISH: ECALL caught, CPU is freezing!
-----------------------------------------------------------------
Time: 27140000 | PC = 0x00000038 | Inst = 0x00000000 (BUBBLE)
          -> [SYSTEM] FINISH: ECALL caught, CPU is freezing!
-----------------------------------------------------------------
Time: 27150000 | PC = 0x00000038 | Inst = 0x00000000 (BUBBLE)
          -> [SYSTEM] FINISH: ECALL caught, CPU is freezing!
-----------------------------------------------------------------
Time: 27160000 | PC = 0x00000038 | Inst = 0x00000000 (BUBBLE)
          -> [SYSTEM] FINISH: ECALL caught, CPU is freezing!
-----------------------------------------------------------------
Time: 27170000 | PC = 0x00000038 | Inst = 0x00000000 (BUBBLE)
          -> [SYSTEM] FINISH: ECALL caught, CPU is freezing!
-----------------------------------------------------------------
Time: 27180000 | PC = 0x00000038 | Inst = 0x00000000 (BUBBLE)
          -> [SYSTEM] FINISH: ECALL caught, CPU is freezing!
-----------------------------------------------------------------
Time: 27190000 | PC = 0x00000038 | Inst = 0x00000000 (BUBBLE)
          -> [SYSTEM] FINISH: ECALL caught, CPU is freezing!
-----------------------------------------------------------------
Time: 27200000 | PC = 0x00000038 | Inst = 0x00000000 (BUBBLE)
          -> [SYSTEM] FINISH: ECALL caught, CPU is freezing!
-----------------------------------------------------------------
Time: 27210000 | PC = 0x00000038 | Inst = 0x00000000 (BUBBLE)
          -> [SYSTEM] FINISH: ECALL caught, CPU is freezing!
-----------------------------------------------------------------
Time: 27220000 | PC = 0x00000038 | Inst = 0x00000000 (BUBBLE)
          -> [SYSTEM] FINISH: ECALL caught, CPU is freezing!
-----------------------------------------------------------------
Time: 27230000 | PC = 0x00000038 | Inst = 0x00000000 (BUBBLE)
          -> [SYSTEM] FINISH: ECALL caught, CPU is freezing!
-----------------------------------------------------------------
Time: 27240000 | PC = 0x00000038 | Inst = 0x00000000 (BUBBLE)
          -> [SYSTEM] FINISH: ECALL caught, CPU is freezing!
-----------------------------------------------------------------
Time: 27250000 | PC = 0x00000038 | Inst = 0x00000000 (BUBBLE)
          -> [SYSTEM] FINISH: ECALL caught, CPU is freezing!
-----------------------------------------------------------------
Time: 27260000 | PC = 0x00000038 | Inst = 0x00000000 (BUBBLE)
          -> [SYSTEM] FINISH: ECALL caught, CPU is freezing!
-----------------------------------------------------------------
Time: 27270000 | PC = 0x00000038 | Inst = 0x00000000 (BUBBLE)
          -> [SYSTEM] FINISH: ECALL caught, CPU is freezing!
-----------------------------------------------------------------
Time: 27280000 | PC = 0x00000038 | Inst = 0x00000000 (BUBBLE)
          -> [SYSTEM] FINISH: ECALL caught, CPU is freezing!
-----------------------------------------------------------------
Time: 27290000 | PC = 0x00000038 | Inst = 0x00000000 (BUBBLE)
          -> [SYSTEM] FINISH: ECALL caught, CPU is freezing!
-----------------------------------------------------------------
Time: 27300000 | PC = 0x00000038 | Inst = 0x00000000 (BUBBLE)
          -> [SYSTEM] FINISH: ECALL caught, CPU is freezing!
-----------------------------------------------------------------
Time: 27310000 | PC = 0x00000038 | Inst = 0x00000000 (BUBBLE)
          -> [SYSTEM] FINISH: ECALL caught, CPU is freezing!
-----------------------------------------------------------------
Time: 27320000 | PC = 0x00000038 | Inst = 0x00000000 (BUBBLE)
          -> [SYSTEM] FINISH: ECALL caught, CPU is freezing!
-----------------------------------------------------------------
Time: 27330000 | PC = 0x00000038 | Inst = 0x00000000 (BUBBLE)
          -> [SYSTEM] FINISH: ECALL caught, CPU is freezing!
-----------------------------------------------------------------
Time: 27340000 | PC = 0x00000038 | Inst = 0x00000000 (BUBBLE)
          -> [SYSTEM] FINISH: ECALL caught, CPU is freezing!
-----------------------------------------------------------------
Time: 27350000 | PC = 0x00000038 | Inst = 0x00000000 (BUBBLE)
          -> [SYSTEM] FINISH: ECALL caught, CPU is freezing!
-----------------------------------------------------------------
Time: 27360000 | PC = 0x00000038 | Inst = 0x00000000 (BUBBLE)
          -> [SYSTEM] FINISH: ECALL caught, CPU is freezing!
-----------------------------------------------------------------
Time: 27370000 | PC = 0x00000038 | Inst = 0x00000000 (BUBBLE)
          -> [SYSTEM] FINISH: ECALL caught, CPU is freezing!
-----------------------------------------------------------------
Time: 27380000 | PC = 0x00000038 | Inst = 0x00000000 (BUBBLE)
          -> [SYSTEM] FINISH: ECALL caught, CPU is freezing!
-----------------------------------------------------------------
Time: 27390000 | PC = 0x00000038 | Inst = 0x00000000 (BUBBLE)
          -> [SYSTEM] FINISH: ECALL caught, CPU is freezing!
-----------------------------------------------------------------
Time: 27400000 | PC = 0x00000038 | Inst = 0x00000000 (BUBBLE)
          -> [SYSTEM] FINISH: ECALL caught, CPU is freezing!
-----------------------------------------------------------------
Time: 27410000 | PC = 0x00000038 | Inst = 0x00000000 (BUBBLE)
          -> [SYSTEM] FINISH: ECALL caught, CPU is freezing!
-----------------------------------------------------------------
Time: 27420000 | PC = 0x00000038 | Inst = 0x00000000 (BUBBLE)
          -> [SYSTEM] FINISH: ECALL caught, CPU is freezing!
-----------------------------------------------------------------
Time: 27430000 | PC = 0x00000038 | Inst = 0x00000000 (BUBBLE)
          -> [SYSTEM] FINISH: ECALL caught, CPU is freezing!
-----------------------------------------------------------------
Time: 27440000 | PC = 0x00000038 | Inst = 0x00000000 (BUBBLE)
          -> [SYSTEM] FINISH: ECALL caught, CPU is freezing!
-----------------------------------------------------------------
Time: 27450000 | PC = 0x00000038 | Inst = 0x00000000 (BUBBLE)
          -> [SYSTEM] FINISH: ECALL caught, CPU is freezing!
-----------------------------------------------------------------
Time: 27460000 | PC = 0x00000038 | Inst = 0x00000000 (BUBBLE)
          -> [SYSTEM] FINISH: ECALL caught, CPU is freezing!
-----------------------------------------------------------------
Time: 27470000 | PC = 0x00000038 | Inst = 0x00000000 (BUBBLE)
          -> [SYSTEM] FINISH: ECALL caught, CPU is freezing!
-----------------------------------------------------------------
Time: 27480000 | PC = 0x00000038 | Inst = 0x00000000 (BUBBLE)
          -> [SYSTEM] FINISH: ECALL caught, CPU is freezing!
-----------------------------------------------------------------
Time: 27490000 | PC = 0x00000038 | Inst = 0x00000000 (BUBBLE)
          -> [SYSTEM] FINISH: ECALL caught, CPU is freezing!
-----------------------------------------------------------------
Time: 27500000 | PC = 0x00000038 | Inst = 0x00000000 (BUBBLE)
          -> [SYSTEM] FINISH: ECALL caught, CPU is freezing!
-----------------------------------------------------------------
Time: 27510000 | PC = 0x00000038 | Inst = 0x00000000 (BUBBLE)
          -> [SYSTEM] FINISH: ECALL caught, CPU is freezing!
-----------------------------------------------------------------
Time: 27520000 | PC = 0x00000038 | Inst = 0x00000000 (BUBBLE)
          -> [SYSTEM] FINISH: ECALL caught, CPU is freezing!
-----------------------------------------------------------------
Time: 27530000 | PC = 0x00000038 | Inst = 0x00000000 (BUBBLE)
          -> [SYSTEM] FINISH: ECALL caught, CPU is freezing!
-----------------------------------------------------------------
Time: 27540000 | PC = 0x00000038 | Inst = 0x00000000 (BUBBLE)
          -> [SYSTEM] FINISH: ECALL caught, CPU is freezing!
-----------------------------------------------------------------
Time: 27550000 | PC = 0x00000038 | Inst = 0x00000000 (BUBBLE)
          -> [SYSTEM] FINISH: ECALL caught, CPU is freezing!
-----------------------------------------------------------------
Time: 27560000 | PC = 0x00000038 | Inst = 0x00000000 (BUBBLE)
          -> [SYSTEM] FINISH: ECALL caught, CPU is freezing!
-----------------------------------------------------------------
Time: 27570000 | PC = 0x00000038 | Inst = 0x00000000 (BUBBLE)
          -> [SYSTEM] FINISH: ECALL caught, CPU is freezing!
-----------------------------------------------------------------
Time: 27580000 | PC = 0x00000038 | Inst = 0x00000000 (BUBBLE)
          -> [SYSTEM] FINISH: ECALL caught, CPU is freezing!
-----------------------------------------------------------------
Time: 27590000 | PC = 0x00000038 | Inst = 0x00000000 (BUBBLE)
          -> [SYSTEM] FINISH: ECALL caught, CPU is freezing!
-----------------------------------------------------------------
Time: 27600000 | PC = 0x00000038 | Inst = 0x00000000 (BUBBLE)
          -> [SYSTEM] FINISH: ECALL caught, CPU is freezing!
-----------------------------------------------------------------
Time: 27610000 | PC = 0x00000038 | Inst = 0x00000000 (BUBBLE)
          -> [SYSTEM] FINISH: ECALL caught, CPU is freezing!
-----------------------------------------------------------------
Time: 27620000 | PC = 0x00000038 | Inst = 0x00000000 (BUBBLE)
          -> [SYSTEM] FINISH: ECALL caught, CPU is freezing!
-----------------------------------------------------------------
Time: 27630000 | PC = 0x00000038 | Inst = 0x00000000 (BUBBLE)
          -> [SYSTEM] FINISH: ECALL caught, CPU is freezing!
-----------------------------------------------------------------
Time: 27640000 | PC = 0x00000038 | Inst = 0x00000000 (BUBBLE)
          -> [SYSTEM] FINISH: ECALL caught, CPU is freezing!
-----------------------------------------------------------------
Time: 27650000 | PC = 0x00000038 | Inst = 0x00000000 (BUBBLE)
          -> [SYSTEM] FINISH: ECALL caught, CPU is freezing!
-----------------------------------------------------------------
Time: 27660000 | PC = 0x00000038 | Inst = 0x00000000 (BUBBLE)
          -> [SYSTEM] FINISH: ECALL caught, CPU is freezing!
-----------------------------------------------------------------
Time: 27670000 | PC = 0x00000038 | Inst = 0x00000000 (BUBBLE)
          -> [SYSTEM] FINISH: ECALL caught, CPU is freezing!
-----------------------------------------------------------------
Time: 27680000 | PC = 0x00000038 | Inst = 0x00000000 (BUBBLE)
          -> [SYSTEM] FINISH: ECALL caught, CPU is freezing!
-----------------------------------------------------------------
Time: 27690000 | PC = 0x00000038 | Inst = 0x00000000 (BUBBLE)
          -> [SYSTEM] FINISH: ECALL caught, CPU is freezing!
-----------------------------------------------------------------
Time: 27700000 | PC = 0x00000038 | Inst = 0x00000000 (BUBBLE)
          -> [SYSTEM] FINISH: ECALL caught, CPU is freezing!
-----------------------------------------------------------------
Time: 27710000 | PC = 0x00000038 | Inst = 0x00000000 (BUBBLE)
          -> [SYSTEM] FINISH: ECALL caught, CPU is freezing!
-----------------------------------------------------------------
Time: 27720000 | PC = 0x00000038 | Inst = 0x00000000 (BUBBLE)
          -> [SYSTEM] FINISH: ECALL caught, CPU is freezing!
-----------------------------------------------------------------
Time: 27730000 | PC = 0x00000038 | Inst = 0x00000000 (BUBBLE)
          -> [SYSTEM] FINISH: ECALL caught, CPU is freezing!
-----------------------------------------------------------------
Time: 27740000 | PC = 0x00000038 | Inst = 0x00000000 (BUBBLE)
          -> [SYSTEM] FINISH: ECALL caught, CPU is freezing!
-----------------------------------------------------------------
Time: 27750000 | PC = 0x00000038 | Inst = 0x00000000 (BUBBLE)
          -> [SYSTEM] FINISH: ECALL caught, CPU is freezing!
-----------------------------------------------------------------
Time: 27760000 | PC = 0x00000038 | Inst = 0x00000000 (BUBBLE)
          -> [SYSTEM] FINISH: ECALL caught, CPU is freezing!
-----------------------------------------------------------------
Time: 27770000 | PC = 0x00000038 | Inst = 0x00000000 (BUBBLE)
          -> [SYSTEM] FINISH: ECALL caught, CPU is freezing!
-----------------------------------------------------------------
Time: 27780000 | PC = 0x00000038 | Inst = 0x00000000 (BUBBLE)
          -> [SYSTEM] FINISH: ECALL caught, CPU is freezing!
-----------------------------------------------------------------
Time: 27790000 | PC = 0x00000038 | Inst = 0x00000000 (BUBBLE)
          -> [SYSTEM] FINISH: ECALL caught, CPU is freezing!
-----------------------------------------------------------------
Time: 27800000 | PC = 0x00000038 | Inst = 0x00000000 (BUBBLE)
          -> [SYSTEM] FINISH: ECALL caught, CPU is freezing!
-----------------------------------------------------------------
Time: 27810000 | PC = 0x00000038 | Inst = 0x00000000 (BUBBLE)
          -> [SYSTEM] FINISH: ECALL caught, CPU is freezing!
-----------------------------------------------------------------
Time: 27820000 | PC = 0x00000038 | Inst = 0x00000000 (BUBBLE)
          -> [SYSTEM] FINISH: ECALL caught, CPU is freezing!
-----------------------------------------------------------------
Time: 27830000 | PC = 0x00000038 | Inst = 0x00000000 (BUBBLE)
          -> [SYSTEM] FINISH: ECALL caught, CPU is freezing!
-----------------------------------------------------------------
Time: 27840000 | PC = 0x00000038 | Inst = 0x00000000 (BUBBLE)
          -> [SYSTEM] FINISH: ECALL caught, CPU is freezing!
-----------------------------------------------------------------
Time: 27850000 | PC = 0x00000038 | Inst = 0x00000000 (BUBBLE)
          -> [SYSTEM] FINISH: ECALL caught, CPU is freezing!
-----------------------------------------------------------------
Time: 27860000 | PC = 0x00000038 | Inst = 0x00000000 (BUBBLE)
          -> [SYSTEM] FINISH: ECALL caught, CPU is freezing!
-----------------------------------------------------------------
Time: 27870000 | PC = 0x00000038 | Inst = 0x00000000 (BUBBLE)
          -> [SYSTEM] FINISH: ECALL caught, CPU is freezing!
-----------------------------------------------------------------
Time: 27880000 | PC = 0x00000038 | Inst = 0x00000000 (BUBBLE)
          -> [SYSTEM] FINISH: ECALL caught, CPU is freezing!
-----------------------------------------------------------------
Time: 27890000 | PC = 0x00000038 | Inst = 0x00000000 (BUBBLE)
          -> [SYSTEM] FINISH: ECALL caught, CPU is freezing!
-----------------------------------------------------------------
Time: 27900000 | PC = 0x00000038 | Inst = 0x00000000 (BUBBLE)
          -> [SYSTEM] FINISH: ECALL caught, CPU is freezing!
-----------------------------------------------------------------
Time: 27910000 | PC = 0x00000038 | Inst = 0x00000000 (BUBBLE)
          -> [SYSTEM] FINISH: ECALL caught, CPU is freezing!
-----------------------------------------------------------------
Time: 27920000 | PC = 0x00000038 | Inst = 0x00000000 (BUBBLE)
          -> [SYSTEM] FINISH: ECALL caught, CPU is freezing!
-----------------------------------------------------------------
Time: 27930000 | PC = 0x00000038 | Inst = 0x00000000 (BUBBLE)
          -> [SYSTEM] FINISH: ECALL caught, CPU is freezing!
-----------------------------------------------------------------
Time: 27940000 | PC = 0x00000038 | Inst = 0x00000000 (BUBBLE)
          -> [SYSTEM] FINISH: ECALL caught, CPU is freezing!
-----------------------------------------------------------------
Time: 27950000 | PC = 0x00000038 | Inst = 0x00000000 (BUBBLE)
          -> [SYSTEM] FINISH: ECALL caught, CPU is freezing!
-----------------------------------------------------------------
Time: 27960000 | PC = 0x00000038 | Inst = 0x00000000 (BUBBLE)
          -> [SYSTEM] FINISH: ECALL caught, CPU is freezing!
-----------------------------------------------------------------
Time: 27970000 | PC = 0x00000038 | Inst = 0x00000000 (BUBBLE)
          -> [SYSTEM] FINISH: ECALL caught, CPU is freezing!
-----------------------------------------------------------------
Time: 27980000 | PC = 0x00000038 | Inst = 0x00000000 (BUBBLE)
          -> [SYSTEM] FINISH: ECALL caught, CPU is freezing!
-----------------------------------------------------------------
Time: 27990000 | PC = 0x00000038 | Inst = 0x00000000 (BUBBLE)
          -> [SYSTEM] FINISH: ECALL caught, CPU is freezing!
-----------------------------------------------------------------
Time: 28000000 | PC = 0x00000038 | Inst = 0x00000000 (BUBBLE)
          -> [SYSTEM] FINISH: ECALL caught, CPU is freezing!
-----------------------------------------------------------------
Time: 28010000 | PC = 0x00000038 | Inst = 0x00000000 (BUBBLE)
          -> [SYSTEM] FINISH: ECALL caught, CPU is freezing!
-----------------------------------------------------------------
Time: 28020000 | PC = 0x00000038 | Inst = 0x00000000 (BUBBLE)
          -> [SYSTEM] FINISH: ECALL caught, CPU is freezing!
-----------------------------------------------------------------
Time: 28030000 | PC = 0x00000038 | Inst = 0x00000000 (BUBBLE)
          -> [SYSTEM] FINISH: ECALL caught, CPU is freezing!
-----------------------------------------------------------------
Time: 28040000 | PC = 0x00000038 | Inst = 0x00000000 (BUBBLE)
          -> [SYSTEM] FINISH: ECALL caught, CPU is freezing!
-----------------------------------------------------------------
Time: 28050000 | PC = 0x00000038 | Inst = 0x00000000 (BUBBLE)
          -> [SYSTEM] FINISH: ECALL caught, CPU is freezing!
-----------------------------------------------------------------
Time: 28060000 | PC = 0x00000038 | Inst = 0x00000000 (BUBBLE)
          -> [SYSTEM] FINISH: ECALL caught, CPU is freezing!
-----------------------------------------------------------------
Time: 28070000 | PC = 0x00000038 | Inst = 0x00000000 (BUBBLE)
          -> [SYSTEM] FINISH: ECALL caught, CPU is freezing!
-----------------------------------------------------------------
Time: 28080000 | PC = 0x00000038 | Inst = 0x00000000 (BUBBLE)
          -> [SYSTEM] FINISH: ECALL caught, CPU is freezing!
-----------------------------------------------------------------
Time: 28090000 | PC = 0x00000038 | Inst = 0x00000000 (BUBBLE)
          -> [SYSTEM] FINISH: ECALL caught, CPU is freezing!
-----------------------------------------------------------------
Time: 28100000 | PC = 0x00000038 | Inst = 0x00000000 (BUBBLE)
          -> [SYSTEM] FINISH: ECALL caught, CPU is freezing!
-----------------------------------------------------------------
Time: 28110000 | PC = 0x00000038 | Inst = 0x00000000 (BUBBLE)
          -> [SYSTEM] FINISH: ECALL caught, CPU is freezing!
-----------------------------------------------------------------
Time: 28120000 | PC = 0x00000038 | Inst = 0x00000000 (BUBBLE)
          -> [SYSTEM] FINISH: ECALL caught, CPU is freezing!
-----------------------------------------------------------------
Time: 28130000 | PC = 0x00000038 | Inst = 0x00000000 (BUBBLE)
          -> [SYSTEM] FINISH: ECALL caught, CPU is freezing!
-----------------------------------------------------------------
Time: 28140000 | PC = 0x00000038 | Inst = 0x00000000 (BUBBLE)
          -> [SYSTEM] FINISH: ECALL caught, CPU is freezing!
-----------------------------------------------------------------
Time: 28150000 | PC = 0x00000038 | Inst = 0x00000000 (BUBBLE)
          -> [SYSTEM] FINISH: ECALL caught, CPU is freezing!
-----------------------------------------------------------------
Time: 28160000 | PC = 0x00000038 | Inst = 0x00000000 (BUBBLE)
          -> [SYSTEM] FINISH: ECALL caught, CPU is freezing!
-----------------------------------------------------------------
Time: 28170000 | PC = 0x00000038 | Inst = 0x00000000 (BUBBLE)
          -> [SYSTEM] FINISH: ECALL caught, CPU is freezing!
-----------------------------------------------------------------
Time: 28180000 | PC = 0x00000038 | Inst = 0x00000000 (BUBBLE)
          -> [SYSTEM] FINISH: ECALL caught, CPU is freezing!
-----------------------------------------------------------------
Time: 28190000 | PC = 0x00000038 | Inst = 0x00000000 (BUBBLE)
          -> [SYSTEM] FINISH: ECALL caught, CPU is freezing!
-----------------------------------------------------------------
Time: 28200000 | PC = 0x00000038 | Inst = 0x00000000 (BUBBLE)
          -> [SYSTEM] FINISH: ECALL caught, CPU is freezing!
-----------------------------------------------------------------
Time: 28210000 | PC = 0x00000038 | Inst = 0x00000000 (BUBBLE)
          -> [SYSTEM] FINISH: ECALL caught, CPU is freezing!
-----------------------------------------------------------------
Time: 28220000 | PC = 0x00000038 | Inst = 0x00000000 (BUBBLE)
          -> [SYSTEM] FINISH: ECALL caught, CPU is freezing!
-----------------------------------------------------------------
Time: 28230000 | PC = 0x00000038 | Inst = 0x00000000 (BUBBLE)
          -> [SYSTEM] FINISH: ECALL caught, CPU is freezing!
-----------------------------------------------------------------
Time: 28240000 | PC = 0x00000038 | Inst = 0x00000000 (BUBBLE)
          -> [SYSTEM] FINISH: ECALL caught, CPU is freezing!
-----------------------------------------------------------------
Time: 28250000 | PC = 0x00000038 | Inst = 0x00000000 (BUBBLE)
          -> [SYSTEM] FINISH: ECALL caught, CPU is freezing!
-----------------------------------------------------------------
Time: 28260000 | PC = 0x00000038 | Inst = 0x00000000 (BUBBLE)
          -> [SYSTEM] FINISH: ECALL caught, CPU is freezing!
-----------------------------------------------------------------
Time: 28270000 | PC = 0x00000038 | Inst = 0x00000000 (BUBBLE)
          -> [SYSTEM] FINISH: ECALL caught, CPU is freezing!
-----------------------------------------------------------------
Time: 28280000 | PC = 0x00000038 | Inst = 0x00000000 (BUBBLE)
          -> [SYSTEM] FINISH: ECALL caught, CPU is freezing!
-----------------------------------------------------------------
Time: 28290000 | PC = 0x00000038 | Inst = 0x00000000 (BUBBLE)
          -> [SYSTEM] FINISH: ECALL caught, CPU is freezing!
-----------------------------------------------------------------
Time: 28300000 | PC = 0x00000038 | Inst = 0x00000000 (BUBBLE)
          -> [SYSTEM] FINISH: ECALL caught, CPU is freezing!
-----------------------------------------------------------------
Time: 28310000 | PC = 0x00000038 | Inst = 0x00000000 (BUBBLE)
          -> [SYSTEM] FINISH: ECALL caught, CPU is freezing!
-----------------------------------------------------------------
Time: 28320000 | PC = 0x00000038 | Inst = 0x00000000 (BUBBLE)
          -> [SYSTEM] FINISH: ECALL caught, CPU is freezing!
-----------------------------------------------------------------
Time: 28330000 | PC = 0x00000038 | Inst = 0x00000000 (BUBBLE)
          -> [SYSTEM] FINISH: ECALL caught, CPU is freezing!
-----------------------------------------------------------------
Time: 28340000 | PC = 0x00000038 | Inst = 0x00000000 (BUBBLE)
          -> [SYSTEM] FINISH: ECALL caught, CPU is freezing!
-----------------------------------------------------------------
Time: 28350000 | PC = 0x00000038 | Inst = 0x00000000 (BUBBLE)
          -> [SYSTEM] FINISH: ECALL caught, CPU is freezing!
-----------------------------------------------------------------
Time: 28360000 | PC = 0x00000038 | Inst = 0x00000000 (BUBBLE)
          -> [SYSTEM] FINISH: ECALL caught, CPU is freezing!
-----------------------------------------------------------------
Time: 28370000 | PC = 0x00000038 | Inst = 0x00000000 (BUBBLE)
          -> [SYSTEM] FINISH: ECALL caught, CPU is freezing!
-----------------------------------------------------------------
Time: 28380000 | PC = 0x00000038 | Inst = 0x00000000 (BUBBLE)
          -> [SYSTEM] FINISH: ECALL caught, CPU is freezing!
-----------------------------------------------------------------
Time: 28390000 | PC = 0x00000038 | Inst = 0x00000000 (BUBBLE)
          -> [SYSTEM] FINISH: ECALL caught, CPU is freezing!
-----------------------------------------------------------------
Time: 28400000 | PC = 0x00000038 | Inst = 0x00000000 (BUBBLE)
          -> [SYSTEM] FINISH: ECALL caught, CPU is freezing!
-----------------------------------------------------------------
Time: 28410000 | PC = 0x00000038 | Inst = 0x00000000 (BUBBLE)
          -> [SYSTEM] FINISH: ECALL caught, CPU is freezing!
-----------------------------------------------------------------
Time: 28420000 | PC = 0x00000038 | Inst = 0x00000000 (BUBBLE)
          -> [SYSTEM] FINISH: ECALL caught, CPU is freezing!
-----------------------------------------------------------------
Time: 28430000 | PC = 0x00000038 | Inst = 0x00000000 (BUBBLE)
          -> [SYSTEM] FINISH: ECALL caught, CPU is freezing!
-----------------------------------------------------------------
Time: 28440000 | PC = 0x00000038 | Inst = 0x00000000 (BUBBLE)
          -> [SYSTEM] FINISH: ECALL caught, CPU is freezing!
-----------------------------------------------------------------
Time: 28450000 | PC = 0x00000038 | Inst = 0x00000000 (BUBBLE)
          -> [SYSTEM] FINISH: ECALL caught, CPU is freezing!
-----------------------------------------------------------------
Time: 28460000 | PC = 0x00000038 | Inst = 0x00000000 (BUBBLE)
          -> [SYSTEM] FINISH: ECALL caught, CPU is freezing!
-----------------------------------------------------------------
Time: 28470000 | PC = 0x00000038 | Inst = 0x00000000 (BUBBLE)
          -> [SYSTEM] FINISH: ECALL caught, CPU is freezing!
-----------------------------------------------------------------
Time: 28480000 | PC = 0x00000038 | Inst = 0x00000000 (BUBBLE)
          -> [SYSTEM] FINISH: ECALL caught, CPU is freezing!
-----------------------------------------------------------------
Time: 28490000 | PC = 0x00000038 | Inst = 0x00000000 (BUBBLE)
          -> [SYSTEM] FINISH: ECALL caught, CPU is freezing!
-----------------------------------------------------------------
Time: 28500000 | PC = 0x00000038 | Inst = 0x00000000 (BUBBLE)
          -> [SYSTEM] FINISH: ECALL caught, CPU is freezing!
-----------------------------------------------------------------
Time: 28510000 | PC = 0x00000038 | Inst = 0x00000000 (BUBBLE)
          -> [SYSTEM] FINISH: ECALL caught, CPU is freezing!
-----------------------------------------------------------------
Time: 28520000 | PC = 0x00000038 | Inst = 0x00000000 (BUBBLE)
          -> [SYSTEM] FINISH: ECALL caught, CPU is freezing!
-----------------------------------------------------------------
Time: 28530000 | PC = 0x00000038 | Inst = 0x00000000 (BUBBLE)
          -> [SYSTEM] FINISH: ECALL caught, CPU is freezing!
-----------------------------------------------------------------
Time: 28540000 | PC = 0x00000038 | Inst = 0x00000000 (BUBBLE)
          -> [SYSTEM] FINISH: ECALL caught, CPU is freezing!
-----------------------------------------------------------------
Time: 28550000 | PC = 0x00000038 | Inst = 0x00000000 (BUBBLE)
          -> [SYSTEM] FINISH: ECALL caught, CPU is freezing!
-----------------------------------------------------------------
Time: 28560000 | PC = 0x00000038 | Inst = 0x00000000 (BUBBLE)
          -> [SYSTEM] FINISH: ECALL caught, CPU is freezing!
-----------------------------------------------------------------
Time: 28570000 | PC = 0x00000038 | Inst = 0x00000000 (BUBBLE)
          -> [SYSTEM] FINISH: ECALL caught, CPU is freezing!
-----------------------------------------------------------------
Time: 28580000 | PC = 0x00000038 | Inst = 0x00000000 (BUBBLE)
          -> [SYSTEM] FINISH: ECALL caught, CPU is freezing!
-----------------------------------------------------------------
Time: 28590000 | PC = 0x00000038 | Inst = 0x00000000 (BUBBLE)
          -> [SYSTEM] FINISH: ECALL caught, CPU is freezing!
-----------------------------------------------------------------
Time: 28600000 | PC = 0x00000038 | Inst = 0x00000000 (BUBBLE)
          -> [SYSTEM] FINISH: ECALL caught, CPU is freezing!
-----------------------------------------------------------------
Time: 28610000 | PC = 0x00000038 | Inst = 0x00000000 (BUBBLE)
          -> [SYSTEM] FINISH: ECALL caught, CPU is freezing!
-----------------------------------------------------------------
Time: 28620000 | PC = 0x00000038 | Inst = 0x00000000 (BUBBLE)
          -> [SYSTEM] FINISH: ECALL caught, CPU is freezing!
-----------------------------------------------------------------
Time: 28630000 | PC = 0x00000038 | Inst = 0x00000000 (BUBBLE)
          -> [SYSTEM] FINISH: ECALL caught, CPU is freezing!
-----------------------------------------------------------------
Time: 28640000 | PC = 0x00000038 | Inst = 0x00000000 (BUBBLE)
          -> [SYSTEM] FINISH: ECALL caught, CPU is freezing!
-----------------------------------------------------------------
Time: 28650000 | PC = 0x00000038 | Inst = 0x00000000 (BUBBLE)
          -> [SYSTEM] FINISH: ECALL caught, CPU is freezing!
-----------------------------------------------------------------
Time: 28660000 | PC = 0x00000038 | Inst = 0x00000000 (BUBBLE)
          -> [SYSTEM] FINISH: ECALL caught, CPU is freezing!
-----------------------------------------------------------------
Time: 28670000 | PC = 0x00000038 | Inst = 0x00000000 (BUBBLE)
          -> [SYSTEM] FINISH: ECALL caught, CPU is freezing!
-----------------------------------------------------------------
Time: 28680000 | PC = 0x00000038 | Inst = 0x00000000 (BUBBLE)
          -> [SYSTEM] FINISH: ECALL caught, CPU is freezing!
-----------------------------------------------------------------
Time: 28690000 | PC = 0x00000038 | Inst = 0x00000000 (BUBBLE)
          -> [SYSTEM] FINISH: ECALL caught, CPU is freezing!
-----------------------------------------------------------------
Time: 28700000 | PC = 0x00000038 | Inst = 0x00000000 (BUBBLE)
          -> [SYSTEM] FINISH: ECALL caught, CPU is freezing!
-----------------------------------------------------------------
Time: 28710000 | PC = 0x00000038 | Inst = 0x00000000 (BUBBLE)
          -> [SYSTEM] FINISH: ECALL caught, CPU is freezing!
-----------------------------------------------------------------
Time: 28720000 | PC = 0x00000038 | Inst = 0x00000000 (BUBBLE)
          -> [SYSTEM] FINISH: ECALL caught, CPU is freezing!
-----------------------------------------------------------------
Time: 28730000 | PC = 0x00000038 | Inst = 0x00000000 (BUBBLE)
          -> [SYSTEM] FINISH: ECALL caught, CPU is freezing!
-----------------------------------------------------------------
Time: 28740000 | PC = 0x00000038 | Inst = 0x00000000 (BUBBLE)
          -> [SYSTEM] FINISH: ECALL caught, CPU is freezing!
-----------------------------------------------------------------
Time: 28750000 | PC = 0x00000038 | Inst = 0x00000000 (BUBBLE)
          -> [SYSTEM] FINISH: ECALL caught, CPU is freezing!
-----------------------------------------------------------------
Time: 28760000 | PC = 0x00000038 | Inst = 0x00000000 (BUBBLE)
          -> [SYSTEM] FINISH: ECALL caught, CPU is freezing!
-----------------------------------------------------------------
Time: 28770000 | PC = 0x00000038 | Inst = 0x00000000 (BUBBLE)
          -> [SYSTEM] FINISH: ECALL caught, CPU is freezing!
-----------------------------------------------------------------
Time: 28780000 | PC = 0x00000038 | Inst = 0x00000000 (BUBBLE)
          -> [SYSTEM] FINISH: ECALL caught, CPU is freezing!
-----------------------------------------------------------------
Time: 28790000 | PC = 0x00000038 | Inst = 0x00000000 (BUBBLE)
          -> [SYSTEM] FINISH: ECALL caught, CPU is freezing!
-----------------------------------------------------------------
Time: 28800000 | PC = 0x00000038 | Inst = 0x00000000 (BUBBLE)
          -> [SYSTEM] FINISH: ECALL caught, CPU is freezing!
-----------------------------------------------------------------
Time: 28810000 | PC = 0x00000038 | Inst = 0x00000000 (BUBBLE)
          -> [SYSTEM] FINISH: ECALL caught, CPU is freezing!
-----------------------------------------------------------------
Time: 28820000 | PC = 0x00000038 | Inst = 0x00000000 (BUBBLE)
          -> [SYSTEM] FINISH: ECALL caught, CPU is freezing!
-----------------------------------------------------------------
Time: 28830000 | PC = 0x00000038 | Inst = 0x00000000 (BUBBLE)
          -> [SYSTEM] FINISH: ECALL caught, CPU is freezing!
-----------------------------------------------------------------
Time: 28840000 | PC = 0x00000038 | Inst = 0x00000000 (BUBBLE)
          -> [SYSTEM] FINISH: ECALL caught, CPU is freezing!
-----------------------------------------------------------------
Time: 28850000 | PC = 0x00000038 | Inst = 0x00000000 (BUBBLE)
          -> [SYSTEM] FINISH: ECALL caught, CPU is freezing!
-----------------------------------------------------------------
Time: 28860000 | PC = 0x00000038 | Inst = 0x00000000 (BUBBLE)
          -> [SYSTEM] FINISH: ECALL caught, CPU is freezing!
-----------------------------------------------------------------
Time: 28870000 | PC = 0x00000038 | Inst = 0x00000000 (BUBBLE)
          -> [SYSTEM] FINISH: ECALL caught, CPU is freezing!
-----------------------------------------------------------------
Time: 28880000 | PC = 0x00000038 | Inst = 0x00000000 (BUBBLE)
          -> [SYSTEM] FINISH: ECALL caught, CPU is freezing!
-----------------------------------------------------------------
Time: 28890000 | PC = 0x00000038 | Inst = 0x00000000 (BUBBLE)
          -> [SYSTEM] FINISH: ECALL caught, CPU is freezing!
-----------------------------------------------------------------
Time: 28900000 | PC = 0x00000038 | Inst = 0x00000000 (BUBBLE)
          -> [SYSTEM] FINISH: ECALL caught, CPU is freezing!
-----------------------------------------------------------------
Time: 28910000 | PC = 0x00000038 | Inst = 0x00000000 (BUBBLE)
          -> [SYSTEM] FINISH: ECALL caught, CPU is freezing!
-----------------------------------------------------------------
Time: 28920000 | PC = 0x00000038 | Inst = 0x00000000 (BUBBLE)
          -> [SYSTEM] FINISH: ECALL caught, CPU is freezing!
-----------------------------------------------------------------
Time: 28930000 | PC = 0x00000038 | Inst = 0x00000000 (BUBBLE)
          -> [SYSTEM] FINISH: ECALL caught, CPU is freezing!
-----------------------------------------------------------------
Time: 28940000 | PC = 0x00000038 | Inst = 0x00000000 (BUBBLE)
          -> [SYSTEM] FINISH: ECALL caught, CPU is freezing!
-----------------------------------------------------------------
Time: 28950000 | PC = 0x00000038 | Inst = 0x00000000 (BUBBLE)
          -> [SYSTEM] FINISH: ECALL caught, CPU is freezing!
-----------------------------------------------------------------
Time: 28960000 | PC = 0x00000038 | Inst = 0x00000000 (BUBBLE)
          -> [SYSTEM] FINISH: ECALL caught, CPU is freezing!
-----------------------------------------------------------------
Time: 28970000 | PC = 0x00000038 | Inst = 0x00000000 (BUBBLE)
          -> [SYSTEM] FINISH: ECALL caught, CPU is freezing!
-----------------------------------------------------------------
Time: 28980000 | PC = 0x00000038 | Inst = 0x00000000 (BUBBLE)
          -> [SYSTEM] FINISH: ECALL caught, CPU is freezing!
-----------------------------------------------------------------
Time: 28990000 | PC = 0x00000038 | Inst = 0x00000000 (BUBBLE)
          -> [SYSTEM] FINISH: ECALL caught, CPU is freezing!
-----------------------------------------------------------------
Time: 29000000 | PC = 0x00000038 | Inst = 0x00000000 (BUBBLE)
          -> [SYSTEM] FINISH: ECALL caught, CPU is freezing!
-----------------------------------------------------------------
Time: 29010000 | PC = 0x00000038 | Inst = 0x00000000 (BUBBLE)
          -> [SYSTEM] FINISH: ECALL caught, CPU is freezing!
-----------------------------------------------------------------
Time: 29020000 | PC = 0x00000038 | Inst = 0x00000000 (BUBBLE)
          -> [SYSTEM] FINISH: ECALL caught, CPU is freezing!
-----------------------------------------------------------------
Time: 29030000 | PC = 0x00000038 | Inst = 0x00000000 (BUBBLE)
          -> [SYSTEM] FINISH: ECALL caught, CPU is freezing!
-----------------------------------------------------------------
Time: 29040000 | PC = 0x00000038 | Inst = 0x00000000 (BUBBLE)
          -> [SYSTEM] FINISH: ECALL caught, CPU is freezing!
-----------------------------------------------------------------
Time: 29050000 | PC = 0x00000038 | Inst = 0x00000000 (BUBBLE)
          -> [SYSTEM] FINISH: ECALL caught, CPU is freezing!
-----------------------------------------------------------------
Time: 29060000 | PC = 0x00000038 | Inst = 0x00000000 (BUBBLE)
          -> [SYSTEM] FINISH: ECALL caught, CPU is freezing!
-----------------------------------------------------------------
Time: 29070000 | PC = 0x00000038 | Inst = 0x00000000 (BUBBLE)
          -> [SYSTEM] FINISH: ECALL caught, CPU is freezing!
-----------------------------------------------------------------
Time: 29080000 | PC = 0x00000038 | Inst = 0x00000000 (BUBBLE)
          -> [SYSTEM] FINISH: ECALL caught, CPU is freezing!
-----------------------------------------------------------------
Time: 29090000 | PC = 0x00000038 | Inst = 0x00000000 (BUBBLE)
          -> [SYSTEM] FINISH: ECALL caught, CPU is freezing!
-----------------------------------------------------------------
Time: 29100000 | PC = 0x00000038 | Inst = 0x00000000 (BUBBLE)
          -> [SYSTEM] FINISH: ECALL caught, CPU is freezing!
-----------------------------------------------------------------
Time: 29110000 | PC = 0x00000038 | Inst = 0x00000000 (BUBBLE)
          -> [SYSTEM] FINISH: ECALL caught, CPU is freezing!
-----------------------------------------------------------------
Time: 29120000 | PC = 0x00000038 | Inst = 0x00000000 (BUBBLE)
          -> [SYSTEM] FINISH: ECALL caught, CPU is freezing!
-----------------------------------------------------------------
Time: 29130000 | PC = 0x00000038 | Inst = 0x00000000 (BUBBLE)
          -> [SYSTEM] FINISH: ECALL caught, CPU is freezing!
-----------------------------------------------------------------
Time: 29140000 | PC = 0x00000038 | Inst = 0x00000000 (BUBBLE)
          -> [SYSTEM] FINISH: ECALL caught, CPU is freezing!
-----------------------------------------------------------------
Time: 29150000 | PC = 0x00000038 | Inst = 0x00000000 (BUBBLE)
          -> [SYSTEM] FINISH: ECALL caught, CPU is freezing!
-----------------------------------------------------------------
Time: 29160000 | PC = 0x00000038 | Inst = 0x00000000 (BUBBLE)
          -> [SYSTEM] FINISH: ECALL caught, CPU is freezing!
-----------------------------------------------------------------
Time: 29170000 | PC = 0x00000038 | Inst = 0x00000000 (BUBBLE)
          -> [SYSTEM] FINISH: ECALL caught, CPU is freezing!
-----------------------------------------------------------------
Time: 29180000 | PC = 0x00000038 | Inst = 0x00000000 (BUBBLE)
          -> [SYSTEM] FINISH: ECALL caught, CPU is freezing!
-----------------------------------------------------------------
Time: 29190000 | PC = 0x00000038 | Inst = 0x00000000 (BUBBLE)
          -> [SYSTEM] FINISH: ECALL caught, CPU is freezing!
-----------------------------------------------------------------
Time: 29200000 | PC = 0x00000038 | Inst = 0x00000000 (BUBBLE)
          -> [SYSTEM] FINISH: ECALL caught, CPU is freezing!
-----------------------------------------------------------------
Time: 29210000 | PC = 0x00000038 | Inst = 0x00000000 (BUBBLE)
          -> [SYSTEM] FINISH: ECALL caught, CPU is freezing!
-----------------------------------------------------------------
Time: 29220000 | PC = 0x00000038 | Inst = 0x00000000 (BUBBLE)
          -> [SYSTEM] FINISH: ECALL caught, CPU is freezing!
-----------------------------------------------------------------
Time: 29230000 | PC = 0x00000038 | Inst = 0x00000000 (BUBBLE)
          -> [SYSTEM] FINISH: ECALL caught, CPU is freezing!
-----------------------------------------------------------------
Time: 29240000 | PC = 0x00000038 | Inst = 0x00000000 (BUBBLE)
          -> [SYSTEM] FINISH: ECALL caught, CPU is freezing!
-----------------------------------------------------------------
Time: 29250000 | PC = 0x00000038 | Inst = 0x00000000 (BUBBLE)
          -> [SYSTEM] FINISH: ECALL caught, CPU is freezing!
-----------------------------------------------------------------
Time: 29260000 | PC = 0x00000038 | Inst = 0x00000000 (BUBBLE)
          -> [SYSTEM] FINISH: ECALL caught, CPU is freezing!
-----------------------------------------------------------------
Time: 29270000 | PC = 0x00000038 | Inst = 0x00000000 (BUBBLE)
          -> [SYSTEM] FINISH: ECALL caught, CPU is freezing!
-----------------------------------------------------------------
Time: 29280000 | PC = 0x00000038 | Inst = 0x00000000 (BUBBLE)
          -> [SYSTEM] FINISH: ECALL caught, CPU is freezing!
-----------------------------------------------------------------
Time: 29290000 | PC = 0x00000038 | Inst = 0x00000000 (BUBBLE)
          -> [SYSTEM] FINISH: ECALL caught, CPU is freezing!
-----------------------------------------------------------------
Time: 29300000 | PC = 0x00000038 | Inst = 0x00000000 (BUBBLE)
          -> [SYSTEM] FINISH: ECALL caught, CPU is freezing!
-----------------------------------------------------------------
Time: 29310000 | PC = 0x00000038 | Inst = 0x00000000 (BUBBLE)
          -> [SYSTEM] FINISH: ECALL caught, CPU is freezing!
-----------------------------------------------------------------
Time: 29320000 | PC = 0x00000038 | Inst = 0x00000000 (BUBBLE)
          -> [SYSTEM] FINISH: ECALL caught, CPU is freezing!
-----------------------------------------------------------------
Time: 29330000 | PC = 0x00000038 | Inst = 0x00000000 (BUBBLE)
          -> [SYSTEM] FINISH: ECALL caught, CPU is freezing!
-----------------------------------------------------------------
Time: 29340000 | PC = 0x00000038 | Inst = 0x00000000 (BUBBLE)
          -> [SYSTEM] FINISH: ECALL caught, CPU is freezing!
-----------------------------------------------------------------
Time: 29350000 | PC = 0x00000038 | Inst = 0x00000000 (BUBBLE)
          -> [SYSTEM] FINISH: ECALL caught, CPU is freezing!
-----------------------------------------------------------------
Time: 29360000 | PC = 0x00000038 | Inst = 0x00000000 (BUBBLE)
          -> [SYSTEM] FINISH: ECALL caught, CPU is freezing!
-----------------------------------------------------------------
Time: 29370000 | PC = 0x00000038 | Inst = 0x00000000 (BUBBLE)
          -> [SYSTEM] FINISH: ECALL caught, CPU is freezing!
-----------------------------------------------------------------
Time: 29380000 | PC = 0x00000038 | Inst = 0x00000000 (BUBBLE)
          -> [SYSTEM] FINISH: ECALL caught, CPU is freezing!
-----------------------------------------------------------------
Time: 29390000 | PC = 0x00000038 | Inst = 0x00000000 (BUBBLE)
          -> [SYSTEM] FINISH: ECALL caught, CPU is freezing!
-----------------------------------------------------------------
Time: 29400000 | PC = 0x00000038 | Inst = 0x00000000 (BUBBLE)
          -> [SYSTEM] FINISH: ECALL caught, CPU is freezing!
-----------------------------------------------------------------
Time: 29410000 | PC = 0x00000038 | Inst = 0x00000000 (BUBBLE)
          -> [SYSTEM] FINISH: ECALL caught, CPU is freezing!
-----------------------------------------------------------------
Time: 29420000 | PC = 0x00000038 | Inst = 0x00000000 (BUBBLE)
          -> [SYSTEM] FINISH: ECALL caught, CPU is freezing!
-----------------------------------------------------------------
Time: 29430000 | PC = 0x00000038 | Inst = 0x00000000 (BUBBLE)
          -> [SYSTEM] FINISH: ECALL caught, CPU is freezing!
-----------------------------------------------------------------
Time: 29440000 | PC = 0x00000038 | Inst = 0x00000000 (BUBBLE)
          -> [SYSTEM] FINISH: ECALL caught, CPU is freezing!
-----------------------------------------------------------------
Time: 29450000 | PC = 0x00000038 | Inst = 0x00000000 (BUBBLE)
          -> [SYSTEM] FINISH: ECALL caught, CPU is freezing!
-----------------------------------------------------------------
Time: 29460000 | PC = 0x00000038 | Inst = 0x00000000 (BUBBLE)
          -> [SYSTEM] FINISH: ECALL caught, CPU is freezing!
-----------------------------------------------------------------
Time: 29470000 | PC = 0x00000038 | Inst = 0x00000000 (BUBBLE)
          -> [SYSTEM] FINISH: ECALL caught, CPU is freezing!
-----------------------------------------------------------------
Time: 29480000 | PC = 0x00000038 | Inst = 0x00000000 (BUBBLE)
          -> [SYSTEM] FINISH: ECALL caught, CPU is freezing!
-----------------------------------------------------------------
Time: 29490000 | PC = 0x00000038 | Inst = 0x00000000 (BUBBLE)
          -> [SYSTEM] FINISH: ECALL caught, CPU is freezing!
-----------------------------------------------------------------
Time: 29500000 | PC = 0x00000038 | Inst = 0x00000000 (BUBBLE)
          -> [SYSTEM] FINISH: ECALL caught, CPU is freezing!
-----------------------------------------------------------------
Time: 29510000 | PC = 0x00000038 | Inst = 0x00000000 (BUBBLE)
          -> [SYSTEM] FINISH: ECALL caught, CPU is freezing!
-----------------------------------------------------------------
Time: 29520000 | PC = 0x00000038 | Inst = 0x00000000 (BUBBLE)
          -> [SYSTEM] FINISH: ECALL caught, CPU is freezing!
-----------------------------------------------------------------
Time: 29530000 | PC = 0x00000038 | Inst = 0x00000000 (BUBBLE)
          -> [SYSTEM] FINISH: ECALL caught, CPU is freezing!
-----------------------------------------------------------------
Time: 29540000 | PC = 0x00000038 | Inst = 0x00000000 (BUBBLE)
          -> [SYSTEM] FINISH: ECALL caught, CPU is freezing!
-----------------------------------------------------------------
Time: 29550000 | PC = 0x00000038 | Inst = 0x00000000 (BUBBLE)
          -> [SYSTEM] FINISH: ECALL caught, CPU is freezing!
-----------------------------------------------------------------
Time: 29560000 | PC = 0x00000038 | Inst = 0x00000000 (BUBBLE)
          -> [SYSTEM] FINISH: ECALL caught, CPU is freezing!
-----------------------------------------------------------------
Time: 29570000 | PC = 0x00000038 | Inst = 0x00000000 (BUBBLE)
          -> [SYSTEM] FINISH: ECALL caught, CPU is freezing!
-----------------------------------------------------------------
Time: 29580000 | PC = 0x00000038 | Inst = 0x00000000 (BUBBLE)
          -> [SYSTEM] FINISH: ECALL caught, CPU is freezing!
-----------------------------------------------------------------
Time: 29590000 | PC = 0x00000038 | Inst = 0x00000000 (BUBBLE)
          -> [SYSTEM] FINISH: ECALL caught, CPU is freezing!
-----------------------------------------------------------------
Time: 29600000 | PC = 0x00000038 | Inst = 0x00000000 (BUBBLE)
          -> [SYSTEM] FINISH: ECALL caught, CPU is freezing!
-----------------------------------------------------------------
Time: 29610000 | PC = 0x00000038 | Inst = 0x00000000 (BUBBLE)
          -> [SYSTEM] FINISH: ECALL caught, CPU is freezing!
-----------------------------------------------------------------
Time: 29620000 | PC = 0x00000038 | Inst = 0x00000000 (BUBBLE)
          -> [SYSTEM] FINISH: ECALL caught, CPU is freezing!
-----------------------------------------------------------------
Time: 29630000 | PC = 0x00000038 | Inst = 0x00000000 (BUBBLE)
          -> [SYSTEM] FINISH: ECALL caught, CPU is freezing!
-----------------------------------------------------------------
Time: 29640000 | PC = 0x00000038 | Inst = 0x00000000 (BUBBLE)
          -> [SYSTEM] FINISH: ECALL caught, CPU is freezing!
-----------------------------------------------------------------
Time: 29650000 | PC = 0x00000038 | Inst = 0x00000000 (BUBBLE)
          -> [SYSTEM] FINISH: ECALL caught, CPU is freezing!
-----------------------------------------------------------------
Time: 29660000 | PC = 0x00000038 | Inst = 0x00000000 (BUBBLE)
          -> [SYSTEM] FINISH: ECALL caught, CPU is freezing!
-----------------------------------------------------------------
Time: 29670000 | PC = 0x00000038 | Inst = 0x00000000 (BUBBLE)
          -> [SYSTEM] FINISH: ECALL caught, CPU is freezing!
-----------------------------------------------------------------
Time: 29680000 | PC = 0x00000038 | Inst = 0x00000000 (BUBBLE)
          -> [SYSTEM] FINISH: ECALL caught, CPU is freezing!
-----------------------------------------------------------------
Time: 29690000 | PC = 0x00000038 | Inst = 0x00000000 (BUBBLE)
          -> [SYSTEM] FINISH: ECALL caught, CPU is freezing!
-----------------------------------------------------------------
Time: 29700000 | PC = 0x00000038 | Inst = 0x00000000 (BUBBLE)
          -> [SYSTEM] FINISH: ECALL caught, CPU is freezing!
-----------------------------------------------------------------
Time: 29710000 | PC = 0x00000038 | Inst = 0x00000000 (BUBBLE)
          -> [SYSTEM] FINISH: ECALL caught, CPU is freezing!
-----------------------------------------------------------------
Time: 29720000 | PC = 0x00000038 | Inst = 0x00000000 (BUBBLE)
          -> [SYSTEM] FINISH: ECALL caught, CPU is freezing!
-----------------------------------------------------------------
Time: 29730000 | PC = 0x00000038 | Inst = 0x00000000 (BUBBLE)
          -> [SYSTEM] FINISH: ECALL caught, CPU is freezing!
-----------------------------------------------------------------
Time: 29740000 | PC = 0x00000038 | Inst = 0x00000000 (BUBBLE)
          -> [SYSTEM] FINISH: ECALL caught, CPU is freezing!
-----------------------------------------------------------------
Time: 29750000 | PC = 0x00000038 | Inst = 0x00000000 (BUBBLE)
          -> [SYSTEM] FINISH: ECALL caught, CPU is freezing!
-----------------------------------------------------------------
Time: 29760000 | PC = 0x00000038 | Inst = 0x00000000 (BUBBLE)
          -> [SYSTEM] FINISH: ECALL caught, CPU is freezing!
-----------------------------------------------------------------
Time: 29770000 | PC = 0x00000038 | Inst = 0x00000000 (BUBBLE)
          -> [SYSTEM] FINISH: ECALL caught, CPU is freezing!
-----------------------------------------------------------------
Time: 29780000 | PC = 0x00000038 | Inst = 0x00000000 (BUBBLE)
          -> [SYSTEM] FINISH: ECALL caught, CPU is freezing!
-----------------------------------------------------------------
Time: 29790000 | PC = 0x00000038 | Inst = 0x00000000 (BUBBLE)
          -> [SYSTEM] FINISH: ECALL caught, CPU is freezing!
-----------------------------------------------------------------
Time: 29800000 | PC = 0x00000038 | Inst = 0x00000000 (BUBBLE)
          -> [SYSTEM] FINISH: ECALL caught, CPU is freezing!
-----------------------------------------------------------------
Time: 29810000 | PC = 0x00000038 | Inst = 0x00000000 (BUBBLE)
          -> [SYSTEM] FINISH: ECALL caught, CPU is freezing!
-----------------------------------------------------------------
Time: 29820000 | PC = 0x00000038 | Inst = 0x00000000 (BUBBLE)
          -> [SYSTEM] FINISH: ECALL caught, CPU is freezing!
-----------------------------------------------------------------
Time: 29830000 | PC = 0x00000038 | Inst = 0x00000000 (BUBBLE)
          -> [SYSTEM] FINISH: ECALL caught, CPU is freezing!
-----------------------------------------------------------------
Time: 29840000 | PC = 0x00000038 | Inst = 0x00000000 (BUBBLE)
          -> [SYSTEM] FINISH: ECALL caught, CPU is freezing!
-----------------------------------------------------------------
Time: 29850000 | PC = 0x00000038 | Inst = 0x00000000 (BUBBLE)
          -> [SYSTEM] FINISH: ECALL caught, CPU is freezing!
-----------------------------------------------------------------
Time: 29860000 | PC = 0x00000038 | Inst = 0x00000000 (BUBBLE)
          -> [SYSTEM] FINISH: ECALL caught, CPU is freezing!
-----------------------------------------------------------------
Time: 29870000 | PC = 0x00000038 | Inst = 0x00000000 (BUBBLE)
          -> [SYSTEM] FINISH: ECALL caught, CPU is freezing!
-----------------------------------------------------------------
Time: 29880000 | PC = 0x00000038 | Inst = 0x00000000 (BUBBLE)
          -> [SYSTEM] FINISH: ECALL caught, CPU is freezing!
-----------------------------------------------------------------
Time: 29890000 | PC = 0x00000038 | Inst = 0x00000000 (BUBBLE)
          -> [SYSTEM] FINISH: ECALL caught, CPU is freezing!
-----------------------------------------------------------------
Time: 29900000 | PC = 0x00000038 | Inst = 0x00000000 (BUBBLE)
          -> [SYSTEM] FINISH: ECALL caught, CPU is freezing!
-----------------------------------------------------------------
Time: 29910000 | PC = 0x00000038 | Inst = 0x00000000 (BUBBLE)
          -> [SYSTEM] FINISH: ECALL caught, CPU is freezing!
-----------------------------------------------------------------
Time: 29920000 | PC = 0x00000038 | Inst = 0x00000000 (BUBBLE)
          -> [SYSTEM] FINISH: ECALL caught, CPU is freezing!
-----------------------------------------------------------------
Time: 29930000 | PC = 0x00000038 | Inst = 0x00000000 (BUBBLE)
          -> [SYSTEM] FINISH: ECALL caught, CPU is freezing!
-----------------------------------------------------------------
Time: 29940000 | PC = 0x00000038 | Inst = 0x00000000 (BUBBLE)
          -> [SYSTEM] FINISH: ECALL caught, CPU is freezing!
-----------------------------------------------------------------
Time: 29950000 | PC = 0x00000038 | Inst = 0x00000000 (BUBBLE)
          -> [SYSTEM] FINISH: ECALL caught, CPU is freezing!
-----------------------------------------------------------------
Time: 29960000 | PC = 0x00000038 | Inst = 0x00000000 (BUBBLE)
          -> [SYSTEM] FINISH: ECALL caught, CPU is freezing!
-----------------------------------------------------------------
Time: 29970000 | PC = 0x00000038 | Inst = 0x00000000 (BUBBLE)
          -> [SYSTEM] FINISH: ECALL caught, CPU is freezing!
-----------------------------------------------------------------
Time: 29980000 | PC = 0x00000038 | Inst = 0x00000000 (BUBBLE)
          -> [SYSTEM] FINISH: ECALL caught, CPU is freezing!
-----------------------------------------------------------------
Time: 29990000 | PC = 0x00000038 | Inst = 0x00000000 (BUBBLE)
          -> [SYSTEM] FINISH: ECALL caught, CPU is freezing!
-----------------------------------------------------------------
Time: 30000000 | PC = 0x00000038 | Inst = 0x00000000 (BUBBLE)
          -> [SYSTEM] FINISH: ECALL caught, CPU is freezing!
-----------------------------------------------------------------
Time: 30010000 | PC = 0x00000038 | Inst = 0x00000000 (BUBBLE)
          -> [SYSTEM] FINISH: ECALL caught, CPU is freezing!
-----------------------------------------------------------------
Time: 30020000 | PC = 0x00000038 | Inst = 0x00000000 (BUBBLE)
          -> [SYSTEM] FINISH: ECALL caught, CPU is freezing!
-----------------------------------------------------------------
Time: 30030000 | PC = 0x00000038 | Inst = 0x00000000 (BUBBLE)
          -> [SYSTEM] FINISH: ECALL caught, CPU is freezing!
-----------------------------------------------------------------
Time: 30040000 | PC = 0x00000038 | Inst = 0x00000000 (BUBBLE)
          -> [SYSTEM] FINISH: ECALL caught, CPU is freezing!
-----------------------------------------------------------------
Time: 30050000 | PC = 0x00000038 | Inst = 0x00000000 (BUBBLE)
          -> [SYSTEM] FINISH: ECALL caught, CPU is freezing!
-----------------------------------------------------------------
Time: 30060000 | PC = 0x00000038 | Inst = 0x00000000 (BUBBLE)
          -> [SYSTEM] FINISH: ECALL caught, CPU is freezing!
-----------------------------------------------------------------
Time: 30070000 | PC = 0x00000038 | Inst = 0x00000000 (BUBBLE)
          -> [SYSTEM] FINISH: ECALL caught, CPU is freezing!
-----------------------------------------------------------------
Time: 30080000 | PC = 0x00000038 | Inst = 0x00000000 (BUBBLE)
          -> [SYSTEM] FINISH: ECALL caught, CPU is freezing!
-----------------------------------------------------------------
Time: 30090000 | PC = 0x00000038 | Inst = 0x00000000 (BUBBLE)
          -> [SYSTEM] FINISH: ECALL caught, CPU is freezing!
-----------------------------------------------------------------
Time: 30100000 | PC = 0x00000038 | Inst = 0x00000000 (BUBBLE)
          -> [SYSTEM] FINISH: ECALL caught, CPU is freezing!
-----------------------------------------------------------------
Time: 30110000 | PC = 0x00000038 | Inst = 0x00000000 (BUBBLE)
          -> [SYSTEM] FINISH: ECALL caught, CPU is freezing!
-----------------------------------------------------------------
Time: 30120000 | PC = 0x00000038 | Inst = 0x00000000 (BUBBLE)
          -> [SYSTEM] FINISH: ECALL caught, CPU is freezing!
-----------------------------------------------------------------
Time: 30130000 | PC = 0x00000038 | Inst = 0x00000000 (BUBBLE)
          -> [SYSTEM] FINISH: ECALL caught, CPU is freezing!
-----------------------------------------------------------------
Time: 30140000 | PC = 0x00000038 | Inst = 0x00000000 (BUBBLE)
          -> [SYSTEM] FINISH: ECALL caught, CPU is freezing!
-----------------------------------------------------------------
Time: 30150000 | PC = 0x00000038 | Inst = 0x00000000 (BUBBLE)
          -> [SYSTEM] FINISH: ECALL caught, CPU is freezing!
-----------------------------------------------------------------
Time: 30160000 | PC = 0x00000038 | Inst = 0x00000000 (BUBBLE)
          -> [SYSTEM] FINISH: ECALL caught, CPU is freezing!
-----------------------------------------------------------------
Time: 30170000 | PC = 0x00000038 | Inst = 0x00000000 (BUBBLE)
          -> [SYSTEM] FINISH: ECALL caught, CPU is freezing!
-----------------------------------------------------------------
Time: 30180000 | PC = 0x00000038 | Inst = 0x00000000 (BUBBLE)
          -> [SYSTEM] FINISH: ECALL caught, CPU is freezing!
-----------------------------------------------------------------
Time: 30190000 | PC = 0x00000038 | Inst = 0x00000000 (BUBBLE)
          -> [SYSTEM] FINISH: ECALL caught, CPU is freezing!
-----------------------------------------------------------------
Time: 30200000 | PC = 0x00000038 | Inst = 0x00000000 (BUBBLE)
          -> [SYSTEM] FINISH: ECALL caught, CPU is freezing!
-----------------------------------------------------------------
Time: 30210000 | PC = 0x00000038 | Inst = 0x00000000 (BUBBLE)
          -> [SYSTEM] FINISH: ECALL caught, CPU is freezing!
-----------------------------------------------------------------
Time: 30220000 | PC = 0x00000038 | Inst = 0x00000000 (BUBBLE)
          -> [SYSTEM] FINISH: ECALL caught, CPU is freezing!
-----------------------------------------------------------------
Time: 30230000 | PC = 0x00000038 | Inst = 0x00000000 (BUBBLE)
          -> [SYSTEM] FINISH: ECALL caught, CPU is freezing!
-----------------------------------------------------------------
set_property top design_1_wrapper [current_fileset]
reset_run synth_1
INFO: [Project 1-1161] Replacing file D:/Hoc_Tap/Dai_hoc/HK6/DoAn1/Pipeline_RISCV/Pipeline_RISCV.srcs/utils_1/imports/synth_1/tb_riscv_1.dcp with file D:/Hoc_Tap/Dai_hoc/HK6/DoAn1/Pipeline_RISCV/Pipeline_RISCV.runs/synth_1/design_1_wrapper.dcp
WARNING: [Vivado 12-1017] Problems encountered:
1. Failed to delete one or more files in run directory D:/Hoc_Tap/Dai_hoc/HK6/DoAn1/Pipeline_RISCV/Pipeline_RISCV.runs/synth_1

launch_runs synth_1 -jobs 6
[Thu May 14 22:27:31 2026] Launched synth_1...
Run output will be captured here: D:/Hoc_Tap/Dai_hoc/HK6/DoAn1/Pipeline_RISCV/Pipeline_RISCV.runs/synth_1/runme.log
reset_run synth_1
WARNING: [Vivado 12-1017] Problems encountered:
1. Failed to delete one or more files in run directory D:/Hoc_Tap/Dai_hoc/HK6/DoAn1/Pipeline_RISCV/Pipeline_RISCV.runs/synth_1

launch_runs synth_1 -jobs 6
[Thu May 14 22:28:10 2026] Launched synth_1...
Run output will be captured here: D:/Hoc_Tap/Dai_hoc/HK6/DoAn1/Pipeline_RISCV/Pipeline_RISCV.runs/synth_1/runme.log
import_files
INFO: [filemgmt 20-334] All file(s) are already imported in fileset: 'constrs_1'
INFO: [filemgmt 20-348] Importing the appropriate files for fileset: 'sim_1'
INFO: [filemgmt 20-334] All file(s) are already imported in fileset: 'sources_1'
INFO: [filemgmt 20-334] All file(s) are already imported in fileset: 'utils_1'
export_ip_user_files -of_objects  [get_files D:/Hoc_Tap/Dai_hoc/HK6/DoAn1/utils/data.mem] -no_script -reset -force -quiet
remove_files  D:/Hoc_Tap/Dai_hoc/HK6/DoAn1/utils/data.mem
export_ip_user_files -of_objects  [get_files D:/Hoc_Tap/Dai_hoc/HK6/DoAn1/utils/machine_code.mem] -no_script -reset -force -quiet
remove_files  D:/Hoc_Tap/Dai_hoc/HK6/DoAn1/utils/machine_code.mem
reset_run synth_1
WARNING: [Vivado 12-1017] Problems encountered:
1. Failed to delete one or more files in run directory D:/Hoc_Tap/Dai_hoc/HK6/DoAn1/Pipeline_RISCV/Pipeline_RISCV.runs/synth_1

launch_runs synth_1 -jobs 6
[Thu May 14 22:29:26 2026] Launched synth_1...
Run output will be captured here: D:/Hoc_Tap/Dai_hoc/HK6/DoAn1/Pipeline_RISCV/Pipeline_RISCV.runs/synth_1/runme.log
launch_runs impl_1 -jobs 6
[Thu May 14 22:41:32 2026] Launched impl_1...
Run output will be captured here: D:/Hoc_Tap/Dai_hoc/HK6/DoAn1/Pipeline_RISCV/Pipeline_RISCV.runs/impl_1/runme.log
open_run impl_1
INFO: [Device 21-403] Loading part xck26-sfvc784-2LV-c
Netlist sorting complete. Time (s): cpu = 00:00:01 ; elapsed = 00:00:00.902 . Memory (MB): peak = 2800.066 ; gain = 0.000
INFO: [Netlist 29-17] Analyzing 388 Unisim elements for replacement
INFO: [Netlist 29-28] Unisim Transformation completed in 0 CPU seconds
INFO: [Project 1-479] Netlist was created with Vivado 2025.1
INFO: [Project 1-570] Preparing netlist for logic optimization
Read ShapeDB Complete: Time (s): cpu = 00:00:01 ; elapsed = 00:00:00.174 . Memory (MB): peak = 2800.066 ; gain = 0.000
INFO: [Timing 38-478] Restoring timing data from binary archive.
INFO: [Timing 38-479] Binary timing data restore complete.
INFO: [Project 1-856] Restoring constraints from binary archive.
INFO: [Project 1-853] Binary constraint restore complete.
INFO: [Designutils 20-5722] Start Reading Physical Databases.
Reading placement.
Read Netlist Cache: Time (s): cpu = 00:00:00 ; elapsed = 00:00:00.025 . Memory (MB): peak = 3160.082 ; gain = 0.000
Reading placer database...
Read Device Cache: Time (s): cpu = 00:00:00 ; elapsed = 00:00:00.052 . Memory (MB): peak = 3160.082 ; gain = 0.000
Read PlaceDB: Time (s): cpu = 00:00:02 ; elapsed = 00:00:02 . Memory (MB): peak = 3185.840 ; gain = 25.059
Read PulsedLatchDB: Time (s): cpu = 00:00:00 ; elapsed = 00:00:00 . Memory (MB): peak = 3185.840 ; gain = 0.000
Reading routing.
Read RouteStorage: Time (s): cpu = 00:00:08 ; elapsed = 00:00:08 . Memory (MB): peak = 3705.496 ; gain = 519.656
Read Physdb Files: Time (s): cpu = 00:00:10 ; elapsed = 00:00:10 . Memory (MB): peak = 3705.496 ; gain = 545.414
Restored from archive | CPU: 10.000000 secs | Memory: 0.000000 MB |
Finished XDEF File Restore: Time (s): cpu = 00:00:10 ; elapsed = 00:00:10 . Memory (MB): peak = 3705.496 ; gain = 545.414
Netlist sorting complete. Time (s): cpu = 00:00:00 ; elapsed = 00:00:00.027 . Memory (MB): peak = 3705.496 ; gain = 0.000
INFO: [Project 1-111] Unisim Transformation Summary:
  A total of 162 instances were transformed.
  RAM16X1D => RAM32X1D (RAMD32(x2)): 6 instances
  RAM32M16 => RAM32M16 (RAMD32(x14), RAMS32(x2)): 156 instances

open_run: Time (s): cpu = 00:00:50 ; elapsed = 00:00:46 . Memory (MB): peak = 4115.383 ; gain = 2324.285
open_report: Time (s): cpu = 00:00:19 ; elapsed = 00:00:09 . Memory (MB): peak = 4681.719 ; gain = 505.051
report_timing_summary -delay_type min_max -report_unconstrained -check_timing_verbose -max_paths 10 -input_pins -routable_nets -name timing_1
INFO: [Timing 38-91] UpdateTimingParams: Speed grade: -2LV, Temperature grade: C, Delay Type: min_max.
INFO: [Timing 38-191] Multithreading enabled for timing update using a maximum of 2 CPUs
report_timing_summary: Time (s): cpu = 00:00:12 ; elapsed = 00:00:07 . Memory (MB): peak = 4691.656 ; gain = 0.000
close_sim
INFO: [Simtcl 6-16] Simulation closed
exit
INFO: [Common 17-206] Exiting Vivado at Fri May 15 01:23:28 2026...
