Time resolution is 1 ps
==================================================
      STARTING PIPELINE CPU SIMULATION            
==================================================
Time: 50000 | PC = 0x00000000 | Inst = 0x00000013 (ALU-I )
-----------------------------------------------------------------
Time: 60000 | PC = 0x00000000 | Inst = 0x0500006f (JAL   )
-----------------------------------------------------------------
Time: 70000 | PC = 0x00000004 | Inst = 0x34202f73 (ECALL )
-----------------------------------------------------------------
Time: 80000 | PC = 0x00000008 | Inst = 0x00800f93 (ALU-I )
-----------------------------------------------------------------
Time: 90000 | PC = 0x0000000c | Inst = 0x03ff0863 (BRANCH)
-----------------------------------------------------------------
Time: 100000 | PC = 0x00000010 | Inst = 0x00900f93 (ALU-I )
          -> [EX] FORWARDING ACTIVATED | RS1_sel: 00, RS2_sel: 01
-----------------------------------------------------------------
Time: 110000 | PC = 0x00000014 | Inst = 0x03ff0463 (BRANCH)
-----------------------------------------------------------------
Time: 120000 | PC = 0x00000018 | Inst = 0x00b00f93 (ALU-I )
          -> [EX] FORWARDING ACTIVATED | RS1_sel: 00, RS2_sel: 01
-----------------------------------------------------------------
Time: 130000 | PC = 0x0000001c | Inst = 0x03ff0063 (BRANCH)
-----------------------------------------------------------------
Time: 140000 | PC = 0x00000020 | Inst = 0x00000f13 (ALU-I )
          -> [EX] FORWARDING ACTIVATED | RS1_sel: 00, RS2_sel: 01
-----------------------------------------------------------------
Time: 150000 | PC = 0x00000024 | Inst = 0x000f0463 (BRANCH)
-----------------------------------------------------------------
Time: 160000 | PC = 0x00000028 | Inst = 0x000f0067 (JALR  )
          -> [EX] FORWARDING ACTIVATED | RS1_sel: 01, RS2_sel: 00
-----------------------------------------------------------------
Time: 170000 | PC = 0x0000002c | Inst = 0x34202f73 (ECALL )
          -> [EX] FORWARDING ACTIVATED | RS1_sel: 10, RS2_sel: 00
-----------------------------------------------------------------
Time: 180000 | PC = 0x00000030 | Inst = 0x000f5463 (BRANCH)
-----------------------------------------------------------------
Time: 190000 | PC = 0x00000034 | Inst = 0x0040006f (JAL   )
-----------------------------------------------------------------
Time: 200000 | PC = 0x00000038 | Inst = 0x5391e193 (ALU-I )
-----------------------------------------------------------------
Time: 210000 | PC = 0x0000003c | Inst = 0x00001f17 (AUIPC )
-----------------------------------------------------------------
Time: 220000 | PC = 0x00000040 | Inst = 0xfc3f2223 (STORE )
-----------------------------------------------------------------
Time: 230000 | PC = 0x00000044 | Inst = 0x00001f17 (AUIPC )
          -> [EX] FORWARDING ACTIVATED | RS1_sel: 01, RS2_sel: 10
-----------------------------------------------------------------
Time: 240000 | PC = 0x00000048 | Inst = 0xfc0f2023 (STORE )
-----------------------------------------------------------------
Time: 250000 | PC = 0x0000004c | Inst = 0xff1ff06f (JAL   )
          -> [EX] FORWARDING ACTIVATED | RS1_sel: 01, RS2_sel: 00
-----------------------------------------------------------------
Time: 260000 | PC = 0x00000050 | Inst = 0x00000093 (ALU-I )
-----------------------------------------------------------------
Time: 270000 | PC = 0x00000054 | Inst = 0x00000113 (ALU-I )
-----------------------------------------------------------------
Time: 280000 | PC = 0x00000058 | Inst = 0x00000193 (ALU-I )
-----------------------------------------------------------------
Time: 290000 | PC = 0x0000005c | Inst = 0x00000213 (ALU-I )
-----------------------------------------------------------------
Time: 300000 | PC = 0x00000060 | Inst = 0x00000293 (ALU-I )
-----------------------------------------------------------------
Time: 310000 | PC = 0x00000064 | Inst = 0x00000313 (ALU-I )
-----------------------------------------------------------------
Time: 320000 | PC = 0x00000068 | Inst = 0x00000393 (ALU-I )
-----------------------------------------------------------------
Time: 330000 | PC = 0x0000006c | Inst = 0x00000413 (ALU-I )
-----------------------------------------------------------------
Time: 340000 | PC = 0x00000070 | Inst = 0x00000493 (ALU-I )
-----------------------------------------------------------------
Time: 350000 | PC = 0x00000074 | Inst = 0x00000513 (ALU-I )
-----------------------------------------------------------------
Time: 360000 | PC = 0x00000078 | Inst = 0x00000593 (ALU-I )
-----------------------------------------------------------------
Time: 370000 | PC = 0x0000007c | Inst = 0x00000613 (ALU-I )
-----------------------------------------------------------------
Time: 380000 | PC = 0x00000080 | Inst = 0x00000693 (ALU-I )
-----------------------------------------------------------------
Time: 390000 | PC = 0x00000084 | Inst = 0x00000713 (ALU-I )
-----------------------------------------------------------------
Time: 400000 | PC = 0x00000088 | Inst = 0x00000793 (ALU-I )
-----------------------------------------------------------------
Time: 410000 | PC = 0x0000008c | Inst = 0x00000813 (ALU-I )
-----------------------------------------------------------------
Time: 420000 | PC = 0x00000090 | Inst = 0x00000893 (ALU-I )
-----------------------------------------------------------------
Time: 430000 | PC = 0x00000094 | Inst = 0x00000913 (ALU-I )
-----------------------------------------------------------------
Time: 440000 | PC = 0x00000098 | Inst = 0x00000993 (ALU-I )
-----------------------------------------------------------------
Time: 450000 | PC = 0x0000009c | Inst = 0x00000a13 (ALU-I )
-----------------------------------------------------------------
Time: 460000 | PC = 0x000000a0 | Inst = 0x00000a93 (ALU-I )
-----------------------------------------------------------------
Time: 470000 | PC = 0x000000a4 | Inst = 0x00000b13 (ALU-I )
-----------------------------------------------------------------
Time: 480000 | PC = 0x000000a8 | Inst = 0x00000b93 (ALU-I )
-----------------------------------------------------------------
Time: 490000 | PC = 0x000000ac | Inst = 0x00000c13 (ALU-I )
-----------------------------------------------------------------
Time: 500000 | PC = 0x000000b0 | Inst = 0x00000c93 (ALU-I )
-----------------------------------------------------------------
Time: 510000 | PC = 0x000000b4 | Inst = 0x00000d13 (ALU-I )
-----------------------------------------------------------------
Time: 520000 | PC = 0x000000b8 | Inst = 0x00000d93 (ALU-I )
-----------------------------------------------------------------
Time: 530000 | PC = 0x000000bc | Inst = 0x00000e13 (ALU-I )
-----------------------------------------------------------------
Time: 540000 | PC = 0x000000c0 | Inst = 0x00000e93 (ALU-I )
-----------------------------------------------------------------
Time: 550000 | PC = 0x000000c4 | Inst = 0x00000f13 (ALU-I )
-----------------------------------------------------------------
Time: 560000 | PC = 0x000000c8 | Inst = 0x00000f93 (ALU-I )
-----------------------------------------------------------------
Time: 570000 | PC = 0x000000cc | Inst = 0xf1402573 (ECALL )
-----------------------------------------------------------------
Time: 580000 | PC = 0x000000d0 | Inst = 0x00051063 (BRANCH)
-----------------------------------------------------------------
Time: 590000 | PC = 0x000000d4 | Inst = 0x00000297 (AUIPC )
-----------------------------------------------------------------
Time: 600000 | PC = 0x000000d8 | Inst = 0x01028293 (ALU-I )
-----------------------------------------------------------------
Time: 610000 | PC = 0x000000dc | Inst = 0x30529073 (ECALL )
          -> [EX] FORWARDING ACTIVATED | RS1_sel: 01, RS2_sel: 00
-----------------------------------------------------------------
Time: 620000 | PC = 0x000000e0 | Inst = 0x74445073 (ECALL )
          -> [EX] FORWARDING ACTIVATED | RS1_sel: 01, RS2_sel: 01
-----------------------------------------------------------------
Time: 630000 | PC = 0x000000e4 | Inst = 0x00000297 (AUIPC )
-----------------------------------------------------------------
Time: 640000 | PC = 0x000000e8 | Inst = 0x01028293 (ALU-I )
-----------------------------------------------------------------
Time: 650000 | PC = 0x000000ec | Inst = 0x30529073 (ECALL )
          -> [EX] FORWARDING ACTIVATED | RS1_sel: 01, RS2_sel: 00
-----------------------------------------------------------------
Time: 660000 | PC = 0x000000f0 | Inst = 0x18005073 (ECALL )
          -> [EX] FORWARDING ACTIVATED | RS1_sel: 01, RS2_sel: 01
-----------------------------------------------------------------
Time: 670000 | PC = 0x000000f4 | Inst = 0x00000297 (AUIPC )
-----------------------------------------------------------------
Time: 680000 | PC = 0x000000f8 | Inst = 0x02028293 (ALU-I )
-----------------------------------------------------------------
Time: 690000 | PC = 0x000000fc | Inst = 0x30529073 (ECALL )
          -> [EX] FORWARDING ACTIVATED | RS1_sel: 01, RS2_sel: 00
-----------------------------------------------------------------
Time: 700000 | PC = 0x00000100 | Inst = 0x800002b7 (LUI   )
          -> [EX] FORWARDING ACTIVATED | RS1_sel: 01, RS2_sel: 01
-----------------------------------------------------------------
Time: 710000 | PC = 0x00000104 | Inst = 0xfff28293 (ALU-I )
-----------------------------------------------------------------
Time: 720000 | PC = 0x00000108 | Inst = 0x3b029073 (ECALL )
          -> [EX] FORWARDING ACTIVATED | RS1_sel: 01, RS2_sel: 00
-----------------------------------------------------------------
Time: 730000 | PC = 0x0000010c | Inst = 0x01f00293 (ALU-I )
          -> [EX] FORWARDING ACTIVATED | RS1_sel: 01, RS2_sel: 00
-----------------------------------------------------------------
Time: 740000 | PC = 0x00000110 | Inst = 0x3a029073 (ECALL )
-----------------------------------------------------------------
Time: 750000 | PC = 0x00000114 | Inst = 0x30405073 (ECALL )
          -> [EX] FORWARDING ACTIVATED | RS1_sel: 01, RS2_sel: 00
-----------------------------------------------------------------
Time: 760000 | PC = 0x00000118 | Inst = 0x00000297 (AUIPC )
-----------------------------------------------------------------
Time: 770000 | PC = 0x0000011c | Inst = 0x01428293 (ALU-I )
-----------------------------------------------------------------
Time: 780000 | PC = 0x00000120 | Inst = 0x30529073 (ECALL )
          -> [EX] FORWARDING ACTIVATED | RS1_sel: 01, RS2_sel: 00
-----------------------------------------------------------------
Time: 790000 | PC = 0x00000124 | Inst = 0x30205073 (ECALL )
          -> [EX] FORWARDING ACTIVATED | RS1_sel: 01, RS2_sel: 01
-----------------------------------------------------------------
Time: 800000 | PC = 0x00000128 | Inst = 0x30305073 (ECALL )
-----------------------------------------------------------------
Time: 810000 | PC = 0x0000012c | Inst = 0x00000193 (ALU-I )
-----------------------------------------------------------------
Time: 820000 | PC = 0x00000130 | Inst = 0x00000297 (AUIPC )
-----------------------------------------------------------------
Time: 830000 | PC = 0x00000134 | Inst = 0xed428293 (ALU-I )
-----------------------------------------------------------------
Time: 840000 | PC = 0x00000138 | Inst = 0x30529073 (ECALL )
          -> [EX] FORWARDING ACTIVATED | RS1_sel: 01, RS2_sel: 00
-----------------------------------------------------------------
Time: 850000 | PC = 0x0000013c | Inst = 0x00100513 (ALU-I )
          -> [EX] FORWARDING ACTIVATED | RS1_sel: 01, RS2_sel: 01
-----------------------------------------------------------------
Time: 860000 | PC = 0x00000140 | Inst = 0x01f51513 (ALU-I )
-----------------------------------------------------------------
Time: 870000 | PC = 0x00000144 | Inst = 0x00054c63 (BRANCH)
          -> [EX] FORWARDING ACTIVATED | RS1_sel: 01, RS2_sel: 00
-----------------------------------------------------------------
Time: 880000 | PC = 0x00000148 | Inst = 0x0ff0000f (UNKNWN)
          -> [EX] FORWARDING ACTIVATED | RS1_sel: 01, RS2_sel: 00
-----------------------------------------------------------------
Time: 890000 | PC = 0x0000014c | Inst = 0x00100193 (ALU-I )
-----------------------------------------------------------------
Time: 900000 | PC = 0x00000150 | Inst = 0x05d00893 (ALU-I )
-----------------------------------------------------------------
Time: 910000 | PC = 0x00000154 | Inst = 0x00000513 (ALU-I )
-----------------------------------------------------------------
Time: 920000 | PC = 0x00000158 | Inst = 0x00000073 (ECALL )
-----------------------------------------------------------------
Time: 930000 | PC = 0x0000015c | Inst = 0x00000293 (ALU-I )
-----------------------------------------------------------------
Time: 940000 | PC = 0x00000160 | Inst = 0x00028a63 (BRANCH)
-----------------------------------------------------------------
Time: 950000 | PC = 0x00000164 | Inst = 0x10529073 (ECALL )
          -> [EX] FORWARDING ACTIVATED | RS1_sel: 01, RS2_sel: 00
-----------------------------------------------------------------
Time: 960000 | PC = 0x00000168 | Inst = 0x0000b2b7 (LUI   )
          -> [EX] FORWARDING ACTIVATED | RS1_sel: 10, RS2_sel: 10
-----------------------------------------------------------------
Time: 970000 | PC = 0x0000016c | Inst = 0x10928293 (ALU-I )
-----------------------------------------------------------------
Time: 980000 | PC = 0x00000170 | Inst = 0x30229073 (ECALL )
          -> [EX] FORWARDING ACTIVATED | RS1_sel: 01, RS2_sel: 00
-----------------------------------------------------------------
Time: 990000 | PC = 0x00000174 | Inst = 0x30005073 (ECALL )
          -> [EX] FORWARDING ACTIVATED | RS1_sel: 01, RS2_sel: 00
-----------------------------------------------------------------
Time: 1000000 | PC = 0x00000178 | Inst = 0x00000297 (AUIPC )
-----------------------------------------------------------------
Time: 1010000 | PC = 0x0000017c | Inst = 0x01428293 (ALU-I )
-----------------------------------------------------------------
Time: 1020000 | PC = 0x00000180 | Inst = 0x34129073 (ECALL )
          -> [EX] FORWARDING ACTIVATED | RS1_sel: 01, RS2_sel: 00
-----------------------------------------------------------------
Time: 1030000 | PC = 0x00000184 | Inst = 0xf1402573 (ECALL )
          -> [EX] FORWARDING ACTIVATED | RS1_sel: 01, RS2_sel: 00
-----------------------------------------------------------------
Time: 1040000 | PC = 0x00000188 | Inst = 0x30200073 (ECALL )
-----------------------------------------------------------------
Time: 1050000 | PC = 0x0000018c | Inst = 0x00200193 (ALU-I )
-----------------------------------------------------------------
Time: 1060000 | PC = 0x00000190 | Inst = 0x00000593 (ALU-I )
-----------------------------------------------------------------
Time: 1070000 | PC = 0x00000194 | Inst = 0x00000613 (ALU-I )
-----------------------------------------------------------------
Time: 1080000 | PC = 0x00000198 | Inst = 0x40c58733 (ALU-R )
-----------------------------------------------------------------
Time: 1090000 | PC = 0x0000019c | Inst = 0x00000393 (ALU-I )
          -> [EX] FORWARDING ACTIVATED | RS1_sel: 10, RS2_sel: 01
-----------------------------------------------------------------
Time: 1100000 | PC = 0x000001a0 | Inst = 0x4a771663 (BRANCH)
-----------------------------------------------------------------
Time: 1110000 | PC = 0x000001a4 | Inst = 0x00300193 (ALU-I )
          -> [EX] FORWARDING ACTIVATED | RS1_sel: 10, RS2_sel: 01
-----------------------------------------------------------------
Time: 1120000 | PC = 0x000001a8 | Inst = 0x00100593 (ALU-I )
-----------------------------------------------------------------
Time: 1130000 | PC = 0x000001ac | Inst = 0x00100613 (ALU-I )
-----------------------------------------------------------------
Time: 1140000 | PC = 0x000001b0 | Inst = 0x40c58733 (ALU-R )
-----------------------------------------------------------------
Time: 1150000 | PC = 0x000001b4 | Inst = 0x00000393 (ALU-I )
          -> [EX] FORWARDING ACTIVATED | RS1_sel: 10, RS2_sel: 01
-----------------------------------------------------------------
Time: 1160000 | PC = 0x000001b8 | Inst = 0x48771a63 (BRANCH)
-----------------------------------------------------------------
Time: 1170000 | PC = 0x000001bc | Inst = 0x00400193 (ALU-I )
          -> [EX] FORWARDING ACTIVATED | RS1_sel: 10, RS2_sel: 01
-----------------------------------------------------------------
Time: 1180000 | PC = 0x000001c0 | Inst = 0x00300593 (ALU-I )
-----------------------------------------------------------------
Time: 1190000 | PC = 0x000001c4 | Inst = 0x00700613 (ALU-I )
          -> [EX] FORWARDING ACTIVATED | RS1_sel: 00, RS2_sel: 01
-----------------------------------------------------------------
Time: 1200000 | PC = 0x000001c8 | Inst = 0x40c58733 (ALU-R )
-----------------------------------------------------------------
Time: 1210000 | PC = 0x000001cc | Inst = 0xffc00393 (ALU-I )
          -> [EX] FORWARDING ACTIVATED | RS1_sel: 10, RS2_sel: 01
-----------------------------------------------------------------
Time: 1220000 | PC = 0x000001d0 | Inst = 0x46771e63 (BRANCH)
-----------------------------------------------------------------
Time: 1230000 | PC = 0x000001d4 | Inst = 0x00500193 (ALU-I )
          -> [EX] FORWARDING ACTIVATED | RS1_sel: 10, RS2_sel: 01
-----------------------------------------------------------------
Time: 1240000 | PC = 0x000001d8 | Inst = 0x00000593 (ALU-I )
-----------------------------------------------------------------
Time: 1250000 | PC = 0x000001dc | Inst = 0xffff8637 (LUI   )
-----------------------------------------------------------------
Time: 1260000 | PC = 0x000001e0 | Inst = 0x40c58733 (ALU-R )
-----------------------------------------------------------------
Time: 1270000 | PC = 0x000001e4 | Inst = 0x000083b7 (LUI   )
          -> [EX] FORWARDING ACTIVATED | RS1_sel: 10, RS2_sel: 01
-----------------------------------------------------------------
Time: 1280000 | PC = 0x000001e8 | Inst = 0x46771263 (BRANCH)
-----------------------------------------------------------------
Time: 1290000 | PC = 0x000001ec | Inst = 0x00600193 (ALU-I )
          -> [EX] FORWARDING ACTIVATED | RS1_sel: 10, RS2_sel: 01
-----------------------------------------------------------------
Time: 1300000 | PC = 0x000001f0 | Inst = 0x800005b7 (LUI   )
-----------------------------------------------------------------
Time: 1310000 | PC = 0x000001f4 | Inst = 0x00000613 (ALU-I )
-----------------------------------------------------------------
Time: 1320000 | PC = 0x000001f8 | Inst = 0x40c58733 (ALU-R )
-----------------------------------------------------------------
Time: 1330000 | PC = 0x000001fc | Inst = 0x800003b7 (LUI   )
          -> [EX] FORWARDING ACTIVATED | RS1_sel: 10, RS2_sel: 01
-----------------------------------------------------------------
Time: 1340000 | PC = 0x00000200 | Inst = 0x44771663 (BRANCH)
-----------------------------------------------------------------
Time: 1350000 | PC = 0x00000204 | Inst = 0x00700193 (ALU-I )
          -> [EX] FORWARDING ACTIVATED | RS1_sel: 10, RS2_sel: 01
-----------------------------------------------------------------
Time: 1360000 | PC = 0x00000208 | Inst = 0x800005b7 (LUI   )
          -> [EX] FORWARDING ACTIVATED | RS1_sel: 00, RS2_sel: 10
-----------------------------------------------------------------
Time: 1370000 | PC = 0x0000020c | Inst = 0xffff8637 (LUI   )
-----------------------------------------------------------------
Time: 1380000 | PC = 0x00000210 | Inst = 0x40c58733 (ALU-R )
-----------------------------------------------------------------
Time: 1390000 | PC = 0x00000214 | Inst = 0x800083b7 (LUI   )
          -> [EX] FORWARDING ACTIVATED | RS1_sel: 10, RS2_sel: 01
-----------------------------------------------------------------
Time: 1400000 | PC = 0x00000218 | Inst = 0x42771a63 (BRANCH)
-----------------------------------------------------------------
Time: 1410000 | PC = 0x0000021c | Inst = 0x00800193 (ALU-I )
          -> [EX] FORWARDING ACTIVATED | RS1_sel: 10, RS2_sel: 01
-----------------------------------------------------------------
Time: 1420000 | PC = 0x00000220 | Inst = 0x00000593 (ALU-I )
-----------------------------------------------------------------
Time: 1430000 | PC = 0x00000224 | Inst = 0x00008637 (LUI   )
-----------------------------------------------------------------
Time: 1440000 | PC = 0x00000228 | Inst = 0xfff60613 (ALU-I )
-----------------------------------------------------------------
Time: 1450000 | PC = 0x0000022c | Inst = 0x40c58733 (ALU-R )
          -> [EX] FORWARDING ACTIVATED | RS1_sel: 01, RS2_sel: 00
-----------------------------------------------------------------
Time: 1460000 | PC = 0x00000230 | Inst = 0xffff83b7 (LUI   )
          -> [EX] FORWARDING ACTIVATED | RS1_sel: 00, RS2_sel: 01
-----------------------------------------------------------------
Time: 1470000 | PC = 0x00000234 | Inst = 0x00138393 (ALU-I )
-----------------------------------------------------------------
Time: 1480000 | PC = 0x00000238 | Inst = 0x40771a63 (BRANCH)
          -> [EX] FORWARDING ACTIVATED | RS1_sel: 01, RS2_sel: 00
-----------------------------------------------------------------
Time: 1490000 | PC = 0x0000023c | Inst = 0x00900193 (ALU-I )
          -> [EX] FORWARDING ACTIVATED | RS1_sel: 00, RS2_sel: 01
-----------------------------------------------------------------
Time: 1500000 | PC = 0x00000240 | Inst = 0x800005b7 (LUI   )
-----------------------------------------------------------------
Time: 1510000 | PC = 0x00000244 | Inst = 0xfff58593 (ALU-I )
-----------------------------------------------------------------
Time: 1520000 | PC = 0x00000248 | Inst = 0x00000613 (ALU-I )
          -> [EX] FORWARDING ACTIVATED | RS1_sel: 01, RS2_sel: 00
-----------------------------------------------------------------
Time: 1530000 | PC = 0x0000024c | Inst = 0x40c58733 (ALU-R )
-----------------------------------------------------------------
Time: 1540000 | PC = 0x00000250 | Inst = 0x800003b7 (LUI   )
          -> [EX] FORWARDING ACTIVATED | RS1_sel: 10, RS2_sel: 01
-----------------------------------------------------------------
Time: 1550000 | PC = 0x00000254 | Inst = 0xfff38393 (ALU-I )
-----------------------------------------------------------------
Time: 1560000 | PC = 0x00000258 | Inst = 0x3e771a63 (BRANCH)
          -> [EX] FORWARDING ACTIVATED | RS1_sel: 01, RS2_sel: 00
-----------------------------------------------------------------
Time: 1570000 | PC = 0x0000025c | Inst = 0x00a00193 (ALU-I )
          -> [EX] FORWARDING ACTIVATED | RS1_sel: 00, RS2_sel: 01
-----------------------------------------------------------------
Time: 1580000 | PC = 0x00000260 | Inst = 0x800005b7 (LUI   )
-----------------------------------------------------------------
Time: 1590000 | PC = 0x00000264 | Inst = 0xfff58593 (ALU-I )
-----------------------------------------------------------------
Time: 1600000 | PC = 0x00000268 | Inst = 0x00008637 (LUI   )
          -> [EX] FORWARDING ACTIVATED | RS1_sel: 01, RS2_sel: 00
-----------------------------------------------------------------
Time: 1610000 | PC = 0x0000026c | Inst = 0xfff60613 (ALU-I )
-----------------------------------------------------------------
Time: 1620000 | PC = 0x00000270 | Inst = 0x40c58733 (ALU-R )
          -> [EX] FORWARDING ACTIVATED | RS1_sel: 01, RS2_sel: 00
-----------------------------------------------------------------
Time: 1630000 | PC = 0x00000274 | Inst = 0x7fff83b7 (LUI   )
          -> [EX] FORWARDING ACTIVATED | RS1_sel: 00, RS2_sel: 01
-----------------------------------------------------------------
Time: 1640000 | PC = 0x00000278 | Inst = 0x3c771a63 (BRANCH)
-----------------------------------------------------------------
Time: 1650000 | PC = 0x0000027c | Inst = 0x00b00193 (ALU-I )
          -> [EX] FORWARDING ACTIVATED | RS1_sel: 10, RS2_sel: 01
-----------------------------------------------------------------
Time: 1660000 | PC = 0x00000280 | Inst = 0x800005b7 (LUI   )
-----------------------------------------------------------------
Time: 1670000 | PC = 0x00000284 | Inst = 0x00008637 (LUI   )
-----------------------------------------------------------------
Time: 1680000 | PC = 0x00000288 | Inst = 0xfff60613 (ALU-I )
-----------------------------------------------------------------
Time: 1690000 | PC = 0x0000028c | Inst = 0x40c58733 (ALU-R )
          -> [EX] FORWARDING ACTIVATED | RS1_sel: 01, RS2_sel: 00
-----------------------------------------------------------------
Time: 1700000 | PC = 0x00000290 | Inst = 0x7fff83b7 (LUI   )
          -> [EX] FORWARDING ACTIVATED | RS1_sel: 00, RS2_sel: 01
-----------------------------------------------------------------
Time: 1710000 | PC = 0x00000294 | Inst = 0x00138393 (ALU-I )
-----------------------------------------------------------------
Time: 1720000 | PC = 0x00000298 | Inst = 0x3a771a63 (BRANCH)
          -> [EX] FORWARDING ACTIVATED | RS1_sel: 01, RS2_sel: 00
-----------------------------------------------------------------
Time: 1730000 | PC = 0x0000029c | Inst = 0x00c00193 (ALU-I )
          -> [EX] FORWARDING ACTIVATED | RS1_sel: 00, RS2_sel: 01
-----------------------------------------------------------------
Time: 1740000 | PC = 0x000002a0 | Inst = 0x800005b7 (LUI   )
-----------------------------------------------------------------
Time: 1750000 | PC = 0x000002a4 | Inst = 0xfff58593 (ALU-I )
-----------------------------------------------------------------
Time: 1760000 | PC = 0x000002a8 | Inst = 0xffff8637 (LUI   )
          -> [EX] FORWARDING ACTIVATED | RS1_sel: 01, RS2_sel: 00
-----------------------------------------------------------------
Time: 1770000 | PC = 0x000002ac | Inst = 0x40c58733 (ALU-R )
-----------------------------------------------------------------
Time: 1780000 | PC = 0x000002b0 | Inst = 0x800083b7 (LUI   )
          -> [EX] FORWARDING ACTIVATED | RS1_sel: 10, RS2_sel: 01
-----------------------------------------------------------------
Time: 1790000 | PC = 0x000002b4 | Inst = 0xfff38393 (ALU-I )
-----------------------------------------------------------------
Time: 1800000 | PC = 0x000002b8 | Inst = 0x38771a63 (BRANCH)
          -> [EX] FORWARDING ACTIVATED | RS1_sel: 01, RS2_sel: 00
-----------------------------------------------------------------
Time: 1810000 | PC = 0x000002bc | Inst = 0x00d00193 (ALU-I )
          -> [EX] FORWARDING ACTIVATED | RS1_sel: 00, RS2_sel: 01
-----------------------------------------------------------------
Time: 1820000 | PC = 0x000002c0 | Inst = 0x00000593 (ALU-I )
-----------------------------------------------------------------
Time: 1830000 | PC = 0x000002c4 | Inst = 0xfff00613 (ALU-I )
-----------------------------------------------------------------
Time: 1840000 | PC = 0x000002c8 | Inst = 0x40c58733 (ALU-R )
-----------------------------------------------------------------
Time: 1850000 | PC = 0x000002cc | Inst = 0x00100393 (ALU-I )
          -> [EX] FORWARDING ACTIVATED | RS1_sel: 10, RS2_sel: 01
-----------------------------------------------------------------
Time: 1860000 | PC = 0x000002d0 | Inst = 0x36771e63 (BRANCH)
-----------------------------------------------------------------
Time: 1870000 | PC = 0x000002d4 | Inst = 0x00e00193 (ALU-I )
          -> [EX] FORWARDING ACTIVATED | RS1_sel: 10, RS2_sel: 01
-----------------------------------------------------------------
Time: 1880000 | PC = 0x000002d8 | Inst = 0xfff00593 (ALU-I )
-----------------------------------------------------------------
Time: 1890000 | PC = 0x000002dc | Inst = 0x00100613 (ALU-I )
-----------------------------------------------------------------
Time: 1900000 | PC = 0x000002e0 | Inst = 0x40c58733 (ALU-R )
-----------------------------------------------------------------
Time: 1910000 | PC = 0x000002e4 | Inst = 0xffe00393 (ALU-I )
          -> [EX] FORWARDING ACTIVATED | RS1_sel: 10, RS2_sel: 01
-----------------------------------------------------------------
Time: 1920000 | PC = 0x000002e8 | Inst = 0x36771263 (BRANCH)
-----------------------------------------------------------------
Time: 1930000 | PC = 0x000002ec | Inst = 0x00f00193 (ALU-I )
          -> [EX] FORWARDING ACTIVATED | RS1_sel: 10, RS2_sel: 01
-----------------------------------------------------------------
Time: 1940000 | PC = 0x000002f0 | Inst = 0xfff00593 (ALU-I )
-----------------------------------------------------------------
Time: 1950000 | PC = 0x000002f4 | Inst = 0xfff00613 (ALU-I )
-----------------------------------------------------------------
Time: 1960000 | PC = 0x000002f8 | Inst = 0x40c58733 (ALU-R )
-----------------------------------------------------------------
Time: 1970000 | PC = 0x000002fc | Inst = 0x00000393 (ALU-I )
          -> [EX] FORWARDING ACTIVATED | RS1_sel: 10, RS2_sel: 01
-----------------------------------------------------------------
Time: 1980000 | PC = 0x00000300 | Inst = 0x34771663 (BRANCH)
-----------------------------------------------------------------
Time: 1990000 | PC = 0x00000304 | Inst = 0x01000193 (ALU-I )
          -> [EX] FORWARDING ACTIVATED | RS1_sel: 10, RS2_sel: 01
-----------------------------------------------------------------
Time: 2000000 | PC = 0x00000308 | Inst = 0x00d00593 (ALU-I )
-----------------------------------------------------------------
Time: 2010000 | PC = 0x0000030c | Inst = 0x00b00613 (ALU-I )
-----------------------------------------------------------------
Time: 2020000 | PC = 0x00000310 | Inst = 0x40c585b3 (ALU-R )
          -> [EX] FORWARDING ACTIVATED | RS1_sel: 00, RS2_sel: 01
-----------------------------------------------------------------
Time: 2030000 | PC = 0x00000314 | Inst = 0x00200393 (ALU-I )
          -> [EX] FORWARDING ACTIVATED | RS1_sel: 10, RS2_sel: 01
-----------------------------------------------------------------
Time: 2040000 | PC = 0x00000318 | Inst = 0x32759a63 (BRANCH)
-----------------------------------------------------------------
Time: 2050000 | PC = 0x0000031c | Inst = 0x01100193 (ALU-I )
          -> [EX] FORWARDING ACTIVATED | RS1_sel: 10, RS2_sel: 01
-----------------------------------------------------------------
Time: 2060000 | PC = 0x00000320 | Inst = 0x00e00593 (ALU-I )
-----------------------------------------------------------------
Time: 2070000 | PC = 0x00000324 | Inst = 0x00b00613 (ALU-I )
-----------------------------------------------------------------
Time: 2080000 | PC = 0x00000328 | Inst = 0x40c58633 (ALU-R )
          -> [EX] FORWARDING ACTIVATED | RS1_sel: 00, RS2_sel: 01
-----------------------------------------------------------------
Time: 2090000 | PC = 0x0000032c | Inst = 0x00300393 (ALU-I )
          -> [EX] FORWARDING ACTIVATED | RS1_sel: 10, RS2_sel: 01
-----------------------------------------------------------------
Time: 2100000 | PC = 0x00000330 | Inst = 0x30761e63 (BRANCH)
-----------------------------------------------------------------
Time: 2110000 | PC = 0x00000334 | Inst = 0x01200193 (ALU-I )
          -> [EX] FORWARDING ACTIVATED | RS1_sel: 10, RS2_sel: 01
-----------------------------------------------------------------
Time: 2120000 | PC = 0x00000338 | Inst = 0x00d00593 (ALU-I )
-----------------------------------------------------------------
Time: 2130000 | PC = 0x0000033c | Inst = 0x40b585b3 (ALU-R )
-----------------------------------------------------------------
Time: 2140000 | PC = 0x00000340 | Inst = 0x00000393 (ALU-I )
          -> [EX] FORWARDING ACTIVATED | RS1_sel: 01, RS2_sel: 01
-----------------------------------------------------------------
Time: 2150000 | PC = 0x00000344 | Inst = 0x30759463 (BRANCH)
-----------------------------------------------------------------
Time: 2160000 | PC = 0x00000348 | Inst = 0x01300193 (ALU-I )
          -> [EX] FORWARDING ACTIVATED | RS1_sel: 10, RS2_sel: 01
-----------------------------------------------------------------
Time: 2170000 | PC = 0x0000034c | Inst = 0x00000213 (ALU-I )
-----------------------------------------------------------------
Time: 2180000 | PC = 0x00000350 | Inst = 0x00d00093 (ALU-I )
-----------------------------------------------------------------
Time: 2190000 | PC = 0x00000354 | Inst = 0x00b00113 (ALU-I )
-----------------------------------------------------------------
Time: 2200000 | PC = 0x00000358 | Inst = 0x40208733 (ALU-R )
-----------------------------------------------------------------
Time: 2210000 | PC = 0x0000035c | Inst = 0x00070313 (ALU-I )
          -> [EX] FORWARDING ACTIVATED | RS1_sel: 10, RS2_sel: 01
-----------------------------------------------------------------
Time: 2220000 | PC = 0x00000360 | Inst = 0x00120213 (ALU-I )
          -> [EX] FORWARDING ACTIVATED | RS1_sel: 01, RS2_sel: 00
-----------------------------------------------------------------
Time: 2230000 | PC = 0x00000364 | Inst = 0x00200293 (ALU-I )
-----------------------------------------------------------------
Time: 2240000 | PC = 0x00000368 | Inst = 0xfe5214e3 (BRANCH)
-----------------------------------------------------------------
Time: 2250000 | PC = 0x0000036c | Inst = 0x00200393 (ALU-I )
          -> [EX] FORWARDING ACTIVATED | RS1_sel: 10, RS2_sel: 01
-----------------------------------------------------------------
Time: 2260000 | PC = 0x00000370 | Inst = 0x2c731e63 (BRANCH)
-----------------------------------------------------------------
Time: 2270000 | PC = 0x00000374 | Inst = 0x01400193 (ALU-I )
          -> [EX] FORWARDING ACTIVATED | RS1_sel: 00, RS2_sel: 01
-----------------------------------------------------------------
Time: 2280000 | PC = 0x00000378 | Inst = 0x00000213 (ALU-I )
-----------------------------------------------------------------
Time: 2290000 | PC = 0x0000037c | Inst = 0x00e00093 (ALU-I )
-----------------------------------------------------------------
Time: 2300000 | PC = 0x00000380 | Inst = 0x00b00113 (ALU-I )
-----------------------------------------------------------------
Time: 2310000 | PC = 0x00000384 | Inst = 0x40208733 (ALU-R )
-----------------------------------------------------------------
Time: 2320000 | PC = 0x00000388 | Inst = 0x00000013 (ALU-I )
          -> [EX] FORWARDING ACTIVATED | RS1_sel: 10, RS2_sel: 01
-----------------------------------------------------------------
Time: 2330000 | PC = 0x0000038c | Inst = 0x00070313 (ALU-I )
-----------------------------------------------------------------
Time: 2340000 | PC = 0x00000390 | Inst = 0x00120213 (ALU-I )
          -> [EX] FORWARDING ACTIVATED | RS1_sel: 10, RS2_sel: 00
-----------------------------------------------------------------
Time: 2350000 | PC = 0x00000394 | Inst = 0x00200293 (ALU-I )
-----------------------------------------------------------------
Time: 2360000 | PC = 0x00000398 | Inst = 0xfe5212e3 (BRANCH)
-----------------------------------------------------------------
Time: 2370000 | PC = 0x0000039c | Inst = 0x00300393 (ALU-I )
          -> [EX] FORWARDING ACTIVATED | RS1_sel: 10, RS2_sel: 01
-----------------------------------------------------------------
Time: 2380000 | PC = 0x000003a0 | Inst = 0x2a731663 (BRANCH)
-----------------------------------------------------------------
Time: 2390000 | PC = 0x000003a4 | Inst = 0x01500193 (ALU-I )
          -> [EX] FORWARDING ACTIVATED | RS1_sel: 00, RS2_sel: 01
-----------------------------------------------------------------
Time: 2400000 | PC = 0x000003a8 | Inst = 0x00000213 (ALU-I )
-----------------------------------------------------------------
Time: 2410000 | PC = 0x000003ac | Inst = 0x00f00093 (ALU-I )
-----------------------------------------------------------------
Time: 2420000 | PC = 0x000003b0 | Inst = 0x00b00113 (ALU-I )
-----------------------------------------------------------------
Time: 2430000 | PC = 0x000003b4 | Inst = 0x40208733 (ALU-R )
-----------------------------------------------------------------
Time: 2440000 | PC = 0x000003b8 | Inst = 0x00000013 (ALU-I )
          -> [EX] FORWARDING ACTIVATED | RS1_sel: 10, RS2_sel: 01
-----------------------------------------------------------------
Time: 2450000 | PC = 0x000003bc | Inst = 0x00000013 (ALU-I )
-----------------------------------------------------------------
Time: 2460000 | PC = 0x000003c0 | Inst = 0x00070313 (ALU-I )
-----------------------------------------------------------------
Time: 2470000 | PC = 0x000003c4 | Inst = 0x00120213 (ALU-I )
-----------------------------------------------------------------
Time: 2480000 | PC = 0x000003c8 | Inst = 0x00200293 (ALU-I )
-----------------------------------------------------------------
Time: 2490000 | PC = 0x000003cc | Inst = 0xfe5210e3 (BRANCH)
-----------------------------------------------------------------
Time: 2500000 | PC = 0x000003d0 | Inst = 0x00400393 (ALU-I )
          -> [EX] FORWARDING ACTIVATED | RS1_sel: 10, RS2_sel: 01
-----------------------------------------------------------------
Time: 2510000 | PC = 0x000003d4 | Inst = 0x26731c63 (BRANCH)
-----------------------------------------------------------------
Time: 2520000 | PC = 0x000003d8 | Inst = 0x01600193 (ALU-I )
          -> [EX] FORWARDING ACTIVATED | RS1_sel: 00, RS2_sel: 01
-----------------------------------------------------------------
Time: 2530000 | PC = 0x000003dc | Inst = 0x00000213 (ALU-I )
-----------------------------------------------------------------
Time: 2540000 | PC = 0x000003e0 | Inst = 0x00d00093 (ALU-I )
-----------------------------------------------------------------
Time: 2550000 | PC = 0x000003e4 | Inst = 0x00b00113 (ALU-I )
-----------------------------------------------------------------
Time: 2560000 | PC = 0x000003e8 | Inst = 0x40208733 (ALU-R )
-----------------------------------------------------------------
Time: 2570000 | PC = 0x000003ec | Inst = 0x00120213 (ALU-I )
          -> [EX] FORWARDING ACTIVATED | RS1_sel: 10, RS2_sel: 01
-----------------------------------------------------------------
Time: 2580000 | PC = 0x000003f0 | Inst = 0x00200293 (ALU-I )
-----------------------------------------------------------------
Time: 2590000 | PC = 0x000003f4 | Inst = 0xfe5216e3 (BRANCH)
-----------------------------------------------------------------
Time: 2600000 | PC = 0x000003f8 | Inst = 0x00200393 (ALU-I )
          -> [EX] FORWARDING ACTIVATED | RS1_sel: 10, RS2_sel: 01
-----------------------------------------------------------------
Time: 2610000 | PC = 0x000003fc | Inst = 0x24771863 (BRANCH)
-----------------------------------------------------------------
Time: 2620000 | PC = 0x00000400 | Inst = 0x01700193 (ALU-I )
          -> [EX] FORWARDING ACTIVATED | RS1_sel: 00, RS2_sel: 01
-----------------------------------------------------------------
Time: 2630000 | PC = 0x00000404 | Inst = 0x00000213 (ALU-I )
-----------------------------------------------------------------
Time: 2640000 | PC = 0x00000408 | Inst = 0x00e00093 (ALU-I )
-----------------------------------------------------------------
Time: 2650000 | PC = 0x0000040c | Inst = 0x00b00113 (ALU-I )
-----------------------------------------------------------------
Time: 2660000 | PC = 0x00000410 | Inst = 0x00000013 (ALU-I )
-----------------------------------------------------------------
Time: 2670000 | PC = 0x00000414 | Inst = 0x40208733 (ALU-R )
-----------------------------------------------------------------
Time: 2680000 | PC = 0x00000418 | Inst = 0x00120213 (ALU-I )
          -> [EX] FORWARDING ACTIVATED | RS1_sel: 00, RS2_sel: 10
-----------------------------------------------------------------
Time: 2690000 | PC = 0x0000041c | Inst = 0x00200293 (ALU-I )
-----------------------------------------------------------------
Time: 2700000 | PC = 0x00000420 | Inst = 0xfe5214e3 (BRANCH)
-----------------------------------------------------------------
Time: 2710000 | PC = 0x00000424 | Inst = 0x00300393 (ALU-I )
          -> [EX] FORWARDING ACTIVATED | RS1_sel: 10, RS2_sel: 01
-----------------------------------------------------------------
Time: 2720000 | PC = 0x00000428 | Inst = 0x22771263 (BRANCH)
-----------------------------------------------------------------
Time: 2730000 | PC = 0x0000042c | Inst = 0x01800193 (ALU-I )
          -> [EX] FORWARDING ACTIVATED | RS1_sel: 00, RS2_sel: 01
-----------------------------------------------------------------
Time: 2740000 | PC = 0x00000430 | Inst = 0x00000213 (ALU-I )
-----------------------------------------------------------------
Time: 2750000 | PC = 0x00000434 | Inst = 0x00f00093 (ALU-I )
-----------------------------------------------------------------
Time: 2760000 | PC = 0x00000438 | Inst = 0x00b00113 (ALU-I )
-----------------------------------------------------------------
Time: 2770000 | PC = 0x0000043c | Inst = 0x00000013 (ALU-I )
-----------------------------------------------------------------
Time: 2780000 | PC = 0x00000440 | Inst = 0x00000013 (ALU-I )
-----------------------------------------------------------------
Time: 2790000 | PC = 0x00000444 | Inst = 0x40208733 (ALU-R )
-----------------------------------------------------------------
Time: 2800000 | PC = 0x00000448 | Inst = 0x00120213 (ALU-I )
-----------------------------------------------------------------
Time: 2810000 | PC = 0x0000044c | Inst = 0x00200293 (ALU-I )
-----------------------------------------------------------------
Time: 2820000 | PC = 0x00000450 | Inst = 0xfe5212e3 (BRANCH)
-----------------------------------------------------------------
Time: 2830000 | PC = 0x00000454 | Inst = 0x00400393 (ALU-I )
          -> [EX] FORWARDING ACTIVATED | RS1_sel: 10, RS2_sel: 01
-----------------------------------------------------------------
Time: 2840000 | PC = 0x00000458 | Inst = 0x1e771a63 (BRANCH)
-----------------------------------------------------------------
Time: 2850000 | PC = 0x0000045c | Inst = 0x01900193 (ALU-I )
          -> [EX] FORWARDING ACTIVATED | RS1_sel: 00, RS2_sel: 01
-----------------------------------------------------------------
Time: 2860000 | PC = 0x00000460 | Inst = 0x00000213 (ALU-I )
-----------------------------------------------------------------
Time: 2870000 | PC = 0x00000464 | Inst = 0x00d00093 (ALU-I )
-----------------------------------------------------------------
Time: 2880000 | PC = 0x00000468 | Inst = 0x00000013 (ALU-I )
-----------------------------------------------------------------
Time: 2890000 | PC = 0x0000046c | Inst = 0x00b00113 (ALU-I )
-----------------------------------------------------------------
Time: 2900000 | PC = 0x00000470 | Inst = 0x40208733 (ALU-R )
-----------------------------------------------------------------
Time: 2910000 | PC = 0x00000474 | Inst = 0x00120213 (ALU-I )
          -> [EX] FORWARDING ACTIVATED | RS1_sel: 00, RS2_sel: 01
-----------------------------------------------------------------
Time: 2920000 | PC = 0x00000478 | Inst = 0x00200293 (ALU-I )
-----------------------------------------------------------------
Time: 2930000 | PC = 0x0000047c | Inst = 0xfe5214e3 (BRANCH)
-----------------------------------------------------------------
Time: 2940000 | PC = 0x00000480 | Inst = 0x00200393 (ALU-I )
          -> [EX] FORWARDING ACTIVATED | RS1_sel: 10, RS2_sel: 01
-----------------------------------------------------------------
Time: 2950000 | PC = 0x00000484 | Inst = 0x1c771463 (BRANCH)
-----------------------------------------------------------------
Time: 2960000 | PC = 0x00000488 | Inst = 0x01a00193 (ALU-I )
          -> [EX] FORWARDING ACTIVATED | RS1_sel: 00, RS2_sel: 01
-----------------------------------------------------------------
Time: 2970000 | PC = 0x0000048c | Inst = 0x00000213 (ALU-I )
-----------------------------------------------------------------
Time: 2980000 | PC = 0x00000490 | Inst = 0x00e00093 (ALU-I )
-----------------------------------------------------------------
Time: 2990000 | PC = 0x00000494 | Inst = 0x00000013 (ALU-I )
-----------------------------------------------------------------
Time: 3000000 | PC = 0x00000498 | Inst = 0x00b00113 (ALU-I )
-----------------------------------------------------------------
Time: 3010000 | PC = 0x0000049c | Inst = 0x00000013 (ALU-I )
-----------------------------------------------------------------
Time: 3020000 | PC = 0x000004a0 | Inst = 0x40208733 (ALU-R )
-----------------------------------------------------------------
Time: 3030000 | PC = 0x000004a4 | Inst = 0x00120213 (ALU-I )
          -> [EX] FORWARDING ACTIVATED | RS1_sel: 00, RS2_sel: 10
-----------------------------------------------------------------
Time: 3040000 | PC = 0x000004a8 | Inst = 0x00200293 (ALU-I )
-----------------------------------------------------------------
Time: 3050000 | PC = 0x000004ac | Inst = 0xfe5212e3 (BRANCH)
-----------------------------------------------------------------
Time: 3060000 | PC = 0x000004b0 | Inst = 0x00300393 (ALU-I )
          -> [EX] FORWARDING ACTIVATED | RS1_sel: 10, RS2_sel: 01
-----------------------------------------------------------------
Time: 3070000 | PC = 0x000004b4 | Inst = 0x18771c63 (BRANCH)
-----------------------------------------------------------------
Time: 3080000 | PC = 0x000004b8 | Inst = 0x01b00193 (ALU-I )
          -> [EX] FORWARDING ACTIVATED | RS1_sel: 00, RS2_sel: 01
-----------------------------------------------------------------
Time: 3090000 | PC = 0x000004bc | Inst = 0x00000213 (ALU-I )
-----------------------------------------------------------------
Time: 3100000 | PC = 0x000004c0 | Inst = 0x00f00093 (ALU-I )
-----------------------------------------------------------------
Time: 3110000 | PC = 0x000004c4 | Inst = 0x00000013 (ALU-I )
-----------------------------------------------------------------
Time: 3120000 | PC = 0x000004c8 | Inst = 0x00000013 (ALU-I )
-----------------------------------------------------------------
Time: 3130000 | PC = 0x000004cc | Inst = 0x00b00113 (ALU-I )
-----------------------------------------------------------------
Time: 3140000 | PC = 0x000004d0 | Inst = 0x40208733 (ALU-R )
-----------------------------------------------------------------
Time: 3150000 | PC = 0x000004d4 | Inst = 0x00120213 (ALU-I )
          -> [EX] FORWARDING ACTIVATED | RS1_sel: 00, RS2_sel: 01
-----------------------------------------------------------------
Time: 3160000 | PC = 0x000004d8 | Inst = 0x00200293 (ALU-I )
-----------------------------------------------------------------
Time: 3170000 | PC = 0x000004dc | Inst = 0xfe5212e3 (BRANCH)
-----------------------------------------------------------------
Time: 3180000 | PC = 0x000004e0 | Inst = 0x00400393 (ALU-I )
          -> [EX] FORWARDING ACTIVATED | RS1_sel: 10, RS2_sel: 01
-----------------------------------------------------------------
Time: 3190000 | PC = 0x000004e4 | Inst = 0x16771463 (BRANCH)
-----------------------------------------------------------------
Time: 3200000 | PC = 0x000004e8 | Inst = 0x01c00193 (ALU-I )
          -> [EX] FORWARDING ACTIVATED | RS1_sel: 00, RS2_sel: 01
-----------------------------------------------------------------
Time: 3210000 | PC = 0x000004ec | Inst = 0x00000213 (ALU-I )
-----------------------------------------------------------------
Time: 3220000 | PC = 0x000004f0 | Inst = 0x00b00113 (ALU-I )
-----------------------------------------------------------------
Time: 3230000 | PC = 0x000004f4 | Inst = 0x00d00093 (ALU-I )
-----------------------------------------------------------------
Time: 3240000 | PC = 0x000004f8 | Inst = 0x40208733 (ALU-R )
-----------------------------------------------------------------
Time: 3250000 | PC = 0x000004fc | Inst = 0x00120213 (ALU-I )
          -> [EX] FORWARDING ACTIVATED | RS1_sel: 01, RS2_sel: 10
-----------------------------------------------------------------
Time: 3260000 | PC = 0x00000500 | Inst = 0x00200293 (ALU-I )
          -> [EX] FORWARDING ACTIVATED | RS1_sel: 00, RS2_sel: 10
-----------------------------------------------------------------
Time: 3270000 | PC = 0x00000504 | Inst = 0xfe5216e3 (BRANCH)
-----------------------------------------------------------------
Time: 3280000 | PC = 0x00000508 | Inst = 0x00200393 (ALU-I )
          -> [EX] FORWARDING ACTIVATED | RS1_sel: 10, RS2_sel: 01
-----------------------------------------------------------------
Time: 3290000 | PC = 0x0000050c | Inst = 0x14771063 (BRANCH)
-----------------------------------------------------------------
Time: 3300000 | PC = 0x00000510 | Inst = 0x01d00193 (ALU-I )
          -> [EX] FORWARDING ACTIVATED | RS1_sel: 00, RS2_sel: 01
-----------------------------------------------------------------
Time: 3310000 | PC = 0x00000514 | Inst = 0x00000213 (ALU-I )
-----------------------------------------------------------------
Time: 3320000 | PC = 0x00000518 | Inst = 0x00b00113 (ALU-I )
-----------------------------------------------------------------
Time: 3330000 | PC = 0x0000051c | Inst = 0x00e00093 (ALU-I )
-----------------------------------------------------------------
Time: 3340000 | PC = 0x00000520 | Inst = 0x00000013 (ALU-I )
-----------------------------------------------------------------
Time: 3350000 | PC = 0x00000524 | Inst = 0x40208733 (ALU-R )
-----------------------------------------------------------------
Time: 3360000 | PC = 0x00000528 | Inst = 0x00120213 (ALU-I )
          -> [EX] FORWARDING ACTIVATED | RS1_sel: 10, RS2_sel: 00
-----------------------------------------------------------------
Time: 3370000 | PC = 0x0000052c | Inst = 0x00200293 (ALU-I )
-----------------------------------------------------------------
Time: 3380000 | PC = 0x00000530 | Inst = 0xfe5214e3 (BRANCH)
-----------------------------------------------------------------
Time: 3390000 | PC = 0x00000534 | Inst = 0x00300393 (ALU-I )
          -> [EX] FORWARDING ACTIVATED | RS1_sel: 10, RS2_sel: 01
-----------------------------------------------------------------
Time: 3400000 | PC = 0x00000538 | Inst = 0x10771a63 (BRANCH)
-----------------------------------------------------------------
Time: 3410000 | PC = 0x0000053c | Inst = 0x01e00193 (ALU-I )
          -> [EX] FORWARDING ACTIVATED | RS1_sel: 00, RS2_sel: 01
-----------------------------------------------------------------
Time: 3420000 | PC = 0x00000540 | Inst = 0x00000213 (ALU-I )
-----------------------------------------------------------------
Time: 3430000 | PC = 0x00000544 | Inst = 0x00b00113 (ALU-I )
-----------------------------------------------------------------
Time: 3440000 | PC = 0x00000548 | Inst = 0x00f00093 (ALU-I )
-----------------------------------------------------------------
Time: 3450000 | PC = 0x0000054c | Inst = 0x00000013 (ALU-I )
-----------------------------------------------------------------
Time: 3460000 | PC = 0x00000550 | Inst = 0x00000013 (ALU-I )
-----------------------------------------------------------------
Time: 3470000 | PC = 0x00000554 | Inst = 0x40208733 (ALU-R )
-----------------------------------------------------------------
Time: 3480000 | PC = 0x00000558 | Inst = 0x00120213 (ALU-I )
-----------------------------------------------------------------
Time: 3490000 | PC = 0x0000055c | Inst = 0x00200293 (ALU-I )
-----------------------------------------------------------------
Time: 3500000 | PC = 0x00000560 | Inst = 0xfe5212e3 (BRANCH)
-----------------------------------------------------------------
Time: 3510000 | PC = 0x00000564 | Inst = 0x00400393 (ALU-I )
          -> [EX] FORWARDING ACTIVATED | RS1_sel: 10, RS2_sel: 01
-----------------------------------------------------------------
Time: 3520000 | PC = 0x00000568 | Inst = 0x0e771263 (BRANCH)
-----------------------------------------------------------------
Time: 3530000 | PC = 0x0000056c | Inst = 0x01f00193 (ALU-I )
          -> [EX] FORWARDING ACTIVATED | RS1_sel: 00, RS2_sel: 01
-----------------------------------------------------------------
Time: 3540000 | PC = 0x00000570 | Inst = 0x00000213 (ALU-I )
-----------------------------------------------------------------
Time: 3550000 | PC = 0x00000574 | Inst = 0x00b00113 (ALU-I )
-----------------------------------------------------------------
Time: 3560000 | PC = 0x00000578 | Inst = 0x00000013 (ALU-I )
-----------------------------------------------------------------
Time: 3570000 | PC = 0x0000057c | Inst = 0x00d00093 (ALU-I )
-----------------------------------------------------------------
Time: 3580000 | PC = 0x00000580 | Inst = 0x40208733 (ALU-R )
-----------------------------------------------------------------
Time: 3590000 | PC = 0x00000584 | Inst = 0x00120213 (ALU-I )
          -> [EX] FORWARDING ACTIVATED | RS1_sel: 01, RS2_sel: 00
-----------------------------------------------------------------
Time: 3600000 | PC = 0x00000588 | Inst = 0x00200293 (ALU-I )
          -> [EX] FORWARDING ACTIVATED | RS1_sel: 00, RS2_sel: 10
-----------------------------------------------------------------
Time: 3610000 | PC = 0x0000058c | Inst = 0xfe5214e3 (BRANCH)
-----------------------------------------------------------------
Time: 3620000 | PC = 0x00000590 | Inst = 0x00200393 (ALU-I )
          -> [EX] FORWARDING ACTIVATED | RS1_sel: 10, RS2_sel: 01
-----------------------------------------------------------------
Time: 3630000 | PC = 0x00000594 | Inst = 0x0a771c63 (BRANCH)
-----------------------------------------------------------------
Time: 3640000 | PC = 0x00000598 | Inst = 0x02000193 (ALU-I )
          -> [EX] FORWARDING ACTIVATED | RS1_sel: 00, RS2_sel: 01
-----------------------------------------------------------------
Time: 3650000 | PC = 0x0000059c | Inst = 0x00000213 (ALU-I )
-----------------------------------------------------------------
Time: 3660000 | PC = 0x000005a0 | Inst = 0x00b00113 (ALU-I )
-----------------------------------------------------------------
Time: 3670000 | PC = 0x000005a4 | Inst = 0x00000013 (ALU-I )
-----------------------------------------------------------------
Time: 3680000 | PC = 0x000005a8 | Inst = 0x00e00093 (ALU-I )
-----------------------------------------------------------------
Time: 3690000 | PC = 0x000005ac | Inst = 0x00000013 (ALU-I )
-----------------------------------------------------------------
Time: 3700000 | PC = 0x000005b0 | Inst = 0x40208733 (ALU-R )
-----------------------------------------------------------------
Time: 3710000 | PC = 0x000005b4 | Inst = 0x00120213 (ALU-I )
          -> [EX] FORWARDING ACTIVATED | RS1_sel: 10, RS2_sel: 00
-----------------------------------------------------------------
Time: 3720000 | PC = 0x000005b8 | Inst = 0x00200293 (ALU-I )
-----------------------------------------------------------------
Time: 3730000 | PC = 0x000005bc | Inst = 0xfe5212e3 (BRANCH)
-----------------------------------------------------------------
Time: 3740000 | PC = 0x000005c0 | Inst = 0x00300393 (ALU-I )
          -> [EX] FORWARDING ACTIVATED | RS1_sel: 10, RS2_sel: 01
-----------------------------------------------------------------
Time: 3750000 | PC = 0x000005c4 | Inst = 0x08771463 (BRANCH)
-----------------------------------------------------------------
Time: 3760000 | PC = 0x000005c8 | Inst = 0x02100193 (ALU-I )
          -> [EX] FORWARDING ACTIVATED | RS1_sel: 00, RS2_sel: 01
-----------------------------------------------------------------
Time: 3770000 | PC = 0x000005cc | Inst = 0x00000213 (ALU-I )
-----------------------------------------------------------------
Time: 3780000 | PC = 0x000005d0 | Inst = 0x00b00113 (ALU-I )
-----------------------------------------------------------------
Time: 3790000 | PC = 0x000005d4 | Inst = 0x00000013 (ALU-I )
-----------------------------------------------------------------
Time: 3800000 | PC = 0x000005d8 | Inst = 0x00000013 (ALU-I )
-----------------------------------------------------------------
Time: 3810000 | PC = 0x000005dc | Inst = 0x00f00093 (ALU-I )
-----------------------------------------------------------------
Time: 3820000 | PC = 0x000005e0 | Inst = 0x40208733 (ALU-R )
-----------------------------------------------------------------
Time: 3830000 | PC = 0x000005e4 | Inst = 0x00120213 (ALU-I )
          -> [EX] FORWARDING ACTIVATED | RS1_sel: 01, RS2_sel: 00
-----------------------------------------------------------------
Time: 3840000 | PC = 0x000005e8 | Inst = 0x00200293 (ALU-I )
          -> [EX] FORWARDING ACTIVATED | RS1_sel: 00, RS2_sel: 10
-----------------------------------------------------------------
Time: 3850000 | PC = 0x000005ec | Inst = 0xfe5212e3 (BRANCH)
-----------------------------------------------------------------
Time: 3860000 | PC = 0x000005f0 | Inst = 0x00400393 (ALU-I )
          -> [EX] FORWARDING ACTIVATED | RS1_sel: 10, RS2_sel: 01
-----------------------------------------------------------------
Time: 3870000 | PC = 0x000005f4 | Inst = 0x04771c63 (BRANCH)
-----------------------------------------------------------------
Time: 3880000 | PC = 0x000005f8 | Inst = 0x02200193 (ALU-I )
          -> [EX] FORWARDING ACTIVATED | RS1_sel: 00, RS2_sel: 01
-----------------------------------------------------------------
Time: 3890000 | PC = 0x000005fc | Inst = 0xff100093 (ALU-I )
-----------------------------------------------------------------
Time: 3900000 | PC = 0x00000600 | Inst = 0x40100133 (ALU-R )
-----------------------------------------------------------------
Time: 3910000 | PC = 0x00000604 | Inst = 0x00f00393 (ALU-I )
          -> [EX] FORWARDING ACTIVATED | RS1_sel: 00, RS2_sel: 01
-----------------------------------------------------------------
Time: 3920000 | PC = 0x00000608 | Inst = 0x04711263 (BRANCH)
-----------------------------------------------------------------
Time: 3930000 | PC = 0x0000060c | Inst = 0x02300193 (ALU-I )
          -> [EX] FORWARDING ACTIVATED | RS1_sel: 10, RS2_sel: 01
-----------------------------------------------------------------
Time: 3940000 | PC = 0x00000610 | Inst = 0x02000093 (ALU-I )
-----------------------------------------------------------------
Time: 3950000 | PC = 0x00000614 | Inst = 0x40008133 (ALU-R )
-----------------------------------------------------------------
Time: 3960000 | PC = 0x00000618 | Inst = 0x02000393 (ALU-I )
          -> [EX] FORWARDING ACTIVATED | RS1_sel: 01, RS2_sel: 00
-----------------------------------------------------------------
Time: 3970000 | PC = 0x0000061c | Inst = 0x02711863 (BRANCH)
-----------------------------------------------------------------
Time: 3980000 | PC = 0x00000620 | Inst = 0x02400193 (ALU-I )
          -> [EX] FORWARDING ACTIVATED | RS1_sel: 10, RS2_sel: 01
-----------------------------------------------------------------
Time: 3990000 | PC = 0x00000624 | Inst = 0x400000b3 (ALU-R )
-----------------------------------------------------------------
Time: 4000000 | PC = 0x00000628 | Inst = 0x00000393 (ALU-I )
-----------------------------------------------------------------
Time: 4010000 | PC = 0x0000062c | Inst = 0x02709063 (BRANCH)
-----------------------------------------------------------------
Time: 4020000 | PC = 0x00000630 | Inst = 0x02500193 (ALU-I )
          -> [EX] FORWARDING ACTIVATED | RS1_sel: 10, RS2_sel: 01
-----------------------------------------------------------------
Time: 4030000 | PC = 0x00000634 | Inst = 0x01000093 (ALU-I )
-----------------------------------------------------------------
Time: 4040000 | PC = 0x00000638 | Inst = 0x01e00113 (ALU-I )
-----------------------------------------------------------------
Time: 4050000 | PC = 0x0000063c | Inst = 0x40208033 (ALU-R )
-----------------------------------------------------------------
Time: 4060000 | PC = 0x00000640 | Inst = 0x00000393 (ALU-I )
          -> [EX] FORWARDING ACTIVATED | RS1_sel: 10, RS2_sel: 01
-----------------------------------------------------------------
Time: 4070000 | PC = 0x00000644 | Inst = 0x00701463 (BRANCH)
-----------------------------------------------------------------
Time: 4080000 | PC = 0x00000648 | Inst = 0x02301063 (BRANCH)
          -> [EX] FORWARDING ACTIVATED | RS1_sel: 00, RS2_sel: 01
-----------------------------------------------------------------
Time: 4090000 | PC = 0x0000064c | Inst = 0x0ff0000f (UNKNWN)
-----------------------------------------------------------------
Time: 4100000 | PC = 0x00000650 | Inst = 0x00018063 (BRANCH)
-----------------------------------------------------------------
Time: 4110000 | PC = 0x00000654 | Inst = 0x00119193 (ALU-I )
-----------------------------------------------------------------
Time: 4120000 | PC = 0x00000658 | Inst = 0x0011e193 (ALU-I )
-----------------------------------------------------------------
Time: 4130000 | PC = 0x0000065c | Inst = 0x05d00893 (ALU-I )
          -> [EX] FORWARDING ACTIVATED | RS1_sel: 01, RS2_sel: 00
-----------------------------------------------------------------
Time: 4140000 | PC = 0x00000660 | Inst = 0x00018513 (ALU-I )
-----------------------------------------------------------------
Time: 4150000 | PC = 0x00000664 | Inst = 0x00000073 (ECALL )
          -> [EX] FORWARDING ACTIVATED | RS1_sel: 10, RS2_sel: 00
-----------------------------------------------------------------
Time: 4160000 | PC = 0x00000668 | Inst = 0x0ff0000f (UNKNWN)
-----------------------------------------------------------------
Time: 4170000 | PC = 0x0000066c | Inst = 0x00100193 (ALU-I )
-----------------------------------------------------------------
Time: 4180000 | PC = 0x00000670 | Inst = 0x05d00893 (ALU-I )
-----------------------------------------------------------------
Time: 4190000 | PC = 0x00000674 | Inst = 0x00000513 (ALU-I )
-----------------------------------------------------------------
Time: 4200000 | PC = 0x00000678 | Inst = 0x00000073 (ECALL )
-----------------------------------------------------------------
Time: 4210000 | PC = 0x0000067c | Inst = 0xc0001073 (ECALL )
-----------------------------------------------------------------
Time: 4220000 | PC = 0x00000680 | Inst = 0x00000000 (BUBBLE)
-----------------------------------------------------------------
Time: 4230000 | PC = 0x00000684 | Inst = 0x00000000 (BUBBLE)
-----------------------------------------------------------------
Time: 4240000 | PC = 0x00000688 | Inst = 0x00000000 (BUBBLE)
-----------------------------------------------------------------
Time: 4250000 | PC = 0x0000068c | Inst = 0x00000000 (BUBBLE)
-----------------------------------------------------------------
Time: 4260000 | PC = 0x00000690 | Inst = 0x00000000 (BUBBLE)
-----------------------------------------------------------------
Time: 4270000 | PC = 0x00000694 | Inst = 0x00000000 (BUBBLE)
-----------------------------------------------------------------
Time: 4280000 | PC = 0x00000698 | Inst = 0x00000000 (BUBBLE)
-----------------------------------------------------------------
Time: 4290000 | PC = 0x0000069c | Inst = 0x00000000 (BUBBLE)
-----------------------------------------------------------------
Time: 4300000 | PC = 0x000006a0 | Inst = 0x00000000 (BUBBLE)
-----------------------------------------------------------------
Time: 4310000 | PC = 0x000006a4 | Inst = 0x00000000 (BUBBLE)
-----------------------------------------------------------------
Time: 4320000 | PC = 0x000006a8 | Inst = 0x00000000 (BUBBLE)
-----------------------------------------------------------------
Time: 4330000 | PC = 0x000006ac | Inst = 0x00000000 (BUBBLE)
-----------------------------------------------------------------
Time: 4340000 | PC = 0x000006b0 | Inst = 0x00000000 (BUBBLE)
-----------------------------------------------------------------
Time: 4350000 | PC = 0x000006b4 | Inst = 0x00000000 (BUBBLE)
-----------------------------------------------------------------
Time: 4360000 | PC = 0x000006b8 | Inst = 0x00000000 (BUBBLE)
-----------------------------------------------------------------
Time: 4370000 | PC = 0x000006bc | Inst = 0x00000000 (BUBBLE)
-----------------------------------------------------------------
Time: 4380000 | PC = 0x000006c0 | Inst = 0x00000000 (BUBBLE)
-----------------------------------------------------------------
Time: 4390000 | PC = 0x000006c4 | Inst = 0x00000000 (BUBBLE)
-----------------------------------------------------------------
Time: 4400000 | PC = 0x000006c8 | Inst = 0x00000000 (BUBBLE)
-----------------------------------------------------------------
Time: 4410000 | PC = 0x000006cc | Inst = 0x00000000 (BUBBLE)
-----------------------------------------------------------------
Time: 4420000 | PC = 0x000006d0 | Inst = 0x00000000 (BUBBLE)
-----------------------------------------------------------------
Time: 4430000 | PC = 0x000006d4 | Inst = 0x00000000 (BUBBLE)
-----------------------------------------------------------------
Time: 4440000 | PC = 0x000006d8 | Inst = 0x00000000 (BUBBLE)
-----------------------------------------------------------------
Time: 4450000 | PC = 0x000006dc | Inst = 0x00000000 (BUBBLE)
-----------------------------------------------------------------
Time: 4460000 | PC = 0x000006e0 | Inst = 0x00000000 (BUBBLE)
-----------------------------------------------------------------
Time: 4470000 | PC = 0x000006e4 | Inst = 0x00000000 (BUBBLE)
-----------------------------------------------------------------
Time: 4480000 | PC = 0x000006e8 | Inst = 0x00000000 (BUBBLE)
-----------------------------------------------------------------
Time: 4490000 | PC = 0x000006ec | Inst = 0x00000000 (BUBBLE)
-----------------------------------------------------------------
Time: 4500000 | PC = 0x000006f0 | Inst = 0x00000000 (BUBBLE)
-----------------------------------------------------------------
Time: 4510000 | PC = 0x000006f4 | Inst = 0x00000000 (BUBBLE)
-----------------------------------------------------------------
Time: 4520000 | PC = 0x000006f8 | Inst = 0x00000000 (BUBBLE)
-----------------------------------------------------------------
Time: 4530000 | PC = 0x000006fc | Inst = 0x00000000 (BUBBLE)
-----------------------------------------------------------------
Time: 4540000 | PC = 0x00000700 | Inst = 0x00000000 (BUBBLE)
-----------------------------------------------------------------
Time: 4550000 | PC = 0x00000704 | Inst = 0x00000000 (BUBBLE)
-----------------------------------------------------------------
Time: 4560000 | PC = 0x00000708 | Inst = 0x00000000 (BUBBLE)
-----------------------------------------------------------------
Time: 4570000 | PC = 0x0000070c | Inst = 0x00000000 (BUBBLE)
-----------------------------------------------------------------
Time: 4580000 | PC = 0x00000710 | Inst = 0x00000000 (BUBBLE)
-----------------------------------------------------------------
Time: 4590000 | PC = 0x00000714 | Inst = 0x00000000 (BUBBLE)
-----------------------------------------------------------------
Time: 4600000 | PC = 0x00000718 | Inst = 0x00000000 (BUBBLE)
-----------------------------------------------------------------
Time: 4610000 | PC = 0x0000071c | Inst = 0x00000000 (BUBBLE)
-----------------------------------------------------------------
Time: 4620000 | PC = 0x00000720 | Inst = 0x00000000 (BUBBLE)
-----------------------------------------------------------------
Time: 4630000 | PC = 0x00000724 | Inst = 0x00000000 (BUBBLE)
-----------------------------------------------------------------
Time: 4640000 | PC = 0x00000728 | Inst = 0x00000000 (BUBBLE)
-----------------------------------------------------------------
Time: 4650000 | PC = 0x0000072c | Inst = 0x00000000 (BUBBLE)
-----------------------------------------------------------------
Time: 4660000 | PC = 0x00000730 | Inst = 0x00000000 (BUBBLE)
-----------------------------------------------------------------
Time: 4670000 | PC = 0x00000734 | Inst = 0x00000000 (BUBBLE)
-----------------------------------------------------------------
Time: 4680000 | PC = 0x00000738 | Inst = 0x00000000 (BUBBLE)
-----------------------------------------------------------------
Time: 4690000 | PC = 0x0000073c | Inst = 0x00000000 (BUBBLE)
-----------------------------------------------------------------
Time: 4700000 | PC = 0x00000740 | Inst = 0x00000000 (BUBBLE)
-----------------------------------------------------------------
Time: 4710000 | PC = 0x00000744 | Inst = 0x00000000 (BUBBLE)
-----------------------------------------------------------------
Time: 4720000 | PC = 0x00000748 | Inst = 0x00000000 (BUBBLE)
-----------------------------------------------------------------
Time: 4730000 | PC = 0x0000074c | Inst = 0x00000000 (BUBBLE)
-----------------------------------------------------------------
Time: 4740000 | PC = 0x00000750 | Inst = 0x00000000 (BUBBLE)
-----------------------------------------------------------------
Time: 4750000 | PC = 0x00000754 | Inst = 0x00000000 (BUBBLE)
-----------------------------------------------------------------
Time: 4760000 | PC = 0x00000758 | Inst = 0x00000000 (BUBBLE)
-----------------------------------------------------------------
Time: 4770000 | PC = 0x0000075c | Inst = 0x00000000 (BUBBLE)
-----------------------------------------------------------------
Time: 4780000 | PC = 0x00000760 | Inst = 0x00000000 (BUBBLE)
-----------------------------------------------------------------
Time: 4790000 | PC = 0x00000764 | Inst = 0x00000000 (BUBBLE)
-----------------------------------------------------------------
Time: 4800000 | PC = 0x00000768 | Inst = 0x00000000 (BUBBLE)
-----------------------------------------------------------------
Time: 4810000 | PC = 0x0000076c | Inst = 0x00000000 (BUBBLE)
-----------------------------------------------------------------
Time: 4820000 | PC = 0x00000770 | Inst = 0x00000000 (BUBBLE)
-----------------------------------------------------------------
Time: 4830000 | PC = 0x00000774 | Inst = 0x00000000 (BUBBLE)
-----------------------------------------------------------------
Time: 4840000 | PC = 0x00000778 | Inst = 0x00000000 (BUBBLE)
-----------------------------------------------------------------
Time: 4850000 | PC = 0x0000077c | Inst = 0x00000000 (BUBBLE)
-----------------------------------------------------------------
Time: 4860000 | PC = 0x00000780 | Inst = 0x00000000 (BUBBLE)
-----------------------------------------------------------------
Time: 4870000 | PC = 0x00000784 | Inst = 0x00000000 (BUBBLE)
-----------------------------------------------------------------
Time: 4880000 | PC = 0x00000788 | Inst = 0x00000000 (BUBBLE)
-----------------------------------------------------------------
Time: 4890000 | PC = 0x0000078c | Inst = 0x00000000 (BUBBLE)
-----------------------------------------------------------------
Time: 4900000 | PC = 0x00000790 | Inst = 0x00000000 (BUBBLE)
-----------------------------------------------------------------
Time: 4910000 | PC = 0x00000794 | Inst = 0x00000000 (BUBBLE)
-----------------------------------------------------------------
Time: 4920000 | PC = 0x00000798 | Inst = 0x00000000 (BUBBLE)
-----------------------------------------------------------------
Time: 4930000 | PC = 0x0000079c | Inst = 0x00000000 (BUBBLE)
-----------------------------------------------------------------
Time: 4940000 | PC = 0x000007a0 | Inst = 0x00000000 (BUBBLE)
-----------------------------------------------------------------
Time: 4950000 | PC = 0x000007a4 | Inst = 0x00000000 (BUBBLE)
-----------------------------------------------------------------
Time: 4960000 | PC = 0x000007a8 | Inst = 0x00000000 (BUBBLE)
-----------------------------------------------------------------
Time: 4970000 | PC = 0x000007ac | Inst = 0x00000000 (BUBBLE)
-----------------------------------------------------------------
Time: 4980000 | PC = 0x000007b0 | Inst = 0x00000000 (BUBBLE)
-----------------------------------------------------------------
Time: 4990000 | PC = 0x000007b4 | Inst = 0x00000000 (BUBBLE)
-----------------------------------------------------------------
Time: 5000000 | PC = 0x000007b8 | Inst = 0x00000000 (BUBBLE)
-----------------------------------------------------------------
Time: 5010000 | PC = 0x000007bc | Inst = 0x00000000 (BUBBLE)
-----------------------------------------------------------------
Time: 5020000 | PC = 0x000007c0 | Inst = 0x00000000 (BUBBLE)
-----------------------------------------------------------------
Time: 5030000 | PC = 0x000007c4 | Inst = 0x00000000 (BUBBLE)
-----------------------------------------------------------------
Time: 5040000 | PC = 0x000007c8 | Inst = 0x00000000 (BUBBLE)
-----------------------------------------------------------------
Time: 5050000 | PC = 0x000007cc | Inst = 0x00000000 (BUBBLE)
-----------------------------------------------------------------
Time: 5060000 | PC = 0x000007d0 | Inst = 0x00000000 (BUBBLE)
-----------------------------------------------------------------
Time: 5070000 | PC = 0x000007d4 | Inst = 0x00000000 (BUBBLE)
-----------------------------------------------------------------
Time: 5080000 | PC = 0x000007d8 | Inst = 0x00000000 (BUBBLE)
-----------------------------------------------------------------
Time: 5090000 | PC = 0x000007dc | Inst = 0x00000000 (BUBBLE)
-----------------------------------------------------------------
Time: 5100000 | PC = 0x000007e0 | Inst = 0x00000000 (BUBBLE)
-----------------------------------------------------------------
Time: 5110000 | PC = 0x000007e4 | Inst = 0x00000000 (BUBBLE)
-----------------------------------------------------------------
Time: 5120000 | PC = 0x000007e8 | Inst = 0x00000000 (BUBBLE)
-----------------------------------------------------------------
Time: 5130000 | PC = 0x000007ec | Inst = 0x00000000 (BUBBLE)
-----------------------------------------------------------------
Time: 5140000 | PC = 0x000007f0 | Inst = 0x00000000 (BUBBLE)
-----------------------------------------------------------------
Time: 5150000 | PC = 0x000007f4 | Inst = 0x00000000 (BUBBLE)
-----------------------------------------------------------------
Time: 5160000 | PC = 0x000007f8 | Inst = 0x00000000 (BUBBLE)
-----------------------------------------------------------------
Time: 5170000 | PC = 0x000007fc | Inst = 0x00000000 (BUBBLE)
-----------------------------------------------------------------
Time: 5180000 | PC = 0x00000800 | Inst = 0x00000000 (BUBBLE)
-----------------------------------------------------------------
Time: 5190000 | PC = 0x00000804 | Inst = 0x00000000 (BUBBLE)
-----------------------------------------------------------------
Time: 5200000 | PC = 0x00000808 | Inst = 0x00000000 (BUBBLE)
-----------------------------------------------------------------
Time: 5210000 | PC = 0x0000080c | Inst = 0x00000000 (BUBBLE)
-----------------------------------------------------------------
Time: 5220000 | PC = 0x00000810 | Inst = 0x00000000 (BUBBLE)
-----------------------------------------------------------------
Time: 5230000 | PC = 0x00000814 | Inst = 0x00000000 (BUBBLE)
-----------------------------------------------------------------
Time: 5240000 | PC = 0x00000818 | Inst = 0x00000000 (BUBBLE)
-----------------------------------------------------------------
Time: 5250000 | PC = 0x0000081c | Inst = 0x00000000 (BUBBLE)
-----------------------------------------------------------------
Time: 5260000 | PC = 0x00000820 | Inst = 0x00000000 (BUBBLE)
-----------------------------------------------------------------
Time: 5270000 | PC = 0x00000824 | Inst = 0x00000000 (BUBBLE)
-----------------------------------------------------------------
Time: 5280000 | PC = 0x00000828 | Inst = 0x00000000 (BUBBLE)
-----------------------------------------------------------------
Time: 5290000 | PC = 0x0000082c | Inst = 0x00000000 (BUBBLE)
-----------------------------------------------------------------
Time: 5300000 | PC = 0x00000830 | Inst = 0x00000000 (BUBBLE)
-----------------------------------------------------------------
Time: 5310000 | PC = 0x00000834 | Inst = 0x00000000 (BUBBLE)
-----------------------------------------------------------------
Time: 5320000 | PC = 0x00000838 | Inst = 0x00000000 (BUBBLE)
-----------------------------------------------------------------
Time: 5330000 | PC = 0x0000083c | Inst = 0x00000000 (BUBBLE)
-----------------------------------------------------------------
Time: 5340000 | PC = 0x00000840 | Inst = 0x00000000 (BUBBLE)
-----------------------------------------------------------------
Time: 5350000 | PC = 0x00000844 | Inst = 0x00000000 (BUBBLE)
-----------------------------------------------------------------
Time: 5360000 | PC = 0x00000848 | Inst = 0x00000000 (BUBBLE)
-----------------------------------------------------------------
Time: 5370000 | PC = 0x0000084c | Inst = 0x00000000 (BUBBLE)
-----------------------------------------------------------------
Time: 5380000 | PC = 0x00000850 | Inst = 0x00000000 (BUBBLE)
-----------------------------------------------------------------
Time: 5390000 | PC = 0x00000854 | Inst = 0x00000000 (BUBBLE)
-----------------------------------------------------------------
Time: 5400000 | PC = 0x00000858 | Inst = 0x00000000 (BUBBLE)
-----------------------------------------------------------------
Time: 5410000 | PC = 0x0000085c | Inst = 0x00000000 (BUBBLE)
-----------------------------------------------------------------
Time: 5420000 | PC = 0x00000860 | Inst = 0x00000000 (BUBBLE)
-----------------------------------------------------------------
Time: 5430000 | PC = 0x00000864 | Inst = 0x00000000 (BUBBLE)
-----------------------------------------------------------------
Time: 5440000 | PC = 0x00000868 | Inst = 0x00000000 (BUBBLE)
-----------------------------------------------------------------
Time: 5450000 | PC = 0x0000086c | Inst = 0x00000000 (BUBBLE)
-----------------------------------------------------------------
Time: 5460000 | PC = 0x00000870 | Inst = 0x00000000 (BUBBLE)
-----------------------------------------------------------------
Time: 5470000 | PC = 0x00000874 | Inst = 0x00000000 (BUBBLE)
-----------------------------------------------------------------
Time: 5480000 | PC = 0x00000878 | Inst = 0x00000000 (BUBBLE)
-----------------------------------------------------------------
Time: 5490000 | PC = 0x0000087c | Inst = 0x00000000 (BUBBLE)
-----------------------------------------------------------------
Time: 5500000 | PC = 0x00000880 | Inst = 0x00000000 (BUBBLE)
-----------------------------------------------------------------
Time: 5510000 | PC = 0x00000884 | Inst = 0x00000000 (BUBBLE)
-----------------------------------------------------------------
Time: 5520000 | PC = 0x00000888 | Inst = 0x00000000 (BUBBLE)
-----------------------------------------------------------------
Time: 5530000 | PC = 0x0000088c | Inst = 0x00000000 (BUBBLE)
-----------------------------------------------------------------
Time: 5540000 | PC = 0x00000890 | Inst = 0x00000000 (BUBBLE)
-----------------------------------------------------------------
Time: 5550000 | PC = 0x00000894 | Inst = 0x00000000 (BUBBLE)
-----------------------------------------------------------------
Time: 5560000 | PC = 0x00000898 | Inst = 0x00000000 (BUBBLE)
-----------------------------------------------------------------
Time: 5570000 | PC = 0x0000089c | Inst = 0x00000000 (BUBBLE)
-----------------------------------------------------------------
Time: 5580000 | PC = 0x000008a0 | Inst = 0x00000000 (BUBBLE)
-----------------------------------------------------------------
Time: 5590000 | PC = 0x000008a4 | Inst = 0x00000000 (BUBBLE)
-----------------------------------------------------------------
Time: 5600000 | PC = 0x000008a8 | Inst = 0x00000000 (BUBBLE)
-----------------------------------------------------------------
Time: 5610000 | PC = 0x000008ac | Inst = 0x00000000 (BUBBLE)
-----------------------------------------------------------------
Time: 5620000 | PC = 0x000008b0 | Inst = 0x00000000 (BUBBLE)
-----------------------------------------------------------------
Time: 5630000 | PC = 0x000008b4 | Inst = 0x00000000 (BUBBLE)
-----------------------------------------------------------------
Time: 5640000 | PC = 0x000008b8 | Inst = 0x00000000 (BUBBLE)
-----------------------------------------------------------------
Time: 5650000 | PC = 0x000008bc | Inst = 0x00000000 (BUBBLE)
-----------------------------------------------------------------
Time: 5660000 | PC = 0x000008c0 | Inst = 0x00000000 (BUBBLE)
-----------------------------------------------------------------
Time: 5670000 | PC = 0x000008c4 | Inst = 0x00000000 (BUBBLE)
-----------------------------------------------------------------
Time: 5680000 | PC = 0x000008c8 | Inst = 0x00000000 (BUBBLE)
-----------------------------------------------------------------
Time: 5690000 | PC = 0x000008cc | Inst = 0x00000000 (BUBBLE)
-----------------------------------------------------------------
Time: 5700000 | PC = 0x000008d0 | Inst = 0x00000000 (BUBBLE)
-----------------------------------------------------------------
Time: 5710000 | PC = 0x000008d4 | Inst = 0x00000000 (BUBBLE)
-----------------------------------------------------------------
Time: 5720000 | PC = 0x000008d8 | Inst = 0x00000000 (BUBBLE)
-----------------------------------------------------------------
Time: 5730000 | PC = 0x000008dc | Inst = 0x00000000 (BUBBLE)
-----------------------------------------------------------------
Time: 5740000 | PC = 0x000008e0 | Inst = 0x00000000 (BUBBLE)
-----------------------------------------------------------------
Time: 5750000 | PC = 0x000008e4 | Inst = 0x00000000 (BUBBLE)
-----------------------------------------------------------------
Time: 5760000 | PC = 0x000008e8 | Inst = 0x00000000 (BUBBLE)
-----------------------------------------------------------------
Time: 5770000 | PC = 0x000008ec | Inst = 0x00000000 (BUBBLE)
-----------------------------------------------------------------
Time: 5780000 | PC = 0x000008f0 | Inst = 0x00000000 (BUBBLE)
-----------------------------------------------------------------
Time: 5790000 | PC = 0x000008f4 | Inst = 0x00000000 (BUBBLE)
-----------------------------------------------------------------
Time: 5800000 | PC = 0x000008f8 | Inst = 0x00000000 (BUBBLE)
-----------------------------------------------------------------
Time: 5810000 | PC = 0x000008fc | Inst = 0x00000000 (BUBBLE)
-----------------------------------------------------------------
Time: 5820000 | PC = 0x00000900 | Inst = 0x00000000 (BUBBLE)
-----------------------------------------------------------------
Time: 5830000 | PC = 0x00000904 | Inst = 0x00000000 (BUBBLE)
-----------------------------------------------------------------
Time: 5840000 | PC = 0x00000908 | Inst = 0x00000000 (BUBBLE)
-----------------------------------------------------------------
Time: 5850000 | PC = 0x0000090c | Inst = 0x00000000 (BUBBLE)
-----------------------------------------------------------------
Time: 5860000 | PC = 0x00000910 | Inst = 0x00000000 (BUBBLE)
-----------------------------------------------------------------
Time: 5870000 | PC = 0x00000914 | Inst = 0x00000000 (BUBBLE)
-----------------------------------------------------------------
Time: 5880000 | PC = 0x00000918 | Inst = 0x00000000 (BUBBLE)
-----------------------------------------------------------------
Time: 5890000 | PC = 0x0000091c | Inst = 0x00000000 (BUBBLE)
-----------------------------------------------------------------
Time: 5900000 | PC = 0x00000920 | Inst = 0x00000000 (BUBBLE)
-----------------------------------------------------------------
Time: 5910000 | PC = 0x00000924 | Inst = 0x00000000 (BUBBLE)
-----------------------------------------------------------------
Time: 5920000 | PC = 0x00000928 | Inst = 0x00000000 (BUBBLE)
-----------------------------------------------------------------
Time: 5930000 | PC = 0x0000092c | Inst = 0x00000000 (BUBBLE)
-----------------------------------------------------------------
Time: 5940000 | PC = 0x00000930 | Inst = 0x00000000 (BUBBLE)
-----------------------------------------------------------------
Time: 5950000 | PC = 0x00000934 | Inst = 0x00000000 (BUBBLE)
-----------------------------------------------------------------
Time: 5960000 | PC = 0x00000938 | Inst = 0x00000000 (BUBBLE)
-----------------------------------------------------------------
Time: 5970000 | PC = 0x0000093c | Inst = 0x00000000 (BUBBLE)
-----------------------------------------------------------------
Time: 5980000 | PC = 0x00000940 | Inst = 0x00000000 (BUBBLE)
-----------------------------------------------------------------
Time: 5990000 | PC = 0x00000944 | Inst = 0x00000000 (BUBBLE)
-----------------------------------------------------------------
Time: 6000000 | PC = 0x00000948 | Inst = 0x00000000 (BUBBLE)
-----------------------------------------------------------------
Time: 6010000 | PC = 0x0000094c | Inst = 0x00000000 (BUBBLE)
-----------------------------------------------------------------
Time: 6020000 | PC = 0x00000950 | Inst = 0x00000000 (BUBBLE)
-----------------------------------------------------------------
Time: 6030000 | PC = 0x00000954 | Inst = 0x00000000 (BUBBLE)
-----------------------------------------------------------------
Time: 6040000 | PC = 0x00000958 | Inst = 0x00000000 (BUBBLE)
-----------------------------------------------------------------
Time: 6050000 | PC = 0x0000095c | Inst = 0x00000000 (BUBBLE)
-----------------------------------------------------------------
Time: 6060000 | PC = 0x00000960 | Inst = 0x00000000 (BUBBLE)
-----------------------------------------------------------------
Time: 6070000 | PC = 0x00000964 | Inst = 0x00000000 (BUBBLE)
-----------------------------------------------------------------
Time: 6080000 | PC = 0x00000968 | Inst = 0x00000000 (BUBBLE)
-----------------------------------------------------------------
Time: 6090000 | PC = 0x0000096c | Inst = 0x00000000 (BUBBLE)
-----------------------------------------------------------------
Time: 6100000 | PC = 0x00000970 | Inst = 0x00000000 (BUBBLE)
-----------------------------------------------------------------
Time: 6110000 | PC = 0x00000974 | Inst = 0x00000000 (BUBBLE)
-----------------------------------------------------------------
Time: 6120000 | PC = 0x00000978 | Inst = 0x00000000 (BUBBLE)
-----------------------------------------------------------------
Time: 6130000 | PC = 0x0000097c | Inst = 0x00000000 (BUBBLE)
-----------------------------------------------------------------
Time: 6140000 | PC = 0x00000980 | Inst = 0x00000000 (BUBBLE)
-----------------------------------------------------------------
Time: 6150000 | PC = 0x00000984 | Inst = 0x00000000 (BUBBLE)
-----------------------------------------------------------------
Time: 6160000 | PC = 0x00000988 | Inst = 0x00000000 (BUBBLE)
-----------------------------------------------------------------
Time: 6170000 | PC = 0x0000098c | Inst = 0x00000000 (BUBBLE)
-----------------------------------------------------------------
Time: 6180000 | PC = 0x00000990 | Inst = 0x00000000 (BUBBLE)
-----------------------------------------------------------------
Time: 6190000 | PC = 0x00000994 | Inst = 0x00000000 (BUBBLE)
-----------------------------------------------------------------
Time: 6200000 | PC = 0x00000998 | Inst = 0x00000000 (BUBBLE)
-----------------------------------------------------------------
Time: 6210000 | PC = 0x0000099c | Inst = 0x00000000 (BUBBLE)
-----------------------------------------------------------------
Time: 6220000 | PC = 0x000009a0 | Inst = 0x00000000 (BUBBLE)
-----------------------------------------------------------------
Time: 6230000 | PC = 0x000009a4 | Inst = 0x00000000 (BUBBLE)
-----------------------------------------------------------------
Time: 6240000 | PC = 0x000009a8 | Inst = 0x00000000 (BUBBLE)
-----------------------------------------------------------------
Time: 6250000 | PC = 0x000009ac | Inst = 0x00000000 (BUBBLE)
-----------------------------------------------------------------
Time: 6260000 | PC = 0x000009b0 | Inst = 0x00000000 (BUBBLE)
-----------------------------------------------------------------
Time: 6270000 | PC = 0x000009b4 | Inst = 0x00000000 (BUBBLE)
-----------------------------------------------------------------
Time: 6280000 | PC = 0x000009b8 | Inst = 0x00000000 (BUBBLE)
-----------------------------------------------------------------
Time: 6290000 | PC = 0x000009bc | Inst = 0x00000000 (BUBBLE)
-----------------------------------------------------------------
Time: 6300000 | PC = 0x000009c0 | Inst = 0x00000000 (BUBBLE)
-----------------------------------------------------------------
Time: 6310000 | PC = 0x000009c4 | Inst = 0x00000000 (BUBBLE)
-----------------------------------------------------------------
Time: 6320000 | PC = 0x000009c8 | Inst = 0x00000000 (BUBBLE)
-----------------------------------------------------------------
Time: 6330000 | PC = 0x000009cc | Inst = 0x00000000 (BUBBLE)
-----------------------------------------------------------------
Time: 6340000 | PC = 0x000009d0 | Inst = 0x00000000 (BUBBLE)
-----------------------------------------------------------------
Time: 6350000 | PC = 0x000009d4 | Inst = 0x00000000 (BUBBLE)
-----------------------------------------------------------------
Time: 6360000 | PC = 0x000009d8 | Inst = 0x00000000 (BUBBLE)
-----------------------------------------------------------------
Time: 6370000 | PC = 0x000009dc | Inst = 0x00000000 (BUBBLE)
-----------------------------------------------------------------
Time: 6380000 | PC = 0x000009e0 | Inst = 0x00000000 (BUBBLE)
-----------------------------------------------------------------
Time: 6390000 | PC = 0x000009e4 | Inst = 0x00000000 (BUBBLE)
-----------------------------------------------------------------
Time: 6400000 | PC = 0x000009e8 | Inst = 0x00000000 (BUBBLE)
-----------------------------------------------------------------
Time: 6410000 | PC = 0x000009ec | Inst = 0x00000000 (BUBBLE)
-----------------------------------------------------------------
Time: 6420000 | PC = 0x000009f0 | Inst = 0x00000000 (BUBBLE)
-----------------------------------------------------------------
Time: 6430000 | PC = 0x000009f4 | Inst = 0x00000000 (BUBBLE)
-----------------------------------------------------------------
Time: 6440000 | PC = 0x000009f8 | Inst = 0x00000000 (BUBBLE)
-----------------------------------------------------------------
Time: 6450000 | PC = 0x000009fc | Inst = 0x00000000 (BUBBLE)
-----------------------------------------------------------------
Time: 6460000 | PC = 0x00000a00 | Inst = 0x00000000 (BUBBLE)
-----------------------------------------------------------------
Time: 6470000 | PC = 0x00000a04 | Inst = 0x00000000 (BUBBLE)
-----------------------------------------------------------------
Time: 6480000 | PC = 0x00000a08 | Inst = 0x00000000 (BUBBLE)
-----------------------------------------------------------------
Time: 6490000 | PC = 0x00000a0c | Inst = 0x00000000 (BUBBLE)
-----------------------------------------------------------------
Time: 6500000 | PC = 0x00000a10 | Inst = 0x00000000 (BUBBLE)
-----------------------------------------------------------------
Time: 6510000 | PC = 0x00000a14 | Inst = 0x00000000 (BUBBLE)
-----------------------------------------------------------------
Time: 6520000 | PC = 0x00000a18 | Inst = 0x00000000 (BUBBLE)
-----------------------------------------------------------------
Time: 6530000 | PC = 0x00000a1c | Inst = 0x00000000 (BUBBLE)
-----------------------------------------------------------------
Time: 6540000 | PC = 0x00000a20 | Inst = 0x00000000 (BUBBLE)
-----------------------------------------------------------------
Time: 6550000 | PC = 0x00000a24 | Inst = 0x00000000 (BUBBLE)
-----------------------------------------------------------------
Time: 6560000 | PC = 0x00000a28 | Inst = 0x00000000 (BUBBLE)
-----------------------------------------------------------------
Time: 6570000 | PC = 0x00000a2c | Inst = 0x00000000 (BUBBLE)
-----------------------------------------------------------------
Time: 6580000 | PC = 0x00000a30 | Inst = 0x00000000 (BUBBLE)
-----------------------------------------------------------------
Time: 6590000 | PC = 0x00000a34 | Inst = 0x00000000 (BUBBLE)
-----------------------------------------------------------------
Time: 6600000 | PC = 0x00000a38 | Inst = 0x00000000 (BUBBLE)
-----------------------------------------------------------------
Time: 6610000 | PC = 0x00000a3c | Inst = 0x00000000 (BUBBLE)
-----------------------------------------------------------------
Time: 6620000 | PC = 0x00000a40 | Inst = 0x00000000 (BUBBLE)
-----------------------------------------------------------------
Time: 6630000 | PC = 0x00000a44 | Inst = 0x00000000 (BUBBLE)
-----------------------------------------------------------------
Time: 6640000 | PC = 0x00000a48 | Inst = 0x00000000 (BUBBLE)
-----------------------------------------------------------------
Time: 6650000 | PC = 0x00000a4c | Inst = 0x00000000 (BUBBLE)
-----------------------------------------------------------------
Time: 6660000 | PC = 0x00000a50 | Inst = 0x00000000 (BUBBLE)
-----------------------------------------------------------------
Time: 6670000 | PC = 0x00000a54 | Inst = 0x00000000 (BUBBLE)
-----------------------------------------------------------------
Time: 6680000 | PC = 0x00000a58 | Inst = 0x00000000 (BUBBLE)
-----------------------------------------------------------------
Time: 6690000 | PC = 0x00000a5c | Inst = 0x00000000 (BUBBLE)
-----------------------------------------------------------------
Time: 6700000 | PC = 0x00000a60 | Inst = 0x00000000 (BUBBLE)
-----------------------------------------------------------------
Time: 6710000 | PC = 0x00000a64 | Inst = 0x00000000 (BUBBLE)
-----------------------------------------------------------------
Time: 6720000 | PC = 0x00000a68 | Inst = 0x00000000 (BUBBLE)
-----------------------------------------------------------------
Time: 6730000 | PC = 0x00000a6c | Inst = 0x00000000 (BUBBLE)
-----------------------------------------------------------------
Time: 6740000 | PC = 0x00000a70 | Inst = 0x00000000 (BUBBLE)
-----------------------------------------------------------------
Time: 6750000 | PC = 0x00000a74 | Inst = 0x00000000 (BUBBLE)
-----------------------------------------------------------------
Time: 6760000 | PC = 0x00000a78 | Inst = 0x00000000 (BUBBLE)
-----------------------------------------------------------------
Time: 6770000 | PC = 0x00000a7c | Inst = 0x00000000 (BUBBLE)
-----------------------------------------------------------------
Time: 6780000 | PC = 0x00000a80 | Inst = 0x00000000 (BUBBLE)
-----------------------------------------------------------------
Time: 6790000 | PC = 0x00000a84 | Inst = 0x00000000 (BUBBLE)
-----------------------------------------------------------------
Time: 6800000 | PC = 0x00000a88 | Inst = 0x00000000 (BUBBLE)
-----------------------------------------------------------------
Time: 6810000 | PC = 0x00000a8c | Inst = 0x00000000 (BUBBLE)
-----------------------------------------------------------------
Time: 6820000 | PC = 0x00000a90 | Inst = 0x00000000 (BUBBLE)
-----------------------------------------------------------------
Time: 6830000 | PC = 0x00000a94 | Inst = 0x00000000 (BUBBLE)
-----------------------------------------------------------------
Time: 6840000 | PC = 0x00000a98 | Inst = 0x00000000 (BUBBLE)
-----------------------------------------------------------------
Time: 6850000 | PC = 0x00000a9c | Inst = 0x00000000 (BUBBLE)
-----------------------------------------------------------------
Time: 6860000 | PC = 0x00000aa0 | Inst = 0x00000000 (BUBBLE)
-----------------------------------------------------------------
Time: 6870000 | PC = 0x00000aa4 | Inst = 0x00000000 (BUBBLE)
-----------------------------------------------------------------
Time: 6880000 | PC = 0x00000aa8 | Inst = 0x00000000 (BUBBLE)
-----------------------------------------------------------------
Time: 6890000 | PC = 0x00000aac | Inst = 0x00000000 (BUBBLE)
-----------------------------------------------------------------
Time: 6900000 | PC = 0x00000ab0 | Inst = 0x00000000 (BUBBLE)
-----------------------------------------------------------------
Time: 6910000 | PC = 0x00000ab4 | Inst = 0x00000000 (BUBBLE)
-----------------------------------------------------------------
Time: 6920000 | PC = 0x00000ab8 | Inst = 0x00000000 (BUBBLE)
-----------------------------------------------------------------
Time: 6930000 | PC = 0x00000abc | Inst = 0x00000000 (BUBBLE)
-----------------------------------------------------------------
Time: 6940000 | PC = 0x00000ac0 | Inst = 0x00000000 (BUBBLE)
-----------------------------------------------------------------
Time: 6950000 | PC = 0x00000ac4 | Inst = 0x00000000 (BUBBLE)
-----------------------------------------------------------------
Time: 6960000 | PC = 0x00000ac8 | Inst = 0x00000000 (BUBBLE)
-----------------------------------------------------------------
Time: 6970000 | PC = 0x00000acc | Inst = 0x00000000 (BUBBLE)
-----------------------------------------------------------------
Time: 6980000 | PC = 0x00000ad0 | Inst = 0x00000000 (BUBBLE)
-----------------------------------------------------------------
Time: 6990000 | PC = 0x00000ad4 | Inst = 0x00000000 (BUBBLE)
-----------------------------------------------------------------
Time: 7000000 | PC = 0x00000ad8 | Inst = 0x00000000 (BUBBLE)
-----------------------------------------------------------------
Time: 7010000 | PC = 0x00000adc | Inst = 0x00000000 (BUBBLE)
-----------------------------------------------------------------
Time: 7020000 | PC = 0x00000ae0 | Inst = 0x00000000 (BUBBLE)
-----------------------------------------------------------------
Time: 7030000 | PC = 0x00000ae4 | Inst = 0x00000000 (BUBBLE)
-----------------------------------------------------------------
Time: 7040000 | PC = 0x00000ae8 | Inst = 0x00000000 (BUBBLE)
-----------------------------------------------------------------
Time: 7050000 | PC = 0x00000aec | Inst = 0x00000000 (BUBBLE)
-----------------------------------------------------------------
Time: 7060000 | PC = 0x00000af0 | Inst = 0x00000000 (BUBBLE)
-----------------------------------------------------------------
Time: 7070000 | PC = 0x00000af4 | Inst = 0x00000000 (BUBBLE)
-----------------------------------------------------------------
Time: 7080000 | PC = 0x00000af8 | Inst = 0x00000000 (BUBBLE)
-----------------------------------------------------------------
Time: 7090000 | PC = 0x00000afc | Inst = 0x00000000 (BUBBLE)
-----------------------------------------------------------------
Time: 7100000 | PC = 0x00000b00 | Inst = 0x00000000 (BUBBLE)
-----------------------------------------------------------------
Time: 7110000 | PC = 0x00000b04 | Inst = 0x00000000 (BUBBLE)
-----------------------------------------------------------------
Time: 7120000 | PC = 0x00000b08 | Inst = 0x00000000 (BUBBLE)
-----------------------------------------------------------------
Time: 7130000 | PC = 0x00000b0c | Inst = 0x00000000 (BUBBLE)
-----------------------------------------------------------------
Time: 7140000 | PC = 0x00000b10 | Inst = 0x00000000 (BUBBLE)
-----------------------------------------------------------------
Time: 7150000 | PC = 0x00000b14 | Inst = 0x00000000 (BUBBLE)
-----------------------------------------------------------------
Time: 7160000 | PC = 0x00000b18 | Inst = 0x00000000 (BUBBLE)
-----------------------------------------------------------------
Time: 7170000 | PC = 0x00000b1c | Inst = 0x00000000 (BUBBLE)
-----------------------------------------------------------------
Time: 7180000 | PC = 0x00000b20 | Inst = 0x00000000 (BUBBLE)
-----------------------------------------------------------------
Time: 7190000 | PC = 0x00000b24 | Inst = 0x00000000 (BUBBLE)
-----------------------------------------------------------------
Time: 7200000 | PC = 0x00000b28 | Inst = 0x00000000 (BUBBLE)
-----------------------------------------------------------------
Time: 7210000 | PC = 0x00000b2c | Inst = 0x00000000 (BUBBLE)
-----------------------------------------------------------------
Time: 7220000 | PC = 0x00000b30 | Inst = 0x00000000 (BUBBLE)
-----------------------------------------------------------------
Time: 7230000 | PC = 0x00000b34 | Inst = 0x00000000 (BUBBLE)
-----------------------------------------------------------------
Time: 7240000 | PC = 0x00000b38 | Inst = 0x00000000 (BUBBLE)
-----------------------------------------------------------------
Time: 7250000 | PC = 0x00000b3c | Inst = 0x00000000 (BUBBLE)
-----------------------------------------------------------------
Time: 7260000 | PC = 0x00000b40 | Inst = 0x00000000 (BUBBLE)
-----------------------------------------------------------------
Time: 7270000 | PC = 0x00000b44 | Inst = 0x00000000 (BUBBLE)
-----------------------------------------------------------------
Time: 7280000 | PC = 0x00000b48 | Inst = 0x00000000 (BUBBLE)
-----------------------------------------------------------------
Time: 7290000 | PC = 0x00000b4c | Inst = 0x00000000 (BUBBLE)
-----------------------------------------------------------------
Time: 7300000 | PC = 0x00000b50 | Inst = 0x00000000 (BUBBLE)
-----------------------------------------------------------------
Time: 7310000 | PC = 0x00000b54 | Inst = 0x00000000 (BUBBLE)
-----------------------------------------------------------------
Time: 7320000 | PC = 0x00000b58 | Inst = 0x00000000 (BUBBLE)
-----------------------------------------------------------------
Time: 7330000 | PC = 0x00000b5c | Inst = 0x00000000 (BUBBLE)
-----------------------------------------------------------------
Time: 7340000 | PC = 0x00000b60 | Inst = 0x00000000 (BUBBLE)
-----------------------------------------------------------------
Time: 7350000 | PC = 0x00000b64 | Inst = 0x00000000 (BUBBLE)
-----------------------------------------------------------------
Time: 7360000 | PC = 0x00000b68 | Inst = 0x00000000 (BUBBLE)
-----------------------------------------------------------------
Time: 7370000 | PC = 0x00000b6c | Inst = 0x00000000 (BUBBLE)
-----------------------------------------------------------------
Time: 7380000 | PC = 0x00000b70 | Inst = 0x00000000 (BUBBLE)
-----------------------------------------------------------------
Time: 7390000 | PC = 0x00000b74 | Inst = 0x00000000 (BUBBLE)
-----------------------------------------------------------------
Time: 7400000 | PC = 0x00000b78 | Inst = 0x00000000 (BUBBLE)
-----------------------------------------------------------------
Time: 7410000 | PC = 0x00000b7c | Inst = 0x00000000 (BUBBLE)
-----------------------------------------------------------------
Time: 7420000 | PC = 0x00000b80 | Inst = 0x00000000 (BUBBLE)
-----------------------------------------------------------------
Time: 7430000 | PC = 0x00000b84 | Inst = 0x00000000 (BUBBLE)
-----------------------------------------------------------------
Time: 7440000 | PC = 0x00000b88 | Inst = 0x00000000 (BUBBLE)
-----------------------------------------------------------------
Time: 7450000 | PC = 0x00000b8c | Inst = 0x00000000 (BUBBLE)
-----------------------------------------------------------------
Time: 7460000 | PC = 0x00000b90 | Inst = 0x00000000 (BUBBLE)
-----------------------------------------------------------------
Time: 7470000 | PC = 0x00000b94 | Inst = 0x00000000 (BUBBLE)
-----------------------------------------------------------------
Time: 7480000 | PC = 0x00000b98 | Inst = 0x00000000 (BUBBLE)
-----------------------------------------------------------------
Time: 7490000 | PC = 0x00000b9c | Inst = 0x00000000 (BUBBLE)
-----------------------------------------------------------------
Time: 7500000 | PC = 0x00000ba0 | Inst = 0x00000000 (BUBBLE)
-----------------------------------------------------------------
Time: 7510000 | PC = 0x00000ba4 | Inst = 0x00000000 (BUBBLE)
-----------------------------------------------------------------
Time: 7520000 | PC = 0x00000ba8 | Inst = 0x00000000 (BUBBLE)
-----------------------------------------------------------------
Time: 7530000 | PC = 0x00000bac | Inst = 0x00000000 (BUBBLE)
-----------------------------------------------------------------
Time: 7540000 | PC = 0x00000bb0 | Inst = 0x00000000 (BUBBLE)
-----------------------------------------------------------------
Time: 7550000 | PC = 0x00000bb4 | Inst = 0x00000000 (BUBBLE)
-----------------------------------------------------------------
Time: 7560000 | PC = 0x00000bb8 | Inst = 0x00000000 (BUBBLE)
-----------------------------------------------------------------
Time: 7570000 | PC = 0x00000bbc | Inst = 0x00000000 (BUBBLE)
-----------------------------------------------------------------
Time: 7580000 | PC = 0x00000bc0 | Inst = 0x00000000 (BUBBLE)
-----------------------------------------------------------------
Time: 7590000 | PC = 0x00000bc4 | Inst = 0x00000000 (BUBBLE)
-----------------------------------------------------------------
Time: 7600000 | PC = 0x00000bc8 | Inst = 0x00000000 (BUBBLE)
-----------------------------------------------------------------
Time: 7610000 | PC = 0x00000bcc | Inst = 0x00000000 (BUBBLE)
-----------------------------------------------------------------
Time: 7620000 | PC = 0x00000bd0 | Inst = 0x00000000 (BUBBLE)
-----------------------------------------------------------------
Time: 7630000 | PC = 0x00000bd4 | Inst = 0x00000000 (BUBBLE)
-----------------------------------------------------------------
Time: 7640000 | PC = 0x00000bd8 | Inst = 0x00000000 (BUBBLE)
-----------------------------------------------------------------
Time: 7650000 | PC = 0x00000bdc | Inst = 0x00000000 (BUBBLE)
-----------------------------------------------------------------
Time: 7660000 | PC = 0x00000be0 | Inst = 0x00000000 (BUBBLE)
-----------------------------------------------------------------
Time: 7670000 | PC = 0x00000be4 | Inst = 0x00000000 (BUBBLE)
-----------------------------------------------------------------
Time: 7680000 | PC = 0x00000be8 | Inst = 0x00000000 (BUBBLE)
-----------------------------------------------------------------
Time: 7690000 | PC = 0x00000bec | Inst = 0x00000000 (BUBBLE)
-----------------------------------------------------------------
Time: 7700000 | PC = 0x00000bf0 | Inst = 0x00000000 (BUBBLE)
-----------------------------------------------------------------
Time: 7710000 | PC = 0x00000bf4 | Inst = 0x00000000 (BUBBLE)
-----------------------------------------------------------------
Time: 7720000 | PC = 0x00000bf8 | Inst = 0x00000000 (BUBBLE)
-----------------------------------------------------------------
Time: 7730000 | PC = 0x00000bfc | Inst = 0x00000000 (BUBBLE)
-----------------------------------------------------------------
Time: 7740000 | PC = 0x00000c00 | Inst = 0x00000000 (BUBBLE)
-----------------------------------------------------------------
Time: 7750000 | PC = 0x00000c04 | Inst = 0x00000000 (BUBBLE)
-----------------------------------------------------------------
Time: 7760000 | PC = 0x00000c08 | Inst = 0x00000000 (BUBBLE)
-----------------------------------------------------------------
Time: 7770000 | PC = 0x00000c0c | Inst = 0x00000000 (BUBBLE)
-----------------------------------------------------------------
Time: 7780000 | PC = 0x00000c10 | Inst = 0x00000000 (BUBBLE)
-----------------------------------------------------------------
Time: 7790000 | PC = 0x00000c14 | Inst = 0x00000000 (BUBBLE)
-----------------------------------------------------------------
Time: 7800000 | PC = 0x00000c18 | Inst = 0x00000000 (BUBBLE)
-----------------------------------------------------------------
Time: 7810000 | PC = 0x00000c1c | Inst = 0x00000000 (BUBBLE)
-----------------------------------------------------------------
Time: 7820000 | PC = 0x00000c20 | Inst = 0x00000000 (BUBBLE)
-----------------------------------------------------------------
Time: 7830000 | PC = 0x00000c24 | Inst = 0x00000000 (BUBBLE)
-----------------------------------------------------------------
Time: 7840000 | PC = 0x00000c28 | Inst = 0x00000000 (BUBBLE)
-----------------------------------------------------------------
Time: 7850000 | PC = 0x00000c2c | Inst = 0x00000000 (BUBBLE)
-----------------------------------------------------------------
Time: 7860000 | PC = 0x00000c30 | Inst = 0x00000000 (BUBBLE)
-----------------------------------------------------------------
Time: 7870000 | PC = 0x00000c34 | Inst = 0x00000000 (BUBBLE)
-----------------------------------------------------------------
Time: 7880000 | PC = 0x00000c38 | Inst = 0x00000000 (BUBBLE)
-----------------------------------------------------------------
Time: 7890000 | PC = 0x00000c3c | Inst = 0x00000000 (BUBBLE)
-----------------------------------------------------------------
Time: 7900000 | PC = 0x00000c40 | Inst = 0x00000000 (BUBBLE)
-----------------------------------------------------------------
Time: 7910000 | PC = 0x00000c44 | Inst = 0x00000000 (BUBBLE)
-----------------------------------------------------------------
Time: 7920000 | PC = 0x00000c48 | Inst = 0x00000000 (BUBBLE)
-----------------------------------------------------------------
Time: 7930000 | PC = 0x00000c4c | Inst = 0x00000000 (BUBBLE)
-----------------------------------------------------------------
Time: 7940000 | PC = 0x00000c50 | Inst = 0x00000000 (BUBBLE)
-----------------------------------------------------------------
Time: 7950000 | PC = 0x00000c54 | Inst = 0x00000000 (BUBBLE)
-----------------------------------------------------------------
Time: 7960000 | PC = 0x00000c58 | Inst = 0x00000000 (BUBBLE)
-----------------------------------------------------------------
Time: 7970000 | PC = 0x00000c5c | Inst = 0x00000000 (BUBBLE)
-----------------------------------------------------------------
Time: 7980000 | PC = 0x00000c60 | Inst = 0x00000000 (BUBBLE)
-----------------------------------------------------------------
Time: 7990000 | PC = 0x00000c64 | Inst = 0x00000000 (BUBBLE)
-----------------------------------------------------------------
Time: 8000000 | PC = 0x00000c68 | Inst = 0x00000000 (BUBBLE)
-----------------------------------------------------------------
Time: 8010000 | PC = 0x00000c6c | Inst = 0x00000000 (BUBBLE)
-----------------------------------------------------------------
Time: 8020000 | PC = 0x00000c70 | Inst = 0x00000000 (BUBBLE)
-----------------------------------------------------------------
Time: 8030000 | PC = 0x00000c74 | Inst = 0x00000000 (BUBBLE)
-----------------------------------------------------------------
Time: 8040000 | PC = 0x00000c78 | Inst = 0x00000000 (BUBBLE)
-----------------------------------------------------------------
Time: 8050000 | PC = 0x00000c7c | Inst = 0x00000000 (BUBBLE)
-----------------------------------------------------------------
Time: 8060000 | PC = 0x00000c80 | Inst = 0x00000000 (BUBBLE)
-----------------------------------------------------------------
Time: 8070000 | PC = 0x00000c84 | Inst = 0x00000000 (BUBBLE)
-----------------------------------------------------------------
Time: 8080000 | PC = 0x00000c88 | Inst = 0x00000000 (BUBBLE)
-----------------------------------------------------------------
Time: 8090000 | PC = 0x00000c8c | Inst = 0x00000000 (BUBBLE)
-----------------------------------------------------------------
Time: 8100000 | PC = 0x00000c90 | Inst = 0x00000000 (BUBBLE)
-----------------------------------------------------------------
Time: 8110000 | PC = 0x00000c94 | Inst = 0x00000000 (BUBBLE)
-----------------------------------------------------------------
Time: 8120000 | PC = 0x00000c98 | Inst = 0x00000000 (BUBBLE)
-----------------------------------------------------------------
Time: 8130000 | PC = 0x00000c9c | Inst = 0x00000000 (BUBBLE)
-----------------------------------------------------------------
Time: 8140000 | PC = 0x00000ca0 | Inst = 0x00000000 (BUBBLE)
-----------------------------------------------------------------
Time: 8150000 | PC = 0x00000ca4 | Inst = 0x00000000 (BUBBLE)
-----------------------------------------------------------------
Time: 8160000 | PC = 0x00000ca8 | Inst = 0x00000000 (BUBBLE)
-----------------------------------------------------------------
Time: 8170000 | PC = 0x00000cac | Inst = 0x00000000 (BUBBLE)
-----------------------------------------------------------------
Time: 8180000 | PC = 0x00000cb0 | Inst = 0x00000000 (BUBBLE)
-----------------------------------------------------------------
Time: 8190000 | PC = 0x00000cb4 | Inst = 0x00000000 (BUBBLE)
-----------------------------------------------------------------
Time: 8200000 | PC = 0x00000cb8 | Inst = 0x00000000 (BUBBLE)
-----------------------------------------------------------------
Time: 8210000 | PC = 0x00000cbc | Inst = 0x00000000 (BUBBLE)
-----------------------------------------------------------------
Time: 8220000 | PC = 0x00000cc0 | Inst = 0x00000000 (BUBBLE)
-----------------------------------------------------------------
Time: 8230000 | PC = 0x00000cc4 | Inst = 0x00000000 (BUBBLE)
-----------------------------------------------------------------
Time: 8240000 | PC = 0x00000cc8 | Inst = 0x00000000 (BUBBLE)
-----------------------------------------------------------------
Time: 8250000 | PC = 0x00000ccc | Inst = 0x00000000 (BUBBLE)
-----------------------------------------------------------------
Time: 8260000 | PC = 0x00000cd0 | Inst = 0x00000000 (BUBBLE)
-----------------------------------------------------------------
Time: 8270000 | PC = 0x00000cd4 | Inst = 0x00000000 (BUBBLE)
-----------------------------------------------------------------
Time: 8280000 | PC = 0x00000cd8 | Inst = 0x00000000 (BUBBLE)
-----------------------------------------------------------------
Time: 8290000 | PC = 0x00000cdc | Inst = 0x00000000 (BUBBLE)
-----------------------------------------------------------------
Time: 8300000 | PC = 0x00000ce0 | Inst = 0x00000000 (BUBBLE)
-----------------------------------------------------------------
Time: 8310000 | PC = 0x00000ce4 | Inst = 0x00000000 (BUBBLE)
-----------------------------------------------------------------
Time: 8320000 | PC = 0x00000ce8 | Inst = 0x00000000 (BUBBLE)
-----------------------------------------------------------------
Time: 8330000 | PC = 0x00000cec | Inst = 0x00000000 (BUBBLE)
-----------------------------------------------------------------
Time: 8340000 | PC = 0x00000cf0 | Inst = 0x00000000 (BUBBLE)
-----------------------------------------------------------------
Time: 8350000 | PC = 0x00000cf4 | Inst = 0x00000000 (BUBBLE)
-----------------------------------------------------------------
Time: 8360000 | PC = 0x00000cf8 | Inst = 0x00000000 (BUBBLE)
-----------------------------------------------------------------
Time: 8370000 | PC = 0x00000cfc | Inst = 0x00000000 (BUBBLE)
-----------------------------------------------------------------
Time: 8380000 | PC = 0x00000d00 | Inst = 0x00000000 (BUBBLE)
-----------------------------------------------------------------
Time: 8390000 | PC = 0x00000d04 | Inst = 0x00000000 (BUBBLE)
-----------------------------------------------------------------
Time: 8400000 | PC = 0x00000d08 | Inst = 0x00000000 (BUBBLE)
-----------------------------------------------------------------
Time: 8410000 | PC = 0x00000d0c | Inst = 0x00000000 (BUBBLE)
-----------------------------------------------------------------
Time: 8420000 | PC = 0x00000d10 | Inst = 0x00000000 (BUBBLE)
-----------------------------------------------------------------
Time: 8430000 | PC = 0x00000d14 | Inst = 0x00000000 (BUBBLE)
-----------------------------------------------------------------
Time: 8440000 | PC = 0x00000d18 | Inst = 0x00000000 (BUBBLE)
-----------------------------------------------------------------
Time: 8450000 | PC = 0x00000d1c | Inst = 0x00000000 (BUBBLE)
-----------------------------------------------------------------
Time: 8460000 | PC = 0x00000d20 | Inst = 0x00000000 (BUBBLE)
-----------------------------------------------------------------
Time: 8470000 | PC = 0x00000d24 | Inst = 0x00000000 (BUBBLE)
-----------------------------------------------------------------
Time: 8480000 | PC = 0x00000d28 | Inst = 0x00000000 (BUBBLE)
-----------------------------------------------------------------
Time: 8490000 | PC = 0x00000d2c | Inst = 0x00000000 (BUBBLE)
-----------------------------------------------------------------
Time: 8500000 | PC = 0x00000d30 | Inst = 0x00000000 (BUBBLE)
-----------------------------------------------------------------
Time: 8510000 | PC = 0x00000d34 | Inst = 0x00000000 (BUBBLE)
-----------------------------------------------------------------
Time: 8520000 | PC = 0x00000d38 | Inst = 0x00000000 (BUBBLE)
-----------------------------------------------------------------
Time: 8530000 | PC = 0x00000d3c | Inst = 0x00000000 (BUBBLE)
-----------------------------------------------------------------
Time: 8540000 | PC = 0x00000d40 | Inst = 0x00000000 (BUBBLE)
-----------------------------------------------------------------
Time: 8550000 | PC = 0x00000d44 | Inst = 0x00000000 (BUBBLE)
-----------------------------------------------------------------
Time: 8560000 | PC = 0x00000d48 | Inst = 0x00000000 (BUBBLE)
-----------------------------------------------------------------
Time: 8570000 | PC = 0x00000d4c | Inst = 0x00000000 (BUBBLE)
-----------------------------------------------------------------
Time: 8580000 | PC = 0x00000d50 | Inst = 0x00000000 (BUBBLE)
-----------------------------------------------------------------
Time: 8590000 | PC = 0x00000d54 | Inst = 0x00000000 (BUBBLE)
-----------------------------------------------------------------
Time: 8600000 | PC = 0x00000d58 | Inst = 0x00000000 (BUBBLE)
-----------------------------------------------------------------
Time: 8610000 | PC = 0x00000d5c | Inst = 0x00000000 (BUBBLE)
-----------------------------------------------------------------
Time: 8620000 | PC = 0x00000d60 | Inst = 0x00000000 (BUBBLE)
-----------------------------------------------------------------
Time: 8630000 | PC = 0x00000d64 | Inst = 0x00000000 (BUBBLE)
-----------------------------------------------------------------
Time: 8640000 | PC = 0x00000d68 | Inst = 0x00000000 (BUBBLE)
-----------------------------------------------------------------
Time: 8650000 | PC = 0x00000d6c | Inst = 0x00000000 (BUBBLE)
-----------------------------------------------------------------
Time: 8660000 | PC = 0x00000d70 | Inst = 0x00000000 (BUBBLE)
-----------------------------------------------------------------
Time: 8670000 | PC = 0x00000d74 | Inst = 0x00000000 (BUBBLE)
-----------------------------------------------------------------
Time: 8680000 | PC = 0x00000d78 | Inst = 0x00000000 (BUBBLE)
-----------------------------------------------------------------
Time: 8690000 | PC = 0x00000d7c | Inst = 0x00000000 (BUBBLE)
-----------------------------------------------------------------
Time: 8700000 | PC = 0x00000d80 | Inst = 0x00000000 (BUBBLE)
-----------------------------------------------------------------
Time: 8710000 | PC = 0x00000d84 | Inst = 0x00000000 (BUBBLE)
-----------------------------------------------------------------
Time: 8720000 | PC = 0x00000d88 | Inst = 0x00000000 (BUBBLE)
-----------------------------------------------------------------
Time: 8730000 | PC = 0x00000d8c | Inst = 0x00000000 (BUBBLE)
-----------------------------------------------------------------
Time: 8740000 | PC = 0x00000d90 | Inst = 0x00000000 (BUBBLE)
-----------------------------------------------------------------
Time: 8750000 | PC = 0x00000d94 | Inst = 0x00000000 (BUBBLE)
-----------------------------------------------------------------
Time: 8760000 | PC = 0x00000d98 | Inst = 0x00000000 (BUBBLE)
-----------------------------------------------------------------
Time: 8770000 | PC = 0x00000d9c | Inst = 0x00000000 (BUBBLE)
-----------------------------------------------------------------
Time: 8780000 | PC = 0x00000da0 | Inst = 0x00000000 (BUBBLE)
-----------------------------------------------------------------
Time: 8790000 | PC = 0x00000da4 | Inst = 0x00000000 (BUBBLE)
-----------------------------------------------------------------
Time: 8800000 | PC = 0x00000da8 | Inst = 0x00000000 (BUBBLE)
-----------------------------------------------------------------
Time: 8810000 | PC = 0x00000dac | Inst = 0x00000000 (BUBBLE)
-----------------------------------------------------------------
Time: 8820000 | PC = 0x00000db0 | Inst = 0x00000000 (BUBBLE)
-----------------------------------------------------------------
Time: 8830000 | PC = 0x00000db4 | Inst = 0x00000000 (BUBBLE)
-----------------------------------------------------------------
Time: 8840000 | PC = 0x00000db8 | Inst = 0x00000000 (BUBBLE)
-----------------------------------------------------------------
Time: 8850000 | PC = 0x00000dbc | Inst = 0x00000000 (BUBBLE)
-----------------------------------------------------------------
Time: 8860000 | PC = 0x00000dc0 | Inst = 0x00000000 (BUBBLE)
-----------------------------------------------------------------
Time: 8870000 | PC = 0x00000dc4 | Inst = 0x00000000 (BUBBLE)
-----------------------------------------------------------------
Time: 8880000 | PC = 0x00000dc8 | Inst = 0x00000000 (BUBBLE)
-----------------------------------------------------------------
Time: 8890000 | PC = 0x00000dcc | Inst = 0x00000000 (BUBBLE)
-----------------------------------------------------------------
Time: 8900000 | PC = 0x00000dd0 | Inst = 0x00000000 (BUBBLE)
-----------------------------------------------------------------
Time: 8910000 | PC = 0x00000dd4 | Inst = 0x00000000 (BUBBLE)
-----------------------------------------------------------------
Time: 8920000 | PC = 0x00000dd8 | Inst = 0x00000000 (BUBBLE)
-----------------------------------------------------------------
Time: 8930000 | PC = 0x00000ddc | Inst = 0x00000000 (BUBBLE)
-----------------------------------------------------------------
Time: 8940000 | PC = 0x00000de0 | Inst = 0x00000000 (BUBBLE)
-----------------------------------------------------------------
Time: 8950000 | PC = 0x00000de4 | Inst = 0x00000000 (BUBBLE)
-----------------------------------------------------------------
Time: 8960000 | PC = 0x00000de8 | Inst = 0x00000000 (BUBBLE)
-----------------------------------------------------------------
Time: 8970000 | PC = 0x00000dec | Inst = 0x00000000 (BUBBLE)
-----------------------------------------------------------------
Time: 8980000 | PC = 0x00000df0 | Inst = 0x00000000 (BUBBLE)
-----------------------------------------------------------------
Time: 8990000 | PC = 0x00000df4 | Inst = 0x00000000 (BUBBLE)
-----------------------------------------------------------------
Time: 9000000 | PC = 0x00000df8 | Inst = 0x00000000 (BUBBLE)
-----------------------------------------------------------------
Time: 9010000 | PC = 0x00000dfc | Inst = 0x00000000 (BUBBLE)
-----------------------------------------------------------------
Time: 9020000 | PC = 0x00000e00 | Inst = 0x00000000 (BUBBLE)
-----------------------------------------------------------------
Time: 9030000 | PC = 0x00000e04 | Inst = 0x00000000 (BUBBLE)
-----------------------------------------------------------------
Time: 9040000 | PC = 0x00000e08 | Inst = 0x00000000 (BUBBLE)
-----------------------------------------------------------------
Time: 9050000 | PC = 0x00000e0c | Inst = 0x00000000 (BUBBLE)
-----------------------------------------------------------------
Time: 9060000 | PC = 0x00000e10 | Inst = 0x00000000 (BUBBLE)
-----------------------------------------------------------------
Time: 9070000 | PC = 0x00000e14 | Inst = 0x00000000 (BUBBLE)
-----------------------------------------------------------------
Time: 9080000 | PC = 0x00000e18 | Inst = 0x00000000 (BUBBLE)
-----------------------------------------------------------------
Time: 9090000 | PC = 0x00000e1c | Inst = 0x00000000 (BUBBLE)
-----------------------------------------------------------------
Time: 9100000 | PC = 0x00000e20 | Inst = 0x00000000 (BUBBLE)
-----------------------------------------------------------------
Time: 9110000 | PC = 0x00000e24 | Inst = 0x00000000 (BUBBLE)
-----------------------------------------------------------------
Time: 9120000 | PC = 0x00000e28 | Inst = 0x00000000 (BUBBLE)
-----------------------------------------------------------------
Time: 9130000 | PC = 0x00000e2c | Inst = 0x00000000 (BUBBLE)
-----------------------------------------------------------------
Time: 9140000 | PC = 0x00000e30 | Inst = 0x00000000 (BUBBLE)
-----------------------------------------------------------------
Time: 9150000 | PC = 0x00000e34 | Inst = 0x00000000 (BUBBLE)
-----------------------------------------------------------------
Time: 9160000 | PC = 0x00000e38 | Inst = 0x00000000 (BUBBLE)
-----------------------------------------------------------------
Time: 9170000 | PC = 0x00000e3c | Inst = 0x00000000 (BUBBLE)
-----------------------------------------------------------------
Time: 9180000 | PC = 0x00000e40 | Inst = 0x00000000 (BUBBLE)
-----------------------------------------------------------------
Time: 9190000 | PC = 0x00000e44 | Inst = 0x00000000 (BUBBLE)
-----------------------------------------------------------------
Time: 9200000 | PC = 0x00000e48 | Inst = 0x00000000 (BUBBLE)
-----------------------------------------------------------------
Time: 9210000 | PC = 0x00000e4c | Inst = 0x00000000 (BUBBLE)
-----------------------------------------------------------------
Time: 9220000 | PC = 0x00000e50 | Inst = 0x00000000 (BUBBLE)
-----------------------------------------------------------------
Time: 9230000 | PC = 0x00000e54 | Inst = 0x00000000 (BUBBLE)
-----------------------------------------------------------------
Time: 9240000 | PC = 0x00000e58 | Inst = 0x00000000 (BUBBLE)
-----------------------------------------------------------------
Time: 9250000 | PC = 0x00000e5c | Inst = 0x00000000 (BUBBLE)
-----------------------------------------------------------------
Time: 9260000 | PC = 0x00000e60 | Inst = 0x00000000 (BUBBLE)
-----------------------------------------------------------------
Time: 9270000 | PC = 0x00000e64 | Inst = 0x00000000 (BUBBLE)
-----------------------------------------------------------------
Time: 9280000 | PC = 0x00000e68 | Inst = 0x00000000 (BUBBLE)
-----------------------------------------------------------------
Time: 9290000 | PC = 0x00000e6c | Inst = 0x00000000 (BUBBLE)
-----------------------------------------------------------------
Time: 9300000 | PC = 0x00000e70 | Inst = 0x00000000 (BUBBLE)
-----------------------------------------------------------------
Time: 9310000 | PC = 0x00000e74 | Inst = 0x00000000 (BUBBLE)
-----------------------------------------------------------------
Time: 9320000 | PC = 0x00000e78 | Inst = 0x00000000 (BUBBLE)
-----------------------------------------------------------------
Time: 9330000 | PC = 0x00000e7c | Inst = 0x00000000 (BUBBLE)
-----------------------------------------------------------------
Time: 9340000 | PC = 0x00000e80 | Inst = 0x00000000 (BUBBLE)
-----------------------------------------------------------------
Time: 9350000 | PC = 0x00000e84 | Inst = 0x00000000 (BUBBLE)
-----------------------------------------------------------------
Time: 9360000 | PC = 0x00000e88 | Inst = 0x00000000 (BUBBLE)
-----------------------------------------------------------------
Time: 9370000 | PC = 0x00000e8c | Inst = 0x00000000 (BUBBLE)
-----------------------------------------------------------------
Time: 9380000 | PC = 0x00000e90 | Inst = 0x00000000 (BUBBLE)
-----------------------------------------------------------------
Time: 9390000 | PC = 0x00000e94 | Inst = 0x00000000 (BUBBLE)
-----------------------------------------------------------------
Time: 9400000 | PC = 0x00000e98 | Inst = 0x00000000 (BUBBLE)
-----------------------------------------------------------------
Time: 9410000 | PC = 0x00000e9c | Inst = 0x00000000 (BUBBLE)
-----------------------------------------------------------------
Time: 9420000 | PC = 0x00000ea0 | Inst = 0x00000000 (BUBBLE)
-----------------------------------------------------------------
Time: 9430000 | PC = 0x00000ea4 | Inst = 0x00000000 (BUBBLE)
-----------------------------------------------------------------
Time: 9440000 | PC = 0x00000ea8 | Inst = 0x00000000 (BUBBLE)
-----------------------------------------------------------------
Time: 9450000 | PC = 0x00000eac | Inst = 0x00000000 (BUBBLE)
-----------------------------------------------------------------
Time: 9460000 | PC = 0x00000eb0 | Inst = 0x00000000 (BUBBLE)
-----------------------------------------------------------------
Time: 9470000 | PC = 0x00000eb4 | Inst = 0x00000000 (BUBBLE)
-----------------------------------------------------------------
Time: 9480000 | PC = 0x00000eb8 | Inst = 0x00000000 (BUBBLE)
-----------------------------------------------------------------
Time: 9490000 | PC = 0x00000ebc | Inst = 0x00000000 (BUBBLE)
-----------------------------------------------------------------
Time: 9500000 | PC = 0x00000ec0 | Inst = 0x00000000 (BUBBLE)
-----------------------------------------------------------------
Time: 9510000 | PC = 0x00000ec4 | Inst = 0x00000000 (BUBBLE)
-----------------------------------------------------------------
Time: 9520000 | PC = 0x00000ec8 | Inst = 0x00000000 (BUBBLE)
-----------------------------------------------------------------
Time: 9530000 | PC = 0x00000ecc | Inst = 0x00000000 (BUBBLE)
-----------------------------------------------------------------
Time: 9540000 | PC = 0x00000ed0 | Inst = 0x00000000 (BUBBLE)
-----------------------------------------------------------------
Time: 9550000 | PC = 0x00000ed4 | Inst = 0x00000000 (BUBBLE)
-----------------------------------------------------------------
Time: 9560000 | PC = 0x00000ed8 | Inst = 0x00000000 (BUBBLE)
-----------------------------------------------------------------
Time: 9570000 | PC = 0x00000edc | Inst = 0x00000000 (BUBBLE)
-----------------------------------------------------------------
Time: 9580000 | PC = 0x00000ee0 | Inst = 0x00000000 (BUBBLE)
-----------------------------------------------------------------
Time: 9590000 | PC = 0x00000ee4 | Inst = 0x00000000 (BUBBLE)
-----------------------------------------------------------------
Time: 9600000 | PC = 0x00000ee8 | Inst = 0x00000000 (BUBBLE)
-----------------------------------------------------------------
Time: 9610000 | PC = 0x00000eec | Inst = 0x00000000 (BUBBLE)
-----------------------------------------------------------------
Time: 9620000 | PC = 0x00000ef0 | Inst = 0x00000000 (BUBBLE)
-----------------------------------------------------------------
Time: 9630000 | PC = 0x00000ef4 | Inst = 0x00000000 (BUBBLE)
-----------------------------------------------------------------
Time: 9640000 | PC = 0x00000ef8 | Inst = 0x00000000 (BUBBLE)
-----------------------------------------------------------------
Time: 9650000 | PC = 0x00000efc | Inst = 0x00000000 (BUBBLE)
-----------------------------------------------------------------
Time: 9660000 | PC = 0x00000f00 | Inst = 0x00000000 (BUBBLE)
-----------------------------------------------------------------
Time: 9670000 | PC = 0x00000f04 | Inst = 0x00000000 (BUBBLE)
-----------------------------------------------------------------
Time: 9680000 | PC = 0x00000f08 | Inst = 0x00000000 (BUBBLE)
-----------------------------------------------------------------
Time: 9690000 | PC = 0x00000f0c | Inst = 0x00000000 (BUBBLE)
-----------------------------------------------------------------
Time: 9700000 | PC = 0x00000f10 | Inst = 0x00000000 (BUBBLE)
-----------------------------------------------------------------
Time: 9710000 | PC = 0x00000f14 | Inst = 0x00000000 (BUBBLE)
-----------------------------------------------------------------
Time: 9720000 | PC = 0x00000f18 | Inst = 0x00000000 (BUBBLE)
-----------------------------------------------------------------
Time: 9730000 | PC = 0x00000f1c | Inst = 0x00000000 (BUBBLE)
-----------------------------------------------------------------
Time: 9740000 | PC = 0x00000f20 | Inst = 0x00000000 (BUBBLE)
-----------------------------------------------------------------
Time: 9750000 | PC = 0x00000f24 | Inst = 0x00000000 (BUBBLE)
-----------------------------------------------------------------
Time: 9760000 | PC = 0x00000f28 | Inst = 0x00000000 (BUBBLE)
-----------------------------------------------------------------
Time: 9770000 | PC = 0x00000f2c | Inst = 0x00000000 (BUBBLE)
-----------------------------------------------------------------
Time: 9780000 | PC = 0x00000f30 | Inst = 0x00000000 (BUBBLE)
-----------------------------------------------------------------
Time: 9790000 | PC = 0x00000f34 | Inst = 0x00000000 (BUBBLE)
-----------------------------------------------------------------
Time: 9800000 | PC = 0x00000f38 | Inst = 0x00000000 (BUBBLE)
-----------------------------------------------------------------
Time: 9810000 | PC = 0x00000f3c | Inst = 0x00000000 (BUBBLE)
-----------------------------------------------------------------
Time: 9820000 | PC = 0x00000f40 | Inst = 0x00000000 (BUBBLE)
-----------------------------------------------------------------
Time: 9830000 | PC = 0x00000f44 | Inst = 0x00000000 (BUBBLE)
-----------------------------------------------------------------
Time: 9840000 | PC = 0x00000f48 | Inst = 0x00000000 (BUBBLE)
-----------------------------------------------------------------
Time: 9850000 | PC = 0x00000f4c | Inst = 0x00000000 (BUBBLE)
-----------------------------------------------------------------
Time: 9860000 | PC = 0x00000f50 | Inst = 0x00000000 (BUBBLE)
-----------------------------------------------------------------
Time: 9870000 | PC = 0x00000f54 | Inst = 0x00000000 (BUBBLE)
-----------------------------------------------------------------
Time: 9880000 | PC = 0x00000f58 | Inst = 0x00000000 (BUBBLE)
-----------------------------------------------------------------
Time: 9890000 | PC = 0x00000f5c | Inst = 0x00000000 (BUBBLE)
-----------------------------------------------------------------
Time: 9900000 | PC = 0x00000f60 | Inst = 0x00000000 (BUBBLE)
-----------------------------------------------------------------
Time: 9910000 | PC = 0x00000f64 | Inst = 0x00000000 (BUBBLE)
-----------------------------------------------------------------
Time: 9920000 | PC = 0x00000f68 | Inst = 0x00000000 (BUBBLE)
-----------------------------------------------------------------
Time: 9930000 | PC = 0x00000f6c | Inst = 0x00000000 (BUBBLE)
-----------------------------------------------------------------
Time: 9940000 | PC = 0x00000f70 | Inst = 0x00000000 (BUBBLE)
-----------------------------------------------------------------
Time: 9950000 | PC = 0x00000f74 | Inst = 0x00000000 (BUBBLE)
-----------------------------------------------------------------
Time: 9960000 | PC = 0x00000f78 | Inst = 0x00000000 (BUBBLE)
-----------------------------------------------------------------
Time: 9970000 | PC = 0x00000f7c | Inst = 0x00000000 (BUBBLE)
-----------------------------------------------------------------
Time: 9980000 | PC = 0x00000f80 | Inst = 0x00000000 (BUBBLE)
-----------------------------------------------------------------
Time: 9990000 | PC = 0x00000f84 | Inst = 0x00000000 (BUBBLE)
-----------------------------------------------------------------
Time: 10000000 | PC = 0x00000f88 | Inst = 0x00000000 (BUBBLE)
-----------------------------------------------------------------
Time: 10010000 | PC = 0x00000f8c | Inst = 0x00000000 (BUBBLE)
-----------------------------------------------------------------
Time: 10020000 | PC = 0x00000f90 | Inst = 0x00000000 (BUBBLE)
-----------------------------------------------------------------
Time: 10030000 | PC = 0x00000f94 | Inst = 0x00000000 (BUBBLE)
-----------------------------------------------------------------
Time: 10040000 | PC = 0x00000f98 | Inst = 0x00000000 (BUBBLE)
-----------------------------------------------------------------

[SYSTEM] Error: ECALL not found after 10000ns!

==================================================
         REGISTER FILE STATE AT FINISH            
==================================================
 x0 	 = 32'h00000000
 x1 	 = 32'h00000010
 x2 	 = 32'h0000001e
 x3 	 = 32'h00000001
 x4 	 = 32'h00000001
 x5 	 = 32'h00000002
 x6 	 = 32'h00000004
 x7 	 = 32'h00000000
 x8 	 = 32'h00000000
 x9 	 = 32'h00000000
 x10 	 = 32'h00000000
 x11 	 = 32'h00000000
 x12 	 = 32'h00000003
 x13 	 = 32'h00000000
 x14 	 = 32'h00000004
 x15 	 = 32'h00000000
 x16 	 = 32'h00000000
 x17 	 = 32'h0000005d
 x18 	 = 32'h00000000
 x19 	 = 32'h00000000
 x20 	 = 32'h00000000
 x21 	 = 32'h00000000
 x22 	 = 32'h00000000
 x23 	 = 32'h00000000
 x24 	 = 32'h00000000
 x25 	 = 32'h00000000
 x26 	 = 32'h00000000
 x27 	 = 32'h00000000
 x28 	 = 32'h00000000
 x29 	 = 32'h00000000
 x30 	 = 32'h00000000
 x31 	 = 32'h00000000
==================================================
                 SIMULATION ENDED                 
==================================================
$finish called at time : 10047 ns : File "C:/Users/nguye/Desktop/RISCV-CNN-SoC-temp1/Pipeline_RISCV/Pipeline_RISCV.srcs/sources_1/testbench/tb_riscv.v" Line 102
