Copyright 1986-2022 Xilinx, Inc. All Rights Reserved. Copyright 2022-2025 Advanced Micro Devices, Inc. All Rights Reserved.
----------------------------------------------------------------------------------------------------------------------------------------------------------------------------------------------
| Tool Version      : Vivado v.2025.1 (win64) Build 6140274 Thu May 22 00:12:29 MDT 2025
| Date              : Sat May 16 13:17:39 2026
| Host              : Trong_Hieu running 64-bit major release  (build 9200)
| Command           : report_timing_summary -max_paths 10 -report_unconstrained -file opt_report_timing_summary_0.rpt -pb opt_report_timing_summary_0.pb -rpx opt_report_timing_summary_0.rpx
| Design            : design_1_wrapper
| Device            : xck26-sfvc784
| Speed File        : -2LV  PRODUCTION 1.30 05-15-2022
| Design State      : Optimized
| Temperature Grade : C
----------------------------------------------------------------------------------------------------------------------------------------------------------------------------------------------

Timing Summary Report

------------------------------------------------------------------------------------------------
| Timer Settings
| --------------
------------------------------------------------------------------------------------------------

  Enable Multi Corner Analysis               :  Yes
  Enable Pessimism Removal                   :  Yes
  Pessimism Removal Resolution               :  Nearest Common Node
  Enable Input Delay Default Clock           :  No
  Enable Preset / Clear Arcs                 :  No
  Disable Flight Delays                      :  No
  Ignore I/O Paths                           :  No
  Timing Early Launch at Borrowing Latches   :  No
  Borrow Time for Max Delay Exceptions       :  Yes
  Merge Timing Exceptions                    :  Yes
  Inter-SLR Compensation                     :  Conservative

  Corner  Analyze    Analyze    
  Name    Max Paths  Min Paths  
  ------  ---------  ---------  
  Slow    Yes        Yes        
  Fast    Yes        Yes        


------------------------------------------------------------------------------------------------
| Report Methodology
| ------------------
------------------------------------------------------------------------------------------------

No report available as report_methodology has not been run prior. Run report_methodology on the current design for the summary of methodology violations.



check_timing report

Table of Contents
-----------------
1. checking no_clock (0)
2. checking constant_clock (0)
3. checking pulse_width_clock (0)
4. checking unconstrained_internal_endpoints (0)
5. checking no_input_delay (0)
6. checking no_output_delay (0)
7. checking multiple_clock (0)
8. checking generated_clocks (0)
9. checking loops (0)
10. checking partial_input_delay (0)
11. checking partial_output_delay (0)
12. checking latch_loops (0)

1. checking no_clock (0)
------------------------
 There are 0 register/latch pins with no clock.


2. checking constant_clock (0)
------------------------------
 There are 0 register/latch pins with constant_clock.


3. checking pulse_width_clock (0)
---------------------------------
 There are 0 register/latch pins which need pulse_width check


4. checking unconstrained_internal_endpoints (0)
------------------------------------------------
 There are 0 pins that are not constrained for maximum delay.

 There are 0 pins that are not constrained for maximum delay due to constant clock.


5. checking no_input_delay (0)
------------------------------
 There are 0 input ports with no input delay specified.

 There are 0 input ports with no input delay but user has a false path constraint.


6. checking no_output_delay (0)
-------------------------------
 There are 0 ports with no output delay specified.

 There are 0 ports with no output delay but user has a false path constraint

 There are 0 ports with no output delay but with a timing clock defined on it or propagating through it


7. checking multiple_clock (0)
------------------------------
 There are 0 register/latch pins with multiple clocks.


8. checking generated_clocks (0)
--------------------------------
 There are 0 generated clocks that are not connected to a clock source.


9. checking loops (0)
---------------------
 There are 0 combinational loops in the design.


10. checking partial_input_delay (0)
------------------------------------
 There are 0 input ports with partial input delay specified.


11. checking partial_output_delay (0)
-------------------------------------
 There are 0 ports with partial output delay specified.


12. checking latch_loops (0)
----------------------------
 There are 0 combinational latch loops in the design through latch input



------------------------------------------------------------------------------------------------
| Design Timing Summary
| ---------------------
------------------------------------------------------------------------------------------------

    WNS(ns)      TNS(ns)  TNS Failing Endpoints  TNS Total Endpoints      WHS(ns)      THS(ns)  THS Failing Endpoints  THS Total Endpoints     WPWS(ns)     TPWS(ns)  TPWS Failing Endpoints  TPWS Total Endpoints  
    -------      -------  ---------------------  -------------------      -------      -------  ---------------------  -------------------     --------     --------  ----------------------  --------------------  
      4.834        0.000                      0                53996       -0.082     -707.806                  20046                53996        3.500        0.000                       0                 18545  


Timing constraints are not met.


------------------------------------------------------------------------------------------------
| Clock Summary
| -------------
------------------------------------------------------------------------------------------------

Clock     Waveform(ns)       Period(ns)      Frequency(MHz)
-----     ------------       ----------      --------------
clk_pl_0  {0.000 5.000}      10.000          100.000         
clk_pl_1  {0.000 5.000}      10.000          100.000         


------------------------------------------------------------------------------------------------
| Intra Clock Table
| -----------------
------------------------------------------------------------------------------------------------

Clock             WNS(ns)      TNS(ns)  TNS Failing Endpoints  TNS Total Endpoints      WHS(ns)      THS(ns)  THS Failing Endpoints  THS Total Endpoints     WPWS(ns)     TPWS(ns)  TPWS Failing Endpoints  TPWS Total Endpoints  
-----             -------      -------  ---------------------  -------------------      -------      -------  ---------------------  -------------------     --------     --------  ----------------------  --------------------  
clk_pl_0            4.834        0.000                      0                53930       -0.082     -707.806                  20046                53930        3.500        0.000                       0                 18545  


------------------------------------------------------------------------------------------------
| Inter Clock Table
| -----------------
------------------------------------------------------------------------------------------------

From Clock    To Clock          WNS(ns)      TNS(ns)  TNS Failing Endpoints  TNS Total Endpoints      WHS(ns)      THS(ns)  THS Failing Endpoints  THS Total Endpoints  
----------    --------          -------      -------  ---------------------  -------------------      -------      -------  ---------------------  -------------------  


------------------------------------------------------------------------------------------------
| Other Path Groups Table
| -----------------------
------------------------------------------------------------------------------------------------

Path Group         From Clock         To Clock               WNS(ns)      TNS(ns)  TNS Failing Endpoints  TNS Total Endpoints      WHS(ns)      THS(ns)  THS Failing Endpoints  THS Total Endpoints  
----------         ----------         --------               -------      -------  ---------------------  -------------------      -------      -------  ---------------------  -------------------  
**async_default**  clk_pl_0           clk_pl_0                 9.048        0.000                      0                   66        0.138        0.000                      0                   66  


------------------------------------------------------------------------------------------------
| User Ignored Path Table
| -----------------------
------------------------------------------------------------------------------------------------

Path Group    From Clock    To Clock    
----------    ----------    --------    
(none)                      clk_pl_0      
(none)        clk_pl_0      clk_pl_0      


------------------------------------------------------------------------------------------------
| Unconstrained Path Table
| ------------------------
------------------------------------------------------------------------------------------------

Path Group    From Clock    To Clock    
----------    ----------    --------    


------------------------------------------------------------------------------------------------
| Timing Details
| --------------
------------------------------------------------------------------------------------------------


---------------------------------------------------------------------------------------------------
From Clock:  clk_pl_0
  To Clock:  clk_pl_0

Setup :            0  Failing Endpoints,  Worst Slack        4.834ns,  Total Violation        0.000ns
Hold  :        20046  Failing Endpoints,  Worst Slack       -0.082ns,  Total Violation     -707.806ns
PW    :            0  Failing Endpoints,  Worst Slack        3.500ns,  Total Violation        0.000ns
---------------------------------------------------------------------------------------------------


Max Delay Paths
--------------------------------------------------------------------------------------
Slack (MET) :             4.834ns  (required time - arrival time)
  Source:                 <hidden>
                            (rising edge-triggered cell RAMB36E2 clocked by clk_pl_0  {rise@0.000ns fall@5.000ns period=10.000ns})
  Destination:            design_1_i/riscv_wrapper_0/inst/rv_core/id_ex_pipeline_reg/cpu_halted_o_reg/R
                            (rising edge-triggered cell FDRE clocked by clk_pl_0  {rise@0.000ns fall@5.000ns period=10.000ns})
  Path Group:             clk_pl_0
  Path Type:              Setup (Max at Slow Process Corner)
  Requirement:            10.000ns  (clk_pl_0 rise@10.000ns - clk_pl_0 rise@0.000ns)
  Data Path Delay:        4.743ns  (logic 2.557ns (53.911%)  route 2.186ns (46.089%))
  Logic Levels:           11  (CARRY8=3 LUT2=1 LUT4=1 LUT6=6)
  Clock Path Skew:        -0.145ns (DCD - SCD + CPR)
    Destination Clock Delay (DCD):    2.655ns = ( 12.655 - 10.000 ) 
    Source Clock Delay      (SCD):    2.851ns
    Clock Pessimism Removal (CPR):    0.051ns
  Clock Uncertainty:      0.160ns  ((TSJ^2 + DJ^2)^1/2) / 2 + PE
    Total System Jitter     (TSJ):    0.071ns
    Discrete Jitter          (DJ):    0.312ns
    Phase Error              (PE):    0.000ns

    Location             Delay type                Incr(ns)  Path(ns)    Netlist Resource(s)
  -------------------------------------------------------------------    -------------------
                         (clock clk_pl_0 rise edge)
                                                      0.000     0.000 r  
                         PS8                          0.000     0.000 r  design_1_i/zynq_ultra_ps_e_0/inst/PS8_i/PLCLK[0]
                         net (fo=1, unplaced)         0.229     0.229    design_1_i/zynq_ultra_ps_e_0/inst/pl_clk_unbuffered[0]
                         BUFG_PS (Prop_BUFG_PS_I_O)
                                                      0.038     0.267 r  design_1_i/zynq_ultra_ps_e_0/inst/buffer_pl_clk_0.PL_CLK_0_BUFG/O
                         net (fo=18545, unplaced)     2.584     2.851    <hidden>
                         RAMB36E2                                     r  <hidden>
  -------------------------------------------------------------------    -------------------
                         RAMB36E2 (Prop_RAMB36E2_CLKARDCLK_DOUTADOUT[1])
                                                      1.430     4.281 r  <hidden>
                         net (fo=3, unplaced)         0.296     4.577    design_1_i/riscv_wrapper_0/inst/rv_core/mem_wb_pipeline_reg/dmem_rdata_i[7]
                         LUT6 (Prop_LUT6_I1_O)        0.188     4.765 r  design_1_i/riscv_wrapper_0/inst/rv_core/mem_wb_pipeline_reg/registers_r[0][31]_i_6/O
                         net (fo=24, unplaced)        0.264     5.029    design_1_i/riscv_wrapper_0/inst/rv_core/mem_wb_pipeline_reg/registers_r[0][31]_i_6_n_0
                         LUT6 (Prop_LUT6_I4_O)        0.058     5.087 r  design_1_i/riscv_wrapper_0/inst/rv_core/mem_wb_pipeline_reg/registers_r[0][8]_i_3/O
                         net (fo=1, unplaced)         0.211     5.298    design_1_i/riscv_wrapper_0/inst/rv_core/wb_mux/wb_aligned_load_data_w[7]
                         LUT6 (Prop_LUT6_I5_O)        0.058     5.356 r  design_1_i/riscv_wrapper_0/inst/rv_core/wb_mux/registers_r[0][8]_i_1/O
                         net (fo=36, unplaced)        0.273     5.629    design_1_i/riscv_wrapper_0/inst/rv_core/fwd_mux_b/wb_wdata_w[8]
                         LUT6 (Prop_LUT6_I1_O)        0.058     5.687 r  design_1_i/riscv_wrapper_0/inst/rv_core/fwd_mux_b/d_dmem_o[8]_i_1/O
                         net (fo=4, unplaced)         0.223     5.910    design_1_i/riscv_wrapper_0/inst/rv_core/id_ex_pipeline_reg/fw_data2_clean_w[8]
                         LUT2 (Prop_LUT2_I1_O)        0.058     5.968 r  design_1_i/riscv_wrapper_0/inst/rv_core/id_ex_pipeline_reg/flush_delay_r_i_81/O
                         net (fo=1, unplaced)         0.025     5.993    design_1_i/riscv_wrapper_0/inst/rv_core/id_ex_pipeline_reg/flush_delay_r_i_81_n_0
                         CARRY8 (Prop_CARRY8_S[0]_CO[7])
                                                      0.289     6.282 r  design_1_i/riscv_wrapper_0/inst/rv_core/id_ex_pipeline_reg/flush_delay_r_reg_i_47/CO[7]
                         net (fo=1, unplaced)         0.006     6.288    design_1_i/riscv_wrapper_0/inst/rv_core/id_ex_pipeline_reg/flush_delay_r_reg_i_47_n_0
                         CARRY8 (Prop_CARRY8_CI_CO[7])
                                                      0.073     6.361 r  design_1_i/riscv_wrapper_0/inst/rv_core/id_ex_pipeline_reg/flush_delay_r_reg_i_18/CO[7]
                         net (fo=1, unplaced)         0.006     6.367    design_1_i/riscv_wrapper_0/inst/rv_core/id_ex_pipeline_reg/flush_delay_r_reg_i_18_n_0
                         CARRY8 (Prop_CARRY8_CI_O[7])
                                                      0.171     6.538 r  design_1_i/riscv_wrapper_0/inst/rv_core/id_ex_pipeline_reg/flush_delay_r_reg_i_6/O[7]
                         net (fo=1, unplaced)         0.151     6.689    design_1_i/riscv_wrapper_0/inst/rv_core/id_ex_pipeline_reg/bj_unit/p_0_in
                         LUT6 (Prop_LUT6_I4_O)        0.058     6.747 r  design_1_i/riscv_wrapper_0/inst/rv_core/id_ex_pipeline_reg/flush_delay_r_i_2/O
                         net (fo=1, unplaced)         0.211     6.958    design_1_i/riscv_wrapper_0/inst/rv_core/id_ex_pipeline_reg/flush_delay_r_i_2_n_0
                         LUT6 (Prop_LUT6_I0_O)        0.058     7.016 r  design_1_i/riscv_wrapper_0/inst/rv_core/id_ex_pipeline_reg/flush_delay_r_i_1/O
                         net (fo=34, unplaced)        0.272     7.288    design_1_i/riscv_wrapper_0/inst/rv_core/id_ex_pipeline_reg/ex_branch_taken_w
                         LUT4 (Prop_LUT4_I1_O)        0.058     7.346 r  design_1_i/riscv_wrapper_0/inst/rv_core/id_ex_pipeline_reg/op_bl_o[2]_i_1/O
                         net (fo=8, unplaced)         0.248     7.594    design_1_i/riscv_wrapper_0/inst/rv_core/id_ex_pipeline_reg/op_bl_o[2]_i_1_n_0
                         FDRE                                         r  design_1_i/riscv_wrapper_0/inst/rv_core/id_ex_pipeline_reg/cpu_halted_o_reg/R
  -------------------------------------------------------------------    -------------------

                         (clock clk_pl_0 rise edge)
                                                     10.000    10.000 r  
                         PS8                          0.000    10.000 r  design_1_i/zynq_ultra_ps_e_0/inst/PS8_i/PLCLK[0]
                         net (fo=1, unplaced)         0.181    10.181    design_1_i/zynq_ultra_ps_e_0/inst/pl_clk_unbuffered[0]
                         BUFG_PS (Prop_BUFG_PS_I_O)
                                                      0.035    10.216 r  design_1_i/zynq_ultra_ps_e_0/inst/buffer_pl_clk_0.PL_CLK_0_BUFG/O
                         net (fo=18545, unplaced)     2.439    12.655    design_1_i/riscv_wrapper_0/inst/rv_core/id_ex_pipeline_reg/clk_i
                         FDRE                                         r  design_1_i/riscv_wrapper_0/inst/rv_core/id_ex_pipeline_reg/cpu_halted_o_reg/C
                         clock pessimism              0.051    12.706    
                         clock uncertainty           -0.160    12.546    
                         FDRE (Setup_FDRE_C_R)       -0.118    12.428    design_1_i/riscv_wrapper_0/inst/rv_core/id_ex_pipeline_reg/cpu_halted_o_reg
  -------------------------------------------------------------------
                         required time                         12.428    
                         arrival time                          -7.594    
  -------------------------------------------------------------------
                         slack                                  4.834    

Slack (MET) :             4.834ns  (required time - arrival time)
  Source:                 <hidden>
                            (rising edge-triggered cell RAMB36E2 clocked by clk_pl_0  {rise@0.000ns fall@5.000ns period=10.000ns})
  Destination:            design_1_i/riscv_wrapper_0/inst/rv_core/id_ex_pipeline_reg/d_dmemsel_o_reg/R
                            (rising edge-triggered cell FDRE clocked by clk_pl_0  {rise@0.000ns fall@5.000ns period=10.000ns})
  Path Group:             clk_pl_0
  Path Type:              Setup (Max at Slow Process Corner)
  Requirement:            10.000ns  (clk_pl_0 rise@10.000ns - clk_pl_0 rise@0.000ns)
  Data Path Delay:        4.743ns  (logic 2.557ns (53.911%)  route 2.186ns (46.089%))
  Logic Levels:           11  (CARRY8=3 LUT2=1 LUT4=1 LUT6=6)
  Clock Path Skew:        -0.145ns (DCD - SCD + CPR)
    Destination Clock Delay (DCD):    2.655ns = ( 12.655 - 10.000 ) 
    Source Clock Delay      (SCD):    2.851ns
    Clock Pessimism Removal (CPR):    0.051ns
  Clock Uncertainty:      0.160ns  ((TSJ^2 + DJ^2)^1/2) / 2 + PE
    Total System Jitter     (TSJ):    0.071ns
    Discrete Jitter          (DJ):    0.312ns
    Phase Error              (PE):    0.000ns

    Location             Delay type                Incr(ns)  Path(ns)    Netlist Resource(s)
  -------------------------------------------------------------------    -------------------
                         (clock clk_pl_0 rise edge)
                                                      0.000     0.000 r  
                         PS8                          0.000     0.000 r  design_1_i/zynq_ultra_ps_e_0/inst/PS8_i/PLCLK[0]
                         net (fo=1, unplaced)         0.229     0.229    design_1_i/zynq_ultra_ps_e_0/inst/pl_clk_unbuffered[0]
                         BUFG_PS (Prop_BUFG_PS_I_O)
                                                      0.038     0.267 r  design_1_i/zynq_ultra_ps_e_0/inst/buffer_pl_clk_0.PL_CLK_0_BUFG/O
                         net (fo=18545, unplaced)     2.584     2.851    <hidden>
                         RAMB36E2                                     r  <hidden>
  -------------------------------------------------------------------    -------------------
                         RAMB36E2 (Prop_RAMB36E2_CLKARDCLK_DOUTADOUT[1])
                                                      1.430     4.281 r  <hidden>
                         net (fo=3, unplaced)         0.296     4.577    design_1_i/riscv_wrapper_0/inst/rv_core/mem_wb_pipeline_reg/dmem_rdata_i[7]
                         LUT6 (Prop_LUT6_I1_O)        0.188     4.765 r  design_1_i/riscv_wrapper_0/inst/rv_core/mem_wb_pipeline_reg/registers_r[0][31]_i_6/O
                         net (fo=24, unplaced)        0.264     5.029    design_1_i/riscv_wrapper_0/inst/rv_core/mem_wb_pipeline_reg/registers_r[0][31]_i_6_n_0
                         LUT6 (Prop_LUT6_I4_O)        0.058     5.087 r  design_1_i/riscv_wrapper_0/inst/rv_core/mem_wb_pipeline_reg/registers_r[0][8]_i_3/O
                         net (fo=1, unplaced)         0.211     5.298    design_1_i/riscv_wrapper_0/inst/rv_core/wb_mux/wb_aligned_load_data_w[7]
                         LUT6 (Prop_LUT6_I5_O)        0.058     5.356 r  design_1_i/riscv_wrapper_0/inst/rv_core/wb_mux/registers_r[0][8]_i_1/O
                         net (fo=36, unplaced)        0.273     5.629    design_1_i/riscv_wrapper_0/inst/rv_core/fwd_mux_b/wb_wdata_w[8]
                         LUT6 (Prop_LUT6_I1_O)        0.058     5.687 r  design_1_i/riscv_wrapper_0/inst/rv_core/fwd_mux_b/d_dmem_o[8]_i_1/O
                         net (fo=4, unplaced)         0.223     5.910    design_1_i/riscv_wrapper_0/inst/rv_core/id_ex_pipeline_reg/fw_data2_clean_w[8]
                         LUT2 (Prop_LUT2_I1_O)        0.058     5.968 r  design_1_i/riscv_wrapper_0/inst/rv_core/id_ex_pipeline_reg/flush_delay_r_i_81/O
                         net (fo=1, unplaced)         0.025     5.993    design_1_i/riscv_wrapper_0/inst/rv_core/id_ex_pipeline_reg/flush_delay_r_i_81_n_0
                         CARRY8 (Prop_CARRY8_S[0]_CO[7])
                                                      0.289     6.282 r  design_1_i/riscv_wrapper_0/inst/rv_core/id_ex_pipeline_reg/flush_delay_r_reg_i_47/CO[7]
                         net (fo=1, unplaced)         0.006     6.288    design_1_i/riscv_wrapper_0/inst/rv_core/id_ex_pipeline_reg/flush_delay_r_reg_i_47_n_0
                         CARRY8 (Prop_CARRY8_CI_CO[7])
                                                      0.073     6.361 r  design_1_i/riscv_wrapper_0/inst/rv_core/id_ex_pipeline_reg/flush_delay_r_reg_i_18/CO[7]
                         net (fo=1, unplaced)         0.006     6.367    design_1_i/riscv_wrapper_0/inst/rv_core/id_ex_pipeline_reg/flush_delay_r_reg_i_18_n_0
                         CARRY8 (Prop_CARRY8_CI_O[7])
                                                      0.171     6.538 r  design_1_i/riscv_wrapper_0/inst/rv_core/id_ex_pipeline_reg/flush_delay_r_reg_i_6/O[7]
                         net (fo=1, unplaced)         0.151     6.689    design_1_i/riscv_wrapper_0/inst/rv_core/id_ex_pipeline_reg/bj_unit/p_0_in
                         LUT6 (Prop_LUT6_I4_O)        0.058     6.747 r  design_1_i/riscv_wrapper_0/inst/rv_core/id_ex_pipeline_reg/flush_delay_r_i_2/O
                         net (fo=1, unplaced)         0.211     6.958    design_1_i/riscv_wrapper_0/inst/rv_core/id_ex_pipeline_reg/flush_delay_r_i_2_n_0
                         LUT6 (Prop_LUT6_I0_O)        0.058     7.016 r  design_1_i/riscv_wrapper_0/inst/rv_core/id_ex_pipeline_reg/flush_delay_r_i_1/O
                         net (fo=34, unplaced)        0.272     7.288    design_1_i/riscv_wrapper_0/inst/rv_core/id_ex_pipeline_reg/ex_branch_taken_w
                         LUT4 (Prop_LUT4_I1_O)        0.058     7.346 r  design_1_i/riscv_wrapper_0/inst/rv_core/id_ex_pipeline_reg/op_bl_o[2]_i_1/O
                         net (fo=8, unplaced)         0.248     7.594    design_1_i/riscv_wrapper_0/inst/rv_core/id_ex_pipeline_reg/op_bl_o[2]_i_1_n_0
                         FDRE                                         r  design_1_i/riscv_wrapper_0/inst/rv_core/id_ex_pipeline_reg/d_dmemsel_o_reg/R
  -------------------------------------------------------------------    -------------------

                         (clock clk_pl_0 rise edge)
                                                     10.000    10.000 r  
                         PS8                          0.000    10.000 r  design_1_i/zynq_ultra_ps_e_0/inst/PS8_i/PLCLK[0]
                         net (fo=1, unplaced)         0.181    10.181    design_1_i/zynq_ultra_ps_e_0/inst/pl_clk_unbuffered[0]
                         BUFG_PS (Prop_BUFG_PS_I_O)
                                                      0.035    10.216 r  design_1_i/zynq_ultra_ps_e_0/inst/buffer_pl_clk_0.PL_CLK_0_BUFG/O
                         net (fo=18545, unplaced)     2.439    12.655    design_1_i/riscv_wrapper_0/inst/rv_core/id_ex_pipeline_reg/clk_i
                         FDRE                                         r  design_1_i/riscv_wrapper_0/inst/rv_core/id_ex_pipeline_reg/d_dmemsel_o_reg/C
                         clock pessimism              0.051    12.706    
                         clock uncertainty           -0.160    12.546    
                         FDRE (Setup_FDRE_C_R)       -0.118    12.428    design_1_i/riscv_wrapper_0/inst/rv_core/id_ex_pipeline_reg/d_dmemsel_o_reg
  -------------------------------------------------------------------
                         required time                         12.428    
                         arrival time                          -7.594    
  -------------------------------------------------------------------
                         slack                                  4.834    

Slack (MET) :             4.834ns  (required time - arrival time)
  Source:                 <hidden>
                            (rising edge-triggered cell RAMB36E2 clocked by clk_pl_0  {rise@0.000ns fall@5.000ns period=10.000ns})
  Destination:            design_1_i/riscv_wrapper_0/inst/rv_core/id_ex_pipeline_reg/is_jalr_o_reg/R
                            (rising edge-triggered cell FDRE clocked by clk_pl_0  {rise@0.000ns fall@5.000ns period=10.000ns})
  Path Group:             clk_pl_0
  Path Type:              Setup (Max at Slow Process Corner)
  Requirement:            10.000ns  (clk_pl_0 rise@10.000ns - clk_pl_0 rise@0.000ns)
  Data Path Delay:        4.743ns  (logic 2.557ns (53.911%)  route 2.186ns (46.089%))
  Logic Levels:           11  (CARRY8=3 LUT2=1 LUT4=1 LUT6=6)
  Clock Path Skew:        -0.145ns (DCD - SCD + CPR)
    Destination Clock Delay (DCD):    2.655ns = ( 12.655 - 10.000 ) 
    Source Clock Delay      (SCD):    2.851ns
    Clock Pessimism Removal (CPR):    0.051ns
  Clock Uncertainty:      0.160ns  ((TSJ^2 + DJ^2)^1/2) / 2 + PE
    Total System Jitter     (TSJ):    0.071ns
    Discrete Jitter          (DJ):    0.312ns
    Phase Error              (PE):    0.000ns

    Location             Delay type                Incr(ns)  Path(ns)    Netlist Resource(s)
  -------------------------------------------------------------------    -------------------
                         (clock clk_pl_0 rise edge)
                                                      0.000     0.000 r  
                         PS8                          0.000     0.000 r  design_1_i/zynq_ultra_ps_e_0/inst/PS8_i/PLCLK[0]
                         net (fo=1, unplaced)         0.229     0.229    design_1_i/zynq_ultra_ps_e_0/inst/pl_clk_unbuffered[0]
                         BUFG_PS (Prop_BUFG_PS_I_O)
                                                      0.038     0.267 r  design_1_i/zynq_ultra_ps_e_0/inst/buffer_pl_clk_0.PL_CLK_0_BUFG/O
                         net (fo=18545, unplaced)     2.584     2.851    <hidden>
                         RAMB36E2                                     r  <hidden>
  -------------------------------------------------------------------    -------------------
                         RAMB36E2 (Prop_RAMB36E2_CLKARDCLK_DOUTADOUT[1])
                                                      1.430     4.281 r  <hidden>
                         net (fo=3, unplaced)         0.296     4.577    design_1_i/riscv_wrapper_0/inst/rv_core/mem_wb_pipeline_reg/dmem_rdata_i[7]
                         LUT6 (Prop_LUT6_I1_O)        0.188     4.765 r  design_1_i/riscv_wrapper_0/inst/rv_core/mem_wb_pipeline_reg/registers_r[0][31]_i_6/O
                         net (fo=24, unplaced)        0.264     5.029    design_1_i/riscv_wrapper_0/inst/rv_core/mem_wb_pipeline_reg/registers_r[0][31]_i_6_n_0
                         LUT6 (Prop_LUT6_I4_O)        0.058     5.087 r  design_1_i/riscv_wrapper_0/inst/rv_core/mem_wb_pipeline_reg/registers_r[0][8]_i_3/O
                         net (fo=1, unplaced)         0.211     5.298    design_1_i/riscv_wrapper_0/inst/rv_core/wb_mux/wb_aligned_load_data_w[7]
                         LUT6 (Prop_LUT6_I5_O)        0.058     5.356 r  design_1_i/riscv_wrapper_0/inst/rv_core/wb_mux/registers_r[0][8]_i_1/O
                         net (fo=36, unplaced)        0.273     5.629    design_1_i/riscv_wrapper_0/inst/rv_core/fwd_mux_b/wb_wdata_w[8]
                         LUT6 (Prop_LUT6_I1_O)        0.058     5.687 r  design_1_i/riscv_wrapper_0/inst/rv_core/fwd_mux_b/d_dmem_o[8]_i_1/O
                         net (fo=4, unplaced)         0.223     5.910    design_1_i/riscv_wrapper_0/inst/rv_core/id_ex_pipeline_reg/fw_data2_clean_w[8]
                         LUT2 (Prop_LUT2_I1_O)        0.058     5.968 r  design_1_i/riscv_wrapper_0/inst/rv_core/id_ex_pipeline_reg/flush_delay_r_i_81/O
                         net (fo=1, unplaced)         0.025     5.993    design_1_i/riscv_wrapper_0/inst/rv_core/id_ex_pipeline_reg/flush_delay_r_i_81_n_0
                         CARRY8 (Prop_CARRY8_S[0]_CO[7])
                                                      0.289     6.282 r  design_1_i/riscv_wrapper_0/inst/rv_core/id_ex_pipeline_reg/flush_delay_r_reg_i_47/CO[7]
                         net (fo=1, unplaced)         0.006     6.288    design_1_i/riscv_wrapper_0/inst/rv_core/id_ex_pipeline_reg/flush_delay_r_reg_i_47_n_0
                         CARRY8 (Prop_CARRY8_CI_CO[7])
                                                      0.073     6.361 r  design_1_i/riscv_wrapper_0/inst/rv_core/id_ex_pipeline_reg/flush_delay_r_reg_i_18/CO[7]
                         net (fo=1, unplaced)         0.006     6.367    design_1_i/riscv_wrapper_0/inst/rv_core/id_ex_pipeline_reg/flush_delay_r_reg_i_18_n_0
                         CARRY8 (Prop_CARRY8_CI_O[7])
                                                      0.171     6.538 r  design_1_i/riscv_wrapper_0/inst/rv_core/id_ex_pipeline_reg/flush_delay_r_reg_i_6/O[7]
                         net (fo=1, unplaced)         0.151     6.689    design_1_i/riscv_wrapper_0/inst/rv_core/id_ex_pipeline_reg/bj_unit/p_0_in
                         LUT6 (Prop_LUT6_I4_O)        0.058     6.747 r  design_1_i/riscv_wrapper_0/inst/rv_core/id_ex_pipeline_reg/flush_delay_r_i_2/O
                         net (fo=1, unplaced)         0.211     6.958    design_1_i/riscv_wrapper_0/inst/rv_core/id_ex_pipeline_reg/flush_delay_r_i_2_n_0
                         LUT6 (Prop_LUT6_I0_O)        0.058     7.016 r  design_1_i/riscv_wrapper_0/inst/rv_core/id_ex_pipeline_reg/flush_delay_r_i_1/O
                         net (fo=34, unplaced)        0.272     7.288    design_1_i/riscv_wrapper_0/inst/rv_core/id_ex_pipeline_reg/ex_branch_taken_w
                         LUT4 (Prop_LUT4_I1_O)        0.058     7.346 r  design_1_i/riscv_wrapper_0/inst/rv_core/id_ex_pipeline_reg/op_bl_o[2]_i_1/O
                         net (fo=8, unplaced)         0.248     7.594    design_1_i/riscv_wrapper_0/inst/rv_core/id_ex_pipeline_reg/op_bl_o[2]_i_1_n_0
                         FDRE                                         r  design_1_i/riscv_wrapper_0/inst/rv_core/id_ex_pipeline_reg/is_jalr_o_reg/R
  -------------------------------------------------------------------    -------------------

                         (clock clk_pl_0 rise edge)
                                                     10.000    10.000 r  
                         PS8                          0.000    10.000 r  design_1_i/zynq_ultra_ps_e_0/inst/PS8_i/PLCLK[0]
                         net (fo=1, unplaced)         0.181    10.181    design_1_i/zynq_ultra_ps_e_0/inst/pl_clk_unbuffered[0]
                         BUFG_PS (Prop_BUFG_PS_I_O)
                                                      0.035    10.216 r  design_1_i/zynq_ultra_ps_e_0/inst/buffer_pl_clk_0.PL_CLK_0_BUFG/O
                         net (fo=18545, unplaced)     2.439    12.655    design_1_i/riscv_wrapper_0/inst/rv_core/id_ex_pipeline_reg/clk_i
                         FDRE                                         r  design_1_i/riscv_wrapper_0/inst/rv_core/id_ex_pipeline_reg/is_jalr_o_reg/C
                         clock pessimism              0.051    12.706    
                         clock uncertainty           -0.160    12.546    
                         FDRE (Setup_FDRE_C_R)       -0.118    12.428    design_1_i/riscv_wrapper_0/inst/rv_core/id_ex_pipeline_reg/is_jalr_o_reg
  -------------------------------------------------------------------
                         required time                         12.428    
                         arrival time                          -7.594    
  -------------------------------------------------------------------
                         slack                                  4.834    

Slack (MET) :             4.834ns  (required time - arrival time)
  Source:                 <hidden>
                            (rising edge-triggered cell RAMB36E2 clocked by clk_pl_0  {rise@0.000ns fall@5.000ns period=10.000ns})
  Destination:            design_1_i/riscv_wrapper_0/inst/rv_core/id_ex_pipeline_reg/op_bl_o_reg[0]/R
                            (rising edge-triggered cell FDRE clocked by clk_pl_0  {rise@0.000ns fall@5.000ns period=10.000ns})
  Path Group:             clk_pl_0
  Path Type:              Setup (Max at Slow Process Corner)
  Requirement:            10.000ns  (clk_pl_0 rise@10.000ns - clk_pl_0 rise@0.000ns)
  Data Path Delay:        4.743ns  (logic 2.557ns (53.911%)  route 2.186ns (46.089%))
  Logic Levels:           11  (CARRY8=3 LUT2=1 LUT4=1 LUT6=6)
  Clock Path Skew:        -0.145ns (DCD - SCD + CPR)
    Destination Clock Delay (DCD):    2.655ns = ( 12.655 - 10.000 ) 
    Source Clock Delay      (SCD):    2.851ns
    Clock Pessimism Removal (CPR):    0.051ns
  Clock Uncertainty:      0.160ns  ((TSJ^2 + DJ^2)^1/2) / 2 + PE
    Total System Jitter     (TSJ):    0.071ns
    Discrete Jitter          (DJ):    0.312ns
    Phase Error              (PE):    0.000ns

    Location             Delay type                Incr(ns)  Path(ns)    Netlist Resource(s)
  -------------------------------------------------------------------    -------------------
                         (clock clk_pl_0 rise edge)
                                                      0.000     0.000 r  
                         PS8                          0.000     0.000 r  design_1_i/zynq_ultra_ps_e_0/inst/PS8_i/PLCLK[0]
                         net (fo=1, unplaced)         0.229     0.229    design_1_i/zynq_ultra_ps_e_0/inst/pl_clk_unbuffered[0]
                         BUFG_PS (Prop_BUFG_PS_I_O)
                                                      0.038     0.267 r  design_1_i/zynq_ultra_ps_e_0/inst/buffer_pl_clk_0.PL_CLK_0_BUFG/O
                         net (fo=18545, unplaced)     2.584     2.851    <hidden>
                         RAMB36E2                                     r  <hidden>
  -------------------------------------------------------------------    -------------------
                         RAMB36E2 (Prop_RAMB36E2_CLKARDCLK_DOUTADOUT[1])
                                                      1.430     4.281 r  <hidden>
                         net (fo=3, unplaced)         0.296     4.577    design_1_i/riscv_wrapper_0/inst/rv_core/mem_wb_pipeline_reg/dmem_rdata_i[7]
                         LUT6 (Prop_LUT6_I1_O)        0.188     4.765 r  design_1_i/riscv_wrapper_0/inst/rv_core/mem_wb_pipeline_reg/registers_r[0][31]_i_6/O
                         net (fo=24, unplaced)        0.264     5.029    design_1_i/riscv_wrapper_0/inst/rv_core/mem_wb_pipeline_reg/registers_r[0][31]_i_6_n_0
                         LUT6 (Prop_LUT6_I4_O)        0.058     5.087 r  design_1_i/riscv_wrapper_0/inst/rv_core/mem_wb_pipeline_reg/registers_r[0][8]_i_3/O
                         net (fo=1, unplaced)         0.211     5.298    design_1_i/riscv_wrapper_0/inst/rv_core/wb_mux/wb_aligned_load_data_w[7]
                         LUT6 (Prop_LUT6_I5_O)        0.058     5.356 r  design_1_i/riscv_wrapper_0/inst/rv_core/wb_mux/registers_r[0][8]_i_1/O
                         net (fo=36, unplaced)        0.273     5.629    design_1_i/riscv_wrapper_0/inst/rv_core/fwd_mux_b/wb_wdata_w[8]
                         LUT6 (Prop_LUT6_I1_O)        0.058     5.687 r  design_1_i/riscv_wrapper_0/inst/rv_core/fwd_mux_b/d_dmem_o[8]_i_1/O
                         net (fo=4, unplaced)         0.223     5.910    design_1_i/riscv_wrapper_0/inst/rv_core/id_ex_pipeline_reg/fw_data2_clean_w[8]
                         LUT2 (Prop_LUT2_I1_O)        0.058     5.968 r  design_1_i/riscv_wrapper_0/inst/rv_core/id_ex_pipeline_reg/flush_delay_r_i_81/O
                         net (fo=1, unplaced)         0.025     5.993    design_1_i/riscv_wrapper_0/inst/rv_core/id_ex_pipeline_reg/flush_delay_r_i_81_n_0
                         CARRY8 (Prop_CARRY8_S[0]_CO[7])
                                                      0.289     6.282 r  design_1_i/riscv_wrapper_0/inst/rv_core/id_ex_pipeline_reg/flush_delay_r_reg_i_47/CO[7]
                         net (fo=1, unplaced)         0.006     6.288    design_1_i/riscv_wrapper_0/inst/rv_core/id_ex_pipeline_reg/flush_delay_r_reg_i_47_n_0
                         CARRY8 (Prop_CARRY8_CI_CO[7])
                                                      0.073     6.361 r  design_1_i/riscv_wrapper_0/inst/rv_core/id_ex_pipeline_reg/flush_delay_r_reg_i_18/CO[7]
                         net (fo=1, unplaced)         0.006     6.367    design_1_i/riscv_wrapper_0/inst/rv_core/id_ex_pipeline_reg/flush_delay_r_reg_i_18_n_0
                         CARRY8 (Prop_CARRY8_CI_O[7])
                                                      0.171     6.538 r  design_1_i/riscv_wrapper_0/inst/rv_core/id_ex_pipeline_reg/flush_delay_r_reg_i_6/O[7]
                         net (fo=1, unplaced)         0.151     6.689    design_1_i/riscv_wrapper_0/inst/rv_core/id_ex_pipeline_reg/bj_unit/p_0_in
                         LUT6 (Prop_LUT6_I4_O)        0.058     6.747 r  design_1_i/riscv_wrapper_0/inst/rv_core/id_ex_pipeline_reg/flush_delay_r_i_2/O
                         net (fo=1, unplaced)         0.211     6.958    design_1_i/riscv_wrapper_0/inst/rv_core/id_ex_pipeline_reg/flush_delay_r_i_2_n_0
                         LUT6 (Prop_LUT6_I0_O)        0.058     7.016 r  design_1_i/riscv_wrapper_0/inst/rv_core/id_ex_pipeline_reg/flush_delay_r_i_1/O
                         net (fo=34, unplaced)        0.272     7.288    design_1_i/riscv_wrapper_0/inst/rv_core/id_ex_pipeline_reg/ex_branch_taken_w
                         LUT4 (Prop_LUT4_I1_O)        0.058     7.346 r  design_1_i/riscv_wrapper_0/inst/rv_core/id_ex_pipeline_reg/op_bl_o[2]_i_1/O
                         net (fo=8, unplaced)         0.248     7.594    design_1_i/riscv_wrapper_0/inst/rv_core/id_ex_pipeline_reg/op_bl_o[2]_i_1_n_0
                         FDRE                                         r  design_1_i/riscv_wrapper_0/inst/rv_core/id_ex_pipeline_reg/op_bl_o_reg[0]/R
  -------------------------------------------------------------------    -------------------

                         (clock clk_pl_0 rise edge)
                                                     10.000    10.000 r  
                         PS8                          0.000    10.000 r  design_1_i/zynq_ultra_ps_e_0/inst/PS8_i/PLCLK[0]
                         net (fo=1, unplaced)         0.181    10.181    design_1_i/zynq_ultra_ps_e_0/inst/pl_clk_unbuffered[0]
                         BUFG_PS (Prop_BUFG_PS_I_O)
                                                      0.035    10.216 r  design_1_i/zynq_ultra_ps_e_0/inst/buffer_pl_clk_0.PL_CLK_0_BUFG/O
                         net (fo=18545, unplaced)     2.439    12.655    design_1_i/riscv_wrapper_0/inst/rv_core/id_ex_pipeline_reg/clk_i
                         FDRE                                         r  design_1_i/riscv_wrapper_0/inst/rv_core/id_ex_pipeline_reg/op_bl_o_reg[0]/C
                         clock pessimism              0.051    12.706    
                         clock uncertainty           -0.160    12.546    
                         FDRE (Setup_FDRE_C_R)       -0.118    12.428    design_1_i/riscv_wrapper_0/inst/rv_core/id_ex_pipeline_reg/op_bl_o_reg[0]
  -------------------------------------------------------------------
                         required time                         12.428    
                         arrival time                          -7.594    
  -------------------------------------------------------------------
                         slack                                  4.834    

Slack (MET) :             4.834ns  (required time - arrival time)
  Source:                 <hidden>
                            (rising edge-triggered cell RAMB36E2 clocked by clk_pl_0  {rise@0.000ns fall@5.000ns period=10.000ns})
  Destination:            design_1_i/riscv_wrapper_0/inst/rv_core/id_ex_pipeline_reg/op_bl_o_reg[1]/S
                            (rising edge-triggered cell FDSE clocked by clk_pl_0  {rise@0.000ns fall@5.000ns period=10.000ns})
  Path Group:             clk_pl_0
  Path Type:              Setup (Max at Slow Process Corner)
  Requirement:            10.000ns  (clk_pl_0 rise@10.000ns - clk_pl_0 rise@0.000ns)
  Data Path Delay:        4.743ns  (logic 2.557ns (53.911%)  route 2.186ns (46.089%))
  Logic Levels:           11  (CARRY8=3 LUT2=1 LUT4=1 LUT6=6)
  Clock Path Skew:        -0.145ns (DCD - SCD + CPR)
    Destination Clock Delay (DCD):    2.655ns = ( 12.655 - 10.000 ) 
    Source Clock Delay      (SCD):    2.851ns
    Clock Pessimism Removal (CPR):    0.051ns
  Clock Uncertainty:      0.160ns  ((TSJ^2 + DJ^2)^1/2) / 2 + PE
    Total System Jitter     (TSJ):    0.071ns
    Discrete Jitter          (DJ):    0.312ns
    Phase Error              (PE):    0.000ns

    Location             Delay type                Incr(ns)  Path(ns)    Netlist Resource(s)
  -------------------------------------------------------------------    -------------------
                         (clock clk_pl_0 rise edge)
                                                      0.000     0.000 r  
                         PS8                          0.000     0.000 r  design_1_i/zynq_ultra_ps_e_0/inst/PS8_i/PLCLK[0]
                         net (fo=1, unplaced)         0.229     0.229    design_1_i/zynq_ultra_ps_e_0/inst/pl_clk_unbuffered[0]
                         BUFG_PS (Prop_BUFG_PS_I_O)
                                                      0.038     0.267 r  design_1_i/zynq_ultra_ps_e_0/inst/buffer_pl_clk_0.PL_CLK_0_BUFG/O
                         net (fo=18545, unplaced)     2.584     2.851    <hidden>
                         RAMB36E2                                     r  <hidden>
  -------------------------------------------------------------------    -------------------
                         RAMB36E2 (Prop_RAMB36E2_CLKARDCLK_DOUTADOUT[1])
                                                      1.430     4.281 r  <hidden>
                         net (fo=3, unplaced)         0.296     4.577    design_1_i/riscv_wrapper_0/inst/rv_core/mem_wb_pipeline_reg/dmem_rdata_i[7]
                         LUT6 (Prop_LUT6_I1_O)        0.188     4.765 r  design_1_i/riscv_wrapper_0/inst/rv_core/mem_wb_pipeline_reg/registers_r[0][31]_i_6/O
                         net (fo=24, unplaced)        0.264     5.029    design_1_i/riscv_wrapper_0/inst/rv_core/mem_wb_pipeline_reg/registers_r[0][31]_i_6_n_0
                         LUT6 (Prop_LUT6_I4_O)        0.058     5.087 r  design_1_i/riscv_wrapper_0/inst/rv_core/mem_wb_pipeline_reg/registers_r[0][8]_i_3/O
                         net (fo=1, unplaced)         0.211     5.298    design_1_i/riscv_wrapper_0/inst/rv_core/wb_mux/wb_aligned_load_data_w[7]
                         LUT6 (Prop_LUT6_I5_O)        0.058     5.356 r  design_1_i/riscv_wrapper_0/inst/rv_core/wb_mux/registers_r[0][8]_i_1/O
                         net (fo=36, unplaced)        0.273     5.629    design_1_i/riscv_wrapper_0/inst/rv_core/fwd_mux_b/wb_wdata_w[8]
                         LUT6 (Prop_LUT6_I1_O)        0.058     5.687 r  design_1_i/riscv_wrapper_0/inst/rv_core/fwd_mux_b/d_dmem_o[8]_i_1/O
                         net (fo=4, unplaced)         0.223     5.910    design_1_i/riscv_wrapper_0/inst/rv_core/id_ex_pipeline_reg/fw_data2_clean_w[8]
                         LUT2 (Prop_LUT2_I1_O)        0.058     5.968 r  design_1_i/riscv_wrapper_0/inst/rv_core/id_ex_pipeline_reg/flush_delay_r_i_81/O
                         net (fo=1, unplaced)         0.025     5.993    design_1_i/riscv_wrapper_0/inst/rv_core/id_ex_pipeline_reg/flush_delay_r_i_81_n_0
                         CARRY8 (Prop_CARRY8_S[0]_CO[7])
                                                      0.289     6.282 r  design_1_i/riscv_wrapper_0/inst/rv_core/id_ex_pipeline_reg/flush_delay_r_reg_i_47/CO[7]
                         net (fo=1, unplaced)         0.006     6.288    design_1_i/riscv_wrapper_0/inst/rv_core/id_ex_pipeline_reg/flush_delay_r_reg_i_47_n_0
                         CARRY8 (Prop_CARRY8_CI_CO[7])
                                                      0.073     6.361 r  design_1_i/riscv_wrapper_0/inst/rv_core/id_ex_pipeline_reg/flush_delay_r_reg_i_18/CO[7]
                         net (fo=1, unplaced)         0.006     6.367    design_1_i/riscv_wrapper_0/inst/rv_core/id_ex_pipeline_reg/flush_delay_r_reg_i_18_n_0
                         CARRY8 (Prop_CARRY8_CI_O[7])
                                                      0.171     6.538 r  design_1_i/riscv_wrapper_0/inst/rv_core/id_ex_pipeline_reg/flush_delay_r_reg_i_6/O[7]
                         net (fo=1, unplaced)         0.151     6.689    design_1_i/riscv_wrapper_0/inst/rv_core/id_ex_pipeline_reg/bj_unit/p_0_in
                         LUT6 (Prop_LUT6_I4_O)        0.058     6.747 r  design_1_i/riscv_wrapper_0/inst/rv_core/id_ex_pipeline_reg/flush_delay_r_i_2/O
                         net (fo=1, unplaced)         0.211     6.958    design_1_i/riscv_wrapper_0/inst/rv_core/id_ex_pipeline_reg/flush_delay_r_i_2_n_0
                         LUT6 (Prop_LUT6_I0_O)        0.058     7.016 r  design_1_i/riscv_wrapper_0/inst/rv_core/id_ex_pipeline_reg/flush_delay_r_i_1/O
                         net (fo=34, unplaced)        0.272     7.288    design_1_i/riscv_wrapper_0/inst/rv_core/id_ex_pipeline_reg/ex_branch_taken_w
                         LUT4 (Prop_LUT4_I1_O)        0.058     7.346 r  design_1_i/riscv_wrapper_0/inst/rv_core/id_ex_pipeline_reg/op_bl_o[2]_i_1/O
                         net (fo=8, unplaced)         0.248     7.594    design_1_i/riscv_wrapper_0/inst/rv_core/id_ex_pipeline_reg/op_bl_o[2]_i_1_n_0
                         FDSE                                         r  design_1_i/riscv_wrapper_0/inst/rv_core/id_ex_pipeline_reg/op_bl_o_reg[1]/S
  -------------------------------------------------------------------    -------------------

                         (clock clk_pl_0 rise edge)
                                                     10.000    10.000 r  
                         PS8                          0.000    10.000 r  design_1_i/zynq_ultra_ps_e_0/inst/PS8_i/PLCLK[0]
                         net (fo=1, unplaced)         0.181    10.181    design_1_i/zynq_ultra_ps_e_0/inst/pl_clk_unbuffered[0]
                         BUFG_PS (Prop_BUFG_PS_I_O)
                                                      0.035    10.216 r  design_1_i/zynq_ultra_ps_e_0/inst/buffer_pl_clk_0.PL_CLK_0_BUFG/O
                         net (fo=18545, unplaced)     2.439    12.655    design_1_i/riscv_wrapper_0/inst/rv_core/id_ex_pipeline_reg/clk_i
                         FDSE                                         r  design_1_i/riscv_wrapper_0/inst/rv_core/id_ex_pipeline_reg/op_bl_o_reg[1]/C
                         clock pessimism              0.051    12.706    
                         clock uncertainty           -0.160    12.546    
                         FDSE (Setup_FDSE_C_S)       -0.118    12.428    design_1_i/riscv_wrapper_0/inst/rv_core/id_ex_pipeline_reg/op_bl_o_reg[1]
  -------------------------------------------------------------------
                         required time                         12.428    
                         arrival time                          -7.594    
  -------------------------------------------------------------------
                         slack                                  4.834    

Slack (MET) :             4.834ns  (required time - arrival time)
  Source:                 <hidden>
                            (rising edge-triggered cell RAMB36E2 clocked by clk_pl_0  {rise@0.000ns fall@5.000ns period=10.000ns})
  Destination:            design_1_i/riscv_wrapper_0/inst/rv_core/id_ex_pipeline_reg/op_bl_o_reg[2]/R
                            (rising edge-triggered cell FDRE clocked by clk_pl_0  {rise@0.000ns fall@5.000ns period=10.000ns})
  Path Group:             clk_pl_0
  Path Type:              Setup (Max at Slow Process Corner)
  Requirement:            10.000ns  (clk_pl_0 rise@10.000ns - clk_pl_0 rise@0.000ns)
  Data Path Delay:        4.743ns  (logic 2.557ns (53.911%)  route 2.186ns (46.089%))
  Logic Levels:           11  (CARRY8=3 LUT2=1 LUT4=1 LUT6=6)
  Clock Path Skew:        -0.145ns (DCD - SCD + CPR)
    Destination Clock Delay (DCD):    2.655ns = ( 12.655 - 10.000 ) 
    Source Clock Delay      (SCD):    2.851ns
    Clock Pessimism Removal (CPR):    0.051ns
  Clock Uncertainty:      0.160ns  ((TSJ^2 + DJ^2)^1/2) / 2 + PE
    Total System Jitter     (TSJ):    0.071ns
    Discrete Jitter          (DJ):    0.312ns
    Phase Error              (PE):    0.000ns

    Location             Delay type                Incr(ns)  Path(ns)    Netlist Resource(s)
  -------------------------------------------------------------------    -------------------
                         (clock clk_pl_0 rise edge)
                                                      0.000     0.000 r  
                         PS8                          0.000     0.000 r  design_1_i/zynq_ultra_ps_e_0/inst/PS8_i/PLCLK[0]
                         net (fo=1, unplaced)         0.229     0.229    design_1_i/zynq_ultra_ps_e_0/inst/pl_clk_unbuffered[0]
                         BUFG_PS (Prop_BUFG_PS_I_O)
                                                      0.038     0.267 r  design_1_i/zynq_ultra_ps_e_0/inst/buffer_pl_clk_0.PL_CLK_0_BUFG/O
                         net (fo=18545, unplaced)     2.584     2.851    <hidden>
                         RAMB36E2                                     r  <hidden>
  -------------------------------------------------------------------    -------------------
                         RAMB36E2 (Prop_RAMB36E2_CLKARDCLK_DOUTADOUT[1])
                                                      1.430     4.281 r  <hidden>
                         net (fo=3, unplaced)         0.296     4.577    design_1_i/riscv_wrapper_0/inst/rv_core/mem_wb_pipeline_reg/dmem_rdata_i[7]
                         LUT6 (Prop_LUT6_I1_O)        0.188     4.765 r  design_1_i/riscv_wrapper_0/inst/rv_core/mem_wb_pipeline_reg/registers_r[0][31]_i_6/O
                         net (fo=24, unplaced)        0.264     5.029    design_1_i/riscv_wrapper_0/inst/rv_core/mem_wb_pipeline_reg/registers_r[0][31]_i_6_n_0
                         LUT6 (Prop_LUT6_I4_O)        0.058     5.087 r  design_1_i/riscv_wrapper_0/inst/rv_core/mem_wb_pipeline_reg/registers_r[0][8]_i_3/O
                         net (fo=1, unplaced)         0.211     5.298    design_1_i/riscv_wrapper_0/inst/rv_core/wb_mux/wb_aligned_load_data_w[7]
                         LUT6 (Prop_LUT6_I5_O)        0.058     5.356 r  design_1_i/riscv_wrapper_0/inst/rv_core/wb_mux/registers_r[0][8]_i_1/O
                         net (fo=36, unplaced)        0.273     5.629    design_1_i/riscv_wrapper_0/inst/rv_core/fwd_mux_b/wb_wdata_w[8]
                         LUT6 (Prop_LUT6_I1_O)        0.058     5.687 r  design_1_i/riscv_wrapper_0/inst/rv_core/fwd_mux_b/d_dmem_o[8]_i_1/O
                         net (fo=4, unplaced)         0.223     5.910    design_1_i/riscv_wrapper_0/inst/rv_core/id_ex_pipeline_reg/fw_data2_clean_w[8]
                         LUT2 (Prop_LUT2_I1_O)        0.058     5.968 r  design_1_i/riscv_wrapper_0/inst/rv_core/id_ex_pipeline_reg/flush_delay_r_i_81/O
                         net (fo=1, unplaced)         0.025     5.993    design_1_i/riscv_wrapper_0/inst/rv_core/id_ex_pipeline_reg/flush_delay_r_i_81_n_0
                         CARRY8 (Prop_CARRY8_S[0]_CO[7])
                                                      0.289     6.282 r  design_1_i/riscv_wrapper_0/inst/rv_core/id_ex_pipeline_reg/flush_delay_r_reg_i_47/CO[7]
                         net (fo=1, unplaced)         0.006     6.288    design_1_i/riscv_wrapper_0/inst/rv_core/id_ex_pipeline_reg/flush_delay_r_reg_i_47_n_0
                         CARRY8 (Prop_CARRY8_CI_CO[7])
                                                      0.073     6.361 r  design_1_i/riscv_wrapper_0/inst/rv_core/id_ex_pipeline_reg/flush_delay_r_reg_i_18/CO[7]
                         net (fo=1, unplaced)         0.006     6.367    design_1_i/riscv_wrapper_0/inst/rv_core/id_ex_pipeline_reg/flush_delay_r_reg_i_18_n_0
                         CARRY8 (Prop_CARRY8_CI_O[7])
                                                      0.171     6.538 r  design_1_i/riscv_wrapper_0/inst/rv_core/id_ex_pipeline_reg/flush_delay_r_reg_i_6/O[7]
                         net (fo=1, unplaced)         0.151     6.689    design_1_i/riscv_wrapper_0/inst/rv_core/id_ex_pipeline_reg/bj_unit/p_0_in
                         LUT6 (Prop_LUT6_I4_O)        0.058     6.747 r  design_1_i/riscv_wrapper_0/inst/rv_core/id_ex_pipeline_reg/flush_delay_r_i_2/O
                         net (fo=1, unplaced)         0.211     6.958    design_1_i/riscv_wrapper_0/inst/rv_core/id_ex_pipeline_reg/flush_delay_r_i_2_n_0
                         LUT6 (Prop_LUT6_I0_O)        0.058     7.016 r  design_1_i/riscv_wrapper_0/inst/rv_core/id_ex_pipeline_reg/flush_delay_r_i_1/O
                         net (fo=34, unplaced)        0.272     7.288    design_1_i/riscv_wrapper_0/inst/rv_core/id_ex_pipeline_reg/ex_branch_taken_w
                         LUT4 (Prop_LUT4_I1_O)        0.058     7.346 r  design_1_i/riscv_wrapper_0/inst/rv_core/id_ex_pipeline_reg/op_bl_o[2]_i_1/O
                         net (fo=8, unplaced)         0.248     7.594    design_1_i/riscv_wrapper_0/inst/rv_core/id_ex_pipeline_reg/op_bl_o[2]_i_1_n_0
                         FDRE                                         r  design_1_i/riscv_wrapper_0/inst/rv_core/id_ex_pipeline_reg/op_bl_o_reg[2]/R
  -------------------------------------------------------------------    -------------------

                         (clock clk_pl_0 rise edge)
                                                     10.000    10.000 r  
                         PS8                          0.000    10.000 r  design_1_i/zynq_ultra_ps_e_0/inst/PS8_i/PLCLK[0]
                         net (fo=1, unplaced)         0.181    10.181    design_1_i/zynq_ultra_ps_e_0/inst/pl_clk_unbuffered[0]
                         BUFG_PS (Prop_BUFG_PS_I_O)
                                                      0.035    10.216 r  design_1_i/zynq_ultra_ps_e_0/inst/buffer_pl_clk_0.PL_CLK_0_BUFG/O
                         net (fo=18545, unplaced)     2.439    12.655    design_1_i/riscv_wrapper_0/inst/rv_core/id_ex_pipeline_reg/clk_i
                         FDRE                                         r  design_1_i/riscv_wrapper_0/inst/rv_core/id_ex_pipeline_reg/op_bl_o_reg[2]/C
                         clock pessimism              0.051    12.706    
                         clock uncertainty           -0.160    12.546    
                         FDRE (Setup_FDRE_C_R)       -0.118    12.428    design_1_i/riscv_wrapper_0/inst/rv_core/id_ex_pipeline_reg/op_bl_o_reg[2]
  -------------------------------------------------------------------
                         required time                         12.428    
                         arrival time                          -7.594    
  -------------------------------------------------------------------
                         slack                                  4.834    

Slack (MET) :             4.834ns  (required time - arrival time)
  Source:                 <hidden>
                            (rising edge-triggered cell RAMB36E2 clocked by clk_pl_0  {rise@0.000ns fall@5.000ns period=10.000ns})
  Destination:            design_1_i/riscv_wrapper_0/inst/rv_core/id_ex_pipeline_reg/we_dmem_o_reg/R
                            (rising edge-triggered cell FDRE clocked by clk_pl_0  {rise@0.000ns fall@5.000ns period=10.000ns})
  Path Group:             clk_pl_0
  Path Type:              Setup (Max at Slow Process Corner)
  Requirement:            10.000ns  (clk_pl_0 rise@10.000ns - clk_pl_0 rise@0.000ns)
  Data Path Delay:        4.743ns  (logic 2.557ns (53.911%)  route 2.186ns (46.089%))
  Logic Levels:           11  (CARRY8=3 LUT2=1 LUT4=1 LUT6=6)
  Clock Path Skew:        -0.145ns (DCD - SCD + CPR)
    Destination Clock Delay (DCD):    2.655ns = ( 12.655 - 10.000 ) 
    Source Clock Delay      (SCD):    2.851ns
    Clock Pessimism Removal (CPR):    0.051ns
  Clock Uncertainty:      0.160ns  ((TSJ^2 + DJ^2)^1/2) / 2 + PE
    Total System Jitter     (TSJ):    0.071ns
    Discrete Jitter          (DJ):    0.312ns
    Phase Error              (PE):    0.000ns

    Location             Delay type                Incr(ns)  Path(ns)    Netlist Resource(s)
  -------------------------------------------------------------------    -------------------
                         (clock clk_pl_0 rise edge)
                                                      0.000     0.000 r  
                         PS8                          0.000     0.000 r  design_1_i/zynq_ultra_ps_e_0/inst/PS8_i/PLCLK[0]
                         net (fo=1, unplaced)         0.229     0.229    design_1_i/zynq_ultra_ps_e_0/inst/pl_clk_unbuffered[0]
                         BUFG_PS (Prop_BUFG_PS_I_O)
                                                      0.038     0.267 r  design_1_i/zynq_ultra_ps_e_0/inst/buffer_pl_clk_0.PL_CLK_0_BUFG/O
                         net (fo=18545, unplaced)     2.584     2.851    <hidden>
                         RAMB36E2                                     r  <hidden>
  -------------------------------------------------------------------    -------------------
                         RAMB36E2 (Prop_RAMB36E2_CLKARDCLK_DOUTADOUT[1])
                                                      1.430     4.281 r  <hidden>
                         net (fo=3, unplaced)         0.296     4.577    design_1_i/riscv_wrapper_0/inst/rv_core/mem_wb_pipeline_reg/dmem_rdata_i[7]
                         LUT6 (Prop_LUT6_I1_O)        0.188     4.765 r  design_1_i/riscv_wrapper_0/inst/rv_core/mem_wb_pipeline_reg/registers_r[0][31]_i_6/O
                         net (fo=24, unplaced)        0.264     5.029    design_1_i/riscv_wrapper_0/inst/rv_core/mem_wb_pipeline_reg/registers_r[0][31]_i_6_n_0
                         LUT6 (Prop_LUT6_I4_O)        0.058     5.087 r  design_1_i/riscv_wrapper_0/inst/rv_core/mem_wb_pipeline_reg/registers_r[0][8]_i_3/O
                         net (fo=1, unplaced)         0.211     5.298    design_1_i/riscv_wrapper_0/inst/rv_core/wb_mux/wb_aligned_load_data_w[7]
                         LUT6 (Prop_LUT6_I5_O)        0.058     5.356 r  design_1_i/riscv_wrapper_0/inst/rv_core/wb_mux/registers_r[0][8]_i_1/O
                         net (fo=36, unplaced)        0.273     5.629    design_1_i/riscv_wrapper_0/inst/rv_core/fwd_mux_b/wb_wdata_w[8]
                         LUT6 (Prop_LUT6_I1_O)        0.058     5.687 r  design_1_i/riscv_wrapper_0/inst/rv_core/fwd_mux_b/d_dmem_o[8]_i_1/O
                         net (fo=4, unplaced)         0.223     5.910    design_1_i/riscv_wrapper_0/inst/rv_core/id_ex_pipeline_reg/fw_data2_clean_w[8]
                         LUT2 (Prop_LUT2_I1_O)        0.058     5.968 r  design_1_i/riscv_wrapper_0/inst/rv_core/id_ex_pipeline_reg/flush_delay_r_i_81/O
                         net (fo=1, unplaced)         0.025     5.993    design_1_i/riscv_wrapper_0/inst/rv_core/id_ex_pipeline_reg/flush_delay_r_i_81_n_0
                         CARRY8 (Prop_CARRY8_S[0]_CO[7])
                                                      0.289     6.282 r  design_1_i/riscv_wrapper_0/inst/rv_core/id_ex_pipeline_reg/flush_delay_r_reg_i_47/CO[7]
                         net (fo=1, unplaced)         0.006     6.288    design_1_i/riscv_wrapper_0/inst/rv_core/id_ex_pipeline_reg/flush_delay_r_reg_i_47_n_0
                         CARRY8 (Prop_CARRY8_CI_CO[7])
                                                      0.073     6.361 r  design_1_i/riscv_wrapper_0/inst/rv_core/id_ex_pipeline_reg/flush_delay_r_reg_i_18/CO[7]
                         net (fo=1, unplaced)         0.006     6.367    design_1_i/riscv_wrapper_0/inst/rv_core/id_ex_pipeline_reg/flush_delay_r_reg_i_18_n_0
                         CARRY8 (Prop_CARRY8_CI_O[7])
                                                      0.171     6.538 r  design_1_i/riscv_wrapper_0/inst/rv_core/id_ex_pipeline_reg/flush_delay_r_reg_i_6/O[7]
                         net (fo=1, unplaced)         0.151     6.689    design_1_i/riscv_wrapper_0/inst/rv_core/id_ex_pipeline_reg/bj_unit/p_0_in
                         LUT6 (Prop_LUT6_I4_O)        0.058     6.747 r  design_1_i/riscv_wrapper_0/inst/rv_core/id_ex_pipeline_reg/flush_delay_r_i_2/O
                         net (fo=1, unplaced)         0.211     6.958    design_1_i/riscv_wrapper_0/inst/rv_core/id_ex_pipeline_reg/flush_delay_r_i_2_n_0
                         LUT6 (Prop_LUT6_I0_O)        0.058     7.016 r  design_1_i/riscv_wrapper_0/inst/rv_core/id_ex_pipeline_reg/flush_delay_r_i_1/O
                         net (fo=34, unplaced)        0.272     7.288    design_1_i/riscv_wrapper_0/inst/rv_core/id_ex_pipeline_reg/ex_branch_taken_w
                         LUT4 (Prop_LUT4_I1_O)        0.058     7.346 r  design_1_i/riscv_wrapper_0/inst/rv_core/id_ex_pipeline_reg/op_bl_o[2]_i_1/O
                         net (fo=8, unplaced)         0.248     7.594    design_1_i/riscv_wrapper_0/inst/rv_core/id_ex_pipeline_reg/op_bl_o[2]_i_1_n_0
                         FDRE                                         r  design_1_i/riscv_wrapper_0/inst/rv_core/id_ex_pipeline_reg/we_dmem_o_reg/R
  -------------------------------------------------------------------    -------------------

                         (clock clk_pl_0 rise edge)
                                                     10.000    10.000 r  
                         PS8                          0.000    10.000 r  design_1_i/zynq_ultra_ps_e_0/inst/PS8_i/PLCLK[0]
                         net (fo=1, unplaced)         0.181    10.181    design_1_i/zynq_ultra_ps_e_0/inst/pl_clk_unbuffered[0]
                         BUFG_PS (Prop_BUFG_PS_I_O)
                                                      0.035    10.216 r  design_1_i/zynq_ultra_ps_e_0/inst/buffer_pl_clk_0.PL_CLK_0_BUFG/O
                         net (fo=18545, unplaced)     2.439    12.655    design_1_i/riscv_wrapper_0/inst/rv_core/id_ex_pipeline_reg/clk_i
                         FDRE                                         r  design_1_i/riscv_wrapper_0/inst/rv_core/id_ex_pipeline_reg/we_dmem_o_reg/C
                         clock pessimism              0.051    12.706    
                         clock uncertainty           -0.160    12.546    
                         FDRE (Setup_FDRE_C_R)       -0.118    12.428    design_1_i/riscv_wrapper_0/inst/rv_core/id_ex_pipeline_reg/we_dmem_o_reg
  -------------------------------------------------------------------
                         required time                         12.428    
                         arrival time                          -7.594    
  -------------------------------------------------------------------
                         slack                                  4.834    

Slack (MET) :             4.834ns  (required time - arrival time)
  Source:                 <hidden>
                            (rising edge-triggered cell RAMB36E2 clocked by clk_pl_0  {rise@0.000ns fall@5.000ns period=10.000ns})
  Destination:            design_1_i/riscv_wrapper_0/inst/rv_core/id_ex_pipeline_reg/we_regfile_o_reg/R
                            (rising edge-triggered cell FDRE clocked by clk_pl_0  {rise@0.000ns fall@5.000ns period=10.000ns})
  Path Group:             clk_pl_0
  Path Type:              Setup (Max at Slow Process Corner)
  Requirement:            10.000ns  (clk_pl_0 rise@10.000ns - clk_pl_0 rise@0.000ns)
  Data Path Delay:        4.743ns  (logic 2.557ns (53.911%)  route 2.186ns (46.089%))
  Logic Levels:           11  (CARRY8=3 LUT2=1 LUT4=1 LUT6=6)
  Clock Path Skew:        -0.145ns (DCD - SCD + CPR)
    Destination Clock Delay (DCD):    2.655ns = ( 12.655 - 10.000 ) 
    Source Clock Delay      (SCD):    2.851ns
    Clock Pessimism Removal (CPR):    0.051ns
  Clock Uncertainty:      0.160ns  ((TSJ^2 + DJ^2)^1/2) / 2 + PE
    Total System Jitter     (TSJ):    0.071ns
    Discrete Jitter          (DJ):    0.312ns
    Phase Error              (PE):    0.000ns

    Location             Delay type                Incr(ns)  Path(ns)    Netlist Resource(s)
  -------------------------------------------------------------------    -------------------
                         (clock clk_pl_0 rise edge)
                                                      0.000     0.000 r  
                         PS8                          0.000     0.000 r  design_1_i/zynq_ultra_ps_e_0/inst/PS8_i/PLCLK[0]
                         net (fo=1, unplaced)         0.229     0.229    design_1_i/zynq_ultra_ps_e_0/inst/pl_clk_unbuffered[0]
                         BUFG_PS (Prop_BUFG_PS_I_O)
                                                      0.038     0.267 r  design_1_i/zynq_ultra_ps_e_0/inst/buffer_pl_clk_0.PL_CLK_0_BUFG/O
                         net (fo=18545, unplaced)     2.584     2.851    <hidden>
                         RAMB36E2                                     r  <hidden>
  -------------------------------------------------------------------    -------------------
                         RAMB36E2 (Prop_RAMB36E2_CLKARDCLK_DOUTADOUT[1])
                                                      1.430     4.281 r  <hidden>
                         net (fo=3, unplaced)         0.296     4.577    design_1_i/riscv_wrapper_0/inst/rv_core/mem_wb_pipeline_reg/dmem_rdata_i[7]
                         LUT6 (Prop_LUT6_I1_O)        0.188     4.765 r  design_1_i/riscv_wrapper_0/inst/rv_core/mem_wb_pipeline_reg/registers_r[0][31]_i_6/O
                         net (fo=24, unplaced)        0.264     5.029    design_1_i/riscv_wrapper_0/inst/rv_core/mem_wb_pipeline_reg/registers_r[0][31]_i_6_n_0
                         LUT6 (Prop_LUT6_I4_O)        0.058     5.087 r  design_1_i/riscv_wrapper_0/inst/rv_core/mem_wb_pipeline_reg/registers_r[0][8]_i_3/O
                         net (fo=1, unplaced)         0.211     5.298    design_1_i/riscv_wrapper_0/inst/rv_core/wb_mux/wb_aligned_load_data_w[7]
                         LUT6 (Prop_LUT6_I5_O)        0.058     5.356 r  design_1_i/riscv_wrapper_0/inst/rv_core/wb_mux/registers_r[0][8]_i_1/O
                         net (fo=36, unplaced)        0.273     5.629    design_1_i/riscv_wrapper_0/inst/rv_core/fwd_mux_b/wb_wdata_w[8]
                         LUT6 (Prop_LUT6_I1_O)        0.058     5.687 r  design_1_i/riscv_wrapper_0/inst/rv_core/fwd_mux_b/d_dmem_o[8]_i_1/O
                         net (fo=4, unplaced)         0.223     5.910    design_1_i/riscv_wrapper_0/inst/rv_core/id_ex_pipeline_reg/fw_data2_clean_w[8]
                         LUT2 (Prop_LUT2_I1_O)        0.058     5.968 r  design_1_i/riscv_wrapper_0/inst/rv_core/id_ex_pipeline_reg/flush_delay_r_i_81/O
                         net (fo=1, unplaced)         0.025     5.993    design_1_i/riscv_wrapper_0/inst/rv_core/id_ex_pipeline_reg/flush_delay_r_i_81_n_0
                         CARRY8 (Prop_CARRY8_S[0]_CO[7])
                                                      0.289     6.282 r  design_1_i/riscv_wrapper_0/inst/rv_core/id_ex_pipeline_reg/flush_delay_r_reg_i_47/CO[7]
                         net (fo=1, unplaced)         0.006     6.288    design_1_i/riscv_wrapper_0/inst/rv_core/id_ex_pipeline_reg/flush_delay_r_reg_i_47_n_0
                         CARRY8 (Prop_CARRY8_CI_CO[7])
                                                      0.073     6.361 r  design_1_i/riscv_wrapper_0/inst/rv_core/id_ex_pipeline_reg/flush_delay_r_reg_i_18/CO[7]
                         net (fo=1, unplaced)         0.006     6.367    design_1_i/riscv_wrapper_0/inst/rv_core/id_ex_pipeline_reg/flush_delay_r_reg_i_18_n_0
                         CARRY8 (Prop_CARRY8_CI_O[7])
                                                      0.171     6.538 r  design_1_i/riscv_wrapper_0/inst/rv_core/id_ex_pipeline_reg/flush_delay_r_reg_i_6/O[7]
                         net (fo=1, unplaced)         0.151     6.689    design_1_i/riscv_wrapper_0/inst/rv_core/id_ex_pipeline_reg/bj_unit/p_0_in
                         LUT6 (Prop_LUT6_I4_O)        0.058     6.747 r  design_1_i/riscv_wrapper_0/inst/rv_core/id_ex_pipeline_reg/flush_delay_r_i_2/O
                         net (fo=1, unplaced)         0.211     6.958    design_1_i/riscv_wrapper_0/inst/rv_core/id_ex_pipeline_reg/flush_delay_r_i_2_n_0
                         LUT6 (Prop_LUT6_I0_O)        0.058     7.016 r  design_1_i/riscv_wrapper_0/inst/rv_core/id_ex_pipeline_reg/flush_delay_r_i_1/O
                         net (fo=34, unplaced)        0.272     7.288    design_1_i/riscv_wrapper_0/inst/rv_core/id_ex_pipeline_reg/ex_branch_taken_w
                         LUT4 (Prop_LUT4_I1_O)        0.058     7.346 r  design_1_i/riscv_wrapper_0/inst/rv_core/id_ex_pipeline_reg/op_bl_o[2]_i_1/O
                         net (fo=8, unplaced)         0.248     7.594    design_1_i/riscv_wrapper_0/inst/rv_core/id_ex_pipeline_reg/op_bl_o[2]_i_1_n_0
                         FDRE                                         r  design_1_i/riscv_wrapper_0/inst/rv_core/id_ex_pipeline_reg/we_regfile_o_reg/R
  -------------------------------------------------------------------    -------------------

                         (clock clk_pl_0 rise edge)
                                                     10.000    10.000 r  
                         PS8                          0.000    10.000 r  design_1_i/zynq_ultra_ps_e_0/inst/PS8_i/PLCLK[0]
                         net (fo=1, unplaced)         0.181    10.181    design_1_i/zynq_ultra_ps_e_0/inst/pl_clk_unbuffered[0]
                         BUFG_PS (Prop_BUFG_PS_I_O)
                                                      0.035    10.216 r  design_1_i/zynq_ultra_ps_e_0/inst/buffer_pl_clk_0.PL_CLK_0_BUFG/O
                         net (fo=18545, unplaced)     2.439    12.655    design_1_i/riscv_wrapper_0/inst/rv_core/id_ex_pipeline_reg/clk_i
                         FDRE                                         r  design_1_i/riscv_wrapper_0/inst/rv_core/id_ex_pipeline_reg/we_regfile_o_reg/C
                         clock pessimism              0.051    12.706    
                         clock uncertainty           -0.160    12.546    
                         FDRE (Setup_FDRE_C_R)       -0.118    12.428    design_1_i/riscv_wrapper_0/inst/rv_core/id_ex_pipeline_reg/we_regfile_o_reg
  -------------------------------------------------------------------
                         required time                         12.428    
                         arrival time                          -7.594    
  -------------------------------------------------------------------
                         slack                                  4.834    

Slack (MET) :             4.901ns  (required time - arrival time)
  Source:                 <hidden>
                            (rising edge-triggered cell RAMB36E2 clocked by clk_pl_0  {rise@0.000ns fall@5.000ns period=10.000ns})
  Destination:            design_1_i/riscv_wrapper_0/inst/rv_core/ex_mem_pipeline_reg/alu_o_reg[28]/D
                            (rising edge-triggered cell FDRE clocked by clk_pl_0  {rise@0.000ns fall@5.000ns period=10.000ns})
  Path Group:             clk_pl_0
  Path Type:              Setup (Max at Slow Process Corner)
  Requirement:            10.000ns  (clk_pl_0 rise@10.000ns - clk_pl_0 rise@0.000ns)
  Data Path Delay:        4.838ns  (logic 2.600ns (53.741%)  route 2.238ns (46.259%))
  Logic Levels:           12  (CARRY8=3 LUT2=1 LUT3=1 LUT6=7)
  Clock Path Skew:        -0.145ns (DCD - SCD + CPR)
    Destination Clock Delay (DCD):    2.655ns = ( 12.655 - 10.000 ) 
    Source Clock Delay      (SCD):    2.851ns
    Clock Pessimism Removal (CPR):    0.051ns
  Clock Uncertainty:      0.160ns  ((TSJ^2 + DJ^2)^1/2) / 2 + PE
    Total System Jitter     (TSJ):    0.071ns
    Discrete Jitter          (DJ):    0.312ns
    Phase Error              (PE):    0.000ns

    Location             Delay type                Incr(ns)  Path(ns)    Netlist Resource(s)
  -------------------------------------------------------------------    -------------------
                         (clock clk_pl_0 rise edge)
                                                      0.000     0.000 r  
                         PS8                          0.000     0.000 r  design_1_i/zynq_ultra_ps_e_0/inst/PS8_i/PLCLK[0]
                         net (fo=1, unplaced)         0.229     0.229    design_1_i/zynq_ultra_ps_e_0/inst/pl_clk_unbuffered[0]
                         BUFG_PS (Prop_BUFG_PS_I_O)
                                                      0.038     0.267 r  design_1_i/zynq_ultra_ps_e_0/inst/buffer_pl_clk_0.PL_CLK_0_BUFG/O
                         net (fo=18545, unplaced)     2.584     2.851    <hidden>
                         RAMB36E2                                     r  <hidden>
  -------------------------------------------------------------------    -------------------
                         RAMB36E2 (Prop_RAMB36E2_CLKARDCLK_DOUTADOUT[1])
                                                      1.430     4.281 r  <hidden>
                         net (fo=3, unplaced)         0.296     4.577    design_1_i/riscv_wrapper_0/inst/rv_core/mem_wb_pipeline_reg/dmem_rdata_i[7]
                         LUT6 (Prop_LUT6_I1_O)        0.188     4.765 r  design_1_i/riscv_wrapper_0/inst/rv_core/mem_wb_pipeline_reg/registers_r[0][31]_i_6/O
                         net (fo=24, unplaced)        0.264     5.029    design_1_i/riscv_wrapper_0/inst/rv_core/mem_wb_pipeline_reg/registers_r[0][31]_i_6_n_0
                         LUT6 (Prop_LUT6_I4_O)        0.058     5.087 r  design_1_i/riscv_wrapper_0/inst/rv_core/mem_wb_pipeline_reg/registers_r[0][8]_i_3/O
                         net (fo=1, unplaced)         0.211     5.298    design_1_i/riscv_wrapper_0/inst/rv_core/wb_mux/wb_aligned_load_data_w[7]
                         LUT6 (Prop_LUT6_I5_O)        0.058     5.356 r  design_1_i/riscv_wrapper_0/inst/rv_core/wb_mux/registers_r[0][8]_i_1/O
                         net (fo=36, unplaced)        0.273     5.629    design_1_i/riscv_wrapper_0/inst/rv_core/fwd_mux_b/wb_wdata_w[8]
                         LUT6 (Prop_LUT6_I1_O)        0.058     5.687 r  design_1_i/riscv_wrapper_0/inst/rv_core/fwd_mux_b/d_dmem_o[8]_i_1/O
                         net (fo=4, unplaced)         0.223     5.910    design_1_i/riscv_wrapper_0/inst/rv_core/id_ex_pipeline_reg/fw_data2_clean_w[8]
                         LUT3 (Prop_LUT3_I1_O)        0.095     6.005 r  design_1_i/riscv_wrapper_0/inst/rv_core/id_ex_pipeline_reg/alu_o[8]_i_9/O
                         net (fo=7, unplaced)         0.236     6.241    design_1_i/riscv_wrapper_0/inst/rv_core/id_ex_pipeline_reg/ex_alu_operand_b_w[8]
                         LUT2 (Prop_LUT2_I1_O)        0.058     6.299 r  design_1_i/riscv_wrapper_0/inst/rv_core/id_ex_pipeline_reg/alu_o[15]_i_84/O
                         net (fo=1, unplaced)         0.025     6.324    design_1_i/riscv_wrapper_0/inst/rv_core/id_ex_pipeline_reg/alu_o[15]_i_84_n_0
                         CARRY8 (Prop_CARRY8_S[0]_CO[7])
                                                      0.289     6.613 r  design_1_i/riscv_wrapper_0/inst/rv_core/id_ex_pipeline_reg/alu_o_reg[15]_i_34/CO[7]
                         net (fo=1, unplaced)         0.006     6.619    design_1_i/riscv_wrapper_0/inst/rv_core/id_ex_pipeline_reg/alu_o_reg[15]_i_34_n_0
                         CARRY8 (Prop_CARRY8_CI_CO[7])
                                                      0.073     6.692 r  design_1_i/riscv_wrapper_0/inst/rv_core/id_ex_pipeline_reg/alu_o_reg[31]_i_25/CO[7]
                         net (fo=1, unplaced)         0.006     6.698    design_1_i/riscv_wrapper_0/inst/rv_core/id_ex_pipeline_reg/alu_o_reg[31]_i_25_n_0
                         CARRY8 (Prop_CARRY8_CI_O[4])
                                                      0.119     6.817 r  design_1_i/riscv_wrapper_0/inst/rv_core/id_ex_pipeline_reg/alu_o_reg[31]_i_11/O[4]
                         net (fo=1, unplaced)         0.209     7.026    design_1_i/riscv_wrapper_0/inst/rv_core/id_ex_pipeline_reg/alu_unit/data0[28]
                         LUT6 (Prop_LUT6_I4_O)        0.058     7.084 r  design_1_i/riscv_wrapper_0/inst/rv_core/id_ex_pipeline_reg/alu_o[28]_i_5/O
                         net (fo=1, unplaced)         0.211     7.295    design_1_i/riscv_wrapper_0/inst/rv_core/id_ex_pipeline_reg/alu_o[28]_i_5_n_0
                         LUT6 (Prop_LUT6_I2_O)        0.058     7.353 r  design_1_i/riscv_wrapper_0/inst/rv_core/id_ex_pipeline_reg/alu_o[28]_i_3/O
                         net (fo=1, unplaced)         0.211     7.564    design_1_i/riscv_wrapper_0/inst/rv_core/id_ex_pipeline_reg/alu_o[28]_i_3_n_0
                         LUT6 (Prop_LUT6_I2_O)        0.058     7.622 r  design_1_i/riscv_wrapper_0/inst/rv_core/id_ex_pipeline_reg/alu_o[28]_i_1/O
                         net (fo=1, unplaced)         0.067     7.689    design_1_i/riscv_wrapper_0/inst/rv_core/ex_mem_pipeline_reg/D[28]
                         FDRE                                         r  design_1_i/riscv_wrapper_0/inst/rv_core/ex_mem_pipeline_reg/alu_o_reg[28]/D
  -------------------------------------------------------------------    -------------------

                         (clock clk_pl_0 rise edge)
                                                     10.000    10.000 r  
                         PS8                          0.000    10.000 r  design_1_i/zynq_ultra_ps_e_0/inst/PS8_i/PLCLK[0]
                         net (fo=1, unplaced)         0.181    10.181    design_1_i/zynq_ultra_ps_e_0/inst/pl_clk_unbuffered[0]
                         BUFG_PS (Prop_BUFG_PS_I_O)
                                                      0.035    10.216 r  design_1_i/zynq_ultra_ps_e_0/inst/buffer_pl_clk_0.PL_CLK_0_BUFG/O
                         net (fo=18545, unplaced)     2.439    12.655    design_1_i/riscv_wrapper_0/inst/rv_core/ex_mem_pipeline_reg/clk_i
                         FDRE                                         r  design_1_i/riscv_wrapper_0/inst/rv_core/ex_mem_pipeline_reg/alu_o_reg[28]/C
                         clock pessimism              0.051    12.706    
                         clock uncertainty           -0.160    12.546    
                         FDRE (Setup_FDRE_C_D)        0.044    12.590    design_1_i/riscv_wrapper_0/inst/rv_core/ex_mem_pipeline_reg/alu_o_reg[28]
  -------------------------------------------------------------------
                         required time                         12.590    
                         arrival time                          -7.689    
  -------------------------------------------------------------------
                         slack                                  4.901    

Slack (MET) :             4.914ns  (required time - arrival time)
  Source:                 <hidden>
                            (rising edge-triggered cell RAMB36E2 clocked by clk_pl_0  {rise@0.000ns fall@5.000ns period=10.000ns})
  Destination:            design_1_i/riscv_wrapper_0/inst/rv_core/ex_mem_pipeline_reg/alu_o_reg[25]/D
                            (rising edge-triggered cell FDRE clocked by clk_pl_0  {rise@0.000ns fall@5.000ns period=10.000ns})
  Path Group:             clk_pl_0
  Path Type:              Setup (Max at Slow Process Corner)
  Requirement:            10.000ns  (clk_pl_0 rise@10.000ns - clk_pl_0 rise@0.000ns)
  Data Path Delay:        4.825ns  (logic 2.587ns (53.617%)  route 2.238ns (46.383%))
  Logic Levels:           12  (CARRY8=3 LUT2=1 LUT3=1 LUT5=1 LUT6=6)
  Clock Path Skew:        -0.145ns (DCD - SCD + CPR)
    Destination Clock Delay (DCD):    2.655ns = ( 12.655 - 10.000 ) 
    Source Clock Delay      (SCD):    2.851ns
    Clock Pessimism Removal (CPR):    0.051ns
  Clock Uncertainty:      0.160ns  ((TSJ^2 + DJ^2)^1/2) / 2 + PE
    Total System Jitter     (TSJ):    0.071ns
    Discrete Jitter          (DJ):    0.312ns
    Phase Error              (PE):    0.000ns

    Location             Delay type                Incr(ns)  Path(ns)    Netlist Resource(s)
  -------------------------------------------------------------------    -------------------
                         (clock clk_pl_0 rise edge)
                                                      0.000     0.000 r  
                         PS8                          0.000     0.000 r  design_1_i/zynq_ultra_ps_e_0/inst/PS8_i/PLCLK[0]
                         net (fo=1, unplaced)         0.229     0.229    design_1_i/zynq_ultra_ps_e_0/inst/pl_clk_unbuffered[0]
                         BUFG_PS (Prop_BUFG_PS_I_O)
                                                      0.038     0.267 r  design_1_i/zynq_ultra_ps_e_0/inst/buffer_pl_clk_0.PL_CLK_0_BUFG/O
                         net (fo=18545, unplaced)     2.584     2.851    <hidden>
                         RAMB36E2                                     r  <hidden>
  -------------------------------------------------------------------    -------------------
                         RAMB36E2 (Prop_RAMB36E2_CLKARDCLK_DOUTADOUT[1])
                                                      1.430     4.281 r  <hidden>
                         net (fo=3, unplaced)         0.296     4.577    design_1_i/riscv_wrapper_0/inst/rv_core/mem_wb_pipeline_reg/dmem_rdata_i[7]
                         LUT6 (Prop_LUT6_I1_O)        0.188     4.765 r  design_1_i/riscv_wrapper_0/inst/rv_core/mem_wb_pipeline_reg/registers_r[0][31]_i_6/O
                         net (fo=24, unplaced)        0.264     5.029    design_1_i/riscv_wrapper_0/inst/rv_core/mem_wb_pipeline_reg/registers_r[0][31]_i_6_n_0
                         LUT6 (Prop_LUT6_I4_O)        0.058     5.087 r  design_1_i/riscv_wrapper_0/inst/rv_core/mem_wb_pipeline_reg/registers_r[0][8]_i_3/O
                         net (fo=1, unplaced)         0.211     5.298    design_1_i/riscv_wrapper_0/inst/rv_core/wb_mux/wb_aligned_load_data_w[7]
                         LUT6 (Prop_LUT6_I5_O)        0.058     5.356 r  design_1_i/riscv_wrapper_0/inst/rv_core/wb_mux/registers_r[0][8]_i_1/O
                         net (fo=36, unplaced)        0.273     5.629    design_1_i/riscv_wrapper_0/inst/rv_core/fwd_mux_b/wb_wdata_w[8]
                         LUT6 (Prop_LUT6_I1_O)        0.058     5.687 r  design_1_i/riscv_wrapper_0/inst/rv_core/fwd_mux_b/d_dmem_o[8]_i_1/O
                         net (fo=4, unplaced)         0.223     5.910    design_1_i/riscv_wrapper_0/inst/rv_core/id_ex_pipeline_reg/fw_data2_clean_w[8]
                         LUT3 (Prop_LUT3_I1_O)        0.095     6.005 r  design_1_i/riscv_wrapper_0/inst/rv_core/id_ex_pipeline_reg/alu_o[8]_i_9/O
                         net (fo=7, unplaced)         0.236     6.241    design_1_i/riscv_wrapper_0/inst/rv_core/id_ex_pipeline_reg/ex_alu_operand_b_w[8]
                         LUT2 (Prop_LUT2_I1_O)        0.058     6.299 r  design_1_i/riscv_wrapper_0/inst/rv_core/id_ex_pipeline_reg/alu_o[15]_i_84/O
                         net (fo=1, unplaced)         0.025     6.324    design_1_i/riscv_wrapper_0/inst/rv_core/id_ex_pipeline_reg/alu_o[15]_i_84_n_0
                         CARRY8 (Prop_CARRY8_S[0]_CO[7])
                                                      0.289     6.613 r  design_1_i/riscv_wrapper_0/inst/rv_core/id_ex_pipeline_reg/alu_o_reg[15]_i_34/CO[7]
                         net (fo=1, unplaced)         0.006     6.619    design_1_i/riscv_wrapper_0/inst/rv_core/id_ex_pipeline_reg/alu_o_reg[15]_i_34_n_0
                         CARRY8 (Prop_CARRY8_CI_CO[7])
                                                      0.073     6.692 r  design_1_i/riscv_wrapper_0/inst/rv_core/id_ex_pipeline_reg/alu_o_reg[31]_i_25/CO[7]
                         net (fo=1, unplaced)         0.006     6.698    design_1_i/riscv_wrapper_0/inst/rv_core/id_ex_pipeline_reg/alu_o_reg[31]_i_25_n_0
                         CARRY8 (Prop_CARRY8_CI_O[1])
                                                      0.106     6.804 r  design_1_i/riscv_wrapper_0/inst/rv_core/id_ex_pipeline_reg/alu_o_reg[31]_i_11/O[1]
                         net (fo=1, unplaced)         0.209     7.013    design_1_i/riscv_wrapper_0/inst/rv_core/id_ex_pipeline_reg/alu_unit/data0[25]
                         LUT6 (Prop_LUT6_I4_O)        0.058     7.071 r  design_1_i/riscv_wrapper_0/inst/rv_core/id_ex_pipeline_reg/alu_o[25]_i_9/O
                         net (fo=1, unplaced)         0.211     7.282    design_1_i/riscv_wrapper_0/inst/rv_core/id_ex_pipeline_reg/alu_o[25]_i_9_n_0
                         LUT5 (Prop_LUT5_I2_O)        0.058     7.340 r  design_1_i/riscv_wrapper_0/inst/rv_core/id_ex_pipeline_reg/alu_o[25]_i_4/O
                         net (fo=1, unplaced)         0.211     7.551    design_1_i/riscv_wrapper_0/inst/rv_core/id_ex_pipeline_reg/alu_o[25]_i_4_n_0
                         LUT6 (Prop_LUT6_I2_O)        0.058     7.609 r  design_1_i/riscv_wrapper_0/inst/rv_core/id_ex_pipeline_reg/alu_o[25]_i_1/O
                         net (fo=1, unplaced)         0.067     7.676    design_1_i/riscv_wrapper_0/inst/rv_core/ex_mem_pipeline_reg/D[25]
                         FDRE                                         r  design_1_i/riscv_wrapper_0/inst/rv_core/ex_mem_pipeline_reg/alu_o_reg[25]/D
  -------------------------------------------------------------------    -------------------

                         (clock clk_pl_0 rise edge)
                                                     10.000    10.000 r  
                         PS8                          0.000    10.000 r  design_1_i/zynq_ultra_ps_e_0/inst/PS8_i/PLCLK[0]
                         net (fo=1, unplaced)         0.181    10.181    design_1_i/zynq_ultra_ps_e_0/inst/pl_clk_unbuffered[0]
                         BUFG_PS (Prop_BUFG_PS_I_O)
                                                      0.035    10.216 r  design_1_i/zynq_ultra_ps_e_0/inst/buffer_pl_clk_0.PL_CLK_0_BUFG/O
                         net (fo=18545, unplaced)     2.439    12.655    design_1_i/riscv_wrapper_0/inst/rv_core/ex_mem_pipeline_reg/clk_i
                         FDRE                                         r  design_1_i/riscv_wrapper_0/inst/rv_core/ex_mem_pipeline_reg/alu_o_reg[25]/C
                         clock pessimism              0.051    12.706    
                         clock uncertainty           -0.160    12.546    
                         FDRE (Setup_FDRE_C_D)        0.044    12.590    design_1_i/riscv_wrapper_0/inst/rv_core/ex_mem_pipeline_reg/alu_o_reg[25]
  -------------------------------------------------------------------
                         required time                         12.590    
                         arrival time                          -7.676    
  -------------------------------------------------------------------
                         slack                                  4.914    





Min Delay Paths
--------------------------------------------------------------------------------------
Slack (VIOLATED) :        -0.082ns  (arrival time - required time)
  Source:                 <hidden>
                            (rising edge-triggered cell FDRE clocked by clk_pl_0  {rise@0.000ns fall@5.000ns period=10.000ns})
  Destination:            <hidden>
                            (rising edge-triggered cell RAMD32 clocked by clk_pl_0  {rise@0.000ns fall@5.000ns period=10.000ns})
  Path Group:             clk_pl_0
  Path Type:              Hold (Min at Fast Process Corner)
  Requirement:            0.000ns  (clk_pl_0 rise@0.000ns - clk_pl_0 rise@0.000ns)
  Data Path Delay:        0.153ns  (logic 0.084ns (54.902%)  route 0.069ns (45.098%))
  Logic Levels:           0  
  Clock Path Skew:        0.145ns (DCD - SCD - CPR)
    Destination Clock Delay (DCD):    1.446ns
    Source Clock Delay      (SCD):    1.265ns
    Clock Pessimism Removal (CPR):    0.036ns

    Location             Delay type                Incr(ns)  Path(ns)    Netlist Resource(s)
  -------------------------------------------------------------------    -------------------
                         (clock clk_pl_0 rise edge)
                                                      0.000     0.000 r  
                         PS8                          0.000     0.000 r  design_1_i/zynq_ultra_ps_e_0/inst/PS8_i/PLCLK[0]
                         net (fo=1, unplaced)         0.129     0.129    design_1_i/zynq_ultra_ps_e_0/inst/pl_clk_unbuffered[0]
                         BUFG_PS (Prop_BUFG_PS_I_O)
                                                      0.022     0.151 r  design_1_i/zynq_ultra_ps_e_0/inst/buffer_pl_clk_0.PL_CLK_0_BUFG/O
                         net (fo=18545, unplaced)     1.114     1.265    <hidden>
                         FDRE                                         r  <hidden>
  -------------------------------------------------------------------    -------------------
                         FDRE (Prop_FDRE_C_Q)         0.084     1.349 r  <hidden>
                         net (fo=21, unplaced)        0.069     1.418    <hidden>
                         RAMD32                                       r  <hidden>
  -------------------------------------------------------------------    -------------------

                         (clock clk_pl_0 rise edge)
                                                      0.000     0.000 r  
                         PS8                          0.000     0.000 r  design_1_i/zynq_ultra_ps_e_0/inst/PS8_i/PLCLK[0]
                         net (fo=1, unplaced)         0.164     0.164    design_1_i/zynq_ultra_ps_e_0/inst/pl_clk_unbuffered[0]
                         BUFG_PS (Prop_BUFG_PS_I_O)
                                                      0.023     0.187 r  design_1_i/zynq_ultra_ps_e_0/inst/buffer_pl_clk_0.PL_CLK_0_BUFG/O
                         net (fo=18545, unplaced)     1.259     1.446    <hidden>
                         RAMD32                                       r  <hidden>
                         clock pessimism             -0.036     1.410    
                         RAMD32 (Hold_RAMD32_CLK_WADR3)
                                                      0.090     1.500    <hidden>
  -------------------------------------------------------------------
                         required time                         -1.500    
                         arrival time                           1.418    
  -------------------------------------------------------------------
                         slack                                 -0.082    

Slack (VIOLATED) :        -0.082ns  (arrival time - required time)
  Source:                 <hidden>
                            (rising edge-triggered cell FDRE clocked by clk_pl_0  {rise@0.000ns fall@5.000ns period=10.000ns})
  Destination:            <hidden>
                            (rising edge-triggered cell RAMD32 clocked by clk_pl_0  {rise@0.000ns fall@5.000ns period=10.000ns})
  Path Group:             clk_pl_0
  Path Type:              Hold (Min at Fast Process Corner)
  Requirement:            0.000ns  (clk_pl_0 rise@0.000ns - clk_pl_0 rise@0.000ns)
  Data Path Delay:        0.153ns  (logic 0.084ns (54.902%)  route 0.069ns (45.098%))
  Logic Levels:           0  
  Clock Path Skew:        0.145ns (DCD - SCD - CPR)
    Destination Clock Delay (DCD):    1.446ns
    Source Clock Delay      (SCD):    1.265ns
    Clock Pessimism Removal (CPR):    0.036ns

    Location             Delay type                Incr(ns)  Path(ns)    Netlist Resource(s)
  -------------------------------------------------------------------    -------------------
                         (clock clk_pl_0 rise edge)
                                                      0.000     0.000 r  
                         PS8                          0.000     0.000 r  design_1_i/zynq_ultra_ps_e_0/inst/PS8_i/PLCLK[0]
                         net (fo=1, unplaced)         0.129     0.129    design_1_i/zynq_ultra_ps_e_0/inst/pl_clk_unbuffered[0]
                         BUFG_PS (Prop_BUFG_PS_I_O)
                                                      0.022     0.151 r  design_1_i/zynq_ultra_ps_e_0/inst/buffer_pl_clk_0.PL_CLK_0_BUFG/O
                         net (fo=18545, unplaced)     1.114     1.265    <hidden>
                         FDRE                                         r  <hidden>
  -------------------------------------------------------------------    -------------------
                         FDRE (Prop_FDRE_C_Q)         0.084     1.349 r  <hidden>
                         net (fo=21, unplaced)        0.069     1.418    <hidden>
                         RAMD32                                       r  <hidden>
  -------------------------------------------------------------------    -------------------

                         (clock clk_pl_0 rise edge)
                                                      0.000     0.000 r  
                         PS8                          0.000     0.000 r  design_1_i/zynq_ultra_ps_e_0/inst/PS8_i/PLCLK[0]
                         net (fo=1, unplaced)         0.164     0.164    design_1_i/zynq_ultra_ps_e_0/inst/pl_clk_unbuffered[0]
                         BUFG_PS (Prop_BUFG_PS_I_O)
                                                      0.023     0.187 r  design_1_i/zynq_ultra_ps_e_0/inst/buffer_pl_clk_0.PL_CLK_0_BUFG/O
                         net (fo=18545, unplaced)     1.259     1.446    <hidden>
                         RAMD32                                       r  <hidden>
                         clock pessimism             -0.036     1.410    
                         RAMD32 (Hold_RAMD32_CLK_WADR3)
                                                      0.090     1.500    <hidden>
  -------------------------------------------------------------------
                         required time                         -1.500    
                         arrival time                           1.418    
  -------------------------------------------------------------------
                         slack                                 -0.082    

Slack (VIOLATED) :        -0.082ns  (arrival time - required time)
  Source:                 <hidden>
                            (rising edge-triggered cell FDRE clocked by clk_pl_0  {rise@0.000ns fall@5.000ns period=10.000ns})
  Destination:            <hidden>
                            (rising edge-triggered cell RAMD32 clocked by clk_pl_0  {rise@0.000ns fall@5.000ns period=10.000ns})
  Path Group:             clk_pl_0
  Path Type:              Hold (Min at Fast Process Corner)
  Requirement:            0.000ns  (clk_pl_0 rise@0.000ns - clk_pl_0 rise@0.000ns)
  Data Path Delay:        0.153ns  (logic 0.084ns (54.902%)  route 0.069ns (45.098%))
  Logic Levels:           0  
  Clock Path Skew:        0.145ns (DCD - SCD - CPR)
    Destination Clock Delay (DCD):    1.446ns
    Source Clock Delay      (SCD):    1.265ns
    Clock Pessimism Removal (CPR):    0.036ns

    Location             Delay type                Incr(ns)  Path(ns)    Netlist Resource(s)
  -------------------------------------------------------------------    -------------------
                         (clock clk_pl_0 rise edge)
                                                      0.000     0.000 r  
                         PS8                          0.000     0.000 r  design_1_i/zynq_ultra_ps_e_0/inst/PS8_i/PLCLK[0]
                         net (fo=1, unplaced)         0.129     0.129    design_1_i/zynq_ultra_ps_e_0/inst/pl_clk_unbuffered[0]
                         BUFG_PS (Prop_BUFG_PS_I_O)
                                                      0.022     0.151 r  design_1_i/zynq_ultra_ps_e_0/inst/buffer_pl_clk_0.PL_CLK_0_BUFG/O
                         net (fo=18545, unplaced)     1.114     1.265    <hidden>
                         FDRE                                         r  <hidden>
  -------------------------------------------------------------------    -------------------
                         FDRE (Prop_FDRE_C_Q)         0.084     1.349 r  <hidden>
                         net (fo=21, unplaced)        0.069     1.418    <hidden>
                         RAMD32                                       r  <hidden>
  -------------------------------------------------------------------    -------------------

                         (clock clk_pl_0 rise edge)
                                                      0.000     0.000 r  
                         PS8                          0.000     0.000 r  design_1_i/zynq_ultra_ps_e_0/inst/PS8_i/PLCLK[0]
                         net (fo=1, unplaced)         0.164     0.164    design_1_i/zynq_ultra_ps_e_0/inst/pl_clk_unbuffered[0]
                         BUFG_PS (Prop_BUFG_PS_I_O)
                                                      0.023     0.187 r  design_1_i/zynq_ultra_ps_e_0/inst/buffer_pl_clk_0.PL_CLK_0_BUFG/O
                         net (fo=18545, unplaced)     1.259     1.446    <hidden>
                         RAMD32                                       r  <hidden>
                         clock pessimism             -0.036     1.410    
                         RAMD32 (Hold_RAMD32_CLK_WADR3)
                                                      0.090     1.500    <hidden>
  -------------------------------------------------------------------
                         required time                         -1.500    
                         arrival time                           1.418    
  -------------------------------------------------------------------
                         slack                                 -0.082    

Slack (VIOLATED) :        -0.082ns  (arrival time - required time)
  Source:                 <hidden>
                            (rising edge-triggered cell FDRE clocked by clk_pl_0  {rise@0.000ns fall@5.000ns period=10.000ns})
  Destination:            <hidden>
                            (rising edge-triggered cell RAMD32 clocked by clk_pl_0  {rise@0.000ns fall@5.000ns period=10.000ns})
  Path Group:             clk_pl_0
  Path Type:              Hold (Min at Fast Process Corner)
  Requirement:            0.000ns  (clk_pl_0 rise@0.000ns - clk_pl_0 rise@0.000ns)
  Data Path Delay:        0.153ns  (logic 0.084ns (54.902%)  route 0.069ns (45.098%))
  Logic Levels:           0  
  Clock Path Skew:        0.145ns (DCD - SCD - CPR)
    Destination Clock Delay (DCD):    1.446ns
    Source Clock Delay      (SCD):    1.265ns
    Clock Pessimism Removal (CPR):    0.036ns

    Location             Delay type                Incr(ns)  Path(ns)    Netlist Resource(s)
  -------------------------------------------------------------------    -------------------
                         (clock clk_pl_0 rise edge)
                                                      0.000     0.000 r  
                         PS8                          0.000     0.000 r  design_1_i/zynq_ultra_ps_e_0/inst/PS8_i/PLCLK[0]
                         net (fo=1, unplaced)         0.129     0.129    design_1_i/zynq_ultra_ps_e_0/inst/pl_clk_unbuffered[0]
                         BUFG_PS (Prop_BUFG_PS_I_O)
                                                      0.022     0.151 r  design_1_i/zynq_ultra_ps_e_0/inst/buffer_pl_clk_0.PL_CLK_0_BUFG/O
                         net (fo=18545, unplaced)     1.114     1.265    <hidden>
                         FDRE                                         r  <hidden>
  -------------------------------------------------------------------    -------------------
                         FDRE (Prop_FDRE_C_Q)         0.084     1.349 r  <hidden>
                         net (fo=21, unplaced)        0.069     1.418    <hidden>
                         RAMD32                                       r  <hidden>
  -------------------------------------------------------------------    -------------------

                         (clock clk_pl_0 rise edge)
                                                      0.000     0.000 r  
                         PS8                          0.000     0.000 r  design_1_i/zynq_ultra_ps_e_0/inst/PS8_i/PLCLK[0]
                         net (fo=1, unplaced)         0.164     0.164    design_1_i/zynq_ultra_ps_e_0/inst/pl_clk_unbuffered[0]
                         BUFG_PS (Prop_BUFG_PS_I_O)
                                                      0.023     0.187 r  design_1_i/zynq_ultra_ps_e_0/inst/buffer_pl_clk_0.PL_CLK_0_BUFG/O
                         net (fo=18545, unplaced)     1.259     1.446    <hidden>
                         RAMD32                                       r  <hidden>
                         clock pessimism             -0.036     1.410    
                         RAMD32 (Hold_RAMD32_CLK_WADR3)
                                                      0.090     1.500    <hidden>
  -------------------------------------------------------------------
                         required time                         -1.500    
                         arrival time                           1.418    
  -------------------------------------------------------------------
                         slack                                 -0.082    

Slack (VIOLATED) :        -0.082ns  (arrival time - required time)
  Source:                 <hidden>
                            (rising edge-triggered cell FDRE clocked by clk_pl_0  {rise@0.000ns fall@5.000ns period=10.000ns})
  Destination:            <hidden>
                            (rising edge-triggered cell RAMD32 clocked by clk_pl_0  {rise@0.000ns fall@5.000ns period=10.000ns})
  Path Group:             clk_pl_0
  Path Type:              Hold (Min at Fast Process Corner)
  Requirement:            0.000ns  (clk_pl_0 rise@0.000ns - clk_pl_0 rise@0.000ns)
  Data Path Delay:        0.153ns  (logic 0.084ns (54.902%)  route 0.069ns (45.098%))
  Logic Levels:           0  
  Clock Path Skew:        0.145ns (DCD - SCD - CPR)
    Destination Clock Delay (DCD):    1.446ns
    Source Clock Delay      (SCD):    1.265ns
    Clock Pessimism Removal (CPR):    0.036ns

    Location             Delay type                Incr(ns)  Path(ns)    Netlist Resource(s)
  -------------------------------------------------------------------    -------------------
                         (clock clk_pl_0 rise edge)
                                                      0.000     0.000 r  
                         PS8                          0.000     0.000 r  design_1_i/zynq_ultra_ps_e_0/inst/PS8_i/PLCLK[0]
                         net (fo=1, unplaced)         0.129     0.129    design_1_i/zynq_ultra_ps_e_0/inst/pl_clk_unbuffered[0]
                         BUFG_PS (Prop_BUFG_PS_I_O)
                                                      0.022     0.151 r  design_1_i/zynq_ultra_ps_e_0/inst/buffer_pl_clk_0.PL_CLK_0_BUFG/O
                         net (fo=18545, unplaced)     1.114     1.265    <hidden>
                         FDRE                                         r  <hidden>
  -------------------------------------------------------------------    -------------------
                         FDRE (Prop_FDRE_C_Q)         0.084     1.349 r  <hidden>
                         net (fo=21, unplaced)        0.069     1.418    <hidden>
                         RAMD32                                       r  <hidden>
  -------------------------------------------------------------------    -------------------

                         (clock clk_pl_0 rise edge)
                                                      0.000     0.000 r  
                         PS8                          0.000     0.000 r  design_1_i/zynq_ultra_ps_e_0/inst/PS8_i/PLCLK[0]
                         net (fo=1, unplaced)         0.164     0.164    design_1_i/zynq_ultra_ps_e_0/inst/pl_clk_unbuffered[0]
                         BUFG_PS (Prop_BUFG_PS_I_O)
                                                      0.023     0.187 r  design_1_i/zynq_ultra_ps_e_0/inst/buffer_pl_clk_0.PL_CLK_0_BUFG/O
                         net (fo=18545, unplaced)     1.259     1.446    <hidden>
                         RAMD32                                       r  <hidden>
                         clock pessimism             -0.036     1.410    
                         RAMD32 (Hold_RAMD32_CLK_WADR3)
                                                      0.090     1.500    <hidden>
  -------------------------------------------------------------------
                         required time                         -1.500    
                         arrival time                           1.418    
  -------------------------------------------------------------------
                         slack                                 -0.082    

Slack (VIOLATED) :        -0.082ns  (arrival time - required time)
  Source:                 <hidden>
                            (rising edge-triggered cell FDRE clocked by clk_pl_0  {rise@0.000ns fall@5.000ns period=10.000ns})
  Destination:            <hidden>
                            (rising edge-triggered cell RAMD32 clocked by clk_pl_0  {rise@0.000ns fall@5.000ns period=10.000ns})
  Path Group:             clk_pl_0
  Path Type:              Hold (Min at Fast Process Corner)
  Requirement:            0.000ns  (clk_pl_0 rise@0.000ns - clk_pl_0 rise@0.000ns)
  Data Path Delay:        0.153ns  (logic 0.084ns (54.902%)  route 0.069ns (45.098%))
  Logic Levels:           0  
  Clock Path Skew:        0.145ns (DCD - SCD - CPR)
    Destination Clock Delay (DCD):    1.446ns
    Source Clock Delay      (SCD):    1.265ns
    Clock Pessimism Removal (CPR):    0.036ns

    Location             Delay type                Incr(ns)  Path(ns)    Netlist Resource(s)
  -------------------------------------------------------------------    -------------------
                         (clock clk_pl_0 rise edge)
                                                      0.000     0.000 r  
                         PS8                          0.000     0.000 r  design_1_i/zynq_ultra_ps_e_0/inst/PS8_i/PLCLK[0]
                         net (fo=1, unplaced)         0.129     0.129    design_1_i/zynq_ultra_ps_e_0/inst/pl_clk_unbuffered[0]
                         BUFG_PS (Prop_BUFG_PS_I_O)
                                                      0.022     0.151 r  design_1_i/zynq_ultra_ps_e_0/inst/buffer_pl_clk_0.PL_CLK_0_BUFG/O
                         net (fo=18545, unplaced)     1.114     1.265    <hidden>
                         FDRE                                         r  <hidden>
  -------------------------------------------------------------------    -------------------
                         FDRE (Prop_FDRE_C_Q)         0.084     1.349 r  <hidden>
                         net (fo=21, unplaced)        0.069     1.418    <hidden>
                         RAMD32                                       r  <hidden>
  -------------------------------------------------------------------    -------------------

                         (clock clk_pl_0 rise edge)
                                                      0.000     0.000 r  
                         PS8                          0.000     0.000 r  design_1_i/zynq_ultra_ps_e_0/inst/PS8_i/PLCLK[0]
                         net (fo=1, unplaced)         0.164     0.164    design_1_i/zynq_ultra_ps_e_0/inst/pl_clk_unbuffered[0]
                         BUFG_PS (Prop_BUFG_PS_I_O)
                                                      0.023     0.187 r  design_1_i/zynq_ultra_ps_e_0/inst/buffer_pl_clk_0.PL_CLK_0_BUFG/O
                         net (fo=18545, unplaced)     1.259     1.446    <hidden>
                         RAMD32                                       r  <hidden>
                         clock pessimism             -0.036     1.410    
                         RAMD32 (Hold_RAMD32_CLK_WADR3)
                                                      0.090     1.500    <hidden>
  -------------------------------------------------------------------
                         required time                         -1.500    
                         arrival time                           1.418    
  -------------------------------------------------------------------
                         slack                                 -0.082    

Slack (VIOLATED) :        -0.082ns  (arrival time - required time)
  Source:                 <hidden>
                            (rising edge-triggered cell FDRE clocked by clk_pl_0  {rise@0.000ns fall@5.000ns period=10.000ns})
  Destination:            <hidden>
                            (rising edge-triggered cell RAMD32 clocked by clk_pl_0  {rise@0.000ns fall@5.000ns period=10.000ns})
  Path Group:             clk_pl_0
  Path Type:              Hold (Min at Fast Process Corner)
  Requirement:            0.000ns  (clk_pl_0 rise@0.000ns - clk_pl_0 rise@0.000ns)
  Data Path Delay:        0.153ns  (logic 0.084ns (54.902%)  route 0.069ns (45.098%))
  Logic Levels:           0  
  Clock Path Skew:        0.145ns (DCD - SCD - CPR)
    Destination Clock Delay (DCD):    1.446ns
    Source Clock Delay      (SCD):    1.265ns
    Clock Pessimism Removal (CPR):    0.036ns

    Location             Delay type                Incr(ns)  Path(ns)    Netlist Resource(s)
  -------------------------------------------------------------------    -------------------
                         (clock clk_pl_0 rise edge)
                                                      0.000     0.000 r  
                         PS8                          0.000     0.000 r  design_1_i/zynq_ultra_ps_e_0/inst/PS8_i/PLCLK[0]
                         net (fo=1, unplaced)         0.129     0.129    design_1_i/zynq_ultra_ps_e_0/inst/pl_clk_unbuffered[0]
                         BUFG_PS (Prop_BUFG_PS_I_O)
                                                      0.022     0.151 r  design_1_i/zynq_ultra_ps_e_0/inst/buffer_pl_clk_0.PL_CLK_0_BUFG/O
                         net (fo=18545, unplaced)     1.114     1.265    <hidden>
                         FDRE                                         r  <hidden>
  -------------------------------------------------------------------    -------------------
                         FDRE (Prop_FDRE_C_Q)         0.084     1.349 r  <hidden>
                         net (fo=21, unplaced)        0.069     1.418    <hidden>
                         RAMD32                                       r  <hidden>
  -------------------------------------------------------------------    -------------------

                         (clock clk_pl_0 rise edge)
                                                      0.000     0.000 r  
                         PS8                          0.000     0.000 r  design_1_i/zynq_ultra_ps_e_0/inst/PS8_i/PLCLK[0]
                         net (fo=1, unplaced)         0.164     0.164    design_1_i/zynq_ultra_ps_e_0/inst/pl_clk_unbuffered[0]
                         BUFG_PS (Prop_BUFG_PS_I_O)
                                                      0.023     0.187 r  design_1_i/zynq_ultra_ps_e_0/inst/buffer_pl_clk_0.PL_CLK_0_BUFG/O
                         net (fo=18545, unplaced)     1.259     1.446    <hidden>
                         RAMD32                                       r  <hidden>
                         clock pessimism             -0.036     1.410    
                         RAMD32 (Hold_RAMD32_CLK_WADR3)
                                                      0.090     1.500    <hidden>
  -------------------------------------------------------------------
                         required time                         -1.500    
                         arrival time                           1.418    
  -------------------------------------------------------------------
                         slack                                 -0.082    

Slack (VIOLATED) :        -0.082ns  (arrival time - required time)
  Source:                 <hidden>
                            (rising edge-triggered cell FDRE clocked by clk_pl_0  {rise@0.000ns fall@5.000ns period=10.000ns})
  Destination:            <hidden>
                            (rising edge-triggered cell RAMD32 clocked by clk_pl_0  {rise@0.000ns fall@5.000ns period=10.000ns})
  Path Group:             clk_pl_0
  Path Type:              Hold (Min at Fast Process Corner)
  Requirement:            0.000ns  (clk_pl_0 rise@0.000ns - clk_pl_0 rise@0.000ns)
  Data Path Delay:        0.153ns  (logic 0.084ns (54.902%)  route 0.069ns (45.098%))
  Logic Levels:           0  
  Clock Path Skew:        0.145ns (DCD - SCD - CPR)
    Destination Clock Delay (DCD):    1.446ns
    Source Clock Delay      (SCD):    1.265ns
    Clock Pessimism Removal (CPR):    0.036ns

    Location             Delay type                Incr(ns)  Path(ns)    Netlist Resource(s)
  -------------------------------------------------------------------    -------------------
                         (clock clk_pl_0 rise edge)
                                                      0.000     0.000 r  
                         PS8                          0.000     0.000 r  design_1_i/zynq_ultra_ps_e_0/inst/PS8_i/PLCLK[0]
                         net (fo=1, unplaced)         0.129     0.129    design_1_i/zynq_ultra_ps_e_0/inst/pl_clk_unbuffered[0]
                         BUFG_PS (Prop_BUFG_PS_I_O)
                                                      0.022     0.151 r  design_1_i/zynq_ultra_ps_e_0/inst/buffer_pl_clk_0.PL_CLK_0_BUFG/O
                         net (fo=18545, unplaced)     1.114     1.265    <hidden>
                         FDRE                                         r  <hidden>
  -------------------------------------------------------------------    -------------------
                         FDRE (Prop_FDRE_C_Q)         0.084     1.349 r  <hidden>
                         net (fo=21, unplaced)        0.069     1.418    <hidden>
                         RAMD32                                       r  <hidden>
  -------------------------------------------------------------------    -------------------

                         (clock clk_pl_0 rise edge)
                                                      0.000     0.000 r  
                         PS8                          0.000     0.000 r  design_1_i/zynq_ultra_ps_e_0/inst/PS8_i/PLCLK[0]
                         net (fo=1, unplaced)         0.164     0.164    design_1_i/zynq_ultra_ps_e_0/inst/pl_clk_unbuffered[0]
                         BUFG_PS (Prop_BUFG_PS_I_O)
                                                      0.023     0.187 r  design_1_i/zynq_ultra_ps_e_0/inst/buffer_pl_clk_0.PL_CLK_0_BUFG/O
                         net (fo=18545, unplaced)     1.259     1.446    <hidden>
                         RAMD32                                       r  <hidden>
                         clock pessimism             -0.036     1.410    
                         RAMD32 (Hold_RAMD32_CLK_WADR3)
                                                      0.090     1.500    <hidden>
  -------------------------------------------------------------------
                         required time                         -1.500    
                         arrival time                           1.418    
  -------------------------------------------------------------------
                         slack                                 -0.082    

Slack (VIOLATED) :        -0.082ns  (arrival time - required time)
  Source:                 <hidden>
                            (rising edge-triggered cell FDRE clocked by clk_pl_0  {rise@0.000ns fall@5.000ns period=10.000ns})
  Destination:            <hidden>
                            (rising edge-triggered cell RAMD32 clocked by clk_pl_0  {rise@0.000ns fall@5.000ns period=10.000ns})
  Path Group:             clk_pl_0
  Path Type:              Hold (Min at Fast Process Corner)
  Requirement:            0.000ns  (clk_pl_0 rise@0.000ns - clk_pl_0 rise@0.000ns)
  Data Path Delay:        0.153ns  (logic 0.084ns (54.902%)  route 0.069ns (45.098%))
  Logic Levels:           0  
  Clock Path Skew:        0.145ns (DCD - SCD - CPR)
    Destination Clock Delay (DCD):    1.446ns
    Source Clock Delay      (SCD):    1.265ns
    Clock Pessimism Removal (CPR):    0.036ns

    Location             Delay type                Incr(ns)  Path(ns)    Netlist Resource(s)
  -------------------------------------------------------------------    -------------------
                         (clock clk_pl_0 rise edge)
                                                      0.000     0.000 r  
                         PS8                          0.000     0.000 r  design_1_i/zynq_ultra_ps_e_0/inst/PS8_i/PLCLK[0]
                         net (fo=1, unplaced)         0.129     0.129    design_1_i/zynq_ultra_ps_e_0/inst/pl_clk_unbuffered[0]
                         BUFG_PS (Prop_BUFG_PS_I_O)
                                                      0.022     0.151 r  design_1_i/zynq_ultra_ps_e_0/inst/buffer_pl_clk_0.PL_CLK_0_BUFG/O
                         net (fo=18545, unplaced)     1.114     1.265    <hidden>
                         FDRE                                         r  <hidden>
  -------------------------------------------------------------------    -------------------
                         FDRE (Prop_FDRE_C_Q)         0.084     1.349 r  <hidden>
                         net (fo=21, unplaced)        0.069     1.418    <hidden>
                         RAMD32                                       r  <hidden>
  -------------------------------------------------------------------    -------------------

                         (clock clk_pl_0 rise edge)
                                                      0.000     0.000 r  
                         PS8                          0.000     0.000 r  design_1_i/zynq_ultra_ps_e_0/inst/PS8_i/PLCLK[0]
                         net (fo=1, unplaced)         0.164     0.164    design_1_i/zynq_ultra_ps_e_0/inst/pl_clk_unbuffered[0]
                         BUFG_PS (Prop_BUFG_PS_I_O)
                                                      0.023     0.187 r  design_1_i/zynq_ultra_ps_e_0/inst/buffer_pl_clk_0.PL_CLK_0_BUFG/O
                         net (fo=18545, unplaced)     1.259     1.446    <hidden>
                         RAMD32                                       r  <hidden>
                         clock pessimism             -0.036     1.410    
                         RAMD32 (Hold_RAMD32_CLK_WADR3)
                                                      0.090     1.500    <hidden>
  -------------------------------------------------------------------
                         required time                         -1.500    
                         arrival time                           1.418    
  -------------------------------------------------------------------
                         slack                                 -0.082    

Slack (VIOLATED) :        -0.082ns  (arrival time - required time)
  Source:                 <hidden>
                            (rising edge-triggered cell FDRE clocked by clk_pl_0  {rise@0.000ns fall@5.000ns period=10.000ns})
  Destination:            <hidden>
                            (rising edge-triggered cell RAMD32 clocked by clk_pl_0  {rise@0.000ns fall@5.000ns period=10.000ns})
  Path Group:             clk_pl_0
  Path Type:              Hold (Min at Fast Process Corner)
  Requirement:            0.000ns  (clk_pl_0 rise@0.000ns - clk_pl_0 rise@0.000ns)
  Data Path Delay:        0.153ns  (logic 0.084ns (54.902%)  route 0.069ns (45.098%))
  Logic Levels:           0  
  Clock Path Skew:        0.145ns (DCD - SCD - CPR)
    Destination Clock Delay (DCD):    1.446ns
    Source Clock Delay      (SCD):    1.265ns
    Clock Pessimism Removal (CPR):    0.036ns

    Location             Delay type                Incr(ns)  Path(ns)    Netlist Resource(s)
  -------------------------------------------------------------------    -------------------
                         (clock clk_pl_0 rise edge)
                                                      0.000     0.000 r  
                         PS8                          0.000     0.000 r  design_1_i/zynq_ultra_ps_e_0/inst/PS8_i/PLCLK[0]
                         net (fo=1, unplaced)         0.129     0.129    design_1_i/zynq_ultra_ps_e_0/inst/pl_clk_unbuffered[0]
                         BUFG_PS (Prop_BUFG_PS_I_O)
                                                      0.022     0.151 r  design_1_i/zynq_ultra_ps_e_0/inst/buffer_pl_clk_0.PL_CLK_0_BUFG/O
                         net (fo=18545, unplaced)     1.114     1.265    <hidden>
                         FDRE                                         r  <hidden>
  -------------------------------------------------------------------    -------------------
                         FDRE (Prop_FDRE_C_Q)         0.084     1.349 r  <hidden>
                         net (fo=21, unplaced)        0.069     1.418    <hidden>
                         RAMD32                                       r  <hidden>
  -------------------------------------------------------------------    -------------------

                         (clock clk_pl_0 rise edge)
                                                      0.000     0.000 r  
                         PS8                          0.000     0.000 r  design_1_i/zynq_ultra_ps_e_0/inst/PS8_i/PLCLK[0]
                         net (fo=1, unplaced)         0.164     0.164    design_1_i/zynq_ultra_ps_e_0/inst/pl_clk_unbuffered[0]
                         BUFG_PS (Prop_BUFG_PS_I_O)
                                                      0.023     0.187 r  design_1_i/zynq_ultra_ps_e_0/inst/buffer_pl_clk_0.PL_CLK_0_BUFG/O
                         net (fo=18545, unplaced)     1.259     1.446    <hidden>
                         RAMD32                                       r  <hidden>
                         clock pessimism             -0.036     1.410    
                         RAMD32 (Hold_RAMD32_CLK_WADR3)
                                                      0.090     1.500    <hidden>
  -------------------------------------------------------------------
                         required time                         -1.500    
                         arrival time                           1.418    
  -------------------------------------------------------------------
                         slack                                 -0.082    





Pulse Width Checks
--------------------------------------------------------------------------------------
Clock Name:         clk_pl_0
Waveform(ns):       { 0.000 5.000 }
Period(ns):         10.000
Sources:            { design_1_i/zynq_ultra_ps_e_0/inst/PS8_i/PLCLK[0] }

Check Type        Corner  Lib Pin             Reference Pin  Required(ns)  Actual(ns)  Slack(ns)  Location  Pin
Min Period        n/a     PS8/MAXIGP0ACLK     n/a            3.000         10.000      7.000                design_1_i/zynq_ultra_ps_e_0/inst/PS8_i/MAXIGP0ACLK
Min Period        n/a     PS8/MAXIGP1ACLK     n/a            3.000         10.000      7.000                design_1_i/zynq_ultra_ps_e_0/inst/PS8_i/MAXIGP1ACLK
Min Period        n/a     RAMB36E2/CLKARDCLK  n/a            1.709         10.000      8.291                <hidden>
Min Period        n/a     RAMB36E2/CLKBWRCLK  n/a            1.709         10.000      8.291                <hidden>
Min Period        n/a     RAMB36E2/CLKARDCLK  n/a            1.709         10.000      8.291                <hidden>
Min Period        n/a     RAMB36E2/CLKBWRCLK  n/a            1.709         10.000      8.291                <hidden>
Min Period        n/a     RAMB36E2/CLKARDCLK  n/a            1.709         10.000      8.291                <hidden>
Min Period        n/a     RAMB36E2/CLKBWRCLK  n/a            1.709         10.000      8.291                <hidden>
Min Period        n/a     RAMB36E2/CLKARDCLK  n/a            1.709         10.000      8.291                <hidden>
Min Period        n/a     RAMB36E2/CLKBWRCLK  n/a            1.709         10.000      8.291                <hidden>
Low Pulse Width   Slow    PS8/MAXIGP0ACLK     n/a            1.500         5.000       3.500                design_1_i/zynq_ultra_ps_e_0/inst/PS8_i/MAXIGP0ACLK
Low Pulse Width   Fast    PS8/MAXIGP0ACLK     n/a            1.500         5.000       3.500                design_1_i/zynq_ultra_ps_e_0/inst/PS8_i/MAXIGP0ACLK
Low Pulse Width   Slow    PS8/MAXIGP1ACLK     n/a            1.500         5.000       3.500                design_1_i/zynq_ultra_ps_e_0/inst/PS8_i/MAXIGP1ACLK
Low Pulse Width   Fast    PS8/MAXIGP1ACLK     n/a            1.500         5.000       3.500                design_1_i/zynq_ultra_ps_e_0/inst/PS8_i/MAXIGP1ACLK
Low Pulse Width   Slow    SRL16E/CLK          n/a            0.762         5.000       4.238                design_1_i/axi_smc/inst/clk_map/psr_aclk/U0/EXT_LPF/POR_SRL_I/CLK
Low Pulse Width   Fast    SRL16E/CLK          n/a            0.762         5.000       4.238                design_1_i/axi_smc/inst/clk_map/psr_aclk/U0/EXT_LPF/POR_SRL_I/CLK
Low Pulse Width   Slow    SRL16E/CLK          n/a            0.762         5.000       4.238                <hidden>
Low Pulse Width   Fast    SRL16E/CLK          n/a            0.762         5.000       4.238                <hidden>
Low Pulse Width   Slow    SRL16E/CLK          n/a            0.762         5.000       4.238                <hidden>
Low Pulse Width   Fast    SRL16E/CLK          n/a            0.762         5.000       4.238                <hidden>
High Pulse Width  Slow    PS8/MAXIGP0ACLK     n/a            1.500         5.000       3.500                design_1_i/zynq_ultra_ps_e_0/inst/PS8_i/MAXIGP0ACLK
High Pulse Width  Fast    PS8/MAXIGP0ACLK     n/a            1.500         5.000       3.500                design_1_i/zynq_ultra_ps_e_0/inst/PS8_i/MAXIGP0ACLK
High Pulse Width  Slow    PS8/MAXIGP1ACLK     n/a            1.500         5.000       3.500                design_1_i/zynq_ultra_ps_e_0/inst/PS8_i/MAXIGP1ACLK
High Pulse Width  Fast    PS8/MAXIGP1ACLK     n/a            1.500         5.000       3.500                design_1_i/zynq_ultra_ps_e_0/inst/PS8_i/MAXIGP1ACLK
High Pulse Width  Slow    SRL16E/CLK          n/a            0.762         5.000       4.238                design_1_i/axi_smc/inst/clk_map/psr_aclk/U0/EXT_LPF/POR_SRL_I/CLK
High Pulse Width  Fast    SRL16E/CLK          n/a            0.762         5.000       4.238                design_1_i/axi_smc/inst/clk_map/psr_aclk/U0/EXT_LPF/POR_SRL_I/CLK
High Pulse Width  Slow    SRL16E/CLK          n/a            0.762         5.000       4.238                <hidden>
High Pulse Width  Fast    SRL16E/CLK          n/a            0.762         5.000       4.238                <hidden>
High Pulse Width  Slow    SRL16E/CLK          n/a            0.762         5.000       4.238                <hidden>
High Pulse Width  Fast    SRL16E/CLK          n/a            0.762         5.000       4.238                <hidden>



---------------------------------------------------------------------------------------------------
Path Group:  **async_default**
From Clock:  clk_pl_0
  To Clock:  clk_pl_0

Setup :            0  Failing Endpoints,  Worst Slack        9.048ns,  Total Violation        0.000ns
Hold  :            0  Failing Endpoints,  Worst Slack        0.138ns,  Total Violation        0.000ns
---------------------------------------------------------------------------------------------------


Max Delay Paths
--------------------------------------------------------------------------------------
Slack (MET) :             9.048ns  (required time - arrival time)
  Source:                 design_1_i/riscv_wrapper_0/inst/core_rst_n_r_reg/C
                            (rising edge-triggered cell FDRE clocked by clk_pl_0  {rise@0.000ns fall@5.000ns period=10.000ns})
  Destination:            design_1_i/riscv_wrapper_0/inst/rv_core/flush_delay_r_reg/CLR
                            (recovery check against rising-edge clock clk_pl_0  {rise@0.000ns fall@5.000ns period=10.000ns})
  Path Group:             **async_default**
  Path Type:              Recovery (Max at Slow Process Corner)
  Requirement:            10.000ns  (clk_pl_0 rise@10.000ns - clk_pl_0 rise@0.000ns)
  Data Path Delay:        0.554ns  (logic 0.114ns (20.578%)  route 0.440ns (79.422%))
  Logic Levels:           0  
  Clock Path Skew:        -0.145ns (DCD - SCD + CPR)
    Destination Clock Delay (DCD):    2.655ns = ( 12.655 - 10.000 ) 
    Source Clock Delay      (SCD):    2.851ns
    Clock Pessimism Removal (CPR):    0.051ns
  Clock Uncertainty:      0.160ns  ((TSJ^2 + DJ^2)^1/2) / 2 + PE
    Total System Jitter     (TSJ):    0.071ns
    Discrete Jitter          (DJ):    0.312ns
    Phase Error              (PE):    0.000ns

    Location             Delay type                Incr(ns)  Path(ns)    Netlist Resource(s)
  -------------------------------------------------------------------    -------------------
                         (clock clk_pl_0 rise edge)
                                                      0.000     0.000 r  
                         PS8                          0.000     0.000 r  design_1_i/zynq_ultra_ps_e_0/inst/PS8_i/PLCLK[0]
                         net (fo=1, unplaced)         0.229     0.229    design_1_i/zynq_ultra_ps_e_0/inst/pl_clk_unbuffered[0]
                         BUFG_PS (Prop_BUFG_PS_I_O)
                                                      0.038     0.267 r  design_1_i/zynq_ultra_ps_e_0/inst/buffer_pl_clk_0.PL_CLK_0_BUFG/O
                         net (fo=18545, unplaced)     2.584     2.851    design_1_i/riscv_wrapper_0/inst/clk_i
                         FDRE                                         r  design_1_i/riscv_wrapper_0/inst/core_rst_n_r_reg/C
  -------------------------------------------------------------------    -------------------
                         FDRE (Prop_FDRE_C_Q)         0.114     2.965 r  design_1_i/riscv_wrapper_0/inst/core_rst_n_r_reg/Q
                         net (fo=1498, unplaced)      0.440     3.405    design_1_i/riscv_wrapper_0/inst/rv_core/p_0_in
                         FDCE                                         f  design_1_i/riscv_wrapper_0/inst/rv_core/flush_delay_r_reg/CLR  (IS_INVERTED)
  -------------------------------------------------------------------    -------------------

                         (clock clk_pl_0 rise edge)
                                                     10.000    10.000 r  
                         PS8                          0.000    10.000 r  design_1_i/zynq_ultra_ps_e_0/inst/PS8_i/PLCLK[0]
                         net (fo=1, unplaced)         0.181    10.181    design_1_i/zynq_ultra_ps_e_0/inst/pl_clk_unbuffered[0]
                         BUFG_PS (Prop_BUFG_PS_I_O)
                                                      0.035    10.216 r  design_1_i/zynq_ultra_ps_e_0/inst/buffer_pl_clk_0.PL_CLK_0_BUFG/O
                         net (fo=18545, unplaced)     2.439    12.655    design_1_i/riscv_wrapper_0/inst/rv_core/clk_i
                         FDCE                                         r  design_1_i/riscv_wrapper_0/inst/rv_core/flush_delay_r_reg/C
                         clock pessimism              0.051    12.706    
                         clock uncertainty           -0.160    12.546    
                         FDCE (Recov_FDCE_C_CLR)     -0.093    12.453    design_1_i/riscv_wrapper_0/inst/rv_core/flush_delay_r_reg
  -------------------------------------------------------------------
                         required time                         12.453    
                         arrival time                          -3.405    
  -------------------------------------------------------------------
                         slack                                  9.048    

Slack (MET) :             9.048ns  (required time - arrival time)
  Source:                 design_1_i/riscv_wrapper_0/inst/core_rst_n_r_reg/C
                            (rising edge-triggered cell FDRE clocked by clk_pl_0  {rise@0.000ns fall@5.000ns period=10.000ns})
  Destination:            design_1_i/riscv_wrapper_0/inst/rv_core/id_cpu_halted_r_reg/CLR
                            (recovery check against rising-edge clock clk_pl_0  {rise@0.000ns fall@5.000ns period=10.000ns})
  Path Group:             **async_default**
  Path Type:              Recovery (Max at Slow Process Corner)
  Requirement:            10.000ns  (clk_pl_0 rise@10.000ns - clk_pl_0 rise@0.000ns)
  Data Path Delay:        0.554ns  (logic 0.114ns (20.578%)  route 0.440ns (79.422%))
  Logic Levels:           0  
  Clock Path Skew:        -0.145ns (DCD - SCD + CPR)
    Destination Clock Delay (DCD):    2.655ns = ( 12.655 - 10.000 ) 
    Source Clock Delay      (SCD):    2.851ns
    Clock Pessimism Removal (CPR):    0.051ns
  Clock Uncertainty:      0.160ns  ((TSJ^2 + DJ^2)^1/2) / 2 + PE
    Total System Jitter     (TSJ):    0.071ns
    Discrete Jitter          (DJ):    0.312ns
    Phase Error              (PE):    0.000ns

    Location             Delay type                Incr(ns)  Path(ns)    Netlist Resource(s)
  -------------------------------------------------------------------    -------------------
                         (clock clk_pl_0 rise edge)
                                                      0.000     0.000 r  
                         PS8                          0.000     0.000 r  design_1_i/zynq_ultra_ps_e_0/inst/PS8_i/PLCLK[0]
                         net (fo=1, unplaced)         0.229     0.229    design_1_i/zynq_ultra_ps_e_0/inst/pl_clk_unbuffered[0]
                         BUFG_PS (Prop_BUFG_PS_I_O)
                                                      0.038     0.267 r  design_1_i/zynq_ultra_ps_e_0/inst/buffer_pl_clk_0.PL_CLK_0_BUFG/O
                         net (fo=18545, unplaced)     2.584     2.851    design_1_i/riscv_wrapper_0/inst/clk_i
                         FDRE                                         r  design_1_i/riscv_wrapper_0/inst/core_rst_n_r_reg/C
  -------------------------------------------------------------------    -------------------
                         FDRE (Prop_FDRE_C_Q)         0.114     2.965 r  design_1_i/riscv_wrapper_0/inst/core_rst_n_r_reg/Q
                         net (fo=1498, unplaced)      0.440     3.405    design_1_i/riscv_wrapper_0/inst/rv_core/p_0_in
                         FDCE                                         f  design_1_i/riscv_wrapper_0/inst/rv_core/id_cpu_halted_r_reg/CLR  (IS_INVERTED)
  -------------------------------------------------------------------    -------------------

                         (clock clk_pl_0 rise edge)
                                                     10.000    10.000 r  
                         PS8                          0.000    10.000 r  design_1_i/zynq_ultra_ps_e_0/inst/PS8_i/PLCLK[0]
                         net (fo=1, unplaced)         0.181    10.181    design_1_i/zynq_ultra_ps_e_0/inst/pl_clk_unbuffered[0]
                         BUFG_PS (Prop_BUFG_PS_I_O)
                                                      0.035    10.216 r  design_1_i/zynq_ultra_ps_e_0/inst/buffer_pl_clk_0.PL_CLK_0_BUFG/O
                         net (fo=18545, unplaced)     2.439    12.655    design_1_i/riscv_wrapper_0/inst/rv_core/clk_i
                         FDCE                                         r  design_1_i/riscv_wrapper_0/inst/rv_core/id_cpu_halted_r_reg/C
                         clock pessimism              0.051    12.706    
                         clock uncertainty           -0.160    12.546    
                         FDCE (Recov_FDCE_C_CLR)     -0.093    12.453    design_1_i/riscv_wrapper_0/inst/rv_core/id_cpu_halted_r_reg
  -------------------------------------------------------------------
                         required time                         12.453    
                         arrival time                          -3.405    
  -------------------------------------------------------------------
                         slack                                  9.048    

Slack (MET) :             9.048ns  (required time - arrival time)
  Source:                 design_1_i/riscv_wrapper_0/inst/core_rst_n_r_reg/C
                            (rising edge-triggered cell FDRE clocked by clk_pl_0  {rise@0.000ns fall@5.000ns period=10.000ns})
  Destination:            design_1_i/riscv_wrapper_0/inst/rv_core/if_id_pipeline_reg/pc_o_reg[0]/CLR
                            (recovery check against rising-edge clock clk_pl_0  {rise@0.000ns fall@5.000ns period=10.000ns})
  Path Group:             **async_default**
  Path Type:              Recovery (Max at Slow Process Corner)
  Requirement:            10.000ns  (clk_pl_0 rise@10.000ns - clk_pl_0 rise@0.000ns)
  Data Path Delay:        0.554ns  (logic 0.114ns (20.578%)  route 0.440ns (79.422%))
  Logic Levels:           0  
  Clock Path Skew:        -0.145ns (DCD - SCD + CPR)
    Destination Clock Delay (DCD):    2.655ns = ( 12.655 - 10.000 ) 
    Source Clock Delay      (SCD):    2.851ns
    Clock Pessimism Removal (CPR):    0.051ns
  Clock Uncertainty:      0.160ns  ((TSJ^2 + DJ^2)^1/2) / 2 + PE
    Total System Jitter     (TSJ):    0.071ns
    Discrete Jitter          (DJ):    0.312ns
    Phase Error              (PE):    0.000ns

    Location             Delay type                Incr(ns)  Path(ns)    Netlist Resource(s)
  -------------------------------------------------------------------    -------------------
                         (clock clk_pl_0 rise edge)
                                                      0.000     0.000 r  
                         PS8                          0.000     0.000 r  design_1_i/zynq_ultra_ps_e_0/inst/PS8_i/PLCLK[0]
                         net (fo=1, unplaced)         0.229     0.229    design_1_i/zynq_ultra_ps_e_0/inst/pl_clk_unbuffered[0]
                         BUFG_PS (Prop_BUFG_PS_I_O)
                                                      0.038     0.267 r  design_1_i/zynq_ultra_ps_e_0/inst/buffer_pl_clk_0.PL_CLK_0_BUFG/O
                         net (fo=18545, unplaced)     2.584     2.851    design_1_i/riscv_wrapper_0/inst/clk_i
                         FDRE                                         r  design_1_i/riscv_wrapper_0/inst/core_rst_n_r_reg/C
  -------------------------------------------------------------------    -------------------
                         FDRE (Prop_FDRE_C_Q)         0.114     2.965 r  design_1_i/riscv_wrapper_0/inst/core_rst_n_r_reg/Q
                         net (fo=1498, unplaced)      0.440     3.405    design_1_i/riscv_wrapper_0/inst/rv_core/if_id_pipeline_reg/p_0_in
                         FDCE                                         f  design_1_i/riscv_wrapper_0/inst/rv_core/if_id_pipeline_reg/pc_o_reg[0]/CLR  (IS_INVERTED)
  -------------------------------------------------------------------    -------------------

                         (clock clk_pl_0 rise edge)
                                                     10.000    10.000 r  
                         PS8                          0.000    10.000 r  design_1_i/zynq_ultra_ps_e_0/inst/PS8_i/PLCLK[0]
                         net (fo=1, unplaced)         0.181    10.181    design_1_i/zynq_ultra_ps_e_0/inst/pl_clk_unbuffered[0]
                         BUFG_PS (Prop_BUFG_PS_I_O)
                                                      0.035    10.216 r  design_1_i/zynq_ultra_ps_e_0/inst/buffer_pl_clk_0.PL_CLK_0_BUFG/O
                         net (fo=18545, unplaced)     2.439    12.655    design_1_i/riscv_wrapper_0/inst/rv_core/if_id_pipeline_reg/clk_i
                         FDCE                                         r  design_1_i/riscv_wrapper_0/inst/rv_core/if_id_pipeline_reg/pc_o_reg[0]/C
                         clock pessimism              0.051    12.706    
                         clock uncertainty           -0.160    12.546    
                         FDCE (Recov_FDCE_C_CLR)     -0.093    12.453    design_1_i/riscv_wrapper_0/inst/rv_core/if_id_pipeline_reg/pc_o_reg[0]
  -------------------------------------------------------------------
                         required time                         12.453    
                         arrival time                          -3.405    
  -------------------------------------------------------------------
                         slack                                  9.048    

Slack (MET) :             9.048ns  (required time - arrival time)
  Source:                 design_1_i/riscv_wrapper_0/inst/core_rst_n_r_reg/C
                            (rising edge-triggered cell FDRE clocked by clk_pl_0  {rise@0.000ns fall@5.000ns period=10.000ns})
  Destination:            design_1_i/riscv_wrapper_0/inst/rv_core/if_id_pipeline_reg/pc_o_reg[10]/CLR
                            (recovery check against rising-edge clock clk_pl_0  {rise@0.000ns fall@5.000ns period=10.000ns})
  Path Group:             **async_default**
  Path Type:              Recovery (Max at Slow Process Corner)
  Requirement:            10.000ns  (clk_pl_0 rise@10.000ns - clk_pl_0 rise@0.000ns)
  Data Path Delay:        0.554ns  (logic 0.114ns (20.578%)  route 0.440ns (79.422%))
  Logic Levels:           0  
  Clock Path Skew:        -0.145ns (DCD - SCD + CPR)
    Destination Clock Delay (DCD):    2.655ns = ( 12.655 - 10.000 ) 
    Source Clock Delay      (SCD):    2.851ns
    Clock Pessimism Removal (CPR):    0.051ns
  Clock Uncertainty:      0.160ns  ((TSJ^2 + DJ^2)^1/2) / 2 + PE
    Total System Jitter     (TSJ):    0.071ns
    Discrete Jitter          (DJ):    0.312ns
    Phase Error              (PE):    0.000ns

    Location             Delay type                Incr(ns)  Path(ns)    Netlist Resource(s)
  -------------------------------------------------------------------    -------------------
                         (clock clk_pl_0 rise edge)
                                                      0.000     0.000 r  
                         PS8                          0.000     0.000 r  design_1_i/zynq_ultra_ps_e_0/inst/PS8_i/PLCLK[0]
                         net (fo=1, unplaced)         0.229     0.229    design_1_i/zynq_ultra_ps_e_0/inst/pl_clk_unbuffered[0]
                         BUFG_PS (Prop_BUFG_PS_I_O)
                                                      0.038     0.267 r  design_1_i/zynq_ultra_ps_e_0/inst/buffer_pl_clk_0.PL_CLK_0_BUFG/O
                         net (fo=18545, unplaced)     2.584     2.851    design_1_i/riscv_wrapper_0/inst/clk_i
                         FDRE                                         r  design_1_i/riscv_wrapper_0/inst/core_rst_n_r_reg/C
  -------------------------------------------------------------------    -------------------
                         FDRE (Prop_FDRE_C_Q)         0.114     2.965 r  design_1_i/riscv_wrapper_0/inst/core_rst_n_r_reg/Q
                         net (fo=1498, unplaced)      0.440     3.405    design_1_i/riscv_wrapper_0/inst/rv_core/if_id_pipeline_reg/p_0_in
                         FDCE                                         f  design_1_i/riscv_wrapper_0/inst/rv_core/if_id_pipeline_reg/pc_o_reg[10]/CLR  (IS_INVERTED)
  -------------------------------------------------------------------    -------------------

                         (clock clk_pl_0 rise edge)
                                                     10.000    10.000 r  
                         PS8                          0.000    10.000 r  design_1_i/zynq_ultra_ps_e_0/inst/PS8_i/PLCLK[0]
                         net (fo=1, unplaced)         0.181    10.181    design_1_i/zynq_ultra_ps_e_0/inst/pl_clk_unbuffered[0]
                         BUFG_PS (Prop_BUFG_PS_I_O)
                                                      0.035    10.216 r  design_1_i/zynq_ultra_ps_e_0/inst/buffer_pl_clk_0.PL_CLK_0_BUFG/O
                         net (fo=18545, unplaced)     2.439    12.655    design_1_i/riscv_wrapper_0/inst/rv_core/if_id_pipeline_reg/clk_i
                         FDCE                                         r  design_1_i/riscv_wrapper_0/inst/rv_core/if_id_pipeline_reg/pc_o_reg[10]/C
                         clock pessimism              0.051    12.706    
                         clock uncertainty           -0.160    12.546    
                         FDCE (Recov_FDCE_C_CLR)     -0.093    12.453    design_1_i/riscv_wrapper_0/inst/rv_core/if_id_pipeline_reg/pc_o_reg[10]
  -------------------------------------------------------------------
                         required time                         12.453    
                         arrival time                          -3.405    
  -------------------------------------------------------------------
                         slack                                  9.048    

Slack (MET) :             9.048ns  (required time - arrival time)
  Source:                 design_1_i/riscv_wrapper_0/inst/core_rst_n_r_reg/C
                            (rising edge-triggered cell FDRE clocked by clk_pl_0  {rise@0.000ns fall@5.000ns period=10.000ns})
  Destination:            design_1_i/riscv_wrapper_0/inst/rv_core/if_id_pipeline_reg/pc_o_reg[11]/CLR
                            (recovery check against rising-edge clock clk_pl_0  {rise@0.000ns fall@5.000ns period=10.000ns})
  Path Group:             **async_default**
  Path Type:              Recovery (Max at Slow Process Corner)
  Requirement:            10.000ns  (clk_pl_0 rise@10.000ns - clk_pl_0 rise@0.000ns)
  Data Path Delay:        0.554ns  (logic 0.114ns (20.578%)  route 0.440ns (79.422%))
  Logic Levels:           0  
  Clock Path Skew:        -0.145ns (DCD - SCD + CPR)
    Destination Clock Delay (DCD):    2.655ns = ( 12.655 - 10.000 ) 
    Source Clock Delay      (SCD):    2.851ns
    Clock Pessimism Removal (CPR):    0.051ns
  Clock Uncertainty:      0.160ns  ((TSJ^2 + DJ^2)^1/2) / 2 + PE
    Total System Jitter     (TSJ):    0.071ns
    Discrete Jitter          (DJ):    0.312ns
    Phase Error              (PE):    0.000ns

    Location             Delay type                Incr(ns)  Path(ns)    Netlist Resource(s)
  -------------------------------------------------------------------    -------------------
                         (clock clk_pl_0 rise edge)
                                                      0.000     0.000 r  
                         PS8                          0.000     0.000 r  design_1_i/zynq_ultra_ps_e_0/inst/PS8_i/PLCLK[0]
                         net (fo=1, unplaced)         0.229     0.229    design_1_i/zynq_ultra_ps_e_0/inst/pl_clk_unbuffered[0]
                         BUFG_PS (Prop_BUFG_PS_I_O)
                                                      0.038     0.267 r  design_1_i/zynq_ultra_ps_e_0/inst/buffer_pl_clk_0.PL_CLK_0_BUFG/O
                         net (fo=18545, unplaced)     2.584     2.851    design_1_i/riscv_wrapper_0/inst/clk_i
                         FDRE                                         r  design_1_i/riscv_wrapper_0/inst/core_rst_n_r_reg/C
  -------------------------------------------------------------------    -------------------
                         FDRE (Prop_FDRE_C_Q)         0.114     2.965 r  design_1_i/riscv_wrapper_0/inst/core_rst_n_r_reg/Q
                         net (fo=1498, unplaced)      0.440     3.405    design_1_i/riscv_wrapper_0/inst/rv_core/if_id_pipeline_reg/p_0_in
                         FDCE                                         f  design_1_i/riscv_wrapper_0/inst/rv_core/if_id_pipeline_reg/pc_o_reg[11]/CLR  (IS_INVERTED)
  -------------------------------------------------------------------    -------------------

                         (clock clk_pl_0 rise edge)
                                                     10.000    10.000 r  
                         PS8                          0.000    10.000 r  design_1_i/zynq_ultra_ps_e_0/inst/PS8_i/PLCLK[0]
                         net (fo=1, unplaced)         0.181    10.181    design_1_i/zynq_ultra_ps_e_0/inst/pl_clk_unbuffered[0]
                         BUFG_PS (Prop_BUFG_PS_I_O)
                                                      0.035    10.216 r  design_1_i/zynq_ultra_ps_e_0/inst/buffer_pl_clk_0.PL_CLK_0_BUFG/O
                         net (fo=18545, unplaced)     2.439    12.655    design_1_i/riscv_wrapper_0/inst/rv_core/if_id_pipeline_reg/clk_i
                         FDCE                                         r  design_1_i/riscv_wrapper_0/inst/rv_core/if_id_pipeline_reg/pc_o_reg[11]/C
                         clock pessimism              0.051    12.706    
                         clock uncertainty           -0.160    12.546    
                         FDCE (Recov_FDCE_C_CLR)     -0.093    12.453    design_1_i/riscv_wrapper_0/inst/rv_core/if_id_pipeline_reg/pc_o_reg[11]
  -------------------------------------------------------------------
                         required time                         12.453    
                         arrival time                          -3.405    
  -------------------------------------------------------------------
                         slack                                  9.048    

Slack (MET) :             9.048ns  (required time - arrival time)
  Source:                 design_1_i/riscv_wrapper_0/inst/core_rst_n_r_reg/C
                            (rising edge-triggered cell FDRE clocked by clk_pl_0  {rise@0.000ns fall@5.000ns period=10.000ns})
  Destination:            design_1_i/riscv_wrapper_0/inst/rv_core/if_id_pipeline_reg/pc_o_reg[12]/CLR
                            (recovery check against rising-edge clock clk_pl_0  {rise@0.000ns fall@5.000ns period=10.000ns})
  Path Group:             **async_default**
  Path Type:              Recovery (Max at Slow Process Corner)
  Requirement:            10.000ns  (clk_pl_0 rise@10.000ns - clk_pl_0 rise@0.000ns)
  Data Path Delay:        0.554ns  (logic 0.114ns (20.578%)  route 0.440ns (79.422%))
  Logic Levels:           0  
  Clock Path Skew:        -0.145ns (DCD - SCD + CPR)
    Destination Clock Delay (DCD):    2.655ns = ( 12.655 - 10.000 ) 
    Source Clock Delay      (SCD):    2.851ns
    Clock Pessimism Removal (CPR):    0.051ns
  Clock Uncertainty:      0.160ns  ((TSJ^2 + DJ^2)^1/2) / 2 + PE
    Total System Jitter     (TSJ):    0.071ns
    Discrete Jitter          (DJ):    0.312ns
    Phase Error              (PE):    0.000ns

    Location             Delay type                Incr(ns)  Path(ns)    Netlist Resource(s)
  -------------------------------------------------------------------    -------------------
                         (clock clk_pl_0 rise edge)
                                                      0.000     0.000 r  
                         PS8                          0.000     0.000 r  design_1_i/zynq_ultra_ps_e_0/inst/PS8_i/PLCLK[0]
                         net (fo=1, unplaced)         0.229     0.229    design_1_i/zynq_ultra_ps_e_0/inst/pl_clk_unbuffered[0]
                         BUFG_PS (Prop_BUFG_PS_I_O)
                                                      0.038     0.267 r  design_1_i/zynq_ultra_ps_e_0/inst/buffer_pl_clk_0.PL_CLK_0_BUFG/O
                         net (fo=18545, unplaced)     2.584     2.851    design_1_i/riscv_wrapper_0/inst/clk_i
                         FDRE                                         r  design_1_i/riscv_wrapper_0/inst/core_rst_n_r_reg/C
  -------------------------------------------------------------------    -------------------
                         FDRE (Prop_FDRE_C_Q)         0.114     2.965 r  design_1_i/riscv_wrapper_0/inst/core_rst_n_r_reg/Q
                         net (fo=1498, unplaced)      0.440     3.405    design_1_i/riscv_wrapper_0/inst/rv_core/if_id_pipeline_reg/p_0_in
                         FDCE                                         f  design_1_i/riscv_wrapper_0/inst/rv_core/if_id_pipeline_reg/pc_o_reg[12]/CLR  (IS_INVERTED)
  -------------------------------------------------------------------    -------------------

                         (clock clk_pl_0 rise edge)
                                                     10.000    10.000 r  
                         PS8                          0.000    10.000 r  design_1_i/zynq_ultra_ps_e_0/inst/PS8_i/PLCLK[0]
                         net (fo=1, unplaced)         0.181    10.181    design_1_i/zynq_ultra_ps_e_0/inst/pl_clk_unbuffered[0]
                         BUFG_PS (Prop_BUFG_PS_I_O)
                                                      0.035    10.216 r  design_1_i/zynq_ultra_ps_e_0/inst/buffer_pl_clk_0.PL_CLK_0_BUFG/O
                         net (fo=18545, unplaced)     2.439    12.655    design_1_i/riscv_wrapper_0/inst/rv_core/if_id_pipeline_reg/clk_i
                         FDCE                                         r  design_1_i/riscv_wrapper_0/inst/rv_core/if_id_pipeline_reg/pc_o_reg[12]/C
                         clock pessimism              0.051    12.706    
                         clock uncertainty           -0.160    12.546    
                         FDCE (Recov_FDCE_C_CLR)     -0.093    12.453    design_1_i/riscv_wrapper_0/inst/rv_core/if_id_pipeline_reg/pc_o_reg[12]
  -------------------------------------------------------------------
                         required time                         12.453    
                         arrival time                          -3.405    
  -------------------------------------------------------------------
                         slack                                  9.048    

Slack (MET) :             9.048ns  (required time - arrival time)
  Source:                 design_1_i/riscv_wrapper_0/inst/core_rst_n_r_reg/C
                            (rising edge-triggered cell FDRE clocked by clk_pl_0  {rise@0.000ns fall@5.000ns period=10.000ns})
  Destination:            design_1_i/riscv_wrapper_0/inst/rv_core/if_id_pipeline_reg/pc_o_reg[13]/CLR
                            (recovery check against rising-edge clock clk_pl_0  {rise@0.000ns fall@5.000ns period=10.000ns})
  Path Group:             **async_default**
  Path Type:              Recovery (Max at Slow Process Corner)
  Requirement:            10.000ns  (clk_pl_0 rise@10.000ns - clk_pl_0 rise@0.000ns)
  Data Path Delay:        0.554ns  (logic 0.114ns (20.578%)  route 0.440ns (79.422%))
  Logic Levels:           0  
  Clock Path Skew:        -0.145ns (DCD - SCD + CPR)
    Destination Clock Delay (DCD):    2.655ns = ( 12.655 - 10.000 ) 
    Source Clock Delay      (SCD):    2.851ns
    Clock Pessimism Removal (CPR):    0.051ns
  Clock Uncertainty:      0.160ns  ((TSJ^2 + DJ^2)^1/2) / 2 + PE
    Total System Jitter     (TSJ):    0.071ns
    Discrete Jitter          (DJ):    0.312ns
    Phase Error              (PE):    0.000ns

    Location             Delay type                Incr(ns)  Path(ns)    Netlist Resource(s)
  -------------------------------------------------------------------    -------------------
                         (clock clk_pl_0 rise edge)
                                                      0.000     0.000 r  
                         PS8                          0.000     0.000 r  design_1_i/zynq_ultra_ps_e_0/inst/PS8_i/PLCLK[0]
                         net (fo=1, unplaced)         0.229     0.229    design_1_i/zynq_ultra_ps_e_0/inst/pl_clk_unbuffered[0]
                         BUFG_PS (Prop_BUFG_PS_I_O)
                                                      0.038     0.267 r  design_1_i/zynq_ultra_ps_e_0/inst/buffer_pl_clk_0.PL_CLK_0_BUFG/O
                         net (fo=18545, unplaced)     2.584     2.851    design_1_i/riscv_wrapper_0/inst/clk_i
                         FDRE                                         r  design_1_i/riscv_wrapper_0/inst/core_rst_n_r_reg/C
  -------------------------------------------------------------------    -------------------
                         FDRE (Prop_FDRE_C_Q)         0.114     2.965 r  design_1_i/riscv_wrapper_0/inst/core_rst_n_r_reg/Q
                         net (fo=1498, unplaced)      0.440     3.405    design_1_i/riscv_wrapper_0/inst/rv_core/if_id_pipeline_reg/p_0_in
                         FDCE                                         f  design_1_i/riscv_wrapper_0/inst/rv_core/if_id_pipeline_reg/pc_o_reg[13]/CLR  (IS_INVERTED)
  -------------------------------------------------------------------    -------------------

                         (clock clk_pl_0 rise edge)
                                                     10.000    10.000 r  
                         PS8                          0.000    10.000 r  design_1_i/zynq_ultra_ps_e_0/inst/PS8_i/PLCLK[0]
                         net (fo=1, unplaced)         0.181    10.181    design_1_i/zynq_ultra_ps_e_0/inst/pl_clk_unbuffered[0]
                         BUFG_PS (Prop_BUFG_PS_I_O)
                                                      0.035    10.216 r  design_1_i/zynq_ultra_ps_e_0/inst/buffer_pl_clk_0.PL_CLK_0_BUFG/O
                         net (fo=18545, unplaced)     2.439    12.655    design_1_i/riscv_wrapper_0/inst/rv_core/if_id_pipeline_reg/clk_i
                         FDCE                                         r  design_1_i/riscv_wrapper_0/inst/rv_core/if_id_pipeline_reg/pc_o_reg[13]/C
                         clock pessimism              0.051    12.706    
                         clock uncertainty           -0.160    12.546    
                         FDCE (Recov_FDCE_C_CLR)     -0.093    12.453    design_1_i/riscv_wrapper_0/inst/rv_core/if_id_pipeline_reg/pc_o_reg[13]
  -------------------------------------------------------------------
                         required time                         12.453    
                         arrival time                          -3.405    
  -------------------------------------------------------------------
                         slack                                  9.048    

Slack (MET) :             9.048ns  (required time - arrival time)
  Source:                 design_1_i/riscv_wrapper_0/inst/core_rst_n_r_reg/C
                            (rising edge-triggered cell FDRE clocked by clk_pl_0  {rise@0.000ns fall@5.000ns period=10.000ns})
  Destination:            design_1_i/riscv_wrapper_0/inst/rv_core/if_id_pipeline_reg/pc_o_reg[14]/CLR
                            (recovery check against rising-edge clock clk_pl_0  {rise@0.000ns fall@5.000ns period=10.000ns})
  Path Group:             **async_default**
  Path Type:              Recovery (Max at Slow Process Corner)
  Requirement:            10.000ns  (clk_pl_0 rise@10.000ns - clk_pl_0 rise@0.000ns)
  Data Path Delay:        0.554ns  (logic 0.114ns (20.578%)  route 0.440ns (79.422%))
  Logic Levels:           0  
  Clock Path Skew:        -0.145ns (DCD - SCD + CPR)
    Destination Clock Delay (DCD):    2.655ns = ( 12.655 - 10.000 ) 
    Source Clock Delay      (SCD):    2.851ns
    Clock Pessimism Removal (CPR):    0.051ns
  Clock Uncertainty:      0.160ns  ((TSJ^2 + DJ^2)^1/2) / 2 + PE
    Total System Jitter     (TSJ):    0.071ns
    Discrete Jitter          (DJ):    0.312ns
    Phase Error              (PE):    0.000ns

    Location             Delay type                Incr(ns)  Path(ns)    Netlist Resource(s)
  -------------------------------------------------------------------    -------------------
                         (clock clk_pl_0 rise edge)
                                                      0.000     0.000 r  
                         PS8                          0.000     0.000 r  design_1_i/zynq_ultra_ps_e_0/inst/PS8_i/PLCLK[0]
                         net (fo=1, unplaced)         0.229     0.229    design_1_i/zynq_ultra_ps_e_0/inst/pl_clk_unbuffered[0]
                         BUFG_PS (Prop_BUFG_PS_I_O)
                                                      0.038     0.267 r  design_1_i/zynq_ultra_ps_e_0/inst/buffer_pl_clk_0.PL_CLK_0_BUFG/O
                         net (fo=18545, unplaced)     2.584     2.851    design_1_i/riscv_wrapper_0/inst/clk_i
                         FDRE                                         r  design_1_i/riscv_wrapper_0/inst/core_rst_n_r_reg/C
  -------------------------------------------------------------------    -------------------
                         FDRE (Prop_FDRE_C_Q)         0.114     2.965 r  design_1_i/riscv_wrapper_0/inst/core_rst_n_r_reg/Q
                         net (fo=1498, unplaced)      0.440     3.405    design_1_i/riscv_wrapper_0/inst/rv_core/if_id_pipeline_reg/p_0_in
                         FDCE                                         f  design_1_i/riscv_wrapper_0/inst/rv_core/if_id_pipeline_reg/pc_o_reg[14]/CLR  (IS_INVERTED)
  -------------------------------------------------------------------    -------------------

                         (clock clk_pl_0 rise edge)
                                                     10.000    10.000 r  
                         PS8                          0.000    10.000 r  design_1_i/zynq_ultra_ps_e_0/inst/PS8_i/PLCLK[0]
                         net (fo=1, unplaced)         0.181    10.181    design_1_i/zynq_ultra_ps_e_0/inst/pl_clk_unbuffered[0]
                         BUFG_PS (Prop_BUFG_PS_I_O)
                                                      0.035    10.216 r  design_1_i/zynq_ultra_ps_e_0/inst/buffer_pl_clk_0.PL_CLK_0_BUFG/O
                         net (fo=18545, unplaced)     2.439    12.655    design_1_i/riscv_wrapper_0/inst/rv_core/if_id_pipeline_reg/clk_i
                         FDCE                                         r  design_1_i/riscv_wrapper_0/inst/rv_core/if_id_pipeline_reg/pc_o_reg[14]/C
                         clock pessimism              0.051    12.706    
                         clock uncertainty           -0.160    12.546    
                         FDCE (Recov_FDCE_C_CLR)     -0.093    12.453    design_1_i/riscv_wrapper_0/inst/rv_core/if_id_pipeline_reg/pc_o_reg[14]
  -------------------------------------------------------------------
                         required time                         12.453    
                         arrival time                          -3.405    
  -------------------------------------------------------------------
                         slack                                  9.048    

Slack (MET) :             9.048ns  (required time - arrival time)
  Source:                 design_1_i/riscv_wrapper_0/inst/core_rst_n_r_reg/C
                            (rising edge-triggered cell FDRE clocked by clk_pl_0  {rise@0.000ns fall@5.000ns period=10.000ns})
  Destination:            design_1_i/riscv_wrapper_0/inst/rv_core/if_id_pipeline_reg/pc_o_reg[15]/CLR
                            (recovery check against rising-edge clock clk_pl_0  {rise@0.000ns fall@5.000ns period=10.000ns})
  Path Group:             **async_default**
  Path Type:              Recovery (Max at Slow Process Corner)
  Requirement:            10.000ns  (clk_pl_0 rise@10.000ns - clk_pl_0 rise@0.000ns)
  Data Path Delay:        0.554ns  (logic 0.114ns (20.578%)  route 0.440ns (79.422%))
  Logic Levels:           0  
  Clock Path Skew:        -0.145ns (DCD - SCD + CPR)
    Destination Clock Delay (DCD):    2.655ns = ( 12.655 - 10.000 ) 
    Source Clock Delay      (SCD):    2.851ns
    Clock Pessimism Removal (CPR):    0.051ns
  Clock Uncertainty:      0.160ns  ((TSJ^2 + DJ^2)^1/2) / 2 + PE
    Total System Jitter     (TSJ):    0.071ns
    Discrete Jitter          (DJ):    0.312ns
    Phase Error              (PE):    0.000ns

    Location             Delay type                Incr(ns)  Path(ns)    Netlist Resource(s)
  -------------------------------------------------------------------    -------------------
                         (clock clk_pl_0 rise edge)
                                                      0.000     0.000 r  
                         PS8                          0.000     0.000 r  design_1_i/zynq_ultra_ps_e_0/inst/PS8_i/PLCLK[0]
                         net (fo=1, unplaced)         0.229     0.229    design_1_i/zynq_ultra_ps_e_0/inst/pl_clk_unbuffered[0]
                         BUFG_PS (Prop_BUFG_PS_I_O)
                                                      0.038     0.267 r  design_1_i/zynq_ultra_ps_e_0/inst/buffer_pl_clk_0.PL_CLK_0_BUFG/O
                         net (fo=18545, unplaced)     2.584     2.851    design_1_i/riscv_wrapper_0/inst/clk_i
                         FDRE                                         r  design_1_i/riscv_wrapper_0/inst/core_rst_n_r_reg/C
  -------------------------------------------------------------------    -------------------
                         FDRE (Prop_FDRE_C_Q)         0.114     2.965 r  design_1_i/riscv_wrapper_0/inst/core_rst_n_r_reg/Q
                         net (fo=1498, unplaced)      0.440     3.405    design_1_i/riscv_wrapper_0/inst/rv_core/if_id_pipeline_reg/p_0_in
                         FDCE                                         f  design_1_i/riscv_wrapper_0/inst/rv_core/if_id_pipeline_reg/pc_o_reg[15]/CLR  (IS_INVERTED)
  -------------------------------------------------------------------    -------------------

                         (clock clk_pl_0 rise edge)
                                                     10.000    10.000 r  
                         PS8                          0.000    10.000 r  design_1_i/zynq_ultra_ps_e_0/inst/PS8_i/PLCLK[0]
                         net (fo=1, unplaced)         0.181    10.181    design_1_i/zynq_ultra_ps_e_0/inst/pl_clk_unbuffered[0]
                         BUFG_PS (Prop_BUFG_PS_I_O)
                                                      0.035    10.216 r  design_1_i/zynq_ultra_ps_e_0/inst/buffer_pl_clk_0.PL_CLK_0_BUFG/O
                         net (fo=18545, unplaced)     2.439    12.655    design_1_i/riscv_wrapper_0/inst/rv_core/if_id_pipeline_reg/clk_i
                         FDCE                                         r  design_1_i/riscv_wrapper_0/inst/rv_core/if_id_pipeline_reg/pc_o_reg[15]/C
                         clock pessimism              0.051    12.706    
                         clock uncertainty           -0.160    12.546    
                         FDCE (Recov_FDCE_C_CLR)     -0.093    12.453    design_1_i/riscv_wrapper_0/inst/rv_core/if_id_pipeline_reg/pc_o_reg[15]
  -------------------------------------------------------------------
                         required time                         12.453    
                         arrival time                          -3.405    
  -------------------------------------------------------------------
                         slack                                  9.048    

Slack (MET) :             9.048ns  (required time - arrival time)
  Source:                 design_1_i/riscv_wrapper_0/inst/core_rst_n_r_reg/C
                            (rising edge-triggered cell FDRE clocked by clk_pl_0  {rise@0.000ns fall@5.000ns period=10.000ns})
  Destination:            design_1_i/riscv_wrapper_0/inst/rv_core/if_id_pipeline_reg/pc_o_reg[16]/CLR
                            (recovery check against rising-edge clock clk_pl_0  {rise@0.000ns fall@5.000ns period=10.000ns})
  Path Group:             **async_default**
  Path Type:              Recovery (Max at Slow Process Corner)
  Requirement:            10.000ns  (clk_pl_0 rise@10.000ns - clk_pl_0 rise@0.000ns)
  Data Path Delay:        0.554ns  (logic 0.114ns (20.578%)  route 0.440ns (79.422%))
  Logic Levels:           0  
  Clock Path Skew:        -0.145ns (DCD - SCD + CPR)
    Destination Clock Delay (DCD):    2.655ns = ( 12.655 - 10.000 ) 
    Source Clock Delay      (SCD):    2.851ns
    Clock Pessimism Removal (CPR):    0.051ns
  Clock Uncertainty:      0.160ns  ((TSJ^2 + DJ^2)^1/2) / 2 + PE
    Total System Jitter     (TSJ):    0.071ns
    Discrete Jitter          (DJ):    0.312ns
    Phase Error              (PE):    0.000ns

    Location             Delay type                Incr(ns)  Path(ns)    Netlist Resource(s)
  -------------------------------------------------------------------    -------------------
                         (clock clk_pl_0 rise edge)
                                                      0.000     0.000 r  
                         PS8                          0.000     0.000 r  design_1_i/zynq_ultra_ps_e_0/inst/PS8_i/PLCLK[0]
                         net (fo=1, unplaced)         0.229     0.229    design_1_i/zynq_ultra_ps_e_0/inst/pl_clk_unbuffered[0]
                         BUFG_PS (Prop_BUFG_PS_I_O)
                                                      0.038     0.267 r  design_1_i/zynq_ultra_ps_e_0/inst/buffer_pl_clk_0.PL_CLK_0_BUFG/O
                         net (fo=18545, unplaced)     2.584     2.851    design_1_i/riscv_wrapper_0/inst/clk_i
                         FDRE                                         r  design_1_i/riscv_wrapper_0/inst/core_rst_n_r_reg/C
  -------------------------------------------------------------------    -------------------
                         FDRE (Prop_FDRE_C_Q)         0.114     2.965 r  design_1_i/riscv_wrapper_0/inst/core_rst_n_r_reg/Q
                         net (fo=1498, unplaced)      0.440     3.405    design_1_i/riscv_wrapper_0/inst/rv_core/if_id_pipeline_reg/p_0_in
                         FDCE                                         f  design_1_i/riscv_wrapper_0/inst/rv_core/if_id_pipeline_reg/pc_o_reg[16]/CLR  (IS_INVERTED)
  -------------------------------------------------------------------    -------------------

                         (clock clk_pl_0 rise edge)
                                                     10.000    10.000 r  
                         PS8                          0.000    10.000 r  design_1_i/zynq_ultra_ps_e_0/inst/PS8_i/PLCLK[0]
                         net (fo=1, unplaced)         0.181    10.181    design_1_i/zynq_ultra_ps_e_0/inst/pl_clk_unbuffered[0]
                         BUFG_PS (Prop_BUFG_PS_I_O)
                                                      0.035    10.216 r  design_1_i/zynq_ultra_ps_e_0/inst/buffer_pl_clk_0.PL_CLK_0_BUFG/O
                         net (fo=18545, unplaced)     2.439    12.655    design_1_i/riscv_wrapper_0/inst/rv_core/if_id_pipeline_reg/clk_i
                         FDCE                                         r  design_1_i/riscv_wrapper_0/inst/rv_core/if_id_pipeline_reg/pc_o_reg[16]/C
                         clock pessimism              0.051    12.706    
                         clock uncertainty           -0.160    12.546    
                         FDCE (Recov_FDCE_C_CLR)     -0.093    12.453    design_1_i/riscv_wrapper_0/inst/rv_core/if_id_pipeline_reg/pc_o_reg[16]
  -------------------------------------------------------------------
                         required time                         12.453    
                         arrival time                          -3.405    
  -------------------------------------------------------------------
                         slack                                  9.048    





Min Delay Paths
--------------------------------------------------------------------------------------
Slack (MET) :             0.138ns  (arrival time - required time)
  Source:                 design_1_i/riscv_wrapper_0/inst/core_rst_n_r_reg/C
                            (rising edge-triggered cell FDRE clocked by clk_pl_0  {rise@0.000ns fall@5.000ns period=10.000ns})
  Destination:            design_1_i/riscv_wrapper_0/inst/rv_core/flush_delay_r_reg/CLR
                            (removal check against rising-edge clock clk_pl_0  {rise@0.000ns fall@5.000ns period=10.000ns})
  Path Group:             **async_default**
  Path Type:              Removal (Min at Fast Process Corner)
  Requirement:            0.000ns  (clk_pl_0 rise@0.000ns - clk_pl_0 rise@0.000ns)
  Data Path Delay:        0.265ns  (logic 0.084ns (31.698%)  route 0.181ns (68.302%))
  Logic Levels:           0  
  Clock Path Skew:        0.145ns (DCD - SCD - CPR)
    Destination Clock Delay (DCD):    1.446ns
    Source Clock Delay      (SCD):    1.265ns
    Clock Pessimism Removal (CPR):    0.036ns

    Location             Delay type                Incr(ns)  Path(ns)    Netlist Resource(s)
  -------------------------------------------------------------------    -------------------
                         (clock clk_pl_0 rise edge)
                                                      0.000     0.000 r  
                         PS8                          0.000     0.000 r  design_1_i/zynq_ultra_ps_e_0/inst/PS8_i/PLCLK[0]
                         net (fo=1, unplaced)         0.129     0.129    design_1_i/zynq_ultra_ps_e_0/inst/pl_clk_unbuffered[0]
                         BUFG_PS (Prop_BUFG_PS_I_O)
                                                      0.022     0.151 r  design_1_i/zynq_ultra_ps_e_0/inst/buffer_pl_clk_0.PL_CLK_0_BUFG/O
                         net (fo=18545, unplaced)     1.114     1.265    design_1_i/riscv_wrapper_0/inst/clk_i
                         FDRE                                         r  design_1_i/riscv_wrapper_0/inst/core_rst_n_r_reg/C
  -------------------------------------------------------------------    -------------------
                         FDRE (Prop_FDRE_C_Q)         0.084     1.349 r  design_1_i/riscv_wrapper_0/inst/core_rst_n_r_reg/Q
                         net (fo=1498, unplaced)      0.181     1.530    design_1_i/riscv_wrapper_0/inst/rv_core/p_0_in
                         FDCE                                         f  design_1_i/riscv_wrapper_0/inst/rv_core/flush_delay_r_reg/CLR  (IS_INVERTED)
  -------------------------------------------------------------------    -------------------

                         (clock clk_pl_0 rise edge)
                                                      0.000     0.000 r  
                         PS8                          0.000     0.000 r  design_1_i/zynq_ultra_ps_e_0/inst/PS8_i/PLCLK[0]
                         net (fo=1, unplaced)         0.164     0.164    design_1_i/zynq_ultra_ps_e_0/inst/pl_clk_unbuffered[0]
                         BUFG_PS (Prop_BUFG_PS_I_O)
                                                      0.023     0.187 r  design_1_i/zynq_ultra_ps_e_0/inst/buffer_pl_clk_0.PL_CLK_0_BUFG/O
                         net (fo=18545, unplaced)     1.259     1.446    design_1_i/riscv_wrapper_0/inst/rv_core/clk_i
                         FDCE                                         r  design_1_i/riscv_wrapper_0/inst/rv_core/flush_delay_r_reg/C
                         clock pessimism             -0.036     1.410    
                         FDCE (Remov_FDCE_C_CLR)     -0.018     1.392    design_1_i/riscv_wrapper_0/inst/rv_core/flush_delay_r_reg
  -------------------------------------------------------------------
                         required time                         -1.392    
                         arrival time                           1.530    
  -------------------------------------------------------------------
                         slack                                  0.138    

Slack (MET) :             0.138ns  (arrival time - required time)
  Source:                 design_1_i/riscv_wrapper_0/inst/core_rst_n_r_reg/C
                            (rising edge-triggered cell FDRE clocked by clk_pl_0  {rise@0.000ns fall@5.000ns period=10.000ns})
  Destination:            design_1_i/riscv_wrapper_0/inst/rv_core/id_cpu_halted_r_reg/CLR
                            (removal check against rising-edge clock clk_pl_0  {rise@0.000ns fall@5.000ns period=10.000ns})
  Path Group:             **async_default**
  Path Type:              Removal (Min at Fast Process Corner)
  Requirement:            0.000ns  (clk_pl_0 rise@0.000ns - clk_pl_0 rise@0.000ns)
  Data Path Delay:        0.265ns  (logic 0.084ns (31.698%)  route 0.181ns (68.302%))
  Logic Levels:           0  
  Clock Path Skew:        0.145ns (DCD - SCD - CPR)
    Destination Clock Delay (DCD):    1.446ns
    Source Clock Delay      (SCD):    1.265ns
    Clock Pessimism Removal (CPR):    0.036ns

    Location             Delay type                Incr(ns)  Path(ns)    Netlist Resource(s)
  -------------------------------------------------------------------    -------------------
                         (clock clk_pl_0 rise edge)
                                                      0.000     0.000 r  
                         PS8                          0.000     0.000 r  design_1_i/zynq_ultra_ps_e_0/inst/PS8_i/PLCLK[0]
                         net (fo=1, unplaced)         0.129     0.129    design_1_i/zynq_ultra_ps_e_0/inst/pl_clk_unbuffered[0]
                         BUFG_PS (Prop_BUFG_PS_I_O)
                                                      0.022     0.151 r  design_1_i/zynq_ultra_ps_e_0/inst/buffer_pl_clk_0.PL_CLK_0_BUFG/O
                         net (fo=18545, unplaced)     1.114     1.265    design_1_i/riscv_wrapper_0/inst/clk_i
                         FDRE                                         r  design_1_i/riscv_wrapper_0/inst/core_rst_n_r_reg/C
  -------------------------------------------------------------------    -------------------
                         FDRE (Prop_FDRE_C_Q)         0.084     1.349 r  design_1_i/riscv_wrapper_0/inst/core_rst_n_r_reg/Q
                         net (fo=1498, unplaced)      0.181     1.530    design_1_i/riscv_wrapper_0/inst/rv_core/p_0_in
                         FDCE                                         f  design_1_i/riscv_wrapper_0/inst/rv_core/id_cpu_halted_r_reg/CLR  (IS_INVERTED)
  -------------------------------------------------------------------    -------------------

                         (clock clk_pl_0 rise edge)
                                                      0.000     0.000 r  
                         PS8                          0.000     0.000 r  design_1_i/zynq_ultra_ps_e_0/inst/PS8_i/PLCLK[0]
                         net (fo=1, unplaced)         0.164     0.164    design_1_i/zynq_ultra_ps_e_0/inst/pl_clk_unbuffered[0]
                         BUFG_PS (Prop_BUFG_PS_I_O)
                                                      0.023     0.187 r  design_1_i/zynq_ultra_ps_e_0/inst/buffer_pl_clk_0.PL_CLK_0_BUFG/O
                         net (fo=18545, unplaced)     1.259     1.446    design_1_i/riscv_wrapper_0/inst/rv_core/clk_i
                         FDCE                                         r  design_1_i/riscv_wrapper_0/inst/rv_core/id_cpu_halted_r_reg/C
                         clock pessimism             -0.036     1.410    
                         FDCE (Remov_FDCE_C_CLR)     -0.018     1.392    design_1_i/riscv_wrapper_0/inst/rv_core/id_cpu_halted_r_reg
  -------------------------------------------------------------------
                         required time                         -1.392    
                         arrival time                           1.530    
  -------------------------------------------------------------------
                         slack                                  0.138    

Slack (MET) :             0.138ns  (arrival time - required time)
  Source:                 design_1_i/riscv_wrapper_0/inst/core_rst_n_r_reg/C
                            (rising edge-triggered cell FDRE clocked by clk_pl_0  {rise@0.000ns fall@5.000ns period=10.000ns})
  Destination:            design_1_i/riscv_wrapper_0/inst/rv_core/if_id_pipeline_reg/pc_o_reg[0]/CLR
                            (removal check against rising-edge clock clk_pl_0  {rise@0.000ns fall@5.000ns period=10.000ns})
  Path Group:             **async_default**
  Path Type:              Removal (Min at Fast Process Corner)
  Requirement:            0.000ns  (clk_pl_0 rise@0.000ns - clk_pl_0 rise@0.000ns)
  Data Path Delay:        0.265ns  (logic 0.084ns (31.698%)  route 0.181ns (68.302%))
  Logic Levels:           0  
  Clock Path Skew:        0.145ns (DCD - SCD - CPR)
    Destination Clock Delay (DCD):    1.446ns
    Source Clock Delay      (SCD):    1.265ns
    Clock Pessimism Removal (CPR):    0.036ns

    Location             Delay type                Incr(ns)  Path(ns)    Netlist Resource(s)
  -------------------------------------------------------------------    -------------------
                         (clock clk_pl_0 rise edge)
                                                      0.000     0.000 r  
                         PS8                          0.000     0.000 r  design_1_i/zynq_ultra_ps_e_0/inst/PS8_i/PLCLK[0]
                         net (fo=1, unplaced)         0.129     0.129    design_1_i/zynq_ultra_ps_e_0/inst/pl_clk_unbuffered[0]
                         BUFG_PS (Prop_BUFG_PS_I_O)
                                                      0.022     0.151 r  design_1_i/zynq_ultra_ps_e_0/inst/buffer_pl_clk_0.PL_CLK_0_BUFG/O
                         net (fo=18545, unplaced)     1.114     1.265    design_1_i/riscv_wrapper_0/inst/clk_i
                         FDRE                                         r  design_1_i/riscv_wrapper_0/inst/core_rst_n_r_reg/C
  -------------------------------------------------------------------    -------------------
                         FDRE (Prop_FDRE_C_Q)         0.084     1.349 r  design_1_i/riscv_wrapper_0/inst/core_rst_n_r_reg/Q
                         net (fo=1498, unplaced)      0.181     1.530    design_1_i/riscv_wrapper_0/inst/rv_core/if_id_pipeline_reg/p_0_in
                         FDCE                                         f  design_1_i/riscv_wrapper_0/inst/rv_core/if_id_pipeline_reg/pc_o_reg[0]/CLR  (IS_INVERTED)
  -------------------------------------------------------------------    -------------------

                         (clock clk_pl_0 rise edge)
                                                      0.000     0.000 r  
                         PS8                          0.000     0.000 r  design_1_i/zynq_ultra_ps_e_0/inst/PS8_i/PLCLK[0]
                         net (fo=1, unplaced)         0.164     0.164    design_1_i/zynq_ultra_ps_e_0/inst/pl_clk_unbuffered[0]
                         BUFG_PS (Prop_BUFG_PS_I_O)
                                                      0.023     0.187 r  design_1_i/zynq_ultra_ps_e_0/inst/buffer_pl_clk_0.PL_CLK_0_BUFG/O
                         net (fo=18545, unplaced)     1.259     1.446    design_1_i/riscv_wrapper_0/inst/rv_core/if_id_pipeline_reg/clk_i
                         FDCE                                         r  design_1_i/riscv_wrapper_0/inst/rv_core/if_id_pipeline_reg/pc_o_reg[0]/C
                         clock pessimism             -0.036     1.410    
                         FDCE (Remov_FDCE_C_CLR)     -0.018     1.392    design_1_i/riscv_wrapper_0/inst/rv_core/if_id_pipeline_reg/pc_o_reg[0]
  -------------------------------------------------------------------
                         required time                         -1.392    
                         arrival time                           1.530    
  -------------------------------------------------------------------
                         slack                                  0.138    

Slack (MET) :             0.138ns  (arrival time - required time)
  Source:                 design_1_i/riscv_wrapper_0/inst/core_rst_n_r_reg/C
                            (rising edge-triggered cell FDRE clocked by clk_pl_0  {rise@0.000ns fall@5.000ns period=10.000ns})
  Destination:            design_1_i/riscv_wrapper_0/inst/rv_core/if_id_pipeline_reg/pc_o_reg[10]/CLR
                            (removal check against rising-edge clock clk_pl_0  {rise@0.000ns fall@5.000ns period=10.000ns})
  Path Group:             **async_default**
  Path Type:              Removal (Min at Fast Process Corner)
  Requirement:            0.000ns  (clk_pl_0 rise@0.000ns - clk_pl_0 rise@0.000ns)
  Data Path Delay:        0.265ns  (logic 0.084ns (31.698%)  route 0.181ns (68.302%))
  Logic Levels:           0  
  Clock Path Skew:        0.145ns (DCD - SCD - CPR)
    Destination Clock Delay (DCD):    1.446ns
    Source Clock Delay      (SCD):    1.265ns
    Clock Pessimism Removal (CPR):    0.036ns

    Location             Delay type                Incr(ns)  Path(ns)    Netlist Resource(s)
  -------------------------------------------------------------------    -------------------
                         (clock clk_pl_0 rise edge)
                                                      0.000     0.000 r  
                         PS8                          0.000     0.000 r  design_1_i/zynq_ultra_ps_e_0/inst/PS8_i/PLCLK[0]
                         net (fo=1, unplaced)         0.129     0.129    design_1_i/zynq_ultra_ps_e_0/inst/pl_clk_unbuffered[0]
                         BUFG_PS (Prop_BUFG_PS_I_O)
                                                      0.022     0.151 r  design_1_i/zynq_ultra_ps_e_0/inst/buffer_pl_clk_0.PL_CLK_0_BUFG/O
                         net (fo=18545, unplaced)     1.114     1.265    design_1_i/riscv_wrapper_0/inst/clk_i
                         FDRE                                         r  design_1_i/riscv_wrapper_0/inst/core_rst_n_r_reg/C
  -------------------------------------------------------------------    -------------------
                         FDRE (Prop_FDRE_C_Q)         0.084     1.349 r  design_1_i/riscv_wrapper_0/inst/core_rst_n_r_reg/Q
                         net (fo=1498, unplaced)      0.181     1.530    design_1_i/riscv_wrapper_0/inst/rv_core/if_id_pipeline_reg/p_0_in
                         FDCE                                         f  design_1_i/riscv_wrapper_0/inst/rv_core/if_id_pipeline_reg/pc_o_reg[10]/CLR  (IS_INVERTED)
  -------------------------------------------------------------------    -------------------

                         (clock clk_pl_0 rise edge)
                                                      0.000     0.000 r  
                         PS8                          0.000     0.000 r  design_1_i/zynq_ultra_ps_e_0/inst/PS8_i/PLCLK[0]
                         net (fo=1, unplaced)         0.164     0.164    design_1_i/zynq_ultra_ps_e_0/inst/pl_clk_unbuffered[0]
                         BUFG_PS (Prop_BUFG_PS_I_O)
                                                      0.023     0.187 r  design_1_i/zynq_ultra_ps_e_0/inst/buffer_pl_clk_0.PL_CLK_0_BUFG/O
                         net (fo=18545, unplaced)     1.259     1.446    design_1_i/riscv_wrapper_0/inst/rv_core/if_id_pipeline_reg/clk_i
                         FDCE                                         r  design_1_i/riscv_wrapper_0/inst/rv_core/if_id_pipeline_reg/pc_o_reg[10]/C
                         clock pessimism             -0.036     1.410    
                         FDCE (Remov_FDCE_C_CLR)     -0.018     1.392    design_1_i/riscv_wrapper_0/inst/rv_core/if_id_pipeline_reg/pc_o_reg[10]
  -------------------------------------------------------------------
                         required time                         -1.392    
                         arrival time                           1.530    
  -------------------------------------------------------------------
                         slack                                  0.138    

Slack (MET) :             0.138ns  (arrival time - required time)
  Source:                 design_1_i/riscv_wrapper_0/inst/core_rst_n_r_reg/C
                            (rising edge-triggered cell FDRE clocked by clk_pl_0  {rise@0.000ns fall@5.000ns period=10.000ns})
  Destination:            design_1_i/riscv_wrapper_0/inst/rv_core/if_id_pipeline_reg/pc_o_reg[11]/CLR
                            (removal check against rising-edge clock clk_pl_0  {rise@0.000ns fall@5.000ns period=10.000ns})
  Path Group:             **async_default**
  Path Type:              Removal (Min at Fast Process Corner)
  Requirement:            0.000ns  (clk_pl_0 rise@0.000ns - clk_pl_0 rise@0.000ns)
  Data Path Delay:        0.265ns  (logic 0.084ns (31.698%)  route 0.181ns (68.302%))
  Logic Levels:           0  
  Clock Path Skew:        0.145ns (DCD - SCD - CPR)
    Destination Clock Delay (DCD):    1.446ns
    Source Clock Delay      (SCD):    1.265ns
    Clock Pessimism Removal (CPR):    0.036ns

    Location             Delay type                Incr(ns)  Path(ns)    Netlist Resource(s)
  -------------------------------------------------------------------    -------------------
                         (clock clk_pl_0 rise edge)
                                                      0.000     0.000 r  
                         PS8                          0.000     0.000 r  design_1_i/zynq_ultra_ps_e_0/inst/PS8_i/PLCLK[0]
                         net (fo=1, unplaced)         0.129     0.129    design_1_i/zynq_ultra_ps_e_0/inst/pl_clk_unbuffered[0]
                         BUFG_PS (Prop_BUFG_PS_I_O)
                                                      0.022     0.151 r  design_1_i/zynq_ultra_ps_e_0/inst/buffer_pl_clk_0.PL_CLK_0_BUFG/O
                         net (fo=18545, unplaced)     1.114     1.265    design_1_i/riscv_wrapper_0/inst/clk_i
                         FDRE                                         r  design_1_i/riscv_wrapper_0/inst/core_rst_n_r_reg/C
  -------------------------------------------------------------------    -------------------
                         FDRE (Prop_FDRE_C_Q)         0.084     1.349 r  design_1_i/riscv_wrapper_0/inst/core_rst_n_r_reg/Q
                         net (fo=1498, unplaced)      0.181     1.530    design_1_i/riscv_wrapper_0/inst/rv_core/if_id_pipeline_reg/p_0_in
                         FDCE                                         f  design_1_i/riscv_wrapper_0/inst/rv_core/if_id_pipeline_reg/pc_o_reg[11]/CLR  (IS_INVERTED)
  -------------------------------------------------------------------    -------------------

                         (clock clk_pl_0 rise edge)
                                                      0.000     0.000 r  
                         PS8                          0.000     0.000 r  design_1_i/zynq_ultra_ps_e_0/inst/PS8_i/PLCLK[0]
                         net (fo=1, unplaced)         0.164     0.164    design_1_i/zynq_ultra_ps_e_0/inst/pl_clk_unbuffered[0]
                         BUFG_PS (Prop_BUFG_PS_I_O)
                                                      0.023     0.187 r  design_1_i/zynq_ultra_ps_e_0/inst/buffer_pl_clk_0.PL_CLK_0_BUFG/O
                         net (fo=18545, unplaced)     1.259     1.446    design_1_i/riscv_wrapper_0/inst/rv_core/if_id_pipeline_reg/clk_i
                         FDCE                                         r  design_1_i/riscv_wrapper_0/inst/rv_core/if_id_pipeline_reg/pc_o_reg[11]/C
                         clock pessimism             -0.036     1.410    
                         FDCE (Remov_FDCE_C_CLR)     -0.018     1.392    design_1_i/riscv_wrapper_0/inst/rv_core/if_id_pipeline_reg/pc_o_reg[11]
  -------------------------------------------------------------------
                         required time                         -1.392    
                         arrival time                           1.530    
  -------------------------------------------------------------------
                         slack                                  0.138    

Slack (MET) :             0.138ns  (arrival time - required time)
  Source:                 design_1_i/riscv_wrapper_0/inst/core_rst_n_r_reg/C
                            (rising edge-triggered cell FDRE clocked by clk_pl_0  {rise@0.000ns fall@5.000ns period=10.000ns})
  Destination:            design_1_i/riscv_wrapper_0/inst/rv_core/if_id_pipeline_reg/pc_o_reg[12]/CLR
                            (removal check against rising-edge clock clk_pl_0  {rise@0.000ns fall@5.000ns period=10.000ns})
  Path Group:             **async_default**
  Path Type:              Removal (Min at Fast Process Corner)
  Requirement:            0.000ns  (clk_pl_0 rise@0.000ns - clk_pl_0 rise@0.000ns)
  Data Path Delay:        0.265ns  (logic 0.084ns (31.698%)  route 0.181ns (68.302%))
  Logic Levels:           0  
  Clock Path Skew:        0.145ns (DCD - SCD - CPR)
    Destination Clock Delay (DCD):    1.446ns
    Source Clock Delay      (SCD):    1.265ns
    Clock Pessimism Removal (CPR):    0.036ns

    Location             Delay type                Incr(ns)  Path(ns)    Netlist Resource(s)
  -------------------------------------------------------------------    -------------------
                         (clock clk_pl_0 rise edge)
                                                      0.000     0.000 r  
                         PS8                          0.000     0.000 r  design_1_i/zynq_ultra_ps_e_0/inst/PS8_i/PLCLK[0]
                         net (fo=1, unplaced)         0.129     0.129    design_1_i/zynq_ultra_ps_e_0/inst/pl_clk_unbuffered[0]
                         BUFG_PS (Prop_BUFG_PS_I_O)
                                                      0.022     0.151 r  design_1_i/zynq_ultra_ps_e_0/inst/buffer_pl_clk_0.PL_CLK_0_BUFG/O
                         net (fo=18545, unplaced)     1.114     1.265    design_1_i/riscv_wrapper_0/inst/clk_i
                         FDRE                                         r  design_1_i/riscv_wrapper_0/inst/core_rst_n_r_reg/C
  -------------------------------------------------------------------    -------------------
                         FDRE (Prop_FDRE_C_Q)         0.084     1.349 r  design_1_i/riscv_wrapper_0/inst/core_rst_n_r_reg/Q
                         net (fo=1498, unplaced)      0.181     1.530    design_1_i/riscv_wrapper_0/inst/rv_core/if_id_pipeline_reg/p_0_in
                         FDCE                                         f  design_1_i/riscv_wrapper_0/inst/rv_core/if_id_pipeline_reg/pc_o_reg[12]/CLR  (IS_INVERTED)
  -------------------------------------------------------------------    -------------------

                         (clock clk_pl_0 rise edge)
                                                      0.000     0.000 r  
                         PS8                          0.000     0.000 r  design_1_i/zynq_ultra_ps_e_0/inst/PS8_i/PLCLK[0]
                         net (fo=1, unplaced)         0.164     0.164    design_1_i/zynq_ultra_ps_e_0/inst/pl_clk_unbuffered[0]
                         BUFG_PS (Prop_BUFG_PS_I_O)
                                                      0.023     0.187 r  design_1_i/zynq_ultra_ps_e_0/inst/buffer_pl_clk_0.PL_CLK_0_BUFG/O
                         net (fo=18545, unplaced)     1.259     1.446    design_1_i/riscv_wrapper_0/inst/rv_core/if_id_pipeline_reg/clk_i
                         FDCE                                         r  design_1_i/riscv_wrapper_0/inst/rv_core/if_id_pipeline_reg/pc_o_reg[12]/C
                         clock pessimism             -0.036     1.410    
                         FDCE (Remov_FDCE_C_CLR)     -0.018     1.392    design_1_i/riscv_wrapper_0/inst/rv_core/if_id_pipeline_reg/pc_o_reg[12]
  -------------------------------------------------------------------
                         required time                         -1.392    
                         arrival time                           1.530    
  -------------------------------------------------------------------
                         slack                                  0.138    

Slack (MET) :             0.138ns  (arrival time - required time)
  Source:                 design_1_i/riscv_wrapper_0/inst/core_rst_n_r_reg/C
                            (rising edge-triggered cell FDRE clocked by clk_pl_0  {rise@0.000ns fall@5.000ns period=10.000ns})
  Destination:            design_1_i/riscv_wrapper_0/inst/rv_core/if_id_pipeline_reg/pc_o_reg[13]/CLR
                            (removal check against rising-edge clock clk_pl_0  {rise@0.000ns fall@5.000ns period=10.000ns})
  Path Group:             **async_default**
  Path Type:              Removal (Min at Fast Process Corner)
  Requirement:            0.000ns  (clk_pl_0 rise@0.000ns - clk_pl_0 rise@0.000ns)
  Data Path Delay:        0.265ns  (logic 0.084ns (31.698%)  route 0.181ns (68.302%))
  Logic Levels:           0  
  Clock Path Skew:        0.145ns (DCD - SCD - CPR)
    Destination Clock Delay (DCD):    1.446ns
    Source Clock Delay      (SCD):    1.265ns
    Clock Pessimism Removal (CPR):    0.036ns

    Location             Delay type                Incr(ns)  Path(ns)    Netlist Resource(s)
  -------------------------------------------------------------------    -------------------
                         (clock clk_pl_0 rise edge)
                                                      0.000     0.000 r  
                         PS8                          0.000     0.000 r  design_1_i/zynq_ultra_ps_e_0/inst/PS8_i/PLCLK[0]
                         net (fo=1, unplaced)         0.129     0.129    design_1_i/zynq_ultra_ps_e_0/inst/pl_clk_unbuffered[0]
                         BUFG_PS (Prop_BUFG_PS_I_O)
                                                      0.022     0.151 r  design_1_i/zynq_ultra_ps_e_0/inst/buffer_pl_clk_0.PL_CLK_0_BUFG/O
                         net (fo=18545, unplaced)     1.114     1.265    design_1_i/riscv_wrapper_0/inst/clk_i
                         FDRE                                         r  design_1_i/riscv_wrapper_0/inst/core_rst_n_r_reg/C
  -------------------------------------------------------------------    -------------------
                         FDRE (Prop_FDRE_C_Q)         0.084     1.349 r  design_1_i/riscv_wrapper_0/inst/core_rst_n_r_reg/Q
                         net (fo=1498, unplaced)      0.181     1.530    design_1_i/riscv_wrapper_0/inst/rv_core/if_id_pipeline_reg/p_0_in
                         FDCE                                         f  design_1_i/riscv_wrapper_0/inst/rv_core/if_id_pipeline_reg/pc_o_reg[13]/CLR  (IS_INVERTED)
  -------------------------------------------------------------------    -------------------

                         (clock clk_pl_0 rise edge)
                                                      0.000     0.000 r  
                         PS8                          0.000     0.000 r  design_1_i/zynq_ultra_ps_e_0/inst/PS8_i/PLCLK[0]
                         net (fo=1, unplaced)         0.164     0.164    design_1_i/zynq_ultra_ps_e_0/inst/pl_clk_unbuffered[0]
                         BUFG_PS (Prop_BUFG_PS_I_O)
                                                      0.023     0.187 r  design_1_i/zynq_ultra_ps_e_0/inst/buffer_pl_clk_0.PL_CLK_0_BUFG/O
                         net (fo=18545, unplaced)     1.259     1.446    design_1_i/riscv_wrapper_0/inst/rv_core/if_id_pipeline_reg/clk_i
                         FDCE                                         r  design_1_i/riscv_wrapper_0/inst/rv_core/if_id_pipeline_reg/pc_o_reg[13]/C
                         clock pessimism             -0.036     1.410    
                         FDCE (Remov_FDCE_C_CLR)     -0.018     1.392    design_1_i/riscv_wrapper_0/inst/rv_core/if_id_pipeline_reg/pc_o_reg[13]
  -------------------------------------------------------------------
                         required time                         -1.392    
                         arrival time                           1.530    
  -------------------------------------------------------------------
                         slack                                  0.138    

Slack (MET) :             0.138ns  (arrival time - required time)
  Source:                 design_1_i/riscv_wrapper_0/inst/core_rst_n_r_reg/C
                            (rising edge-triggered cell FDRE clocked by clk_pl_0  {rise@0.000ns fall@5.000ns period=10.000ns})
  Destination:            design_1_i/riscv_wrapper_0/inst/rv_core/if_id_pipeline_reg/pc_o_reg[14]/CLR
                            (removal check against rising-edge clock clk_pl_0  {rise@0.000ns fall@5.000ns period=10.000ns})
  Path Group:             **async_default**
  Path Type:              Removal (Min at Fast Process Corner)
  Requirement:            0.000ns  (clk_pl_0 rise@0.000ns - clk_pl_0 rise@0.000ns)
  Data Path Delay:        0.265ns  (logic 0.084ns (31.698%)  route 0.181ns (68.302%))
  Logic Levels:           0  
  Clock Path Skew:        0.145ns (DCD - SCD - CPR)
    Destination Clock Delay (DCD):    1.446ns
    Source Clock Delay      (SCD):    1.265ns
    Clock Pessimism Removal (CPR):    0.036ns

    Location             Delay type                Incr(ns)  Path(ns)    Netlist Resource(s)
  -------------------------------------------------------------------    -------------------
                         (clock clk_pl_0 rise edge)
                                                      0.000     0.000 r  
                         PS8                          0.000     0.000 r  design_1_i/zynq_ultra_ps_e_0/inst/PS8_i/PLCLK[0]
                         net (fo=1, unplaced)         0.129     0.129    design_1_i/zynq_ultra_ps_e_0/inst/pl_clk_unbuffered[0]
                         BUFG_PS (Prop_BUFG_PS_I_O)
                                                      0.022     0.151 r  design_1_i/zynq_ultra_ps_e_0/inst/buffer_pl_clk_0.PL_CLK_0_BUFG/O
                         net (fo=18545, unplaced)     1.114     1.265    design_1_i/riscv_wrapper_0/inst/clk_i
                         FDRE                                         r  design_1_i/riscv_wrapper_0/inst/core_rst_n_r_reg/C
  -------------------------------------------------------------------    -------------------
                         FDRE (Prop_FDRE_C_Q)         0.084     1.349 r  design_1_i/riscv_wrapper_0/inst/core_rst_n_r_reg/Q
                         net (fo=1498, unplaced)      0.181     1.530    design_1_i/riscv_wrapper_0/inst/rv_core/if_id_pipeline_reg/p_0_in
                         FDCE                                         f  design_1_i/riscv_wrapper_0/inst/rv_core/if_id_pipeline_reg/pc_o_reg[14]/CLR  (IS_INVERTED)
  -------------------------------------------------------------------    -------------------

                         (clock clk_pl_0 rise edge)
                                                      0.000     0.000 r  
                         PS8                          0.000     0.000 r  design_1_i/zynq_ultra_ps_e_0/inst/PS8_i/PLCLK[0]
                         net (fo=1, unplaced)         0.164     0.164    design_1_i/zynq_ultra_ps_e_0/inst/pl_clk_unbuffered[0]
                         BUFG_PS (Prop_BUFG_PS_I_O)
                                                      0.023     0.187 r  design_1_i/zynq_ultra_ps_e_0/inst/buffer_pl_clk_0.PL_CLK_0_BUFG/O
                         net (fo=18545, unplaced)     1.259     1.446    design_1_i/riscv_wrapper_0/inst/rv_core/if_id_pipeline_reg/clk_i
                         FDCE                                         r  design_1_i/riscv_wrapper_0/inst/rv_core/if_id_pipeline_reg/pc_o_reg[14]/C
                         clock pessimism             -0.036     1.410    
                         FDCE (Remov_FDCE_C_CLR)     -0.018     1.392    design_1_i/riscv_wrapper_0/inst/rv_core/if_id_pipeline_reg/pc_o_reg[14]
  -------------------------------------------------------------------
                         required time                         -1.392    
                         arrival time                           1.530    
  -------------------------------------------------------------------
                         slack                                  0.138    

Slack (MET) :             0.138ns  (arrival time - required time)
  Source:                 design_1_i/riscv_wrapper_0/inst/core_rst_n_r_reg/C
                            (rising edge-triggered cell FDRE clocked by clk_pl_0  {rise@0.000ns fall@5.000ns period=10.000ns})
  Destination:            design_1_i/riscv_wrapper_0/inst/rv_core/if_id_pipeline_reg/pc_o_reg[15]/CLR
                            (removal check against rising-edge clock clk_pl_0  {rise@0.000ns fall@5.000ns period=10.000ns})
  Path Group:             **async_default**
  Path Type:              Removal (Min at Fast Process Corner)
  Requirement:            0.000ns  (clk_pl_0 rise@0.000ns - clk_pl_0 rise@0.000ns)
  Data Path Delay:        0.265ns  (logic 0.084ns (31.698%)  route 0.181ns (68.302%))
  Logic Levels:           0  
  Clock Path Skew:        0.145ns (DCD - SCD - CPR)
    Destination Clock Delay (DCD):    1.446ns
    Source Clock Delay      (SCD):    1.265ns
    Clock Pessimism Removal (CPR):    0.036ns

    Location             Delay type                Incr(ns)  Path(ns)    Netlist Resource(s)
  -------------------------------------------------------------------    -------------------
                         (clock clk_pl_0 rise edge)
                                                      0.000     0.000 r  
                         PS8                          0.000     0.000 r  design_1_i/zynq_ultra_ps_e_0/inst/PS8_i/PLCLK[0]
                         net (fo=1, unplaced)         0.129     0.129    design_1_i/zynq_ultra_ps_e_0/inst/pl_clk_unbuffered[0]
                         BUFG_PS (Prop_BUFG_PS_I_O)
                                                      0.022     0.151 r  design_1_i/zynq_ultra_ps_e_0/inst/buffer_pl_clk_0.PL_CLK_0_BUFG/O
                         net (fo=18545, unplaced)     1.114     1.265    design_1_i/riscv_wrapper_0/inst/clk_i
                         FDRE                                         r  design_1_i/riscv_wrapper_0/inst/core_rst_n_r_reg/C
  -------------------------------------------------------------------    -------------------
                         FDRE (Prop_FDRE_C_Q)         0.084     1.349 r  design_1_i/riscv_wrapper_0/inst/core_rst_n_r_reg/Q
                         net (fo=1498, unplaced)      0.181     1.530    design_1_i/riscv_wrapper_0/inst/rv_core/if_id_pipeline_reg/p_0_in
                         FDCE                                         f  design_1_i/riscv_wrapper_0/inst/rv_core/if_id_pipeline_reg/pc_o_reg[15]/CLR  (IS_INVERTED)
  -------------------------------------------------------------------    -------------------

                         (clock clk_pl_0 rise edge)
                                                      0.000     0.000 r  
                         PS8                          0.000     0.000 r  design_1_i/zynq_ultra_ps_e_0/inst/PS8_i/PLCLK[0]
                         net (fo=1, unplaced)         0.164     0.164    design_1_i/zynq_ultra_ps_e_0/inst/pl_clk_unbuffered[0]
                         BUFG_PS (Prop_BUFG_PS_I_O)
                                                      0.023     0.187 r  design_1_i/zynq_ultra_ps_e_0/inst/buffer_pl_clk_0.PL_CLK_0_BUFG/O
                         net (fo=18545, unplaced)     1.259     1.446    design_1_i/riscv_wrapper_0/inst/rv_core/if_id_pipeline_reg/clk_i
                         FDCE                                         r  design_1_i/riscv_wrapper_0/inst/rv_core/if_id_pipeline_reg/pc_o_reg[15]/C
                         clock pessimism             -0.036     1.410    
                         FDCE (Remov_FDCE_C_CLR)     -0.018     1.392    design_1_i/riscv_wrapper_0/inst/rv_core/if_id_pipeline_reg/pc_o_reg[15]
  -------------------------------------------------------------------
                         required time                         -1.392    
                         arrival time                           1.530    
  -------------------------------------------------------------------
                         slack                                  0.138    

Slack (MET) :             0.138ns  (arrival time - required time)
  Source:                 design_1_i/riscv_wrapper_0/inst/core_rst_n_r_reg/C
                            (rising edge-triggered cell FDRE clocked by clk_pl_0  {rise@0.000ns fall@5.000ns period=10.000ns})
  Destination:            design_1_i/riscv_wrapper_0/inst/rv_core/if_id_pipeline_reg/pc_o_reg[16]/CLR
                            (removal check against rising-edge clock clk_pl_0  {rise@0.000ns fall@5.000ns period=10.000ns})
  Path Group:             **async_default**
  Path Type:              Removal (Min at Fast Process Corner)
  Requirement:            0.000ns  (clk_pl_0 rise@0.000ns - clk_pl_0 rise@0.000ns)
  Data Path Delay:        0.265ns  (logic 0.084ns (31.698%)  route 0.181ns (68.302%))
  Logic Levels:           0  
  Clock Path Skew:        0.145ns (DCD - SCD - CPR)
    Destination Clock Delay (DCD):    1.446ns
    Source Clock Delay      (SCD):    1.265ns
    Clock Pessimism Removal (CPR):    0.036ns

    Location             Delay type                Incr(ns)  Path(ns)    Netlist Resource(s)
  -------------------------------------------------------------------    -------------------
                         (clock clk_pl_0 rise edge)
                                                      0.000     0.000 r  
                         PS8                          0.000     0.000 r  design_1_i/zynq_ultra_ps_e_0/inst/PS8_i/PLCLK[0]
                         net (fo=1, unplaced)         0.129     0.129    design_1_i/zynq_ultra_ps_e_0/inst/pl_clk_unbuffered[0]
                         BUFG_PS (Prop_BUFG_PS_I_O)
                                                      0.022     0.151 r  design_1_i/zynq_ultra_ps_e_0/inst/buffer_pl_clk_0.PL_CLK_0_BUFG/O
                         net (fo=18545, unplaced)     1.114     1.265    design_1_i/riscv_wrapper_0/inst/clk_i
                         FDRE                                         r  design_1_i/riscv_wrapper_0/inst/core_rst_n_r_reg/C
  -------------------------------------------------------------------    -------------------
                         FDRE (Prop_FDRE_C_Q)         0.084     1.349 r  design_1_i/riscv_wrapper_0/inst/core_rst_n_r_reg/Q
                         net (fo=1498, unplaced)      0.181     1.530    design_1_i/riscv_wrapper_0/inst/rv_core/if_id_pipeline_reg/p_0_in
                         FDCE                                         f  design_1_i/riscv_wrapper_0/inst/rv_core/if_id_pipeline_reg/pc_o_reg[16]/CLR  (IS_INVERTED)
  -------------------------------------------------------------------    -------------------

                         (clock clk_pl_0 rise edge)
                                                      0.000     0.000 r  
                         PS8                          0.000     0.000 r  design_1_i/zynq_ultra_ps_e_0/inst/PS8_i/PLCLK[0]
                         net (fo=1, unplaced)         0.164     0.164    design_1_i/zynq_ultra_ps_e_0/inst/pl_clk_unbuffered[0]
                         BUFG_PS (Prop_BUFG_PS_I_O)
                                                      0.023     0.187 r  design_1_i/zynq_ultra_ps_e_0/inst/buffer_pl_clk_0.PL_CLK_0_BUFG/O
                         net (fo=18545, unplaced)     1.259     1.446    design_1_i/riscv_wrapper_0/inst/rv_core/if_id_pipeline_reg/clk_i
                         FDCE                                         r  design_1_i/riscv_wrapper_0/inst/rv_core/if_id_pipeline_reg/pc_o_reg[16]/C
                         clock pessimism             -0.036     1.410    
                         FDCE (Remov_FDCE_C_CLR)     -0.018     1.392    design_1_i/riscv_wrapper_0/inst/rv_core/if_id_pipeline_reg/pc_o_reg[16]
  -------------------------------------------------------------------
                         required time                         -1.392    
                         arrival time                           1.530    
  -------------------------------------------------------------------
                         slack                                  0.138    





--------------------------------------------------------------------------------------
Path Group:  (none)
From Clock:  
  To Clock:  clk_pl_0

Max Delay             1 Endpoint
Min Delay             1 Endpoint
--------------------------------------------------------------------------------------


Max Delay Paths
--------------------------------------------------------------------------------------
Slack:                    inf
  Source:                 design_1_i/zynq_ultra_ps_e_0/inst/PS8_i/EMIOGPIOO[95]
                            (internal pin)
  Destination:            design_1_i/rst_ps8_0_99M/U0/EXT_LPF/ACTIVE_LOW_EXT.ACT_LO_EXT/syncstages_ff_reg[0]/D
                            (rising edge-triggered cell FDRE clocked by clk_pl_0  {rise@0.000ns fall@5.000ns period=10.000ns})
  Path Group:             (none)
  Path Type:              Setup (Max at Slow Process Corner)
  Data Path Delay:        0.386ns  (logic 0.058ns (15.026%)  route 0.328ns (84.974%))
  Logic Levels:           1  (LUT1=1)
  Clock Uncertainty:      0.158ns  ((TSJ^2 + DJ^2)^1/2) / 2 + PE
    Total System Jitter     (TSJ):    0.050ns
    Discrete Jitter          (DJ):    0.312ns
    Phase Error              (PE):    0.000ns
  Timing Exception:       False Path

    Location             Delay type                Incr(ns)  Path(ns)    Netlist Resource(s)
  -------------------------------------------------------------------    -------------------
                         PS8                          0.000     0.000 f  design_1_i/zynq_ultra_ps_e_0/inst/PS8_i/EMIOGPIOO[95]
                         net (fo=1, unplaced)         0.261     0.261    design_1_i/rst_ps8_0_99M/U0/EXT_LPF/ext_reset_in
                         LUT1 (Prop_LUT1_I0_O)        0.058     0.319 r  design_1_i/rst_ps8_0_99M/U0/EXT_LPF/ACTIVE_LOW_EXT.ACT_LO_EXT_i_1/O
                         net (fo=1, unplaced)         0.067     0.386    design_1_i/rst_ps8_0_99M/U0/EXT_LPF/ACTIVE_LOW_EXT.ACT_LO_EXT/src_in
                         FDRE                                         r  design_1_i/rst_ps8_0_99M/U0/EXT_LPF/ACTIVE_LOW_EXT.ACT_LO_EXT/syncstages_ff_reg[0]/D
  -------------------------------------------------------------------    -------------------

                         (clock clk_pl_0 rise edge)
                                                      0.000     0.000 r  
                         PS8                          0.000     0.000 r  design_1_i/zynq_ultra_ps_e_0/inst/PS8_i/PLCLK[0]
                         net (fo=1, unplaced)         0.181     0.181    design_1_i/zynq_ultra_ps_e_0/inst/pl_clk_unbuffered[0]
                         BUFG_PS (Prop_BUFG_PS_I_O)
                                                      0.035     0.216 r  design_1_i/zynq_ultra_ps_e_0/inst/buffer_pl_clk_0.PL_CLK_0_BUFG/O
                         net (fo=18545, unplaced)     2.439     2.655    design_1_i/rst_ps8_0_99M/U0/EXT_LPF/ACTIVE_LOW_EXT.ACT_LO_EXT/dest_clk
                         FDRE                                         r  design_1_i/rst_ps8_0_99M/U0/EXT_LPF/ACTIVE_LOW_EXT.ACT_LO_EXT/syncstages_ff_reg[0]/C





Min Delay Paths
--------------------------------------------------------------------------------------
Slack:                    inf
  Source:                 design_1_i/zynq_ultra_ps_e_0/inst/PS8_i/EMIOGPIOO[95]
                            (internal pin)
  Destination:            design_1_i/rst_ps8_0_99M/U0/EXT_LPF/ACTIVE_LOW_EXT.ACT_LO_EXT/syncstages_ff_reg[0]/D
                            (rising edge-triggered cell FDRE clocked by clk_pl_0  {rise@0.000ns fall@5.000ns period=10.000ns})
  Path Group:             (none)
  Path Type:              Hold (Min at Fast Process Corner)
  Data Path Delay:        0.146ns  (logic 0.021ns (14.384%)  route 0.125ns (85.616%))
  Logic Levels:           1  (LUT1=1)
  Clock Uncertainty:      0.158ns  ((TSJ^2 + DJ^2)^1/2) / 2 + PE
    Total System Jitter     (TSJ):    0.050ns
    Discrete Jitter          (DJ):    0.312ns
    Phase Error              (PE):    0.000ns
  Timing Exception:       False Path

    Location             Delay type                Incr(ns)  Path(ns)    Netlist Resource(s)
  -------------------------------------------------------------------    -------------------
                         PS8                          0.000     0.000 f  design_1_i/zynq_ultra_ps_e_0/inst/PS8_i/EMIOGPIOO[95]
                         net (fo=1, unplaced)         0.107     0.107    design_1_i/rst_ps8_0_99M/U0/EXT_LPF/ext_reset_in
                         LUT1 (Prop_LUT1_I0_O)        0.021     0.128 r  design_1_i/rst_ps8_0_99M/U0/EXT_LPF/ACTIVE_LOW_EXT.ACT_LO_EXT_i_1/O
                         net (fo=1, unplaced)         0.018     0.146    design_1_i/rst_ps8_0_99M/U0/EXT_LPF/ACTIVE_LOW_EXT.ACT_LO_EXT/src_in
                         FDRE                                         r  design_1_i/rst_ps8_0_99M/U0/EXT_LPF/ACTIVE_LOW_EXT.ACT_LO_EXT/syncstages_ff_reg[0]/D
  -------------------------------------------------------------------    -------------------

                         (clock clk_pl_0 rise edge)
                                                      0.000     0.000 r  
                         PS8                          0.000     0.000 r  design_1_i/zynq_ultra_ps_e_0/inst/PS8_i/PLCLK[0]
                         net (fo=1, unplaced)         0.164     0.164    design_1_i/zynq_ultra_ps_e_0/inst/pl_clk_unbuffered[0]
                         BUFG_PS (Prop_BUFG_PS_I_O)
                                                      0.023     0.187 r  design_1_i/zynq_ultra_ps_e_0/inst/buffer_pl_clk_0.PL_CLK_0_BUFG/O
                         net (fo=18545, unplaced)     1.259     1.446    design_1_i/rst_ps8_0_99M/U0/EXT_LPF/ACTIVE_LOW_EXT.ACT_LO_EXT/dest_clk
                         FDRE                                         r  design_1_i/rst_ps8_0_99M/U0/EXT_LPF/ACTIVE_LOW_EXT.ACT_LO_EXT/syncstages_ff_reg[0]/C





--------------------------------------------------------------------------------------
Path Group:  (none)
From Clock:  clk_pl_0
  To Clock:  clk_pl_0

Max Delay           104 Endpoints
Min Delay           104 Endpoints
--------------------------------------------------------------------------------------


Max Delay Paths
--------------------------------------------------------------------------------------
Slack:                    inf
  Source:                 design_1_i/axi_smc/inst/clk_map/psr_aclk/U0/ACTIVE_LOW_BSR_OUT_DFF[0].FDRE_BSR_N/C
                            (rising edge-triggered cell FDRE clocked by clk_pl_0  {rise@0.000ns fall@5.000ns period=10.000ns})
  Destination:            <hidden>
                            (recovery check against rising-edge clock clk_pl_0  {rise@0.000ns fall@5.000ns period=10.000ns})
  Path Group:             (none)
  Path Type:              Recovery (Max at Slow Process Corner)
  Data Path Delay:        0.493ns  (logic 0.114ns (23.124%)  route 0.379ns (76.876%))
  Logic Levels:           0  
  Clock Path Skew:        -0.196ns (DCD - SCD + CPR)
    Destination Clock Delay (DCD):    2.655ns
    Source Clock Delay      (SCD):    2.851ns
    Clock Pessimism Removal (CPR):    0.000ns
  Clock Uncertainty:      0.160ns  ((TSJ^2 + DJ^2)^1/2) / 2 + PE
    Total System Jitter     (TSJ):    0.071ns
    Discrete Jitter          (DJ):    0.312ns
    Phase Error              (PE):    0.000ns
  Timing Exception:       False Path

    Location             Delay type                Incr(ns)  Path(ns)    Netlist Resource(s)
  -------------------------------------------------------------------    -------------------
                         (clock clk_pl_0 rise edge)
                                                      0.000     0.000 r  
                         PS8                          0.000     0.000 r  design_1_i/zynq_ultra_ps_e_0/inst/PS8_i/PLCLK[0]
                         net (fo=1, unplaced)         0.229     0.229    design_1_i/zynq_ultra_ps_e_0/inst/pl_clk_unbuffered[0]
                         BUFG_PS (Prop_BUFG_PS_I_O)
                                                      0.038     0.267 r  design_1_i/zynq_ultra_ps_e_0/inst/buffer_pl_clk_0.PL_CLK_0_BUFG/O
                         net (fo=18545, unplaced)     2.584     2.851    design_1_i/axi_smc/inst/clk_map/psr_aclk/U0/aclk
                         FDRE                                         r  design_1_i/axi_smc/inst/clk_map/psr_aclk/U0/ACTIVE_LOW_BSR_OUT_DFF[0].FDRE_BSR_N/C
  -------------------------------------------------------------------    -------------------
                         FDRE (Prop_FDRE_C_Q)         0.114     2.965 r  design_1_i/axi_smc/inst/clk_map/psr_aclk/U0/ACTIVE_LOW_BSR_OUT_DFF[0].FDRE_BSR_N/Q
                         net (fo=102, unplaced)       0.379     3.344    <hidden>
                         FDCE                                         f  <hidden>  (IS_INVERTED)
  -------------------------------------------------------------------    -------------------

                         (clock clk_pl_0 rise edge)
                                                      0.000     0.000 r  
                         PS8                          0.000     0.000 r  design_1_i/zynq_ultra_ps_e_0/inst/PS8_i/PLCLK[0]
                         net (fo=1, unplaced)         0.181     0.181    design_1_i/zynq_ultra_ps_e_0/inst/pl_clk_unbuffered[0]
                         BUFG_PS (Prop_BUFG_PS_I_O)
                                                      0.035     0.216 r  design_1_i/zynq_ultra_ps_e_0/inst/buffer_pl_clk_0.PL_CLK_0_BUFG/O
                         net (fo=18545, unplaced)     2.439     2.655    <hidden>
                         FDCE                                         r  <hidden>

Slack:                    inf
  Source:                 design_1_i/axi_smc/inst/clk_map/psr_aclk/U0/ACTIVE_LOW_BSR_OUT_DFF[0].FDRE_BSR_N/C
                            (rising edge-triggered cell FDRE clocked by clk_pl_0  {rise@0.000ns fall@5.000ns period=10.000ns})
  Destination:            <hidden>
                            (recovery check against rising-edge clock clk_pl_0  {rise@0.000ns fall@5.000ns period=10.000ns})
  Path Group:             (none)
  Path Type:              Recovery (Max at Slow Process Corner)
  Data Path Delay:        0.493ns  (logic 0.114ns (23.124%)  route 0.379ns (76.876%))
  Logic Levels:           0  
  Clock Path Skew:        -0.196ns (DCD - SCD + CPR)
    Destination Clock Delay (DCD):    2.655ns
    Source Clock Delay      (SCD):    2.851ns
    Clock Pessimism Removal (CPR):    0.000ns
  Clock Uncertainty:      0.160ns  ((TSJ^2 + DJ^2)^1/2) / 2 + PE
    Total System Jitter     (TSJ):    0.071ns
    Discrete Jitter          (DJ):    0.312ns
    Phase Error              (PE):    0.000ns
  Timing Exception:       False Path

    Location             Delay type                Incr(ns)  Path(ns)    Netlist Resource(s)
  -------------------------------------------------------------------    -------------------
                         (clock clk_pl_0 rise edge)
                                                      0.000     0.000 r  
                         PS8                          0.000     0.000 r  design_1_i/zynq_ultra_ps_e_0/inst/PS8_i/PLCLK[0]
                         net (fo=1, unplaced)         0.229     0.229    design_1_i/zynq_ultra_ps_e_0/inst/pl_clk_unbuffered[0]
                         BUFG_PS (Prop_BUFG_PS_I_O)
                                                      0.038     0.267 r  design_1_i/zynq_ultra_ps_e_0/inst/buffer_pl_clk_0.PL_CLK_0_BUFG/O
                         net (fo=18545, unplaced)     2.584     2.851    design_1_i/axi_smc/inst/clk_map/psr_aclk/U0/aclk
                         FDRE                                         r  design_1_i/axi_smc/inst/clk_map/psr_aclk/U0/ACTIVE_LOW_BSR_OUT_DFF[0].FDRE_BSR_N/C
  -------------------------------------------------------------------    -------------------
                         FDRE (Prop_FDRE_C_Q)         0.114     2.965 r  design_1_i/axi_smc/inst/clk_map/psr_aclk/U0/ACTIVE_LOW_BSR_OUT_DFF[0].FDRE_BSR_N/Q
                         net (fo=102, unplaced)       0.379     3.344    <hidden>
                         FDCE                                         f  <hidden>  (IS_INVERTED)
  -------------------------------------------------------------------    -------------------

                         (clock clk_pl_0 rise edge)
                                                      0.000     0.000 r  
                         PS8                          0.000     0.000 r  design_1_i/zynq_ultra_ps_e_0/inst/PS8_i/PLCLK[0]
                         net (fo=1, unplaced)         0.181     0.181    design_1_i/zynq_ultra_ps_e_0/inst/pl_clk_unbuffered[0]
                         BUFG_PS (Prop_BUFG_PS_I_O)
                                                      0.035     0.216 r  design_1_i/zynq_ultra_ps_e_0/inst/buffer_pl_clk_0.PL_CLK_0_BUFG/O
                         net (fo=18545, unplaced)     2.439     2.655    <hidden>
                         FDCE                                         r  <hidden>

Slack:                    inf
  Source:                 design_1_i/axi_smc/inst/clk_map/psr_aclk/U0/ACTIVE_LOW_BSR_OUT_DFF[0].FDRE_BSR_N/C
                            (rising edge-triggered cell FDRE clocked by clk_pl_0  {rise@0.000ns fall@5.000ns period=10.000ns})
  Destination:            <hidden>
                            (recovery check against rising-edge clock clk_pl_0  {rise@0.000ns fall@5.000ns period=10.000ns})
  Path Group:             (none)
  Path Type:              Recovery (Max at Slow Process Corner)
  Data Path Delay:        0.493ns  (logic 0.114ns (23.124%)  route 0.379ns (76.876%))
  Logic Levels:           0  
  Clock Path Skew:        -0.196ns (DCD - SCD + CPR)
    Destination Clock Delay (DCD):    2.655ns
    Source Clock Delay      (SCD):    2.851ns
    Clock Pessimism Removal (CPR):    0.000ns
  Clock Uncertainty:      0.160ns  ((TSJ^2 + DJ^2)^1/2) / 2 + PE
    Total System Jitter     (TSJ):    0.071ns
    Discrete Jitter          (DJ):    0.312ns
    Phase Error              (PE):    0.000ns
  Timing Exception:       False Path

    Location             Delay type                Incr(ns)  Path(ns)    Netlist Resource(s)
  -------------------------------------------------------------------    -------------------
                         (clock clk_pl_0 rise edge)
                                                      0.000     0.000 r  
                         PS8                          0.000     0.000 r  design_1_i/zynq_ultra_ps_e_0/inst/PS8_i/PLCLK[0]
                         net (fo=1, unplaced)         0.229     0.229    design_1_i/zynq_ultra_ps_e_0/inst/pl_clk_unbuffered[0]
                         BUFG_PS (Prop_BUFG_PS_I_O)
                                                      0.038     0.267 r  design_1_i/zynq_ultra_ps_e_0/inst/buffer_pl_clk_0.PL_CLK_0_BUFG/O
                         net (fo=18545, unplaced)     2.584     2.851    design_1_i/axi_smc/inst/clk_map/psr_aclk/U0/aclk
                         FDRE                                         r  design_1_i/axi_smc/inst/clk_map/psr_aclk/U0/ACTIVE_LOW_BSR_OUT_DFF[0].FDRE_BSR_N/C
  -------------------------------------------------------------------    -------------------
                         FDRE (Prop_FDRE_C_Q)         0.114     2.965 r  design_1_i/axi_smc/inst/clk_map/psr_aclk/U0/ACTIVE_LOW_BSR_OUT_DFF[0].FDRE_BSR_N/Q
                         net (fo=102, unplaced)       0.379     3.344    <hidden>
                         FDCE                                         f  <hidden>  (IS_INVERTED)
  -------------------------------------------------------------------    -------------------

                         (clock clk_pl_0 rise edge)
                                                      0.000     0.000 r  
                         PS8                          0.000     0.000 r  design_1_i/zynq_ultra_ps_e_0/inst/PS8_i/PLCLK[0]
                         net (fo=1, unplaced)         0.181     0.181    design_1_i/zynq_ultra_ps_e_0/inst/pl_clk_unbuffered[0]
                         BUFG_PS (Prop_BUFG_PS_I_O)
                                                      0.035     0.216 r  design_1_i/zynq_ultra_ps_e_0/inst/buffer_pl_clk_0.PL_CLK_0_BUFG/O
                         net (fo=18545, unplaced)     2.439     2.655    <hidden>
                         FDCE                                         r  <hidden>

Slack:                    inf
  Source:                 design_1_i/axi_smc/inst/clk_map/psr_aclk/U0/ACTIVE_LOW_BSR_OUT_DFF[0].FDRE_BSR_N/C
                            (rising edge-triggered cell FDRE clocked by clk_pl_0  {rise@0.000ns fall@5.000ns period=10.000ns})
  Destination:            <hidden>
                            (recovery check against rising-edge clock clk_pl_0  {rise@0.000ns fall@5.000ns period=10.000ns})
  Path Group:             (none)
  Path Type:              Recovery (Max at Slow Process Corner)
  Data Path Delay:        0.493ns  (logic 0.114ns (23.124%)  route 0.379ns (76.876%))
  Logic Levels:           0  
  Clock Path Skew:        -0.196ns (DCD - SCD + CPR)
    Destination Clock Delay (DCD):    2.655ns
    Source Clock Delay      (SCD):    2.851ns
    Clock Pessimism Removal (CPR):    0.000ns
  Clock Uncertainty:      0.160ns  ((TSJ^2 + DJ^2)^1/2) / 2 + PE
    Total System Jitter     (TSJ):    0.071ns
    Discrete Jitter          (DJ):    0.312ns
    Phase Error              (PE):    0.000ns
  Timing Exception:       False Path

    Location             Delay type                Incr(ns)  Path(ns)    Netlist Resource(s)
  -------------------------------------------------------------------    -------------------
                         (clock clk_pl_0 rise edge)
                                                      0.000     0.000 r  
                         PS8                          0.000     0.000 r  design_1_i/zynq_ultra_ps_e_0/inst/PS8_i/PLCLK[0]
                         net (fo=1, unplaced)         0.229     0.229    design_1_i/zynq_ultra_ps_e_0/inst/pl_clk_unbuffered[0]
                         BUFG_PS (Prop_BUFG_PS_I_O)
                                                      0.038     0.267 r  design_1_i/zynq_ultra_ps_e_0/inst/buffer_pl_clk_0.PL_CLK_0_BUFG/O
                         net (fo=18545, unplaced)     2.584     2.851    design_1_i/axi_smc/inst/clk_map/psr_aclk/U0/aclk
                         FDRE                                         r  design_1_i/axi_smc/inst/clk_map/psr_aclk/U0/ACTIVE_LOW_BSR_OUT_DFF[0].FDRE_BSR_N/C
  -------------------------------------------------------------------    -------------------
                         FDRE (Prop_FDRE_C_Q)         0.114     2.965 r  design_1_i/axi_smc/inst/clk_map/psr_aclk/U0/ACTIVE_LOW_BSR_OUT_DFF[0].FDRE_BSR_N/Q
                         net (fo=102, unplaced)       0.379     3.344    <hidden>
                         FDCE                                         f  <hidden>  (IS_INVERTED)
  -------------------------------------------------------------------    -------------------

                         (clock clk_pl_0 rise edge)
                                                      0.000     0.000 r  
                         PS8                          0.000     0.000 r  design_1_i/zynq_ultra_ps_e_0/inst/PS8_i/PLCLK[0]
                         net (fo=1, unplaced)         0.181     0.181    design_1_i/zynq_ultra_ps_e_0/inst/pl_clk_unbuffered[0]
                         BUFG_PS (Prop_BUFG_PS_I_O)
                                                      0.035     0.216 r  design_1_i/zynq_ultra_ps_e_0/inst/buffer_pl_clk_0.PL_CLK_0_BUFG/O
                         net (fo=18545, unplaced)     2.439     2.655    <hidden>
                         FDCE                                         r  <hidden>

Slack:                    inf
  Source:                 design_1_i/axi_smc/inst/clk_map/psr_aclk/U0/ACTIVE_LOW_BSR_OUT_DFF[0].FDRE_BSR_N/C
                            (rising edge-triggered cell FDRE clocked by clk_pl_0  {rise@0.000ns fall@5.000ns period=10.000ns})
  Destination:            <hidden>
                            (recovery check against rising-edge clock clk_pl_0  {rise@0.000ns fall@5.000ns period=10.000ns})
  Path Group:             (none)
  Path Type:              Recovery (Max at Slow Process Corner)
  Data Path Delay:        0.493ns  (logic 0.114ns (23.124%)  route 0.379ns (76.876%))
  Logic Levels:           0  
  Clock Path Skew:        -0.196ns (DCD - SCD + CPR)
    Destination Clock Delay (DCD):    2.655ns
    Source Clock Delay      (SCD):    2.851ns
    Clock Pessimism Removal (CPR):    0.000ns
  Clock Uncertainty:      0.160ns  ((TSJ^2 + DJ^2)^1/2) / 2 + PE
    Total System Jitter     (TSJ):    0.071ns
    Discrete Jitter          (DJ):    0.312ns
    Phase Error              (PE):    0.000ns
  Timing Exception:       False Path

    Location             Delay type                Incr(ns)  Path(ns)    Netlist Resource(s)
  -------------------------------------------------------------------    -------------------
                         (clock clk_pl_0 rise edge)
                                                      0.000     0.000 r  
                         PS8                          0.000     0.000 r  design_1_i/zynq_ultra_ps_e_0/inst/PS8_i/PLCLK[0]
                         net (fo=1, unplaced)         0.229     0.229    design_1_i/zynq_ultra_ps_e_0/inst/pl_clk_unbuffered[0]
                         BUFG_PS (Prop_BUFG_PS_I_O)
                                                      0.038     0.267 r  design_1_i/zynq_ultra_ps_e_0/inst/buffer_pl_clk_0.PL_CLK_0_BUFG/O
                         net (fo=18545, unplaced)     2.584     2.851    design_1_i/axi_smc/inst/clk_map/psr_aclk/U0/aclk
                         FDRE                                         r  design_1_i/axi_smc/inst/clk_map/psr_aclk/U0/ACTIVE_LOW_BSR_OUT_DFF[0].FDRE_BSR_N/C
  -------------------------------------------------------------------    -------------------
                         FDRE (Prop_FDRE_C_Q)         0.114     2.965 r  design_1_i/axi_smc/inst/clk_map/psr_aclk/U0/ACTIVE_LOW_BSR_OUT_DFF[0].FDRE_BSR_N/Q
                         net (fo=102, unplaced)       0.379     3.344    <hidden>
                         FDCE                                         f  <hidden>  (IS_INVERTED)
  -------------------------------------------------------------------    -------------------

                         (clock clk_pl_0 rise edge)
                                                      0.000     0.000 r  
                         PS8                          0.000     0.000 r  design_1_i/zynq_ultra_ps_e_0/inst/PS8_i/PLCLK[0]
                         net (fo=1, unplaced)         0.181     0.181    design_1_i/zynq_ultra_ps_e_0/inst/pl_clk_unbuffered[0]
                         BUFG_PS (Prop_BUFG_PS_I_O)
                                                      0.035     0.216 r  design_1_i/zynq_ultra_ps_e_0/inst/buffer_pl_clk_0.PL_CLK_0_BUFG/O
                         net (fo=18545, unplaced)     2.439     2.655    <hidden>
                         FDCE                                         r  <hidden>

Slack:                    inf
  Source:                 design_1_i/axi_smc/inst/clk_map/psr_aclk/U0/ACTIVE_LOW_BSR_OUT_DFF[0].FDRE_BSR_N/C
                            (rising edge-triggered cell FDRE clocked by clk_pl_0  {rise@0.000ns fall@5.000ns period=10.000ns})
  Destination:            <hidden>
                            (recovery check against rising-edge clock clk_pl_0  {rise@0.000ns fall@5.000ns period=10.000ns})
  Path Group:             (none)
  Path Type:              Recovery (Max at Slow Process Corner)
  Data Path Delay:        0.493ns  (logic 0.114ns (23.124%)  route 0.379ns (76.876%))
  Logic Levels:           0  
  Clock Path Skew:        -0.196ns (DCD - SCD + CPR)
    Destination Clock Delay (DCD):    2.655ns
    Source Clock Delay      (SCD):    2.851ns
    Clock Pessimism Removal (CPR):    0.000ns
  Clock Uncertainty:      0.160ns  ((TSJ^2 + DJ^2)^1/2) / 2 + PE
    Total System Jitter     (TSJ):    0.071ns
    Discrete Jitter          (DJ):    0.312ns
    Phase Error              (PE):    0.000ns
  Timing Exception:       False Path

    Location             Delay type                Incr(ns)  Path(ns)    Netlist Resource(s)
  -------------------------------------------------------------------    -------------------
                         (clock clk_pl_0 rise edge)
                                                      0.000     0.000 r  
                         PS8                          0.000     0.000 r  design_1_i/zynq_ultra_ps_e_0/inst/PS8_i/PLCLK[0]
                         net (fo=1, unplaced)         0.229     0.229    design_1_i/zynq_ultra_ps_e_0/inst/pl_clk_unbuffered[0]
                         BUFG_PS (Prop_BUFG_PS_I_O)
                                                      0.038     0.267 r  design_1_i/zynq_ultra_ps_e_0/inst/buffer_pl_clk_0.PL_CLK_0_BUFG/O
                         net (fo=18545, unplaced)     2.584     2.851    design_1_i/axi_smc/inst/clk_map/psr_aclk/U0/aclk
                         FDRE                                         r  design_1_i/axi_smc/inst/clk_map/psr_aclk/U0/ACTIVE_LOW_BSR_OUT_DFF[0].FDRE_BSR_N/C
  -------------------------------------------------------------------    -------------------
                         FDRE (Prop_FDRE_C_Q)         0.114     2.965 r  design_1_i/axi_smc/inst/clk_map/psr_aclk/U0/ACTIVE_LOW_BSR_OUT_DFF[0].FDRE_BSR_N/Q
                         net (fo=102, unplaced)       0.379     3.344    <hidden>
                         FDCE                                         f  <hidden>  (IS_INVERTED)
  -------------------------------------------------------------------    -------------------

                         (clock clk_pl_0 rise edge)
                                                      0.000     0.000 r  
                         PS8                          0.000     0.000 r  design_1_i/zynq_ultra_ps_e_0/inst/PS8_i/PLCLK[0]
                         net (fo=1, unplaced)         0.181     0.181    design_1_i/zynq_ultra_ps_e_0/inst/pl_clk_unbuffered[0]
                         BUFG_PS (Prop_BUFG_PS_I_O)
                                                      0.035     0.216 r  design_1_i/zynq_ultra_ps_e_0/inst/buffer_pl_clk_0.PL_CLK_0_BUFG/O
                         net (fo=18545, unplaced)     2.439     2.655    <hidden>
                         FDCE                                         r  <hidden>

Slack:                    inf
  Source:                 design_1_i/axi_smc/inst/clk_map/psr_aclk/U0/ACTIVE_LOW_BSR_OUT_DFF[0].FDRE_BSR_N/C
                            (rising edge-triggered cell FDRE clocked by clk_pl_0  {rise@0.000ns fall@5.000ns period=10.000ns})
  Destination:            <hidden>
                            (recovery check against rising-edge clock clk_pl_0  {rise@0.000ns fall@5.000ns period=10.000ns})
  Path Group:             (none)
  Path Type:              Recovery (Max at Slow Process Corner)
  Data Path Delay:        0.493ns  (logic 0.114ns (23.124%)  route 0.379ns (76.876%))
  Logic Levels:           0  
  Clock Path Skew:        -0.196ns (DCD - SCD + CPR)
    Destination Clock Delay (DCD):    2.655ns
    Source Clock Delay      (SCD):    2.851ns
    Clock Pessimism Removal (CPR):    0.000ns
  Clock Uncertainty:      0.160ns  ((TSJ^2 + DJ^2)^1/2) / 2 + PE
    Total System Jitter     (TSJ):    0.071ns
    Discrete Jitter          (DJ):    0.312ns
    Phase Error              (PE):    0.000ns
  Timing Exception:       False Path

    Location             Delay type                Incr(ns)  Path(ns)    Netlist Resource(s)
  -------------------------------------------------------------------    -------------------
                         (clock clk_pl_0 rise edge)
                                                      0.000     0.000 r  
                         PS8                          0.000     0.000 r  design_1_i/zynq_ultra_ps_e_0/inst/PS8_i/PLCLK[0]
                         net (fo=1, unplaced)         0.229     0.229    design_1_i/zynq_ultra_ps_e_0/inst/pl_clk_unbuffered[0]
                         BUFG_PS (Prop_BUFG_PS_I_O)
                                                      0.038     0.267 r  design_1_i/zynq_ultra_ps_e_0/inst/buffer_pl_clk_0.PL_CLK_0_BUFG/O
                         net (fo=18545, unplaced)     2.584     2.851    design_1_i/axi_smc/inst/clk_map/psr_aclk/U0/aclk
                         FDRE                                         r  design_1_i/axi_smc/inst/clk_map/psr_aclk/U0/ACTIVE_LOW_BSR_OUT_DFF[0].FDRE_BSR_N/C
  -------------------------------------------------------------------    -------------------
                         FDRE (Prop_FDRE_C_Q)         0.114     2.965 r  design_1_i/axi_smc/inst/clk_map/psr_aclk/U0/ACTIVE_LOW_BSR_OUT_DFF[0].FDRE_BSR_N/Q
                         net (fo=102, unplaced)       0.379     3.344    <hidden>
                         FDCE                                         f  <hidden>  (IS_INVERTED)
  -------------------------------------------------------------------    -------------------

                         (clock clk_pl_0 rise edge)
                                                      0.000     0.000 r  
                         PS8                          0.000     0.000 r  design_1_i/zynq_ultra_ps_e_0/inst/PS8_i/PLCLK[0]
                         net (fo=1, unplaced)         0.181     0.181    design_1_i/zynq_ultra_ps_e_0/inst/pl_clk_unbuffered[0]
                         BUFG_PS (Prop_BUFG_PS_I_O)
                                                      0.035     0.216 r  design_1_i/zynq_ultra_ps_e_0/inst/buffer_pl_clk_0.PL_CLK_0_BUFG/O
                         net (fo=18545, unplaced)     2.439     2.655    <hidden>
                         FDCE                                         r  <hidden>

Slack:                    inf
  Source:                 design_1_i/axi_smc/inst/clk_map/psr_aclk/U0/ACTIVE_LOW_BSR_OUT_DFF[0].FDRE_BSR_N/C
                            (rising edge-triggered cell FDRE clocked by clk_pl_0  {rise@0.000ns fall@5.000ns period=10.000ns})
  Destination:            <hidden>
                            (recovery check against rising-edge clock clk_pl_0  {rise@0.000ns fall@5.000ns period=10.000ns})
  Path Group:             (none)
  Path Type:              Recovery (Max at Slow Process Corner)
  Data Path Delay:        0.493ns  (logic 0.114ns (23.124%)  route 0.379ns (76.876%))
  Logic Levels:           0  
  Clock Path Skew:        -0.196ns (DCD - SCD + CPR)
    Destination Clock Delay (DCD):    2.655ns
    Source Clock Delay      (SCD):    2.851ns
    Clock Pessimism Removal (CPR):    0.000ns
  Clock Uncertainty:      0.160ns  ((TSJ^2 + DJ^2)^1/2) / 2 + PE
    Total System Jitter     (TSJ):    0.071ns
    Discrete Jitter          (DJ):    0.312ns
    Phase Error              (PE):    0.000ns
  Timing Exception:       False Path

    Location             Delay type                Incr(ns)  Path(ns)    Netlist Resource(s)
  -------------------------------------------------------------------    -------------------
                         (clock clk_pl_0 rise edge)
                                                      0.000     0.000 r  
                         PS8                          0.000     0.000 r  design_1_i/zynq_ultra_ps_e_0/inst/PS8_i/PLCLK[0]
                         net (fo=1, unplaced)         0.229     0.229    design_1_i/zynq_ultra_ps_e_0/inst/pl_clk_unbuffered[0]
                         BUFG_PS (Prop_BUFG_PS_I_O)
                                                      0.038     0.267 r  design_1_i/zynq_ultra_ps_e_0/inst/buffer_pl_clk_0.PL_CLK_0_BUFG/O
                         net (fo=18545, unplaced)     2.584     2.851    design_1_i/axi_smc/inst/clk_map/psr_aclk/U0/aclk
                         FDRE                                         r  design_1_i/axi_smc/inst/clk_map/psr_aclk/U0/ACTIVE_LOW_BSR_OUT_DFF[0].FDRE_BSR_N/C
  -------------------------------------------------------------------    -------------------
                         FDRE (Prop_FDRE_C_Q)         0.114     2.965 r  design_1_i/axi_smc/inst/clk_map/psr_aclk/U0/ACTIVE_LOW_BSR_OUT_DFF[0].FDRE_BSR_N/Q
                         net (fo=102, unplaced)       0.379     3.344    <hidden>
                         FDCE                                         f  <hidden>  (IS_INVERTED)
  -------------------------------------------------------------------    -------------------

                         (clock clk_pl_0 rise edge)
                                                      0.000     0.000 r  
                         PS8                          0.000     0.000 r  design_1_i/zynq_ultra_ps_e_0/inst/PS8_i/PLCLK[0]
                         net (fo=1, unplaced)         0.181     0.181    design_1_i/zynq_ultra_ps_e_0/inst/pl_clk_unbuffered[0]
                         BUFG_PS (Prop_BUFG_PS_I_O)
                                                      0.035     0.216 r  design_1_i/zynq_ultra_ps_e_0/inst/buffer_pl_clk_0.PL_CLK_0_BUFG/O
                         net (fo=18545, unplaced)     2.439     2.655    <hidden>
                         FDCE                                         r  <hidden>

Slack:                    inf
  Source:                 design_1_i/axi_smc/inst/clk_map/psr_aclk/U0/ACTIVE_LOW_BSR_OUT_DFF[0].FDRE_BSR_N/C
                            (rising edge-triggered cell FDRE clocked by clk_pl_0  {rise@0.000ns fall@5.000ns period=10.000ns})
  Destination:            <hidden>
                            (recovery check against rising-edge clock clk_pl_0  {rise@0.000ns fall@5.000ns period=10.000ns})
  Path Group:             (none)
  Path Type:              Recovery (Max at Slow Process Corner)
  Data Path Delay:        0.493ns  (logic 0.114ns (23.124%)  route 0.379ns (76.876%))
  Logic Levels:           0  
  Clock Path Skew:        -0.196ns (DCD - SCD + CPR)
    Destination Clock Delay (DCD):    2.655ns
    Source Clock Delay      (SCD):    2.851ns
    Clock Pessimism Removal (CPR):    0.000ns
  Clock Uncertainty:      0.160ns  ((TSJ^2 + DJ^2)^1/2) / 2 + PE
    Total System Jitter     (TSJ):    0.071ns
    Discrete Jitter          (DJ):    0.312ns
    Phase Error              (PE):    0.000ns
  Timing Exception:       False Path

    Location             Delay type                Incr(ns)  Path(ns)    Netlist Resource(s)
  -------------------------------------------------------------------    -------------------
                         (clock clk_pl_0 rise edge)
                                                      0.000     0.000 r  
                         PS8                          0.000     0.000 r  design_1_i/zynq_ultra_ps_e_0/inst/PS8_i/PLCLK[0]
                         net (fo=1, unplaced)         0.229     0.229    design_1_i/zynq_ultra_ps_e_0/inst/pl_clk_unbuffered[0]
                         BUFG_PS (Prop_BUFG_PS_I_O)
                                                      0.038     0.267 r  design_1_i/zynq_ultra_ps_e_0/inst/buffer_pl_clk_0.PL_CLK_0_BUFG/O
                         net (fo=18545, unplaced)     2.584     2.851    design_1_i/axi_smc/inst/clk_map/psr_aclk/U0/aclk
                         FDRE                                         r  design_1_i/axi_smc/inst/clk_map/psr_aclk/U0/ACTIVE_LOW_BSR_OUT_DFF[0].FDRE_BSR_N/C
  -------------------------------------------------------------------    -------------------
                         FDRE (Prop_FDRE_C_Q)         0.114     2.965 r  design_1_i/axi_smc/inst/clk_map/psr_aclk/U0/ACTIVE_LOW_BSR_OUT_DFF[0].FDRE_BSR_N/Q
                         net (fo=102, unplaced)       0.379     3.344    <hidden>
                         FDCE                                         f  <hidden>  (IS_INVERTED)
  -------------------------------------------------------------------    -------------------

                         (clock clk_pl_0 rise edge)
                                                      0.000     0.000 r  
                         PS8                          0.000     0.000 r  design_1_i/zynq_ultra_ps_e_0/inst/PS8_i/PLCLK[0]
                         net (fo=1, unplaced)         0.181     0.181    design_1_i/zynq_ultra_ps_e_0/inst/pl_clk_unbuffered[0]
                         BUFG_PS (Prop_BUFG_PS_I_O)
                                                      0.035     0.216 r  design_1_i/zynq_ultra_ps_e_0/inst/buffer_pl_clk_0.PL_CLK_0_BUFG/O
                         net (fo=18545, unplaced)     2.439     2.655    <hidden>
                         FDCE                                         r  <hidden>

Slack:                    inf
  Source:                 design_1_i/axi_smc/inst/clk_map/psr_aclk/U0/ACTIVE_LOW_BSR_OUT_DFF[0].FDRE_BSR_N/C
                            (rising edge-triggered cell FDRE clocked by clk_pl_0  {rise@0.000ns fall@5.000ns period=10.000ns})
  Destination:            <hidden>
                            (recovery check against rising-edge clock clk_pl_0  {rise@0.000ns fall@5.000ns period=10.000ns})
  Path Group:             (none)
  Path Type:              Recovery (Max at Slow Process Corner)
  Data Path Delay:        0.493ns  (logic 0.114ns (23.124%)  route 0.379ns (76.876%))
  Logic Levels:           0  
  Clock Path Skew:        -0.196ns (DCD - SCD + CPR)
    Destination Clock Delay (DCD):    2.655ns
    Source Clock Delay      (SCD):    2.851ns
    Clock Pessimism Removal (CPR):    0.000ns
  Clock Uncertainty:      0.160ns  ((TSJ^2 + DJ^2)^1/2) / 2 + PE
    Total System Jitter     (TSJ):    0.071ns
    Discrete Jitter          (DJ):    0.312ns
    Phase Error              (PE):    0.000ns
  Timing Exception:       False Path

    Location             Delay type                Incr(ns)  Path(ns)    Netlist Resource(s)
  -------------------------------------------------------------------    -------------------
                         (clock clk_pl_0 rise edge)
                                                      0.000     0.000 r  
                         PS8                          0.000     0.000 r  design_1_i/zynq_ultra_ps_e_0/inst/PS8_i/PLCLK[0]
                         net (fo=1, unplaced)         0.229     0.229    design_1_i/zynq_ultra_ps_e_0/inst/pl_clk_unbuffered[0]
                         BUFG_PS (Prop_BUFG_PS_I_O)
                                                      0.038     0.267 r  design_1_i/zynq_ultra_ps_e_0/inst/buffer_pl_clk_0.PL_CLK_0_BUFG/O
                         net (fo=18545, unplaced)     2.584     2.851    design_1_i/axi_smc/inst/clk_map/psr_aclk/U0/aclk
                         FDRE                                         r  design_1_i/axi_smc/inst/clk_map/psr_aclk/U0/ACTIVE_LOW_BSR_OUT_DFF[0].FDRE_BSR_N/C
  -------------------------------------------------------------------    -------------------
                         FDRE (Prop_FDRE_C_Q)         0.114     2.965 r  design_1_i/axi_smc/inst/clk_map/psr_aclk/U0/ACTIVE_LOW_BSR_OUT_DFF[0].FDRE_BSR_N/Q
                         net (fo=102, unplaced)       0.379     3.344    <hidden>
                         FDCE                                         f  <hidden>  (IS_INVERTED)
  -------------------------------------------------------------------    -------------------

                         (clock clk_pl_0 rise edge)
                                                      0.000     0.000 r  
                         PS8                          0.000     0.000 r  design_1_i/zynq_ultra_ps_e_0/inst/PS8_i/PLCLK[0]
                         net (fo=1, unplaced)         0.181     0.181    design_1_i/zynq_ultra_ps_e_0/inst/pl_clk_unbuffered[0]
                         BUFG_PS (Prop_BUFG_PS_I_O)
                                                      0.035     0.216 r  design_1_i/zynq_ultra_ps_e_0/inst/buffer_pl_clk_0.PL_CLK_0_BUFG/O
                         net (fo=18545, unplaced)     2.439     2.655    <hidden>
                         FDCE                                         r  <hidden>





Min Delay Paths
--------------------------------------------------------------------------------------
Slack:                    inf
  Source:                 design_1_i/riscv_wrapper_0/inst/rv_core/ex_mem_pipeline_reg/cpu_halted_o_reg/C
                            (rising edge-triggered cell FDRE clocked by clk_pl_0  {rise@0.000ns fall@5.000ns period=10.000ns})
  Destination:            design_1_i/axi_gpio_0/U0/gpio_core_1/Dual.INPUT_DOUBLE_REGS5/syncstages_ff_reg[0][0]/D
                            (rising edge-triggered cell FDRE clocked by clk_pl_0  {rise@0.000ns fall@5.000ns period=10.000ns})
  Path Group:             (none)
  Path Type:              Hold (Min at Fast Process Corner)
  Data Path Delay:        0.158ns  (logic 0.084ns (53.165%)  route 0.074ns (46.835%))
  Logic Levels:           0  
  Clock Path Skew:        0.181ns (DCD - SCD - CPR)
    Destination Clock Delay (DCD):    1.446ns
    Source Clock Delay      (SCD):    1.265ns
    Clock Pessimism Removal (CPR):    -0.000ns
  Clock Uncertainty:      0.160ns  ((TSJ^2 + DJ^2)^1/2) / 2 + PE
    Total System Jitter     (TSJ):    0.071ns
    Discrete Jitter          (DJ):    0.312ns
    Phase Error              (PE):    0.000ns
  Timing Exception:       False Path

    Location             Delay type                Incr(ns)  Path(ns)    Netlist Resource(s)
  -------------------------------------------------------------------    -------------------
                         (clock clk_pl_0 rise edge)
                                                      0.000     0.000 r  
                         PS8                          0.000     0.000 r  design_1_i/zynq_ultra_ps_e_0/inst/PS8_i/PLCLK[0]
                         net (fo=1, unplaced)         0.129     0.129    design_1_i/zynq_ultra_ps_e_0/inst/pl_clk_unbuffered[0]
                         BUFG_PS (Prop_BUFG_PS_I_O)
                                                      0.022     0.151 r  design_1_i/zynq_ultra_ps_e_0/inst/buffer_pl_clk_0.PL_CLK_0_BUFG/O
                         net (fo=18545, unplaced)     1.114     1.265    design_1_i/riscv_wrapper_0/inst/rv_core/ex_mem_pipeline_reg/clk_i
                         FDRE                                         r  design_1_i/riscv_wrapper_0/inst/rv_core/ex_mem_pipeline_reg/cpu_halted_o_reg/C
  -------------------------------------------------------------------    -------------------
                         FDRE (Prop_FDRE_C_Q)         0.084     1.349 r  design_1_i/riscv_wrapper_0/inst/rv_core/ex_mem_pipeline_reg/cpu_halted_o_reg/Q
                         net (fo=1, unplaced)         0.074     1.423    design_1_i/axi_gpio_0/U0/gpio_core_1/Dual.INPUT_DOUBLE_REGS5/async_path_bit
                         FDRE                                         r  design_1_i/axi_gpio_0/U0/gpio_core_1/Dual.INPUT_DOUBLE_REGS5/syncstages_ff_reg[0][0]/D
  -------------------------------------------------------------------    -------------------

                         (clock clk_pl_0 rise edge)
                                                      0.000     0.000 r  
                         PS8                          0.000     0.000 r  design_1_i/zynq_ultra_ps_e_0/inst/PS8_i/PLCLK[0]
                         net (fo=1, unplaced)         0.164     0.164    design_1_i/zynq_ultra_ps_e_0/inst/pl_clk_unbuffered[0]
                         BUFG_PS (Prop_BUFG_PS_I_O)
                                                      0.023     0.187 r  design_1_i/zynq_ultra_ps_e_0/inst/buffer_pl_clk_0.PL_CLK_0_BUFG/O
                         net (fo=18545, unplaced)     1.259     1.446    design_1_i/axi_gpio_0/U0/gpio_core_1/Dual.INPUT_DOUBLE_REGS5/dest_clk
                         FDRE                                         r  design_1_i/axi_gpio_0/U0/gpio_core_1/Dual.INPUT_DOUBLE_REGS5/syncstages_ff_reg[0][0]/C

Slack:                    inf
  Source:                 design_1_i/axi_smc/inst/clk_map/psr_aclk/U0/ACTIVE_LOW_BSR_OUT_DFF[0].FDRE_BSR_N/C
                            (rising edge-triggered cell FDRE clocked by clk_pl_0  {rise@0.000ns fall@5.000ns period=10.000ns})
  Destination:            <hidden>
                            (removal check against rising-edge clock clk_pl_0  {rise@0.000ns fall@5.000ns period=10.000ns})
  Path Group:             (none)
  Path Type:              Removal (Min at Fast Process Corner)
  Data Path Delay:        0.235ns  (logic 0.084ns (35.745%)  route 0.151ns (64.255%))
  Logic Levels:           0  
  Clock Path Skew:        0.181ns (DCD - SCD - CPR)
    Destination Clock Delay (DCD):    1.446ns
    Source Clock Delay      (SCD):    1.265ns
    Clock Pessimism Removal (CPR):    -0.000ns
  Clock Uncertainty:      0.160ns  ((TSJ^2 + DJ^2)^1/2) / 2 + PE
    Total System Jitter     (TSJ):    0.071ns
    Discrete Jitter          (DJ):    0.312ns
    Phase Error              (PE):    0.000ns
  Timing Exception:       False Path

    Location             Delay type                Incr(ns)  Path(ns)    Netlist Resource(s)
  -------------------------------------------------------------------    -------------------
                         (clock clk_pl_0 rise edge)
                                                      0.000     0.000 r  
                         PS8                          0.000     0.000 r  design_1_i/zynq_ultra_ps_e_0/inst/PS8_i/PLCLK[0]
                         net (fo=1, unplaced)         0.129     0.129    design_1_i/zynq_ultra_ps_e_0/inst/pl_clk_unbuffered[0]
                         BUFG_PS (Prop_BUFG_PS_I_O)
                                                      0.022     0.151 r  design_1_i/zynq_ultra_ps_e_0/inst/buffer_pl_clk_0.PL_CLK_0_BUFG/O
                         net (fo=18545, unplaced)     1.114     1.265    design_1_i/axi_smc/inst/clk_map/psr_aclk/U0/aclk
                         FDRE                                         r  design_1_i/axi_smc/inst/clk_map/psr_aclk/U0/ACTIVE_LOW_BSR_OUT_DFF[0].FDRE_BSR_N/C
  -------------------------------------------------------------------    -------------------
                         FDRE (Prop_FDRE_C_Q)         0.084     1.349 r  design_1_i/axi_smc/inst/clk_map/psr_aclk/U0/ACTIVE_LOW_BSR_OUT_DFF[0].FDRE_BSR_N/Q
                         net (fo=102, unplaced)       0.151     1.500    <hidden>
                         FDCE                                         f  <hidden>  (IS_INVERTED)
  -------------------------------------------------------------------    -------------------

                         (clock clk_pl_0 rise edge)
                                                      0.000     0.000 r  
                         PS8                          0.000     0.000 r  design_1_i/zynq_ultra_ps_e_0/inst/PS8_i/PLCLK[0]
                         net (fo=1, unplaced)         0.164     0.164    design_1_i/zynq_ultra_ps_e_0/inst/pl_clk_unbuffered[0]
                         BUFG_PS (Prop_BUFG_PS_I_O)
                                                      0.023     0.187 r  design_1_i/zynq_ultra_ps_e_0/inst/buffer_pl_clk_0.PL_CLK_0_BUFG/O
                         net (fo=18545, unplaced)     1.259     1.446    <hidden>
                         FDCE                                         r  <hidden>

Slack:                    inf
  Source:                 design_1_i/axi_smc/inst/clk_map/psr_aclk/U0/ACTIVE_LOW_BSR_OUT_DFF[0].FDRE_BSR_N/C
                            (rising edge-triggered cell FDRE clocked by clk_pl_0  {rise@0.000ns fall@5.000ns period=10.000ns})
  Destination:            <hidden>
                            (removal check against rising-edge clock clk_pl_0  {rise@0.000ns fall@5.000ns period=10.000ns})
  Path Group:             (none)
  Path Type:              Removal (Min at Fast Process Corner)
  Data Path Delay:        0.235ns  (logic 0.084ns (35.745%)  route 0.151ns (64.255%))
  Logic Levels:           0  
  Clock Path Skew:        0.181ns (DCD - SCD - CPR)
    Destination Clock Delay (DCD):    1.446ns
    Source Clock Delay      (SCD):    1.265ns
    Clock Pessimism Removal (CPR):    -0.000ns
  Clock Uncertainty:      0.160ns  ((TSJ^2 + DJ^2)^1/2) / 2 + PE
    Total System Jitter     (TSJ):    0.071ns
    Discrete Jitter          (DJ):    0.312ns
    Phase Error              (PE):    0.000ns
  Timing Exception:       False Path

    Location             Delay type                Incr(ns)  Path(ns)    Netlist Resource(s)
  -------------------------------------------------------------------    -------------------
                         (clock clk_pl_0 rise edge)
                                                      0.000     0.000 r  
                         PS8                          0.000     0.000 r  design_1_i/zynq_ultra_ps_e_0/inst/PS8_i/PLCLK[0]
                         net (fo=1, unplaced)         0.129     0.129    design_1_i/zynq_ultra_ps_e_0/inst/pl_clk_unbuffered[0]
                         BUFG_PS (Prop_BUFG_PS_I_O)
                                                      0.022     0.151 r  design_1_i/zynq_ultra_ps_e_0/inst/buffer_pl_clk_0.PL_CLK_0_BUFG/O
                         net (fo=18545, unplaced)     1.114     1.265    design_1_i/axi_smc/inst/clk_map/psr_aclk/U0/aclk
                         FDRE                                         r  design_1_i/axi_smc/inst/clk_map/psr_aclk/U0/ACTIVE_LOW_BSR_OUT_DFF[0].FDRE_BSR_N/C
  -------------------------------------------------------------------    -------------------
                         FDRE (Prop_FDRE_C_Q)         0.084     1.349 r  design_1_i/axi_smc/inst/clk_map/psr_aclk/U0/ACTIVE_LOW_BSR_OUT_DFF[0].FDRE_BSR_N/Q
                         net (fo=102, unplaced)       0.151     1.500    <hidden>
                         FDCE                                         f  <hidden>  (IS_INVERTED)
  -------------------------------------------------------------------    -------------------

                         (clock clk_pl_0 rise edge)
                                                      0.000     0.000 r  
                         PS8                          0.000     0.000 r  design_1_i/zynq_ultra_ps_e_0/inst/PS8_i/PLCLK[0]
                         net (fo=1, unplaced)         0.164     0.164    design_1_i/zynq_ultra_ps_e_0/inst/pl_clk_unbuffered[0]
                         BUFG_PS (Prop_BUFG_PS_I_O)
                                                      0.023     0.187 r  design_1_i/zynq_ultra_ps_e_0/inst/buffer_pl_clk_0.PL_CLK_0_BUFG/O
                         net (fo=18545, unplaced)     1.259     1.446    <hidden>
                         FDCE                                         r  <hidden>

Slack:                    inf
  Source:                 design_1_i/axi_smc/inst/clk_map/psr_aclk/U0/ACTIVE_LOW_BSR_OUT_DFF[0].FDRE_BSR_N/C
                            (rising edge-triggered cell FDRE clocked by clk_pl_0  {rise@0.000ns fall@5.000ns period=10.000ns})
  Destination:            <hidden>
                            (removal check against rising-edge clock clk_pl_0  {rise@0.000ns fall@5.000ns period=10.000ns})
  Path Group:             (none)
  Path Type:              Removal (Min at Fast Process Corner)
  Data Path Delay:        0.235ns  (logic 0.084ns (35.745%)  route 0.151ns (64.255%))
  Logic Levels:           0  
  Clock Path Skew:        0.181ns (DCD - SCD - CPR)
    Destination Clock Delay (DCD):    1.446ns
    Source Clock Delay      (SCD):    1.265ns
    Clock Pessimism Removal (CPR):    -0.000ns
  Clock Uncertainty:      0.160ns  ((TSJ^2 + DJ^2)^1/2) / 2 + PE
    Total System Jitter     (TSJ):    0.071ns
    Discrete Jitter          (DJ):    0.312ns
    Phase Error              (PE):    0.000ns
  Timing Exception:       False Path

    Location             Delay type                Incr(ns)  Path(ns)    Netlist Resource(s)
  -------------------------------------------------------------------    -------------------
                         (clock clk_pl_0 rise edge)
                                                      0.000     0.000 r  
                         PS8                          0.000     0.000 r  design_1_i/zynq_ultra_ps_e_0/inst/PS8_i/PLCLK[0]
                         net (fo=1, unplaced)         0.129     0.129    design_1_i/zynq_ultra_ps_e_0/inst/pl_clk_unbuffered[0]
                         BUFG_PS (Prop_BUFG_PS_I_O)
                                                      0.022     0.151 r  design_1_i/zynq_ultra_ps_e_0/inst/buffer_pl_clk_0.PL_CLK_0_BUFG/O
                         net (fo=18545, unplaced)     1.114     1.265    design_1_i/axi_smc/inst/clk_map/psr_aclk/U0/aclk
                         FDRE                                         r  design_1_i/axi_smc/inst/clk_map/psr_aclk/U0/ACTIVE_LOW_BSR_OUT_DFF[0].FDRE_BSR_N/C
  -------------------------------------------------------------------    -------------------
                         FDRE (Prop_FDRE_C_Q)         0.084     1.349 r  design_1_i/axi_smc/inst/clk_map/psr_aclk/U0/ACTIVE_LOW_BSR_OUT_DFF[0].FDRE_BSR_N/Q
                         net (fo=102, unplaced)       0.151     1.500    <hidden>
                         FDCE                                         f  <hidden>  (IS_INVERTED)
  -------------------------------------------------------------------    -------------------

                         (clock clk_pl_0 rise edge)
                                                      0.000     0.000 r  
                         PS8                          0.000     0.000 r  design_1_i/zynq_ultra_ps_e_0/inst/PS8_i/PLCLK[0]
                         net (fo=1, unplaced)         0.164     0.164    design_1_i/zynq_ultra_ps_e_0/inst/pl_clk_unbuffered[0]
                         BUFG_PS (Prop_BUFG_PS_I_O)
                                                      0.023     0.187 r  design_1_i/zynq_ultra_ps_e_0/inst/buffer_pl_clk_0.PL_CLK_0_BUFG/O
                         net (fo=18545, unplaced)     1.259     1.446    <hidden>
                         FDCE                                         r  <hidden>

Slack:                    inf
  Source:                 design_1_i/axi_smc/inst/clk_map/psr_aclk/U0/ACTIVE_LOW_BSR_OUT_DFF[0].FDRE_BSR_N/C
                            (rising edge-triggered cell FDRE clocked by clk_pl_0  {rise@0.000ns fall@5.000ns period=10.000ns})
  Destination:            <hidden>
                            (removal check against rising-edge clock clk_pl_0  {rise@0.000ns fall@5.000ns period=10.000ns})
  Path Group:             (none)
  Path Type:              Removal (Min at Fast Process Corner)
  Data Path Delay:        0.235ns  (logic 0.084ns (35.745%)  route 0.151ns (64.255%))
  Logic Levels:           0  
  Clock Path Skew:        0.181ns (DCD - SCD - CPR)
    Destination Clock Delay (DCD):    1.446ns
    Source Clock Delay      (SCD):    1.265ns
    Clock Pessimism Removal (CPR):    -0.000ns
  Clock Uncertainty:      0.160ns  ((TSJ^2 + DJ^2)^1/2) / 2 + PE
    Total System Jitter     (TSJ):    0.071ns
    Discrete Jitter          (DJ):    0.312ns
    Phase Error              (PE):    0.000ns
  Timing Exception:       False Path

    Location             Delay type                Incr(ns)  Path(ns)    Netlist Resource(s)
  -------------------------------------------------------------------    -------------------
                         (clock clk_pl_0 rise edge)
                                                      0.000     0.000 r  
                         PS8                          0.000     0.000 r  design_1_i/zynq_ultra_ps_e_0/inst/PS8_i/PLCLK[0]
                         net (fo=1, unplaced)         0.129     0.129    design_1_i/zynq_ultra_ps_e_0/inst/pl_clk_unbuffered[0]
                         BUFG_PS (Prop_BUFG_PS_I_O)
                                                      0.022     0.151 r  design_1_i/zynq_ultra_ps_e_0/inst/buffer_pl_clk_0.PL_CLK_0_BUFG/O
                         net (fo=18545, unplaced)     1.114     1.265    design_1_i/axi_smc/inst/clk_map/psr_aclk/U0/aclk
                         FDRE                                         r  design_1_i/axi_smc/inst/clk_map/psr_aclk/U0/ACTIVE_LOW_BSR_OUT_DFF[0].FDRE_BSR_N/C
  -------------------------------------------------------------------    -------------------
                         FDRE (Prop_FDRE_C_Q)         0.084     1.349 r  design_1_i/axi_smc/inst/clk_map/psr_aclk/U0/ACTIVE_LOW_BSR_OUT_DFF[0].FDRE_BSR_N/Q
                         net (fo=102, unplaced)       0.151     1.500    <hidden>
                         FDCE                                         f  <hidden>  (IS_INVERTED)
  -------------------------------------------------------------------    -------------------

                         (clock clk_pl_0 rise edge)
                                                      0.000     0.000 r  
                         PS8                          0.000     0.000 r  design_1_i/zynq_ultra_ps_e_0/inst/PS8_i/PLCLK[0]
                         net (fo=1, unplaced)         0.164     0.164    design_1_i/zynq_ultra_ps_e_0/inst/pl_clk_unbuffered[0]
                         BUFG_PS (Prop_BUFG_PS_I_O)
                                                      0.023     0.187 r  design_1_i/zynq_ultra_ps_e_0/inst/buffer_pl_clk_0.PL_CLK_0_BUFG/O
                         net (fo=18545, unplaced)     1.259     1.446    <hidden>
                         FDCE                                         r  <hidden>

Slack:                    inf
  Source:                 design_1_i/axi_smc/inst/clk_map/psr_aclk/U0/ACTIVE_LOW_BSR_OUT_DFF[0].FDRE_BSR_N/C
                            (rising edge-triggered cell FDRE clocked by clk_pl_0  {rise@0.000ns fall@5.000ns period=10.000ns})
  Destination:            <hidden>
                            (removal check against rising-edge clock clk_pl_0  {rise@0.000ns fall@5.000ns period=10.000ns})
  Path Group:             (none)
  Path Type:              Removal (Min at Fast Process Corner)
  Data Path Delay:        0.235ns  (logic 0.084ns (35.745%)  route 0.151ns (64.255%))
  Logic Levels:           0  
  Clock Path Skew:        0.181ns (DCD - SCD - CPR)
    Destination Clock Delay (DCD):    1.446ns
    Source Clock Delay      (SCD):    1.265ns
    Clock Pessimism Removal (CPR):    -0.000ns
  Clock Uncertainty:      0.160ns  ((TSJ^2 + DJ^2)^1/2) / 2 + PE
    Total System Jitter     (TSJ):    0.071ns
    Discrete Jitter          (DJ):    0.312ns
    Phase Error              (PE):    0.000ns
  Timing Exception:       False Path

    Location             Delay type                Incr(ns)  Path(ns)    Netlist Resource(s)
  -------------------------------------------------------------------    -------------------
                         (clock clk_pl_0 rise edge)
                                                      0.000     0.000 r  
                         PS8                          0.000     0.000 r  design_1_i/zynq_ultra_ps_e_0/inst/PS8_i/PLCLK[0]
                         net (fo=1, unplaced)         0.129     0.129    design_1_i/zynq_ultra_ps_e_0/inst/pl_clk_unbuffered[0]
                         BUFG_PS (Prop_BUFG_PS_I_O)
                                                      0.022     0.151 r  design_1_i/zynq_ultra_ps_e_0/inst/buffer_pl_clk_0.PL_CLK_0_BUFG/O
                         net (fo=18545, unplaced)     1.114     1.265    design_1_i/axi_smc/inst/clk_map/psr_aclk/U0/aclk
                         FDRE                                         r  design_1_i/axi_smc/inst/clk_map/psr_aclk/U0/ACTIVE_LOW_BSR_OUT_DFF[0].FDRE_BSR_N/C
  -------------------------------------------------------------------    -------------------
                         FDRE (Prop_FDRE_C_Q)         0.084     1.349 r  design_1_i/axi_smc/inst/clk_map/psr_aclk/U0/ACTIVE_LOW_BSR_OUT_DFF[0].FDRE_BSR_N/Q
                         net (fo=102, unplaced)       0.151     1.500    <hidden>
                         FDCE                                         f  <hidden>  (IS_INVERTED)
  -------------------------------------------------------------------    -------------------

                         (clock clk_pl_0 rise edge)
                                                      0.000     0.000 r  
                         PS8                          0.000     0.000 r  design_1_i/zynq_ultra_ps_e_0/inst/PS8_i/PLCLK[0]
                         net (fo=1, unplaced)         0.164     0.164    design_1_i/zynq_ultra_ps_e_0/inst/pl_clk_unbuffered[0]
                         BUFG_PS (Prop_BUFG_PS_I_O)
                                                      0.023     0.187 r  design_1_i/zynq_ultra_ps_e_0/inst/buffer_pl_clk_0.PL_CLK_0_BUFG/O
                         net (fo=18545, unplaced)     1.259     1.446    <hidden>
                         FDCE                                         r  <hidden>

Slack:                    inf
  Source:                 design_1_i/axi_smc/inst/clk_map/psr_aclk/U0/ACTIVE_LOW_BSR_OUT_DFF[0].FDRE_BSR_N/C
                            (rising edge-triggered cell FDRE clocked by clk_pl_0  {rise@0.000ns fall@5.000ns period=10.000ns})
  Destination:            <hidden>
                            (removal check against rising-edge clock clk_pl_0  {rise@0.000ns fall@5.000ns period=10.000ns})
  Path Group:             (none)
  Path Type:              Removal (Min at Fast Process Corner)
  Data Path Delay:        0.235ns  (logic 0.084ns (35.745%)  route 0.151ns (64.255%))
  Logic Levels:           0  
  Clock Path Skew:        0.181ns (DCD - SCD - CPR)
    Destination Clock Delay (DCD):    1.446ns
    Source Clock Delay      (SCD):    1.265ns
    Clock Pessimism Removal (CPR):    -0.000ns
  Clock Uncertainty:      0.160ns  ((TSJ^2 + DJ^2)^1/2) / 2 + PE
    Total System Jitter     (TSJ):    0.071ns
    Discrete Jitter          (DJ):    0.312ns
    Phase Error              (PE):    0.000ns
  Timing Exception:       False Path

    Location             Delay type                Incr(ns)  Path(ns)    Netlist Resource(s)
  -------------------------------------------------------------------    -------------------
                         (clock clk_pl_0 rise edge)
                                                      0.000     0.000 r  
                         PS8                          0.000     0.000 r  design_1_i/zynq_ultra_ps_e_0/inst/PS8_i/PLCLK[0]
                         net (fo=1, unplaced)         0.129     0.129    design_1_i/zynq_ultra_ps_e_0/inst/pl_clk_unbuffered[0]
                         BUFG_PS (Prop_BUFG_PS_I_O)
                                                      0.022     0.151 r  design_1_i/zynq_ultra_ps_e_0/inst/buffer_pl_clk_0.PL_CLK_0_BUFG/O
                         net (fo=18545, unplaced)     1.114     1.265    design_1_i/axi_smc/inst/clk_map/psr_aclk/U0/aclk
                         FDRE                                         r  design_1_i/axi_smc/inst/clk_map/psr_aclk/U0/ACTIVE_LOW_BSR_OUT_DFF[0].FDRE_BSR_N/C
  -------------------------------------------------------------------    -------------------
                         FDRE (Prop_FDRE_C_Q)         0.084     1.349 r  design_1_i/axi_smc/inst/clk_map/psr_aclk/U0/ACTIVE_LOW_BSR_OUT_DFF[0].FDRE_BSR_N/Q
                         net (fo=102, unplaced)       0.151     1.500    <hidden>
                         FDCE                                         f  <hidden>  (IS_INVERTED)
  -------------------------------------------------------------------    -------------------

                         (clock clk_pl_0 rise edge)
                                                      0.000     0.000 r  
                         PS8                          0.000     0.000 r  design_1_i/zynq_ultra_ps_e_0/inst/PS8_i/PLCLK[0]
                         net (fo=1, unplaced)         0.164     0.164    design_1_i/zynq_ultra_ps_e_0/inst/pl_clk_unbuffered[0]
                         BUFG_PS (Prop_BUFG_PS_I_O)
                                                      0.023     0.187 r  design_1_i/zynq_ultra_ps_e_0/inst/buffer_pl_clk_0.PL_CLK_0_BUFG/O
                         net (fo=18545, unplaced)     1.259     1.446    <hidden>
                         FDCE                                         r  <hidden>

Slack:                    inf
  Source:                 design_1_i/axi_smc/inst/clk_map/psr_aclk/U0/ACTIVE_LOW_BSR_OUT_DFF[0].FDRE_BSR_N/C
                            (rising edge-triggered cell FDRE clocked by clk_pl_0  {rise@0.000ns fall@5.000ns period=10.000ns})
  Destination:            <hidden>
                            (removal check against rising-edge clock clk_pl_0  {rise@0.000ns fall@5.000ns period=10.000ns})
  Path Group:             (none)
  Path Type:              Removal (Min at Fast Process Corner)
  Data Path Delay:        0.235ns  (logic 0.084ns (35.745%)  route 0.151ns (64.255%))
  Logic Levels:           0  
  Clock Path Skew:        0.181ns (DCD - SCD - CPR)
    Destination Clock Delay (DCD):    1.446ns
    Source Clock Delay      (SCD):    1.265ns
    Clock Pessimism Removal (CPR):    -0.000ns
  Clock Uncertainty:      0.160ns  ((TSJ^2 + DJ^2)^1/2) / 2 + PE
    Total System Jitter     (TSJ):    0.071ns
    Discrete Jitter          (DJ):    0.312ns
    Phase Error              (PE):    0.000ns
  Timing Exception:       False Path

    Location             Delay type                Incr(ns)  Path(ns)    Netlist Resource(s)
  -------------------------------------------------------------------    -------------------
                         (clock clk_pl_0 rise edge)
                                                      0.000     0.000 r  
                         PS8                          0.000     0.000 r  design_1_i/zynq_ultra_ps_e_0/inst/PS8_i/PLCLK[0]
                         net (fo=1, unplaced)         0.129     0.129    design_1_i/zynq_ultra_ps_e_0/inst/pl_clk_unbuffered[0]
                         BUFG_PS (Prop_BUFG_PS_I_O)
                                                      0.022     0.151 r  design_1_i/zynq_ultra_ps_e_0/inst/buffer_pl_clk_0.PL_CLK_0_BUFG/O
                         net (fo=18545, unplaced)     1.114     1.265    design_1_i/axi_smc/inst/clk_map/psr_aclk/U0/aclk
                         FDRE                                         r  design_1_i/axi_smc/inst/clk_map/psr_aclk/U0/ACTIVE_LOW_BSR_OUT_DFF[0].FDRE_BSR_N/C
  -------------------------------------------------------------------    -------------------
                         FDRE (Prop_FDRE_C_Q)         0.084     1.349 r  design_1_i/axi_smc/inst/clk_map/psr_aclk/U0/ACTIVE_LOW_BSR_OUT_DFF[0].FDRE_BSR_N/Q
                         net (fo=102, unplaced)       0.151     1.500    <hidden>
                         FDCE                                         f  <hidden>  (IS_INVERTED)
  -------------------------------------------------------------------    -------------------

                         (clock clk_pl_0 rise edge)
                                                      0.000     0.000 r  
                         PS8                          0.000     0.000 r  design_1_i/zynq_ultra_ps_e_0/inst/PS8_i/PLCLK[0]
                         net (fo=1, unplaced)         0.164     0.164    design_1_i/zynq_ultra_ps_e_0/inst/pl_clk_unbuffered[0]
                         BUFG_PS (Prop_BUFG_PS_I_O)
                                                      0.023     0.187 r  design_1_i/zynq_ultra_ps_e_0/inst/buffer_pl_clk_0.PL_CLK_0_BUFG/O
                         net (fo=18545, unplaced)     1.259     1.446    <hidden>
                         FDCE                                         r  <hidden>

Slack:                    inf
  Source:                 design_1_i/axi_smc/inst/clk_map/psr_aclk/U0/ACTIVE_LOW_BSR_OUT_DFF[0].FDRE_BSR_N/C
                            (rising edge-triggered cell FDRE clocked by clk_pl_0  {rise@0.000ns fall@5.000ns period=10.000ns})
  Destination:            <hidden>
                            (removal check against rising-edge clock clk_pl_0  {rise@0.000ns fall@5.000ns period=10.000ns})
  Path Group:             (none)
  Path Type:              Removal (Min at Fast Process Corner)
  Data Path Delay:        0.235ns  (logic 0.084ns (35.745%)  route 0.151ns (64.255%))
  Logic Levels:           0  
  Clock Path Skew:        0.181ns (DCD - SCD - CPR)
    Destination Clock Delay (DCD):    1.446ns
    Source Clock Delay      (SCD):    1.265ns
    Clock Pessimism Removal (CPR):    -0.000ns
  Clock Uncertainty:      0.160ns  ((TSJ^2 + DJ^2)^1/2) / 2 + PE
    Total System Jitter     (TSJ):    0.071ns
    Discrete Jitter          (DJ):    0.312ns
    Phase Error              (PE):    0.000ns
  Timing Exception:       False Path

    Location             Delay type                Incr(ns)  Path(ns)    Netlist Resource(s)
  -------------------------------------------------------------------    -------------------
                         (clock clk_pl_0 rise edge)
                                                      0.000     0.000 r  
                         PS8                          0.000     0.000 r  design_1_i/zynq_ultra_ps_e_0/inst/PS8_i/PLCLK[0]
                         net (fo=1, unplaced)         0.129     0.129    design_1_i/zynq_ultra_ps_e_0/inst/pl_clk_unbuffered[0]
                         BUFG_PS (Prop_BUFG_PS_I_O)
                                                      0.022     0.151 r  design_1_i/zynq_ultra_ps_e_0/inst/buffer_pl_clk_0.PL_CLK_0_BUFG/O
                         net (fo=18545, unplaced)     1.114     1.265    design_1_i/axi_smc/inst/clk_map/psr_aclk/U0/aclk
                         FDRE                                         r  design_1_i/axi_smc/inst/clk_map/psr_aclk/U0/ACTIVE_LOW_BSR_OUT_DFF[0].FDRE_BSR_N/C
  -------------------------------------------------------------------    -------------------
                         FDRE (Prop_FDRE_C_Q)         0.084     1.349 r  design_1_i/axi_smc/inst/clk_map/psr_aclk/U0/ACTIVE_LOW_BSR_OUT_DFF[0].FDRE_BSR_N/Q
                         net (fo=102, unplaced)       0.151     1.500    <hidden>
                         FDCE                                         f  <hidden>  (IS_INVERTED)
  -------------------------------------------------------------------    -------------------

                         (clock clk_pl_0 rise edge)
                                                      0.000     0.000 r  
                         PS8                          0.000     0.000 r  design_1_i/zynq_ultra_ps_e_0/inst/PS8_i/PLCLK[0]
                         net (fo=1, unplaced)         0.164     0.164    design_1_i/zynq_ultra_ps_e_0/inst/pl_clk_unbuffered[0]
                         BUFG_PS (Prop_BUFG_PS_I_O)
                                                      0.023     0.187 r  design_1_i/zynq_ultra_ps_e_0/inst/buffer_pl_clk_0.PL_CLK_0_BUFG/O
                         net (fo=18545, unplaced)     1.259     1.446    <hidden>
                         FDCE                                         r  <hidden>

Slack:                    inf
  Source:                 design_1_i/axi_smc/inst/clk_map/psr_aclk/U0/ACTIVE_LOW_BSR_OUT_DFF[0].FDRE_BSR_N/C
                            (rising edge-triggered cell FDRE clocked by clk_pl_0  {rise@0.000ns fall@5.000ns period=10.000ns})
  Destination:            <hidden>
                            (removal check against rising-edge clock clk_pl_0  {rise@0.000ns fall@5.000ns period=10.000ns})
  Path Group:             (none)
  Path Type:              Removal (Min at Fast Process Corner)
  Data Path Delay:        0.235ns  (logic 0.084ns (35.745%)  route 0.151ns (64.255%))
  Logic Levels:           0  
  Clock Path Skew:        0.181ns (DCD - SCD - CPR)
    Destination Clock Delay (DCD):    1.446ns
    Source Clock Delay      (SCD):    1.265ns
    Clock Pessimism Removal (CPR):    -0.000ns
  Clock Uncertainty:      0.160ns  ((TSJ^2 + DJ^2)^1/2) / 2 + PE
    Total System Jitter     (TSJ):    0.071ns
    Discrete Jitter          (DJ):    0.312ns
    Phase Error              (PE):    0.000ns
  Timing Exception:       False Path

    Location             Delay type                Incr(ns)  Path(ns)    Netlist Resource(s)
  -------------------------------------------------------------------    -------------------
                         (clock clk_pl_0 rise edge)
                                                      0.000     0.000 r  
                         PS8                          0.000     0.000 r  design_1_i/zynq_ultra_ps_e_0/inst/PS8_i/PLCLK[0]
                         net (fo=1, unplaced)         0.129     0.129    design_1_i/zynq_ultra_ps_e_0/inst/pl_clk_unbuffered[0]
                         BUFG_PS (Prop_BUFG_PS_I_O)
                                                      0.022     0.151 r  design_1_i/zynq_ultra_ps_e_0/inst/buffer_pl_clk_0.PL_CLK_0_BUFG/O
                         net (fo=18545, unplaced)     1.114     1.265    design_1_i/axi_smc/inst/clk_map/psr_aclk/U0/aclk
                         FDRE                                         r  design_1_i/axi_smc/inst/clk_map/psr_aclk/U0/ACTIVE_LOW_BSR_OUT_DFF[0].FDRE_BSR_N/C
  -------------------------------------------------------------------    -------------------
                         FDRE (Prop_FDRE_C_Q)         0.084     1.349 r  design_1_i/axi_smc/inst/clk_map/psr_aclk/U0/ACTIVE_LOW_BSR_OUT_DFF[0].FDRE_BSR_N/Q
                         net (fo=102, unplaced)       0.151     1.500    <hidden>
                         FDCE                                         f  <hidden>  (IS_INVERTED)
  -------------------------------------------------------------------    -------------------

                         (clock clk_pl_0 rise edge)
                                                      0.000     0.000 r  
                         PS8                          0.000     0.000 r  design_1_i/zynq_ultra_ps_e_0/inst/PS8_i/PLCLK[0]
                         net (fo=1, unplaced)         0.164     0.164    design_1_i/zynq_ultra_ps_e_0/inst/pl_clk_unbuffered[0]
                         BUFG_PS (Prop_BUFG_PS_I_O)
                                                      0.023     0.187 r  design_1_i/zynq_ultra_ps_e_0/inst/buffer_pl_clk_0.PL_CLK_0_BUFG/O
                         net (fo=18545, unplaced)     1.259     1.446    <hidden>
                         FDCE                                         r  <hidden>





