Copyright 1986-2022 Xilinx, Inc. All Rights Reserved. Copyright 2022-2025 Advanced Micro Devices, Inc. All Rights Reserved.
-------------------------------------------------------------------------------------------------------------------------------------------------------------------------------------------------------------
| Tool Version      : Vivado v.2025.1 (win64) Build 6140274 Thu May 22 00:12:29 MDT 2025
| Date              : Sat May 16 13:22:46 2026
| Host              : Trong_Hieu running 64-bit major release  (build 9200)
| Command           : report_timing_summary -max_paths 10 -report_unconstrained -file phys_opt_report_timing_summary_0.rpt -pb phys_opt_report_timing_summary_0.pb -rpx phys_opt_report_timing_summary_0.rpx
| Design            : design_1_wrapper
| Device            : xck26-sfvc784
| Speed File        : -2LV  PRODUCTION 1.30 05-15-2022
| Design State      : Physopt postPlace
| Temperature Grade : C
-------------------------------------------------------------------------------------------------------------------------------------------------------------------------------------------------------------

Timing Summary Report

------------------------------------------------------------------------------------------------
| Timer Settings
| --------------
------------------------------------------------------------------------------------------------

  Enable Multi Corner Analysis               :  Yes
  Enable Pessimism Removal                   :  Yes
  Pessimism Removal Resolution               :  Nearest Common Node
  Enable Input Delay Default Clock           :  No
  Enable Preset / Clear Arcs                 :  No
  Disable Flight Delays                      :  No
  Ignore I/O Paths                           :  No
  Timing Early Launch at Borrowing Latches   :  No
  Borrow Time for Max Delay Exceptions       :  Yes
  Merge Timing Exceptions                    :  Yes
  Inter-SLR Compensation                     :  Conservative

  Corner  Analyze    Analyze    
  Name    Max Paths  Min Paths  
  ------  ---------  ---------  
  Slow    Yes        Yes        
  Fast    Yes        Yes        


------------------------------------------------------------------------------------------------
| Report Methodology
| ------------------
------------------------------------------------------------------------------------------------

No report available as report_methodology has not been run prior. Run report_methodology on the current design for the summary of methodology violations.



check_timing report

Table of Contents
-----------------
1. checking no_clock (0)
2. checking constant_clock (0)
3. checking pulse_width_clock (0)
4. checking unconstrained_internal_endpoints (0)
5. checking no_input_delay (0)
6. checking no_output_delay (0)
7. checking multiple_clock (0)
8. checking generated_clocks (0)
9. checking loops (0)
10. checking partial_input_delay (0)
11. checking partial_output_delay (0)
12. checking latch_loops (0)

1. checking no_clock (0)
------------------------
 There are 0 register/latch pins with no clock.


2. checking constant_clock (0)
------------------------------
 There are 0 register/latch pins with constant_clock.


3. checking pulse_width_clock (0)
---------------------------------
 There are 0 register/latch pins which need pulse_width check


4. checking unconstrained_internal_endpoints (0)
------------------------------------------------
 There are 0 pins that are not constrained for maximum delay.

 There are 0 pins that are not constrained for maximum delay due to constant clock.


5. checking no_input_delay (0)
------------------------------
 There are 0 input ports with no input delay specified.

 There are 0 input ports with no input delay but user has a false path constraint.


6. checking no_output_delay (0)
-------------------------------
 There are 0 ports with no output delay specified.

 There are 0 ports with no output delay but user has a false path constraint

 There are 0 ports with no output delay but with a timing clock defined on it or propagating through it


7. checking multiple_clock (0)
------------------------------
 There are 0 register/latch pins with multiple clocks.


8. checking generated_clocks (0)
--------------------------------
 There are 0 generated clocks that are not connected to a clock source.


9. checking loops (0)
---------------------
 There are 0 combinational loops in the design.


10. checking partial_input_delay (0)
------------------------------------
 There are 0 input ports with partial input delay specified.


11. checking partial_output_delay (0)
-------------------------------------
 There are 0 ports with partial output delay specified.


12. checking latch_loops (0)
----------------------------
 There are 0 combinational latch loops in the design through latch input



------------------------------------------------------------------------------------------------
| Design Timing Summary
| ---------------------
------------------------------------------------------------------------------------------------

    WNS(ns)      TNS(ns)  TNS Failing Endpoints  TNS Total Endpoints      WHS(ns)      THS(ns)  THS Failing Endpoints  THS Total Endpoints     WPWS(ns)     TPWS(ns)  TPWS Failing Endpoints  TPWS Total Endpoints  
    -------      -------  ---------------------  -------------------      -------      -------  ---------------------  -------------------     --------     --------  ----------------------  --------------------  
      3.357        0.000                      0                53997       -0.170      -23.989                    957                53997        3.500        0.000                       0                 18546  


Timing constraints are not met.


------------------------------------------------------------------------------------------------
| Clock Summary
| -------------
------------------------------------------------------------------------------------------------

Clock     Waveform(ns)       Period(ns)      Frequency(MHz)
-----     ------------       ----------      --------------
clk_pl_0  {0.000 5.000}      10.000          100.000         
clk_pl_1  {0.000 5.000}      10.000          100.000         


------------------------------------------------------------------------------------------------
| Intra Clock Table
| -----------------
------------------------------------------------------------------------------------------------

Clock             WNS(ns)      TNS(ns)  TNS Failing Endpoints  TNS Total Endpoints      WHS(ns)      THS(ns)  THS Failing Endpoints  THS Total Endpoints     WPWS(ns)     TPWS(ns)  TPWS Failing Endpoints  TPWS Total Endpoints  
-----             -------      -------  ---------------------  -------------------      -------      -------  ---------------------  -------------------     --------     --------  ----------------------  --------------------  
clk_pl_0            3.357        0.000                      0                53931       -0.170      -23.989                    957                53931        3.500        0.000                       0                 18546  


------------------------------------------------------------------------------------------------
| Inter Clock Table
| -----------------
------------------------------------------------------------------------------------------------

From Clock    To Clock          WNS(ns)      TNS(ns)  TNS Failing Endpoints  TNS Total Endpoints      WHS(ns)      THS(ns)  THS Failing Endpoints  THS Total Endpoints  
----------    --------          -------      -------  ---------------------  -------------------      -------      -------  ---------------------  -------------------  


------------------------------------------------------------------------------------------------
| Other Path Groups Table
| -----------------------
------------------------------------------------------------------------------------------------

Path Group         From Clock         To Clock               WNS(ns)      TNS(ns)  TNS Failing Endpoints  TNS Total Endpoints      WHS(ns)      THS(ns)  THS Failing Endpoints  THS Total Endpoints  
----------         ----------         --------               -------      -------  ---------------------  -------------------      -------      -------  ---------------------  -------------------  
**async_default**  clk_pl_0           clk_pl_0                 6.397        0.000                      0                   66        1.555        0.000                      0                   66  


------------------------------------------------------------------------------------------------
| User Ignored Path Table
| -----------------------
------------------------------------------------------------------------------------------------

Path Group    From Clock    To Clock    
----------    ----------    --------    
(none)                      clk_pl_0      
(none)        clk_pl_0      clk_pl_0      


------------------------------------------------------------------------------------------------
| Unconstrained Path Table
| ------------------------
------------------------------------------------------------------------------------------------

Path Group    From Clock    To Clock    
----------    ----------    --------    


------------------------------------------------------------------------------------------------
| Timing Details
| --------------
------------------------------------------------------------------------------------------------


---------------------------------------------------------------------------------------------------
From Clock:  clk_pl_0
  To Clock:  clk_pl_0

Setup :            0  Failing Endpoints,  Worst Slack        3.357ns,  Total Violation        0.000ns
Hold  :          957  Failing Endpoints,  Worst Slack       -0.170ns,  Total Violation      -23.989ns
PW    :            0  Failing Endpoints,  Worst Slack        3.500ns,  Total Violation        0.000ns
---------------------------------------------------------------------------------------------------


Max Delay Paths
--------------------------------------------------------------------------------------
Slack (MET) :             3.357ns  (required time - arrival time)
  Source:                 <hidden>
                            (rising edge-triggered cell RAMB36E2 clocked by clk_pl_0  {rise@0.000ns fall@5.000ns period=10.000ns})
  Destination:            <hidden>
                            (rising edge-triggered cell RAMB36E2 clocked by clk_pl_0  {rise@0.000ns fall@5.000ns period=10.000ns})
  Path Group:             clk_pl_0
  Path Type:              Setup (Max at Slow Process Corner)
  Requirement:            10.000ns  (clk_pl_0 rise@10.000ns - clk_pl_0 rise@0.000ns)
  Data Path Delay:        5.776ns  (logic 1.840ns (31.856%)  route 3.936ns (68.144%))
  Logic Levels:           3  (LUT2=1 LUT5=1 LUT6=1)
  Clock Path Skew:        -0.245ns (DCD - SCD + CPR)
    Destination Clock Delay (DCD):    2.980ns = ( 12.980 - 10.000 ) 
    Source Clock Delay      (SCD):    3.486ns
    Clock Pessimism Removal (CPR):    0.261ns
  Clock Uncertainty:      0.160ns  ((TSJ^2 + DJ^2)^1/2) / 2 + PE
    Total System Jitter     (TSJ):    0.071ns
    Discrete Jitter          (DJ):    0.312ns
    Phase Error              (PE):    0.000ns
  Clock Net Delay (Source):      3.219ns (routing 1.633ns, distribution 1.586ns)
  Clock Net Delay (Destination): 2.764ns (routing 1.495ns, distribution 1.269ns)

    Location             Delay type                Incr(ns)  Path(ns)    Netlist Resource(s)
  -------------------------------------------------------------------    -------------------
                         (clock clk_pl_0 rise edge)
                                                      0.000     0.000 r  
    PS8_X0Y0             PS8                          0.000     0.000 r  design_1_i/zynq_ultra_ps_e_0/inst/PS8_i/PLCLK[0]
                         net (fo=1, estimated)        0.229     0.229    design_1_i/zynq_ultra_ps_e_0/inst/pl_clk_unbuffered[0]
    BUFG_PS_X0Y80        BUFG_PS (Prop_BUFG_PS_I_O)
                                                      0.038     0.267 r  design_1_i/zynq_ultra_ps_e_0/inst/buffer_pl_clk_0.PL_CLK_0_BUFG/O
    X1Y1 (CLOCK_ROOT)    net (fo=18546, estimated)    3.219     3.486    <hidden>
    RAMB36_X1Y17         RAMB36E2                                     r  <hidden>
  -------------------------------------------------------------------    -------------------
    RAMB36_X1Y17         RAMB36E2 (Prop_RAMB36E2_RAMB36_CLKBWRCLK_DOUTBDOUT[1])
                                                      1.406     4.892 r  <hidden>
                         net (fo=37, estimated)       1.707     6.599    design_1_i/riscv_wrapper_0/inst/rv_core/id_ex_pipeline_reg/imem_rdata_i[19]
    SLICE_X22Y38         LUT6 (Prop_G6LUT_SLICEL_I0_O)
                                                      0.226     6.825 f  design_1_i/riscv_wrapper_0/inst/rv_core/id_ex_pipeline_reg/imem_en_o_INST_0_i_3/O
                         net (fo=1, estimated)        0.056     6.881    design_1_i/riscv_wrapper_0/inst/rv_core/id_ex_pipeline_reg/imem_en_o_INST_0_i_3_n_0
    SLICE_X22Y38         LUT5 (Prop_F6LUT_SLICEL_I1_O)
                                                      0.150     7.031 r  design_1_i/riscv_wrapper_0/inst/rv_core/id_ex_pipeline_reg/imem_en_o_INST_0_i_1/O
                         net (fo=66, estimated)       0.984     8.015    <hidden>
    SLICE_X26Y71         LUT2 (Prop_H6LUT_SLICEL_I1_O)
                                                      0.058     8.073 r  <hidden>
                         net (fo=16, estimated)       1.189     9.262    <hidden>
    RAMB36_X1Y18         RAMB36E2                                     r  <hidden>
  -------------------------------------------------------------------    -------------------

                         (clock clk_pl_0 rise edge)
                                                     10.000    10.000 r  
    PS8_X0Y0             PS8                          0.000    10.000 r  design_1_i/zynq_ultra_ps_e_0/inst/PS8_i/PLCLK[0]
                         net (fo=1, estimated)        0.181    10.181    design_1_i/zynq_ultra_ps_e_0/inst/pl_clk_unbuffered[0]
    BUFG_PS_X0Y80        BUFG_PS (Prop_BUFG_PS_I_O)
                                                      0.035    10.216 r  design_1_i/zynq_ultra_ps_e_0/inst/buffer_pl_clk_0.PL_CLK_0_BUFG/O
    X1Y1 (CLOCK_ROOT)    net (fo=18546, estimated)    2.764    12.980    <hidden>
    RAMB36_X1Y18         RAMB36E2                                     r  <hidden>
                         clock pessimism              0.261    13.241    
                         clock uncertainty           -0.160    13.081    
    RAMB36_X1Y18         RAMB36E2 (Setup_RAMB36E2_RAMB36_CLKBWRCLK_ENBWREN)
                                                     -0.462    12.619    <hidden>
  -------------------------------------------------------------------
                         required time                         12.619    
                         arrival time                          -9.262    
  -------------------------------------------------------------------
                         slack                                  3.357    

Slack (MET) :             3.404ns  (required time - arrival time)
  Source:                 <hidden>
                            (rising edge-triggered cell RAMB36E2 clocked by clk_pl_0  {rise@0.000ns fall@5.000ns period=10.000ns})
  Destination:            <hidden>
                            (rising edge-triggered cell RAMB36E2 clocked by clk_pl_0  {rise@0.000ns fall@5.000ns period=10.000ns})
  Path Group:             clk_pl_0
  Path Type:              Setup (Max at Slow Process Corner)
  Requirement:            10.000ns  (clk_pl_0 rise@10.000ns - clk_pl_0 rise@0.000ns)
  Data Path Delay:        5.588ns  (logic 1.840ns (32.928%)  route 3.748ns (67.072%))
  Logic Levels:           3  (LUT2=1 LUT5=1 LUT6=1)
  Clock Path Skew:        -0.386ns (DCD - SCD + CPR)
    Destination Clock Delay (DCD):    2.911ns = ( 12.911 - 10.000 ) 
    Source Clock Delay      (SCD):    3.486ns
    Clock Pessimism Removal (CPR):    0.189ns
  Clock Uncertainty:      0.160ns  ((TSJ^2 + DJ^2)^1/2) / 2 + PE
    Total System Jitter     (TSJ):    0.071ns
    Discrete Jitter          (DJ):    0.312ns
    Phase Error              (PE):    0.000ns
  Clock Net Delay (Source):      3.219ns (routing 1.633ns, distribution 1.586ns)
  Clock Net Delay (Destination): 2.695ns (routing 1.495ns, distribution 1.200ns)

    Location             Delay type                Incr(ns)  Path(ns)    Netlist Resource(s)
  -------------------------------------------------------------------    -------------------
                         (clock clk_pl_0 rise edge)
                                                      0.000     0.000 r  
    PS8_X0Y0             PS8                          0.000     0.000 r  design_1_i/zynq_ultra_ps_e_0/inst/PS8_i/PLCLK[0]
                         net (fo=1, estimated)        0.229     0.229    design_1_i/zynq_ultra_ps_e_0/inst/pl_clk_unbuffered[0]
    BUFG_PS_X0Y80        BUFG_PS (Prop_BUFG_PS_I_O)
                                                      0.038     0.267 r  design_1_i/zynq_ultra_ps_e_0/inst/buffer_pl_clk_0.PL_CLK_0_BUFG/O
    X1Y1 (CLOCK_ROOT)    net (fo=18546, estimated)    3.219     3.486    <hidden>
    RAMB36_X1Y17         RAMB36E2                                     r  <hidden>
  -------------------------------------------------------------------    -------------------
    RAMB36_X1Y17         RAMB36E2 (Prop_RAMB36E2_RAMB36_CLKBWRCLK_DOUTBDOUT[1])
                                                      1.406     4.892 r  <hidden>
                         net (fo=37, estimated)       1.707     6.599    design_1_i/riscv_wrapper_0/inst/rv_core/id_ex_pipeline_reg/imem_rdata_i[19]
    SLICE_X22Y38         LUT6 (Prop_G6LUT_SLICEL_I0_O)
                                                      0.226     6.825 f  design_1_i/riscv_wrapper_0/inst/rv_core/id_ex_pipeline_reg/imem_en_o_INST_0_i_3/O
                         net (fo=1, estimated)        0.056     6.881    design_1_i/riscv_wrapper_0/inst/rv_core/id_ex_pipeline_reg/imem_en_o_INST_0_i_3_n_0
    SLICE_X22Y38         LUT5 (Prop_F6LUT_SLICEL_I1_O)
                                                      0.150     7.031 r  design_1_i/riscv_wrapper_0/inst/rv_core/id_ex_pipeline_reg/imem_en_o_INST_0_i_1/O
                         net (fo=66, estimated)       0.984     8.015    <hidden>
    SLICE_X26Y71         LUT2 (Prop_H6LUT_SLICEL_I1_O)
                                                      0.058     8.073 r  <hidden>
                         net (fo=16, estimated)       1.001     9.074    <hidden>
    RAMB36_X0Y24         RAMB36E2                                     r  <hidden>
  -------------------------------------------------------------------    -------------------

                         (clock clk_pl_0 rise edge)
                                                     10.000    10.000 r  
    PS8_X0Y0             PS8                          0.000    10.000 r  design_1_i/zynq_ultra_ps_e_0/inst/PS8_i/PLCLK[0]
                         net (fo=1, estimated)        0.181    10.181    design_1_i/zynq_ultra_ps_e_0/inst/pl_clk_unbuffered[0]
    BUFG_PS_X0Y80        BUFG_PS (Prop_BUFG_PS_I_O)
                                                      0.035    10.216 r  design_1_i/zynq_ultra_ps_e_0/inst/buffer_pl_clk_0.PL_CLK_0_BUFG/O
    X1Y1 (CLOCK_ROOT)    net (fo=18546, estimated)    2.695    12.911    <hidden>
    RAMB36_X0Y24         RAMB36E2                                     r  <hidden>
                         clock pessimism              0.189    13.100    
                         clock uncertainty           -0.160    12.940    
    RAMB36_X0Y24         RAMB36E2 (Setup_RAMB36E2_RAMB36_CLKBWRCLK_ENBWREN)
                                                     -0.462    12.478    <hidden>
  -------------------------------------------------------------------
                         required time                         12.478    
                         arrival time                          -9.074    
  -------------------------------------------------------------------
                         slack                                  3.404    

Slack (MET) :             3.471ns  (required time - arrival time)
  Source:                 <hidden>
                            (rising edge-triggered cell RAMB36E2 clocked by clk_pl_0  {rise@0.000ns fall@5.000ns period=10.000ns})
  Destination:            <hidden>
                            (rising edge-triggered cell RAMB36E2 clocked by clk_pl_0  {rise@0.000ns fall@5.000ns period=10.000ns})
  Path Group:             clk_pl_0
  Path Type:              Setup (Max at Slow Process Corner)
  Requirement:            10.000ns  (clk_pl_0 rise@10.000ns - clk_pl_0 rise@0.000ns)
  Data Path Delay:        5.535ns  (logic 1.840ns (33.243%)  route 3.695ns (66.757%))
  Logic Levels:           3  (LUT2=1 LUT5=1 LUT6=1)
  Clock Path Skew:        -0.372ns (DCD - SCD + CPR)
    Destination Clock Delay (DCD):    2.861ns = ( 12.861 - 10.000 ) 
    Source Clock Delay      (SCD):    3.486ns
    Clock Pessimism Removal (CPR):    0.253ns
  Clock Uncertainty:      0.160ns  ((TSJ^2 + DJ^2)^1/2) / 2 + PE
    Total System Jitter     (TSJ):    0.071ns
    Discrete Jitter          (DJ):    0.312ns
    Phase Error              (PE):    0.000ns
  Clock Net Delay (Source):      3.219ns (routing 1.633ns, distribution 1.586ns)
  Clock Net Delay (Destination): 2.645ns (routing 1.495ns, distribution 1.150ns)

    Location             Delay type                Incr(ns)  Path(ns)    Netlist Resource(s)
  -------------------------------------------------------------------    -------------------
                         (clock clk_pl_0 rise edge)
                                                      0.000     0.000 r  
    PS8_X0Y0             PS8                          0.000     0.000 r  design_1_i/zynq_ultra_ps_e_0/inst/PS8_i/PLCLK[0]
                         net (fo=1, estimated)        0.229     0.229    design_1_i/zynq_ultra_ps_e_0/inst/pl_clk_unbuffered[0]
    BUFG_PS_X0Y80        BUFG_PS (Prop_BUFG_PS_I_O)
                                                      0.038     0.267 r  design_1_i/zynq_ultra_ps_e_0/inst/buffer_pl_clk_0.PL_CLK_0_BUFG/O
    X1Y1 (CLOCK_ROOT)    net (fo=18546, estimated)    3.219     3.486    <hidden>
    RAMB36_X1Y17         RAMB36E2                                     r  <hidden>
  -------------------------------------------------------------------    -------------------
    RAMB36_X1Y17         RAMB36E2 (Prop_RAMB36E2_RAMB36_CLKBWRCLK_DOUTBDOUT[1])
                                                      1.406     4.892 r  <hidden>
                         net (fo=37, estimated)       1.707     6.599    design_1_i/riscv_wrapper_0/inst/rv_core/id_ex_pipeline_reg/imem_rdata_i[19]
    SLICE_X22Y38         LUT6 (Prop_G6LUT_SLICEL_I0_O)
                                                      0.226     6.825 f  design_1_i/riscv_wrapper_0/inst/rv_core/id_ex_pipeline_reg/imem_en_o_INST_0_i_3/O
                         net (fo=1, estimated)        0.056     6.881    design_1_i/riscv_wrapper_0/inst/rv_core/id_ex_pipeline_reg/imem_en_o_INST_0_i_3_n_0
    SLICE_X22Y38         LUT5 (Prop_F6LUT_SLICEL_I1_O)
                                                      0.150     7.031 r  design_1_i/riscv_wrapper_0/inst/rv_core/id_ex_pipeline_reg/imem_en_o_INST_0_i_1/O
                         net (fo=66, estimated)       0.984     8.015    <hidden>
    SLICE_X26Y71         LUT2 (Prop_H6LUT_SLICEL_I1_O)
                                                      0.058     8.073 r  <hidden>
                         net (fo=16, estimated)       0.948     9.021    <hidden>
    RAMB36_X0Y23         RAMB36E2                                     r  <hidden>
  -------------------------------------------------------------------    -------------------

                         (clock clk_pl_0 rise edge)
                                                     10.000    10.000 r  
    PS8_X0Y0             PS8                          0.000    10.000 r  design_1_i/zynq_ultra_ps_e_0/inst/PS8_i/PLCLK[0]
                         net (fo=1, estimated)        0.181    10.181    design_1_i/zynq_ultra_ps_e_0/inst/pl_clk_unbuffered[0]
    BUFG_PS_X0Y80        BUFG_PS (Prop_BUFG_PS_I_O)
                                                      0.035    10.216 r  design_1_i/zynq_ultra_ps_e_0/inst/buffer_pl_clk_0.PL_CLK_0_BUFG/O
    X1Y1 (CLOCK_ROOT)    net (fo=18546, estimated)    2.645    12.861    <hidden>
    RAMB36_X0Y23         RAMB36E2                                     r  <hidden>
                         clock pessimism              0.253    13.114    
                         clock uncertainty           -0.160    12.954    
    RAMB36_X0Y23         RAMB36E2 (Setup_RAMB36E2_RAMB36_CLKBWRCLK_ENBWREN)
                                                     -0.462    12.492    <hidden>
  -------------------------------------------------------------------
                         required time                         12.492    
                         arrival time                          -9.021    
  -------------------------------------------------------------------
                         slack                                  3.471    

Slack (MET) :             3.488ns  (required time - arrival time)
  Source:                 <hidden>
                            (rising edge-triggered cell RAMB36E2 clocked by clk_pl_0  {rise@0.000ns fall@5.000ns period=10.000ns})
  Destination:            <hidden>
                            (rising edge-triggered cell RAMB36E2 clocked by clk_pl_0  {rise@0.000ns fall@5.000ns period=10.000ns})
  Path Group:             clk_pl_0
  Path Type:              Setup (Max at Slow Process Corner)
  Requirement:            10.000ns  (clk_pl_0 rise@10.000ns - clk_pl_0 rise@0.000ns)
  Data Path Delay:        5.651ns  (logic 1.698ns (30.048%)  route 3.953ns (69.952%))
  Logic Levels:           3  (LUT2=1 LUT5=1 LUT6=1)
  Clock Path Skew:        -0.239ns (DCD - SCD + CPR)
    Destination Clock Delay (DCD):    2.983ns = ( 12.983 - 10.000 ) 
    Source Clock Delay      (SCD):    3.483ns
    Clock Pessimism Removal (CPR):    0.261ns
  Clock Uncertainty:      0.160ns  ((TSJ^2 + DJ^2)^1/2) / 2 + PE
    Total System Jitter     (TSJ):    0.071ns
    Discrete Jitter          (DJ):    0.312ns
    Phase Error              (PE):    0.000ns
  Clock Net Delay (Source):      3.216ns (routing 1.633ns, distribution 1.583ns)
  Clock Net Delay (Destination): 2.767ns (routing 1.495ns, distribution 1.272ns)

    Location             Delay type                Incr(ns)  Path(ns)    Netlist Resource(s)
  -------------------------------------------------------------------    -------------------
                         (clock clk_pl_0 rise edge)
                                                      0.000     0.000 r  
    PS8_X0Y0             PS8                          0.000     0.000 r  design_1_i/zynq_ultra_ps_e_0/inst/PS8_i/PLCLK[0]
                         net (fo=1, estimated)        0.229     0.229    design_1_i/zynq_ultra_ps_e_0/inst/pl_clk_unbuffered[0]
    BUFG_PS_X0Y80        BUFG_PS (Prop_BUFG_PS_I_O)
                                                      0.038     0.267 r  design_1_i/zynq_ultra_ps_e_0/inst/buffer_pl_clk_0.PL_CLK_0_BUFG/O
    X1Y1 (CLOCK_ROOT)    net (fo=18546, estimated)    3.216     3.483    <hidden>
    RAMB36_X1Y18         RAMB36E2                                     r  <hidden>
  -------------------------------------------------------------------    -------------------
    RAMB36_X1Y18         RAMB36E2 (Prop_RAMB36E2_RAMB36_CLKBWRCLK_DOUTBDOUT[1])
                                                      1.406     4.889 r  <hidden>
                         net (fo=70, estimated)       1.798     6.687    design_1_i/riscv_wrapper_0/inst/rv_core/id_ex_pipeline_reg/imem_rdata_i[23]
    SLICE_X22Y37         LUT6 (Prop_H6LUT_SLICEL_I2_O)
                                                      0.153     6.840 f  design_1_i/riscv_wrapper_0/inst/rv_core/id_ex_pipeline_reg/imem_en_o_INST_0_i_5/O
                         net (fo=1, estimated)        0.095     6.935    design_1_i/riscv_wrapper_0/inst/rv_core/id_ex_pipeline_reg/imem_en_o_INST_0_i_5_n_0
    SLICE_X22Y38         LUT5 (Prop_F6LUT_SLICEL_I3_O)
                                                      0.081     7.016 r  design_1_i/riscv_wrapper_0/inst/rv_core/id_ex_pipeline_reg/imem_en_o_INST_0_i_1/O
                         net (fo=66, estimated)       0.984     8.000    <hidden>
    SLICE_X26Y71         LUT2 (Prop_H6LUT_SLICEL_I1_O)
                                                      0.058     8.058 r  <hidden>
                         net (fo=16, estimated)       1.076     9.134    <hidden>
    RAMB36_X1Y17         RAMB36E2                                     r  <hidden>
  -------------------------------------------------------------------    -------------------

                         (clock clk_pl_0 rise edge)
                                                     10.000    10.000 r  
    PS8_X0Y0             PS8                          0.000    10.000 r  design_1_i/zynq_ultra_ps_e_0/inst/PS8_i/PLCLK[0]
                         net (fo=1, estimated)        0.181    10.181    design_1_i/zynq_ultra_ps_e_0/inst/pl_clk_unbuffered[0]
    BUFG_PS_X0Y80        BUFG_PS (Prop_BUFG_PS_I_O)
                                                      0.035    10.216 r  design_1_i/zynq_ultra_ps_e_0/inst/buffer_pl_clk_0.PL_CLK_0_BUFG/O
    X1Y1 (CLOCK_ROOT)    net (fo=18546, estimated)    2.767    12.983    <hidden>
    RAMB36_X1Y17         RAMB36E2                                     r  <hidden>
                         clock pessimism              0.261    13.244    
                         clock uncertainty           -0.160    13.084    
    RAMB36_X1Y17         RAMB36E2 (Setup_RAMB36E2_RAMB36_CLKBWRCLK_ENBWREN)
                                                     -0.462    12.622    <hidden>
  -------------------------------------------------------------------
                         required time                         12.622    
                         arrival time                          -9.134    
  -------------------------------------------------------------------
                         slack                                  3.488    

Slack (MET) :             3.507ns  (required time - arrival time)
  Source:                 <hidden>
                            (rising edge-triggered cell RAMB36E2 clocked by clk_pl_0  {rise@0.000ns fall@5.000ns period=10.000ns})
  Destination:            <hidden>
                            (rising edge-triggered cell RAMB36E2 clocked by clk_pl_0  {rise@0.000ns fall@5.000ns period=10.000ns})
  Path Group:             clk_pl_0
  Path Type:              Setup (Max at Slow Process Corner)
  Requirement:            10.000ns  (clk_pl_0 rise@10.000ns - clk_pl_0 rise@0.000ns)
  Data Path Delay:        5.638ns  (logic 1.698ns (30.117%)  route 3.940ns (69.883%))
  Logic Levels:           3  (LUT2=1 LUT5=1 LUT6=1)
  Clock Path Skew:        -0.233ns (DCD - SCD + CPR)
    Destination Clock Delay (DCD):    2.989ns = ( 12.989 - 10.000 ) 
    Source Clock Delay      (SCD):    3.483ns
    Clock Pessimism Removal (CPR):    0.261ns
  Clock Uncertainty:      0.160ns  ((TSJ^2 + DJ^2)^1/2) / 2 + PE
    Total System Jitter     (TSJ):    0.071ns
    Discrete Jitter          (DJ):    0.312ns
    Phase Error              (PE):    0.000ns
  Clock Net Delay (Source):      3.216ns (routing 1.633ns, distribution 1.583ns)
  Clock Net Delay (Destination): 2.773ns (routing 1.495ns, distribution 1.278ns)

    Location             Delay type                Incr(ns)  Path(ns)    Netlist Resource(s)
  -------------------------------------------------------------------    -------------------
                         (clock clk_pl_0 rise edge)
                                                      0.000     0.000 r  
    PS8_X0Y0             PS8                          0.000     0.000 r  design_1_i/zynq_ultra_ps_e_0/inst/PS8_i/PLCLK[0]
                         net (fo=1, estimated)        0.229     0.229    design_1_i/zynq_ultra_ps_e_0/inst/pl_clk_unbuffered[0]
    BUFG_PS_X0Y80        BUFG_PS (Prop_BUFG_PS_I_O)
                                                      0.038     0.267 r  design_1_i/zynq_ultra_ps_e_0/inst/buffer_pl_clk_0.PL_CLK_0_BUFG/O
    X1Y1 (CLOCK_ROOT)    net (fo=18546, estimated)    3.216     3.483    <hidden>
    RAMB36_X1Y18         RAMB36E2                                     r  <hidden>
  -------------------------------------------------------------------    -------------------
    RAMB36_X1Y18         RAMB36E2 (Prop_RAMB36E2_RAMB36_CLKBWRCLK_DOUTBDOUT[1])
                                                      1.406     4.889 r  <hidden>
                         net (fo=70, estimated)       1.798     6.687    design_1_i/riscv_wrapper_0/inst/rv_core/id_ex_pipeline_reg/imem_rdata_i[23]
    SLICE_X22Y37         LUT6 (Prop_H6LUT_SLICEL_I2_O)
                                                      0.153     6.840 f  design_1_i/riscv_wrapper_0/inst/rv_core/id_ex_pipeline_reg/imem_en_o_INST_0_i_5/O
                         net (fo=1, estimated)        0.095     6.935    design_1_i/riscv_wrapper_0/inst/rv_core/id_ex_pipeline_reg/imem_en_o_INST_0_i_5_n_0
    SLICE_X22Y38         LUT5 (Prop_F6LUT_SLICEL_I3_O)
                                                      0.081     7.016 r  design_1_i/riscv_wrapper_0/inst/rv_core/id_ex_pipeline_reg/imem_en_o_INST_0_i_1/O
                         net (fo=66, estimated)       0.984     8.000    <hidden>
    SLICE_X26Y71         LUT2 (Prop_H6LUT_SLICEL_I1_O)
                                                      0.058     8.058 r  <hidden>
                         net (fo=16, estimated)       1.063     9.121    <hidden>
    RAMB36_X1Y16         RAMB36E2                                     r  <hidden>
  -------------------------------------------------------------------    -------------------

                         (clock clk_pl_0 rise edge)
                                                     10.000    10.000 r  
    PS8_X0Y0             PS8                          0.000    10.000 r  design_1_i/zynq_ultra_ps_e_0/inst/PS8_i/PLCLK[0]
                         net (fo=1, estimated)        0.181    10.181    design_1_i/zynq_ultra_ps_e_0/inst/pl_clk_unbuffered[0]
    BUFG_PS_X0Y80        BUFG_PS (Prop_BUFG_PS_I_O)
                                                      0.035    10.216 r  design_1_i/zynq_ultra_ps_e_0/inst/buffer_pl_clk_0.PL_CLK_0_BUFG/O
    X1Y1 (CLOCK_ROOT)    net (fo=18546, estimated)    2.773    12.989    <hidden>
    RAMB36_X1Y16         RAMB36E2                                     r  <hidden>
                         clock pessimism              0.261    13.250    
                         clock uncertainty           -0.160    13.090    
    RAMB36_X1Y16         RAMB36E2 (Setup_RAMB36E2_RAMB36_CLKBWRCLK_ENBWREN)
                                                     -0.462    12.628    <hidden>
  -------------------------------------------------------------------
                         required time                         12.628    
                         arrival time                          -9.121    
  -------------------------------------------------------------------
                         slack                                  3.507    

Slack (MET) :             3.519ns  (required time - arrival time)
  Source:                 <hidden>
                            (rising edge-triggered cell RAMB36E2 clocked by clk_pl_0  {rise@0.000ns fall@5.000ns period=10.000ns})
  Destination:            <hidden>
                            (rising edge-triggered cell RAMB36E2 clocked by clk_pl_0  {rise@0.000ns fall@5.000ns period=10.000ns})
  Path Group:             clk_pl_0
  Path Type:              Setup (Max at Slow Process Corner)
  Requirement:            10.000ns  (clk_pl_0 rise@10.000ns - clk_pl_0 rise@0.000ns)
  Data Path Delay:        5.484ns  (logic 1.840ns (33.552%)  route 3.644ns (66.448%))
  Logic Levels:           3  (LUT2=1 LUT5=1 LUT6=1)
  Clock Path Skew:        -0.375ns (DCD - SCD + CPR)
    Destination Clock Delay (DCD):    2.858ns = ( 12.858 - 10.000 ) 
    Source Clock Delay      (SCD):    3.486ns
    Clock Pessimism Removal (CPR):    0.253ns
  Clock Uncertainty:      0.160ns  ((TSJ^2 + DJ^2)^1/2) / 2 + PE
    Total System Jitter     (TSJ):    0.071ns
    Discrete Jitter          (DJ):    0.312ns
    Phase Error              (PE):    0.000ns
  Clock Net Delay (Source):      3.219ns (routing 1.633ns, distribution 1.586ns)
  Clock Net Delay (Destination): 2.642ns (routing 1.495ns, distribution 1.147ns)

    Location             Delay type                Incr(ns)  Path(ns)    Netlist Resource(s)
  -------------------------------------------------------------------    -------------------
                         (clock clk_pl_0 rise edge)
                                                      0.000     0.000 r  
    PS8_X0Y0             PS8                          0.000     0.000 r  design_1_i/zynq_ultra_ps_e_0/inst/PS8_i/PLCLK[0]
                         net (fo=1, estimated)        0.229     0.229    design_1_i/zynq_ultra_ps_e_0/inst/pl_clk_unbuffered[0]
    BUFG_PS_X0Y80        BUFG_PS (Prop_BUFG_PS_I_O)
                                                      0.038     0.267 r  design_1_i/zynq_ultra_ps_e_0/inst/buffer_pl_clk_0.PL_CLK_0_BUFG/O
    X1Y1 (CLOCK_ROOT)    net (fo=18546, estimated)    3.219     3.486    <hidden>
    RAMB36_X1Y17         RAMB36E2                                     r  <hidden>
  -------------------------------------------------------------------    -------------------
    RAMB36_X1Y17         RAMB36E2 (Prop_RAMB36E2_RAMB36_CLKBWRCLK_DOUTBDOUT[1])
                                                      1.406     4.892 r  <hidden>
                         net (fo=37, estimated)       1.707     6.599    design_1_i/riscv_wrapper_0/inst/rv_core/id_ex_pipeline_reg/imem_rdata_i[19]
    SLICE_X22Y38         LUT6 (Prop_G6LUT_SLICEL_I0_O)
                                                      0.226     6.825 f  design_1_i/riscv_wrapper_0/inst/rv_core/id_ex_pipeline_reg/imem_en_o_INST_0_i_3/O
                         net (fo=1, estimated)        0.056     6.881    design_1_i/riscv_wrapper_0/inst/rv_core/id_ex_pipeline_reg/imem_en_o_INST_0_i_3_n_0
    SLICE_X22Y38         LUT5 (Prop_F6LUT_SLICEL_I1_O)
                                                      0.150     7.031 r  design_1_i/riscv_wrapper_0/inst/rv_core/id_ex_pipeline_reg/imem_en_o_INST_0_i_1/O
                         net (fo=66, estimated)       0.984     8.015    <hidden>
    SLICE_X26Y71         LUT2 (Prop_H6LUT_SLICEL_I1_O)
                                                      0.058     8.073 r  <hidden>
                         net (fo=16, estimated)       0.897     8.970    <hidden>
    RAMB36_X0Y21         RAMB36E2                                     r  <hidden>
  -------------------------------------------------------------------    -------------------

                         (clock clk_pl_0 rise edge)
                                                     10.000    10.000 r  
    PS8_X0Y0             PS8                          0.000    10.000 r  design_1_i/zynq_ultra_ps_e_0/inst/PS8_i/PLCLK[0]
                         net (fo=1, estimated)        0.181    10.181    design_1_i/zynq_ultra_ps_e_0/inst/pl_clk_unbuffered[0]
    BUFG_PS_X0Y80        BUFG_PS (Prop_BUFG_PS_I_O)
                                                      0.035    10.216 r  design_1_i/zynq_ultra_ps_e_0/inst/buffer_pl_clk_0.PL_CLK_0_BUFG/O
    X1Y1 (CLOCK_ROOT)    net (fo=18546, estimated)    2.642    12.858    <hidden>
    RAMB36_X0Y21         RAMB36E2                                     r  <hidden>
                         clock pessimism              0.253    13.111    
                         clock uncertainty           -0.160    12.951    
    RAMB36_X0Y21         RAMB36E2 (Setup_RAMB36E2_RAMB36_CLKBWRCLK_ENBWREN)
                                                     -0.462    12.489    <hidden>
  -------------------------------------------------------------------
                         required time                         12.489    
                         arrival time                          -8.970    
  -------------------------------------------------------------------
                         slack                                  3.519    

Slack (MET) :             3.571ns  (required time - arrival time)
  Source:                 <hidden>
                            (rising edge-triggered cell RAMB36E2 clocked by clk_pl_0  {rise@0.000ns fall@5.000ns period=10.000ns})
  Destination:            design_1_i/riscv_wrapper_0/inst/rv_core/ex_mem_pipeline_reg/alu_o_reg[22]/D
                            (rising edge-triggered cell FDRE clocked by clk_pl_0  {rise@0.000ns fall@5.000ns period=10.000ns})
  Path Group:             clk_pl_0
  Path Type:              Setup (Max at Slow Process Corner)
  Requirement:            10.000ns  (clk_pl_0 rise@10.000ns - clk_pl_0 rise@0.000ns)
  Data Path Delay:        6.061ns  (logic 2.647ns (43.673%)  route 3.414ns (56.327%))
  Logic Levels:           10  (CARRY8=2 LUT2=1 LUT3=1 LUT5=1 LUT6=5)
  Clock Path Skew:        -0.252ns (DCD - SCD + CPR)
    Destination Clock Delay (DCD):    3.006ns = ( 13.006 - 10.000 ) 
    Source Clock Delay      (SCD):    3.505ns
    Clock Pessimism Removal (CPR):    0.247ns
  Clock Uncertainty:      0.160ns  ((TSJ^2 + DJ^2)^1/2) / 2 + PE
    Total System Jitter     (TSJ):    0.071ns
    Discrete Jitter          (DJ):    0.312ns
    Phase Error              (PE):    0.000ns
  Clock Net Delay (Source):      3.238ns (routing 1.633ns, distribution 1.605ns)
  Clock Net Delay (Destination): 2.790ns (routing 1.495ns, distribution 1.295ns)

    Location             Delay type                Incr(ns)  Path(ns)    Netlist Resource(s)
  -------------------------------------------------------------------    -------------------
                         (clock clk_pl_0 rise edge)
                                                      0.000     0.000 r  
    PS8_X0Y0             PS8                          0.000     0.000 r  design_1_i/zynq_ultra_ps_e_0/inst/PS8_i/PLCLK[0]
                         net (fo=1, estimated)        0.229     0.229    design_1_i/zynq_ultra_ps_e_0/inst/pl_clk_unbuffered[0]
    BUFG_PS_X0Y80        BUFG_PS (Prop_BUFG_PS_I_O)
                                                      0.038     0.267 r  design_1_i/zynq_ultra_ps_e_0/inst/buffer_pl_clk_0.PL_CLK_0_BUFG/O
    X1Y1 (CLOCK_ROOT)    net (fo=18546, estimated)    3.238     3.505    <hidden>
    RAMB36_X1Y10         RAMB36E2                                     r  <hidden>
  -------------------------------------------------------------------    -------------------
    RAMB36_X1Y10         RAMB36E2 (Prop_RAMB36E2_RAMB36_CLKARDCLK_DOUTADOUT[1])
                                                      1.430     4.935 r  <hidden>
                         net (fo=3, estimated)        1.461     6.396    design_1_i/riscv_wrapper_0/inst/rv_core/mem_wb_pipeline_reg/dmem_rdata_i[9]
    SLICE_X22Y40         LUT6 (Prop_G6LUT_SLICEL_I5_O)
                                                      0.057     6.453 f  design_1_i/riscv_wrapper_0/inst/rv_core/mem_wb_pipeline_reg/registers_r[0][9]_i_3/O
                         net (fo=1, estimated)        0.056     6.509    design_1_i/riscv_wrapper_0/inst/rv_core/mem_wb_pipeline_reg/registers_r[0][9]_i_3_n_0
    SLICE_X22Y40         LUT6 (Prop_H6LUT_SLICEL_I3_O)
                                                      0.083     6.592 r  design_1_i/riscv_wrapper_0/inst/rv_core/mem_wb_pipeline_reg/registers_r[0][9]_i_2/O
                         net (fo=1, estimated)        0.099     6.691    design_1_i/riscv_wrapper_0/inst/rv_core/wb_mux/wb_aligned_load_data_w[8]
    SLICE_X22Y40         LUT6 (Prop_F6LUT_SLICEL_I5_O)
                                                      0.081     6.772 r  design_1_i/riscv_wrapper_0/inst/rv_core/wb_mux/registers_r[0][9]_i_1/O
                         net (fo=36, estimated)       0.385     7.157    design_1_i/riscv_wrapper_0/inst/rv_core/fwd_mux_b/wb_wdata_w[9]
    SLICE_X19Y36         LUT6 (Prop_B6LUT_SLICEL_I1_O)
                                                      0.058     7.215 r  design_1_i/riscv_wrapper_0/inst/rv_core/fwd_mux_b/d_dmem_o[9]_i_1/O
                         net (fo=4, estimated)        0.319     7.534    design_1_i/riscv_wrapper_0/inst/rv_core/id_ex_pipeline_reg/fw_data2_clean_w[9]
    SLICE_X19Y44         LUT3 (Prop_D5LUT_SLICEL_I1_O)
                                                      0.187     7.721 r  design_1_i/riscv_wrapper_0/inst/rv_core/id_ex_pipeline_reg/alu_o[9]_i_9/O
                         net (fo=7, estimated)        0.291     8.012    design_1_i/riscv_wrapper_0/inst/rv_core/id_ex_pipeline_reg/ex_alu_operand_b_w[9]
    SLICE_X18Y49         LUT2 (Prop_B6LUT_SLICEM_I1_O)
                                                      0.057     8.069 r  design_1_i/riscv_wrapper_0/inst/rv_core/id_ex_pipeline_reg/alu_o[15]_i_65/O
                         net (fo=1, routed)           0.022     8.091    design_1_i/riscv_wrapper_0/inst/rv_core/id_ex_pipeline_reg/alu_o[15]_i_65_n_0
    SLICE_X18Y49         CARRY8 (Prop_CARRY8_SLICEM_S[1]_CO[7])
                                                      0.267     8.358 r  design_1_i/riscv_wrapper_0/inst/rv_core/id_ex_pipeline_reg/alu_o_reg[15]_i_20/CO[7]
                         net (fo=1, estimated)        0.030     8.388    design_1_i/riscv_wrapper_0/inst/rv_core/id_ex_pipeline_reg/alu_o_reg[15]_i_20_n_0
    SLICE_X18Y50         CARRY8 (Prop_CARRY8_SLICEM_CI_O[6])
                                                      0.157     8.545 r  design_1_i/riscv_wrapper_0/inst/rv_core/id_ex_pipeline_reg/alu_o_reg[23]_i_9/O[6]
                         net (fo=1, estimated)        0.153     8.698    design_1_i/riscv_wrapper_0/inst/rv_core/id_ex_pipeline_reg/alu_unit/data1[22]
    SLICE_X18Y52         LUT6 (Prop_C6LUT_SLICEM_I2_O)
                                                      0.080     8.778 r  design_1_i/riscv_wrapper_0/inst/rv_core/id_ex_pipeline_reg/alu_o[22]_i_4/O
                         net (fo=1, estimated)        0.228     9.006    design_1_i/riscv_wrapper_0/inst/rv_core/id_ex_pipeline_reg/alu_o[22]_i_4_n_0
    SLICE_X20Y52         LUT5 (Prop_D5LUT_SLICEM_I4_O)
                                                      0.190     9.196 r  design_1_i/riscv_wrapper_0/inst/rv_core/id_ex_pipeline_reg/alu_o[22]_i_1/O
                         net (fo=1, estimated)        0.370     9.566    design_1_i/riscv_wrapper_0/inst/rv_core/ex_mem_pipeline_reg/D[22]
    SLICE_X20Y51         FDRE                                         r  design_1_i/riscv_wrapper_0/inst/rv_core/ex_mem_pipeline_reg/alu_o_reg[22]/D
  -------------------------------------------------------------------    -------------------

                         (clock clk_pl_0 rise edge)
                                                     10.000    10.000 r  
    PS8_X0Y0             PS8                          0.000    10.000 r  design_1_i/zynq_ultra_ps_e_0/inst/PS8_i/PLCLK[0]
                         net (fo=1, estimated)        0.181    10.181    design_1_i/zynq_ultra_ps_e_0/inst/pl_clk_unbuffered[0]
    BUFG_PS_X0Y80        BUFG_PS (Prop_BUFG_PS_I_O)
                                                      0.035    10.216 r  design_1_i/zynq_ultra_ps_e_0/inst/buffer_pl_clk_0.PL_CLK_0_BUFG/O
    X1Y1 (CLOCK_ROOT)    net (fo=18546, estimated)    2.790    13.006    design_1_i/riscv_wrapper_0/inst/rv_core/ex_mem_pipeline_reg/clk_i
    SLICE_X20Y51         FDRE                                         r  design_1_i/riscv_wrapper_0/inst/rv_core/ex_mem_pipeline_reg/alu_o_reg[22]/C
                         clock pessimism              0.247    13.253    
                         clock uncertainty           -0.160    13.093    
    SLICE_X20Y51         FDRE (Setup_EFF_SLICEM_C_D)
                                                      0.044    13.137    design_1_i/riscv_wrapper_0/inst/rv_core/ex_mem_pipeline_reg/alu_o_reg[22]
  -------------------------------------------------------------------
                         required time                         13.137    
                         arrival time                          -9.566    
  -------------------------------------------------------------------
                         slack                                  3.571    

Slack (MET) :             3.583ns  (required time - arrival time)
  Source:                 <hidden>
                            (rising edge-triggered cell RAMB36E2 clocked by clk_pl_0  {rise@0.000ns fall@5.000ns period=10.000ns})
  Destination:            design_1_i/riscv_wrapper_0/inst/rv_core/id_ex_pipeline_reg/cpu_halted_o_reg/R
                            (rising edge-triggered cell FDRE clocked by clk_pl_0  {rise@0.000ns fall@5.000ns period=10.000ns})
  Path Group:             clk_pl_0
  Path Type:              Setup (Max at Slow Process Corner)
  Requirement:            10.000ns  (clk_pl_0 rise@10.000ns - clk_pl_0 rise@0.000ns)
  Data Path Delay:        5.878ns  (logic 2.462ns (41.885%)  route 3.416ns (58.115%))
  Logic Levels:           11  (CARRY8=3 LUT2=1 LUT4=1 LUT6=6)
  Clock Path Skew:        -0.260ns (DCD - SCD + CPR)
    Destination Clock Delay (DCD):    2.998ns = ( 12.998 - 10.000 ) 
    Source Clock Delay      (SCD):    3.505ns
    Clock Pessimism Removal (CPR):    0.247ns
  Clock Uncertainty:      0.160ns  ((TSJ^2 + DJ^2)^1/2) / 2 + PE
    Total System Jitter     (TSJ):    0.071ns
    Discrete Jitter          (DJ):    0.312ns
    Phase Error              (PE):    0.000ns
  Clock Net Delay (Source):      3.238ns (routing 1.633ns, distribution 1.605ns)
  Clock Net Delay (Destination): 2.782ns (routing 1.495ns, distribution 1.287ns)

    Location             Delay type                Incr(ns)  Path(ns)    Netlist Resource(s)
  -------------------------------------------------------------------    -------------------
                         (clock clk_pl_0 rise edge)
                                                      0.000     0.000 r  
    PS8_X0Y0             PS8                          0.000     0.000 r  design_1_i/zynq_ultra_ps_e_0/inst/PS8_i/PLCLK[0]
                         net (fo=1, estimated)        0.229     0.229    design_1_i/zynq_ultra_ps_e_0/inst/pl_clk_unbuffered[0]
    BUFG_PS_X0Y80        BUFG_PS (Prop_BUFG_PS_I_O)
                                                      0.038     0.267 r  design_1_i/zynq_ultra_ps_e_0/inst/buffer_pl_clk_0.PL_CLK_0_BUFG/O
    X1Y1 (CLOCK_ROOT)    net (fo=18546, estimated)    3.238     3.505    <hidden>
    RAMB36_X1Y10         RAMB36E2                                     r  <hidden>
  -------------------------------------------------------------------    -------------------
    RAMB36_X1Y10         RAMB36E2 (Prop_RAMB36E2_RAMB36_CLKARDCLK_DOUTADOUT[1])
                                                      1.430     4.935 r  <hidden>
                         net (fo=3, estimated)        1.461     6.396    design_1_i/riscv_wrapper_0/inst/rv_core/mem_wb_pipeline_reg/dmem_rdata_i[9]
    SLICE_X22Y40         LUT6 (Prop_G6LUT_SLICEL_I5_O)
                                                      0.057     6.453 f  design_1_i/riscv_wrapper_0/inst/rv_core/mem_wb_pipeline_reg/registers_r[0][9]_i_3/O
                         net (fo=1, estimated)        0.056     6.509    design_1_i/riscv_wrapper_0/inst/rv_core/mem_wb_pipeline_reg/registers_r[0][9]_i_3_n_0
    SLICE_X22Y40         LUT6 (Prop_H6LUT_SLICEL_I3_O)
                                                      0.083     6.592 r  design_1_i/riscv_wrapper_0/inst/rv_core/mem_wb_pipeline_reg/registers_r[0][9]_i_2/O
                         net (fo=1, estimated)        0.099     6.691    design_1_i/riscv_wrapper_0/inst/rv_core/wb_mux/wb_aligned_load_data_w[8]
    SLICE_X22Y40         LUT6 (Prop_F6LUT_SLICEL_I5_O)
                                                      0.081     6.772 r  design_1_i/riscv_wrapper_0/inst/rv_core/wb_mux/registers_r[0][9]_i_1/O
                         net (fo=36, estimated)       0.423     7.195    design_1_i/riscv_wrapper_0/inst/rv_core/fwd_mux_a/wb_wdata_w[9]
    SLICE_X15Y36         LUT6 (Prop_H6LUT_SLICEL_I1_O)
                                                      0.058     7.253 r  design_1_i/riscv_wrapper_0/inst/rv_core/fwd_mux_a/pc_o[15]_i_18/O
                         net (fo=4, estimated)        0.335     7.588    design_1_i/riscv_wrapper_0/inst/rv_core/id_ex_pipeline_reg/fw_data1_clean_w[9]
    SLICE_X19Y41         LUT2 (Prop_B6LUT_SLICEL_I0_O)
                                                      0.083     7.671 r  design_1_i/riscv_wrapper_0/inst/rv_core/id_ex_pipeline_reg/flush_delay_r_i_80/O
                         net (fo=1, routed)           0.013     7.684    design_1_i/riscv_wrapper_0/inst/rv_core/id_ex_pipeline_reg/flush_delay_r_i_80_n_0
    SLICE_X19Y41         CARRY8 (Prop_CARRY8_SLICEL_S[1]_CO[7])
                                                      0.261     7.945 r  design_1_i/riscv_wrapper_0/inst/rv_core/id_ex_pipeline_reg/flush_delay_r_reg_i_47/CO[7]
                         net (fo=1, estimated)        0.030     7.975    design_1_i/riscv_wrapper_0/inst/rv_core/id_ex_pipeline_reg/flush_delay_r_reg_i_47_n_0
    SLICE_X19Y42         CARRY8 (Prop_CARRY8_SLICEL_CI_CO[7])
                                                      0.065     8.040 r  design_1_i/riscv_wrapper_0/inst/rv_core/id_ex_pipeline_reg/flush_delay_r_reg_i_18/CO[7]
                         net (fo=1, estimated)        0.030     8.070    design_1_i/riscv_wrapper_0/inst/rv_core/id_ex_pipeline_reg/flush_delay_r_reg_i_18_n_0
    SLICE_X19Y43         CARRY8 (Prop_CARRY8_SLICEL_CI_O[7])
                                                      0.171     8.241 r  design_1_i/riscv_wrapper_0/inst/rv_core/id_ex_pipeline_reg/flush_delay_r_reg_i_6/O[7]
                         net (fo=1, estimated)        0.259     8.500    design_1_i/riscv_wrapper_0/inst/rv_core/id_ex_pipeline_reg/bj_unit/p_0_in
    SLICE_X20Y45         LUT6 (Prop_G6LUT_SLICEM_I4_O)
                                                      0.057     8.557 r  design_1_i/riscv_wrapper_0/inst/rv_core/id_ex_pipeline_reg/flush_delay_r_i_2/O
                         net (fo=1, estimated)        0.107     8.664    design_1_i/riscv_wrapper_0/inst/rv_core/id_ex_pipeline_reg/flush_delay_r_i_2_n_0
    SLICE_X20Y45         LUT6 (Prop_H6LUT_SLICEM_I0_O)
                                                      0.060     8.724 r  design_1_i/riscv_wrapper_0/inst/rv_core/id_ex_pipeline_reg/flush_delay_r_i_1/O
                         net (fo=34, estimated)       0.162     8.886    design_1_i/riscv_wrapper_0/inst/rv_core/id_ex_pipeline_reg/ex_branch_taken_w
    SLICE_X20Y45         LUT4 (Prop_F6LUT_SLICEM_I1_O)
                                                      0.056     8.942 r  design_1_i/riscv_wrapper_0/inst/rv_core/id_ex_pipeline_reg/op_bl_o[2]_i_1/O
                         net (fo=8, estimated)        0.441     9.383    design_1_i/riscv_wrapper_0/inst/rv_core/id_ex_pipeline_reg/op_bl_o[2]_i_1_n_0
    SLICE_X21Y49         FDRE                                         r  design_1_i/riscv_wrapper_0/inst/rv_core/id_ex_pipeline_reg/cpu_halted_o_reg/R
  -------------------------------------------------------------------    -------------------

                         (clock clk_pl_0 rise edge)
                                                     10.000    10.000 r  
    PS8_X0Y0             PS8                          0.000    10.000 r  design_1_i/zynq_ultra_ps_e_0/inst/PS8_i/PLCLK[0]
                         net (fo=1, estimated)        0.181    10.181    design_1_i/zynq_ultra_ps_e_0/inst/pl_clk_unbuffered[0]
    BUFG_PS_X0Y80        BUFG_PS (Prop_BUFG_PS_I_O)
                                                      0.035    10.216 r  design_1_i/zynq_ultra_ps_e_0/inst/buffer_pl_clk_0.PL_CLK_0_BUFG/O
    X1Y1 (CLOCK_ROOT)    net (fo=18546, estimated)    2.782    12.998    design_1_i/riscv_wrapper_0/inst/rv_core/id_ex_pipeline_reg/clk_i
    SLICE_X21Y49         FDRE                                         r  design_1_i/riscv_wrapper_0/inst/rv_core/id_ex_pipeline_reg/cpu_halted_o_reg/C
                         clock pessimism              0.247    13.245    
                         clock uncertainty           -0.160    13.085    
    SLICE_X21Y49         FDRE (Setup_EFF2_SLICEM_C_R)
                                                     -0.119    12.966    design_1_i/riscv_wrapper_0/inst/rv_core/id_ex_pipeline_reg/cpu_halted_o_reg
  -------------------------------------------------------------------
                         required time                         12.966    
                         arrival time                          -9.383    
  -------------------------------------------------------------------
                         slack                                  3.583    

Slack (MET) :             3.583ns  (required time - arrival time)
  Source:                 <hidden>
                            (rising edge-triggered cell RAMB36E2 clocked by clk_pl_0  {rise@0.000ns fall@5.000ns period=10.000ns})
  Destination:            design_1_i/riscv_wrapper_0/inst/rv_core/id_ex_pipeline_reg/is_jalr_o_reg/R
                            (rising edge-triggered cell FDRE clocked by clk_pl_0  {rise@0.000ns fall@5.000ns period=10.000ns})
  Path Group:             clk_pl_0
  Path Type:              Setup (Max at Slow Process Corner)
  Requirement:            10.000ns  (clk_pl_0 rise@10.000ns - clk_pl_0 rise@0.000ns)
  Data Path Delay:        5.878ns  (logic 2.462ns (41.885%)  route 3.416ns (58.115%))
  Logic Levels:           11  (CARRY8=3 LUT2=1 LUT4=1 LUT6=6)
  Clock Path Skew:        -0.260ns (DCD - SCD + CPR)
    Destination Clock Delay (DCD):    2.998ns = ( 12.998 - 10.000 ) 
    Source Clock Delay      (SCD):    3.505ns
    Clock Pessimism Removal (CPR):    0.247ns
  Clock Uncertainty:      0.160ns  ((TSJ^2 + DJ^2)^1/2) / 2 + PE
    Total System Jitter     (TSJ):    0.071ns
    Discrete Jitter          (DJ):    0.312ns
    Phase Error              (PE):    0.000ns
  Clock Net Delay (Source):      3.238ns (routing 1.633ns, distribution 1.605ns)
  Clock Net Delay (Destination): 2.782ns (routing 1.495ns, distribution 1.287ns)

    Location             Delay type                Incr(ns)  Path(ns)    Netlist Resource(s)
  -------------------------------------------------------------------    -------------------
                         (clock clk_pl_0 rise edge)
                                                      0.000     0.000 r  
    PS8_X0Y0             PS8                          0.000     0.000 r  design_1_i/zynq_ultra_ps_e_0/inst/PS8_i/PLCLK[0]
                         net (fo=1, estimated)        0.229     0.229    design_1_i/zynq_ultra_ps_e_0/inst/pl_clk_unbuffered[0]
    BUFG_PS_X0Y80        BUFG_PS (Prop_BUFG_PS_I_O)
                                                      0.038     0.267 r  design_1_i/zynq_ultra_ps_e_0/inst/buffer_pl_clk_0.PL_CLK_0_BUFG/O
    X1Y1 (CLOCK_ROOT)    net (fo=18546, estimated)    3.238     3.505    <hidden>
    RAMB36_X1Y10         RAMB36E2                                     r  <hidden>
  -------------------------------------------------------------------    -------------------
    RAMB36_X1Y10         RAMB36E2 (Prop_RAMB36E2_RAMB36_CLKARDCLK_DOUTADOUT[1])
                                                      1.430     4.935 r  <hidden>
                         net (fo=3, estimated)        1.461     6.396    design_1_i/riscv_wrapper_0/inst/rv_core/mem_wb_pipeline_reg/dmem_rdata_i[9]
    SLICE_X22Y40         LUT6 (Prop_G6LUT_SLICEL_I5_O)
                                                      0.057     6.453 f  design_1_i/riscv_wrapper_0/inst/rv_core/mem_wb_pipeline_reg/registers_r[0][9]_i_3/O
                         net (fo=1, estimated)        0.056     6.509    design_1_i/riscv_wrapper_0/inst/rv_core/mem_wb_pipeline_reg/registers_r[0][9]_i_3_n_0
    SLICE_X22Y40         LUT6 (Prop_H6LUT_SLICEL_I3_O)
                                                      0.083     6.592 r  design_1_i/riscv_wrapper_0/inst/rv_core/mem_wb_pipeline_reg/registers_r[0][9]_i_2/O
                         net (fo=1, estimated)        0.099     6.691    design_1_i/riscv_wrapper_0/inst/rv_core/wb_mux/wb_aligned_load_data_w[8]
    SLICE_X22Y40         LUT6 (Prop_F6LUT_SLICEL_I5_O)
                                                      0.081     6.772 r  design_1_i/riscv_wrapper_0/inst/rv_core/wb_mux/registers_r[0][9]_i_1/O
                         net (fo=36, estimated)       0.423     7.195    design_1_i/riscv_wrapper_0/inst/rv_core/fwd_mux_a/wb_wdata_w[9]
    SLICE_X15Y36         LUT6 (Prop_H6LUT_SLICEL_I1_O)
                                                      0.058     7.253 r  design_1_i/riscv_wrapper_0/inst/rv_core/fwd_mux_a/pc_o[15]_i_18/O
                         net (fo=4, estimated)        0.335     7.588    design_1_i/riscv_wrapper_0/inst/rv_core/id_ex_pipeline_reg/fw_data1_clean_w[9]
    SLICE_X19Y41         LUT2 (Prop_B6LUT_SLICEL_I0_O)
                                                      0.083     7.671 r  design_1_i/riscv_wrapper_0/inst/rv_core/id_ex_pipeline_reg/flush_delay_r_i_80/O
                         net (fo=1, routed)           0.013     7.684    design_1_i/riscv_wrapper_0/inst/rv_core/id_ex_pipeline_reg/flush_delay_r_i_80_n_0
    SLICE_X19Y41         CARRY8 (Prop_CARRY8_SLICEL_S[1]_CO[7])
                                                      0.261     7.945 r  design_1_i/riscv_wrapper_0/inst/rv_core/id_ex_pipeline_reg/flush_delay_r_reg_i_47/CO[7]
                         net (fo=1, estimated)        0.030     7.975    design_1_i/riscv_wrapper_0/inst/rv_core/id_ex_pipeline_reg/flush_delay_r_reg_i_47_n_0
    SLICE_X19Y42         CARRY8 (Prop_CARRY8_SLICEL_CI_CO[7])
                                                      0.065     8.040 r  design_1_i/riscv_wrapper_0/inst/rv_core/id_ex_pipeline_reg/flush_delay_r_reg_i_18/CO[7]
                         net (fo=1, estimated)        0.030     8.070    design_1_i/riscv_wrapper_0/inst/rv_core/id_ex_pipeline_reg/flush_delay_r_reg_i_18_n_0
    SLICE_X19Y43         CARRY8 (Prop_CARRY8_SLICEL_CI_O[7])
                                                      0.171     8.241 r  design_1_i/riscv_wrapper_0/inst/rv_core/id_ex_pipeline_reg/flush_delay_r_reg_i_6/O[7]
                         net (fo=1, estimated)        0.259     8.500    design_1_i/riscv_wrapper_0/inst/rv_core/id_ex_pipeline_reg/bj_unit/p_0_in
    SLICE_X20Y45         LUT6 (Prop_G6LUT_SLICEM_I4_O)
                                                      0.057     8.557 r  design_1_i/riscv_wrapper_0/inst/rv_core/id_ex_pipeline_reg/flush_delay_r_i_2/O
                         net (fo=1, estimated)        0.107     8.664    design_1_i/riscv_wrapper_0/inst/rv_core/id_ex_pipeline_reg/flush_delay_r_i_2_n_0
    SLICE_X20Y45         LUT6 (Prop_H6LUT_SLICEM_I0_O)
                                                      0.060     8.724 r  design_1_i/riscv_wrapper_0/inst/rv_core/id_ex_pipeline_reg/flush_delay_r_i_1/O
                         net (fo=34, estimated)       0.162     8.886    design_1_i/riscv_wrapper_0/inst/rv_core/id_ex_pipeline_reg/ex_branch_taken_w
    SLICE_X20Y45         LUT4 (Prop_F6LUT_SLICEM_I1_O)
                                                      0.056     8.942 r  design_1_i/riscv_wrapper_0/inst/rv_core/id_ex_pipeline_reg/op_bl_o[2]_i_1/O
                         net (fo=8, estimated)        0.441     9.383    design_1_i/riscv_wrapper_0/inst/rv_core/id_ex_pipeline_reg/op_bl_o[2]_i_1_n_0
    SLICE_X21Y49         FDRE                                         r  design_1_i/riscv_wrapper_0/inst/rv_core/id_ex_pipeline_reg/is_jalr_o_reg/R
  -------------------------------------------------------------------    -------------------

                         (clock clk_pl_0 rise edge)
                                                     10.000    10.000 r  
    PS8_X0Y0             PS8                          0.000    10.000 r  design_1_i/zynq_ultra_ps_e_0/inst/PS8_i/PLCLK[0]
                         net (fo=1, estimated)        0.181    10.181    design_1_i/zynq_ultra_ps_e_0/inst/pl_clk_unbuffered[0]
    BUFG_PS_X0Y80        BUFG_PS (Prop_BUFG_PS_I_O)
                                                      0.035    10.216 r  design_1_i/zynq_ultra_ps_e_0/inst/buffer_pl_clk_0.PL_CLK_0_BUFG/O
    X1Y1 (CLOCK_ROOT)    net (fo=18546, estimated)    2.782    12.998    design_1_i/riscv_wrapper_0/inst/rv_core/id_ex_pipeline_reg/clk_i
    SLICE_X21Y49         FDRE                                         r  design_1_i/riscv_wrapper_0/inst/rv_core/id_ex_pipeline_reg/is_jalr_o_reg/C
                         clock pessimism              0.247    13.245    
                         clock uncertainty           -0.160    13.085    
    SLICE_X21Y49         FDRE (Setup_FFF2_SLICEM_C_R)
                                                     -0.119    12.966    design_1_i/riscv_wrapper_0/inst/rv_core/id_ex_pipeline_reg/is_jalr_o_reg
  -------------------------------------------------------------------
                         required time                         12.966    
                         arrival time                          -9.383    
  -------------------------------------------------------------------
                         slack                                  3.583    

Slack (MET) :             3.583ns  (required time - arrival time)
  Source:                 <hidden>
                            (rising edge-triggered cell RAMB36E2 clocked by clk_pl_0  {rise@0.000ns fall@5.000ns period=10.000ns})
  Destination:            design_1_i/riscv_wrapper_0/inst/rv_core/id_ex_pipeline_reg/op_bl_o_reg[0]/R
                            (rising edge-triggered cell FDRE clocked by clk_pl_0  {rise@0.000ns fall@5.000ns period=10.000ns})
  Path Group:             clk_pl_0
  Path Type:              Setup (Max at Slow Process Corner)
  Requirement:            10.000ns  (clk_pl_0 rise@10.000ns - clk_pl_0 rise@0.000ns)
  Data Path Delay:        5.878ns  (logic 2.462ns (41.885%)  route 3.416ns (58.115%))
  Logic Levels:           11  (CARRY8=3 LUT2=1 LUT4=1 LUT6=6)
  Clock Path Skew:        -0.260ns (DCD - SCD + CPR)
    Destination Clock Delay (DCD):    2.998ns = ( 12.998 - 10.000 ) 
    Source Clock Delay      (SCD):    3.505ns
    Clock Pessimism Removal (CPR):    0.247ns
  Clock Uncertainty:      0.160ns  ((TSJ^2 + DJ^2)^1/2) / 2 + PE
    Total System Jitter     (TSJ):    0.071ns
    Discrete Jitter          (DJ):    0.312ns
    Phase Error              (PE):    0.000ns
  Clock Net Delay (Source):      3.238ns (routing 1.633ns, distribution 1.605ns)
  Clock Net Delay (Destination): 2.782ns (routing 1.495ns, distribution 1.287ns)

    Location             Delay type                Incr(ns)  Path(ns)    Netlist Resource(s)
  -------------------------------------------------------------------    -------------------
                         (clock clk_pl_0 rise edge)
                                                      0.000     0.000 r  
    PS8_X0Y0             PS8                          0.000     0.000 r  design_1_i/zynq_ultra_ps_e_0/inst/PS8_i/PLCLK[0]
                         net (fo=1, estimated)        0.229     0.229    design_1_i/zynq_ultra_ps_e_0/inst/pl_clk_unbuffered[0]
    BUFG_PS_X0Y80        BUFG_PS (Prop_BUFG_PS_I_O)
                                                      0.038     0.267 r  design_1_i/zynq_ultra_ps_e_0/inst/buffer_pl_clk_0.PL_CLK_0_BUFG/O
    X1Y1 (CLOCK_ROOT)    net (fo=18546, estimated)    3.238     3.505    <hidden>
    RAMB36_X1Y10         RAMB36E2                                     r  <hidden>
  -------------------------------------------------------------------    -------------------
    RAMB36_X1Y10         RAMB36E2 (Prop_RAMB36E2_RAMB36_CLKARDCLK_DOUTADOUT[1])
                                                      1.430     4.935 r  <hidden>
                         net (fo=3, estimated)        1.461     6.396    design_1_i/riscv_wrapper_0/inst/rv_core/mem_wb_pipeline_reg/dmem_rdata_i[9]
    SLICE_X22Y40         LUT6 (Prop_G6LUT_SLICEL_I5_O)
                                                      0.057     6.453 f  design_1_i/riscv_wrapper_0/inst/rv_core/mem_wb_pipeline_reg/registers_r[0][9]_i_3/O
                         net (fo=1, estimated)        0.056     6.509    design_1_i/riscv_wrapper_0/inst/rv_core/mem_wb_pipeline_reg/registers_r[0][9]_i_3_n_0
    SLICE_X22Y40         LUT6 (Prop_H6LUT_SLICEL_I3_O)
                                                      0.083     6.592 r  design_1_i/riscv_wrapper_0/inst/rv_core/mem_wb_pipeline_reg/registers_r[0][9]_i_2/O
                         net (fo=1, estimated)        0.099     6.691    design_1_i/riscv_wrapper_0/inst/rv_core/wb_mux/wb_aligned_load_data_w[8]
    SLICE_X22Y40         LUT6 (Prop_F6LUT_SLICEL_I5_O)
                                                      0.081     6.772 r  design_1_i/riscv_wrapper_0/inst/rv_core/wb_mux/registers_r[0][9]_i_1/O
                         net (fo=36, estimated)       0.423     7.195    design_1_i/riscv_wrapper_0/inst/rv_core/fwd_mux_a/wb_wdata_w[9]
    SLICE_X15Y36         LUT6 (Prop_H6LUT_SLICEL_I1_O)
                                                      0.058     7.253 r  design_1_i/riscv_wrapper_0/inst/rv_core/fwd_mux_a/pc_o[15]_i_18/O
                         net (fo=4, estimated)        0.335     7.588    design_1_i/riscv_wrapper_0/inst/rv_core/id_ex_pipeline_reg/fw_data1_clean_w[9]
    SLICE_X19Y41         LUT2 (Prop_B6LUT_SLICEL_I0_O)
                                                      0.083     7.671 r  design_1_i/riscv_wrapper_0/inst/rv_core/id_ex_pipeline_reg/flush_delay_r_i_80/O
                         net (fo=1, routed)           0.013     7.684    design_1_i/riscv_wrapper_0/inst/rv_core/id_ex_pipeline_reg/flush_delay_r_i_80_n_0
    SLICE_X19Y41         CARRY8 (Prop_CARRY8_SLICEL_S[1]_CO[7])
                                                      0.261     7.945 r  design_1_i/riscv_wrapper_0/inst/rv_core/id_ex_pipeline_reg/flush_delay_r_reg_i_47/CO[7]
                         net (fo=1, estimated)        0.030     7.975    design_1_i/riscv_wrapper_0/inst/rv_core/id_ex_pipeline_reg/flush_delay_r_reg_i_47_n_0
    SLICE_X19Y42         CARRY8 (Prop_CARRY8_SLICEL_CI_CO[7])
                                                      0.065     8.040 r  design_1_i/riscv_wrapper_0/inst/rv_core/id_ex_pipeline_reg/flush_delay_r_reg_i_18/CO[7]
                         net (fo=1, estimated)        0.030     8.070    design_1_i/riscv_wrapper_0/inst/rv_core/id_ex_pipeline_reg/flush_delay_r_reg_i_18_n_0
    SLICE_X19Y43         CARRY8 (Prop_CARRY8_SLICEL_CI_O[7])
                                                      0.171     8.241 r  design_1_i/riscv_wrapper_0/inst/rv_core/id_ex_pipeline_reg/flush_delay_r_reg_i_6/O[7]
                         net (fo=1, estimated)        0.259     8.500    design_1_i/riscv_wrapper_0/inst/rv_core/id_ex_pipeline_reg/bj_unit/p_0_in
    SLICE_X20Y45         LUT6 (Prop_G6LUT_SLICEM_I4_O)
                                                      0.057     8.557 r  design_1_i/riscv_wrapper_0/inst/rv_core/id_ex_pipeline_reg/flush_delay_r_i_2/O
                         net (fo=1, estimated)        0.107     8.664    design_1_i/riscv_wrapper_0/inst/rv_core/id_ex_pipeline_reg/flush_delay_r_i_2_n_0
    SLICE_X20Y45         LUT6 (Prop_H6LUT_SLICEM_I0_O)
                                                      0.060     8.724 r  design_1_i/riscv_wrapper_0/inst/rv_core/id_ex_pipeline_reg/flush_delay_r_i_1/O
                         net (fo=34, estimated)       0.162     8.886    design_1_i/riscv_wrapper_0/inst/rv_core/id_ex_pipeline_reg/ex_branch_taken_w
    SLICE_X20Y45         LUT4 (Prop_F6LUT_SLICEM_I1_O)
                                                      0.056     8.942 r  design_1_i/riscv_wrapper_0/inst/rv_core/id_ex_pipeline_reg/op_bl_o[2]_i_1/O
                         net (fo=8, estimated)        0.441     9.383    design_1_i/riscv_wrapper_0/inst/rv_core/id_ex_pipeline_reg/op_bl_o[2]_i_1_n_0
    SLICE_X21Y49         FDRE                                         r  design_1_i/riscv_wrapper_0/inst/rv_core/id_ex_pipeline_reg/op_bl_o_reg[0]/R
  -------------------------------------------------------------------    -------------------

                         (clock clk_pl_0 rise edge)
                                                     10.000    10.000 r  
    PS8_X0Y0             PS8                          0.000    10.000 r  design_1_i/zynq_ultra_ps_e_0/inst/PS8_i/PLCLK[0]
                         net (fo=1, estimated)        0.181    10.181    design_1_i/zynq_ultra_ps_e_0/inst/pl_clk_unbuffered[0]
    BUFG_PS_X0Y80        BUFG_PS (Prop_BUFG_PS_I_O)
                                                      0.035    10.216 r  design_1_i/zynq_ultra_ps_e_0/inst/buffer_pl_clk_0.PL_CLK_0_BUFG/O
    X1Y1 (CLOCK_ROOT)    net (fo=18546, estimated)    2.782    12.998    design_1_i/riscv_wrapper_0/inst/rv_core/id_ex_pipeline_reg/clk_i
    SLICE_X21Y49         FDRE                                         r  design_1_i/riscv_wrapper_0/inst/rv_core/id_ex_pipeline_reg/op_bl_o_reg[0]/C
                         clock pessimism              0.247    13.245    
                         clock uncertainty           -0.160    13.085    
    SLICE_X21Y49         FDRE (Setup_FFF_SLICEM_C_R)
                                                     -0.119    12.966    design_1_i/riscv_wrapper_0/inst/rv_core/id_ex_pipeline_reg/op_bl_o_reg[0]
  -------------------------------------------------------------------
                         required time                         12.966    
                         arrival time                          -9.383    
  -------------------------------------------------------------------
                         slack                                  3.583    





Min Delay Paths
--------------------------------------------------------------------------------------
Slack (VIOLATED) :        -0.170ns  (arrival time - required time)
  Source:                 <hidden>
                            (rising edge-triggered cell FDRE clocked by clk_pl_0  {rise@0.000ns fall@5.000ns period=10.000ns})
  Destination:            <hidden>
                            (rising edge-triggered cell RAMD32 clocked by clk_pl_0  {rise@0.000ns fall@5.000ns period=10.000ns})
  Path Group:             clk_pl_0
  Path Type:              Hold (Min at Slow Process Corner)
  Requirement:            0.000ns  (clk_pl_0 rise@0.000ns - clk_pl_0 rise@0.000ns)
  Data Path Delay:        0.228ns  (logic 0.112ns (49.123%)  route 0.116ns (50.877%))
  Logic Levels:           0  
  Clock Path Skew:        0.295ns (DCD - SCD - CPR)
    Destination Clock Delay (DCD):    3.521ns
    Source Clock Delay      (SCD):    3.037ns
    Clock Pessimism Removal (CPR):    0.189ns
  Clock Net Delay (Source):      2.821ns (routing 1.495ns, distribution 1.326ns)
  Clock Net Delay (Destination): 3.254ns (routing 1.633ns, distribution 1.621ns)

    Location             Delay type                Incr(ns)  Path(ns)    Netlist Resource(s)
  -------------------------------------------------------------------    -------------------
                         (clock clk_pl_0 rise edge)
                                                      0.000     0.000 r  
    PS8_X0Y0             PS8                          0.000     0.000 r  design_1_i/zynq_ultra_ps_e_0/inst/PS8_i/PLCLK[0]
                         net (fo=1, estimated)        0.181     0.181    design_1_i/zynq_ultra_ps_e_0/inst/pl_clk_unbuffered[0]
    BUFG_PS_X0Y80        BUFG_PS (Prop_BUFG_PS_I_O)
                                                      0.035     0.216 r  design_1_i/zynq_ultra_ps_e_0/inst/buffer_pl_clk_0.PL_CLK_0_BUFG/O
    X1Y1 (CLOCK_ROOT)    net (fo=18546, estimated)    2.821     3.037    <hidden>
    SLICE_X0Y119         FDRE                                         r  <hidden>
  -------------------------------------------------------------------    -------------------
    SLICE_X0Y119         FDRE (Prop_GFF_SLICEL_C_Q)
                                                      0.112     3.149 r  <hidden>
                         net (fo=1, estimated)        0.116     3.265    <hidden>
    SLICE_X1Y120         RAMD32                                       r  <hidden>
  -------------------------------------------------------------------    -------------------

                         (clock clk_pl_0 rise edge)
                                                      0.000     0.000 r  
    PS8_X0Y0             PS8                          0.000     0.000 r  design_1_i/zynq_ultra_ps_e_0/inst/PS8_i/PLCLK[0]
                         net (fo=1, estimated)        0.229     0.229    design_1_i/zynq_ultra_ps_e_0/inst/pl_clk_unbuffered[0]
    BUFG_PS_X0Y80        BUFG_PS (Prop_BUFG_PS_I_O)
                                                      0.038     0.267 r  design_1_i/zynq_ultra_ps_e_0/inst/buffer_pl_clk_0.PL_CLK_0_BUFG/O
    X1Y1 (CLOCK_ROOT)    net (fo=18546, estimated)    3.254     3.521    <hidden>
    SLICE_X1Y120         RAMD32                                       r  <hidden>
                         clock pessimism             -0.189     3.332    
    SLICE_X1Y120         RAMD32 (Hold_F5LUT_SLICEM_CLK_I)
                                                      0.103     3.435    <hidden>
  -------------------------------------------------------------------
                         required time                         -3.435    
                         arrival time                           3.265    
  -------------------------------------------------------------------
                         slack                                 -0.170    

Slack (VIOLATED) :        -0.168ns  (arrival time - required time)
  Source:                 <hidden>
                            (rising edge-triggered cell FDRE clocked by clk_pl_0  {rise@0.000ns fall@5.000ns period=10.000ns})
  Destination:            <hidden>
                            (rising edge-triggered cell RAMD32 clocked by clk_pl_0  {rise@0.000ns fall@5.000ns period=10.000ns})
  Path Group:             clk_pl_0
  Path Type:              Hold (Min at Slow Process Corner)
  Requirement:            0.000ns  (clk_pl_0 rise@0.000ns - clk_pl_0 rise@0.000ns)
  Data Path Delay:        0.231ns  (logic 0.112ns (48.485%)  route 0.119ns (51.515%))
  Logic Levels:           0  
  Clock Path Skew:        0.298ns (DCD - SCD - CPR)
    Destination Clock Delay (DCD):    3.521ns
    Source Clock Delay      (SCD):    3.034ns
    Clock Pessimism Removal (CPR):    0.189ns
  Clock Net Delay (Source):      2.818ns (routing 1.495ns, distribution 1.323ns)
  Clock Net Delay (Destination): 3.254ns (routing 1.633ns, distribution 1.621ns)

    Location             Delay type                Incr(ns)  Path(ns)    Netlist Resource(s)
  -------------------------------------------------------------------    -------------------
                         (clock clk_pl_0 rise edge)
                                                      0.000     0.000 r  
    PS8_X0Y0             PS8                          0.000     0.000 r  design_1_i/zynq_ultra_ps_e_0/inst/PS8_i/PLCLK[0]
                         net (fo=1, estimated)        0.181     0.181    design_1_i/zynq_ultra_ps_e_0/inst/pl_clk_unbuffered[0]
    BUFG_PS_X0Y80        BUFG_PS (Prop_BUFG_PS_I_O)
                                                      0.035     0.216 r  design_1_i/zynq_ultra_ps_e_0/inst/buffer_pl_clk_0.PL_CLK_0_BUFG/O
    X1Y1 (CLOCK_ROOT)    net (fo=18546, estimated)    2.818     3.034    <hidden>
    SLICE_X3Y119         FDRE                                         r  <hidden>
  -------------------------------------------------------------------    -------------------
    SLICE_X3Y119         FDRE (Prop_BFF_SLICEL_C_Q)
                                                      0.112     3.146 r  <hidden>
                         net (fo=1, estimated)        0.119     3.265    <hidden>
    SLICE_X2Y121         RAMD32                                       r  <hidden>
  -------------------------------------------------------------------    -------------------

                         (clock clk_pl_0 rise edge)
                                                      0.000     0.000 r  
    PS8_X0Y0             PS8                          0.000     0.000 r  design_1_i/zynq_ultra_ps_e_0/inst/PS8_i/PLCLK[0]
                         net (fo=1, estimated)        0.229     0.229    design_1_i/zynq_ultra_ps_e_0/inst/pl_clk_unbuffered[0]
    BUFG_PS_X0Y80        BUFG_PS (Prop_BUFG_PS_I_O)
                                                      0.038     0.267 r  design_1_i/zynq_ultra_ps_e_0/inst/buffer_pl_clk_0.PL_CLK_0_BUFG/O
    X1Y1 (CLOCK_ROOT)    net (fo=18546, estimated)    3.254     3.521    <hidden>
    SLICE_X2Y121         RAMD32                                       r  <hidden>
                         clock pessimism             -0.189     3.332    
    SLICE_X2Y121         RAMD32 (Hold_A5LUT_SLICEM_CLK_I)
                                                      0.101     3.433    <hidden>
  -------------------------------------------------------------------
                         required time                         -3.433    
                         arrival time                           3.265    
  -------------------------------------------------------------------
                         slack                                 -0.168    

Slack (VIOLATED) :        -0.147ns  (arrival time - required time)
  Source:                 <hidden>
                            (rising edge-triggered cell FDRE clocked by clk_pl_0  {rise@0.000ns fall@5.000ns period=10.000ns})
  Destination:            <hidden>
                            (rising edge-triggered cell RAMD32 clocked by clk_pl_0  {rise@0.000ns fall@5.000ns period=10.000ns})
  Path Group:             clk_pl_0
  Path Type:              Hold (Min at Slow Process Corner)
  Requirement:            0.000ns  (clk_pl_0 rise@0.000ns - clk_pl_0 rise@0.000ns)
  Data Path Delay:        0.252ns  (logic 0.112ns (44.444%)  route 0.140ns (55.556%))
  Logic Levels:           0  
  Clock Path Skew:        0.295ns (DCD - SCD - CPR)
    Destination Clock Delay (DCD):    3.521ns
    Source Clock Delay      (SCD):    3.037ns
    Clock Pessimism Removal (CPR):    0.189ns
  Clock Net Delay (Source):      2.821ns (routing 1.495ns, distribution 1.326ns)
  Clock Net Delay (Destination): 3.254ns (routing 1.633ns, distribution 1.621ns)

    Location             Delay type                Incr(ns)  Path(ns)    Netlist Resource(s)
  -------------------------------------------------------------------    -------------------
                         (clock clk_pl_0 rise edge)
                                                      0.000     0.000 r  
    PS8_X0Y0             PS8                          0.000     0.000 r  design_1_i/zynq_ultra_ps_e_0/inst/PS8_i/PLCLK[0]
                         net (fo=1, estimated)        0.181     0.181    design_1_i/zynq_ultra_ps_e_0/inst/pl_clk_unbuffered[0]
    BUFG_PS_X0Y80        BUFG_PS (Prop_BUFG_PS_I_O)
                                                      0.035     0.216 r  design_1_i/zynq_ultra_ps_e_0/inst/buffer_pl_clk_0.PL_CLK_0_BUFG/O
    X1Y1 (CLOCK_ROOT)    net (fo=18546, estimated)    2.821     3.037    <hidden>
    SLICE_X0Y118         FDRE                                         r  <hidden>
  -------------------------------------------------------------------    -------------------
    SLICE_X0Y118         FDRE (Prop_GFF_SLICEL_C_Q)
                                                      0.112     3.149 r  <hidden>
                         net (fo=1, estimated)        0.140     3.289    <hidden>
    SLICE_X1Y120         RAMD32                                       r  <hidden>
  -------------------------------------------------------------------    -------------------

                         (clock clk_pl_0 rise edge)
                                                      0.000     0.000 r  
    PS8_X0Y0             PS8                          0.000     0.000 r  design_1_i/zynq_ultra_ps_e_0/inst/PS8_i/PLCLK[0]
                         net (fo=1, estimated)        0.229     0.229    design_1_i/zynq_ultra_ps_e_0/inst/pl_clk_unbuffered[0]
    BUFG_PS_X0Y80        BUFG_PS (Prop_BUFG_PS_I_O)
                                                      0.038     0.267 r  design_1_i/zynq_ultra_ps_e_0/inst/buffer_pl_clk_0.PL_CLK_0_BUFG/O
    X1Y1 (CLOCK_ROOT)    net (fo=18546, estimated)    3.254     3.521    <hidden>
    SLICE_X1Y120         RAMD32                                       r  <hidden>
                         clock pessimism             -0.189     3.332    
    SLICE_X1Y120         RAMD32 (Hold_B5LUT_SLICEM_CLK_I)
                                                      0.104     3.436    <hidden>
  -------------------------------------------------------------------
                         required time                         -3.436    
                         arrival time                           3.289    
  -------------------------------------------------------------------
                         slack                                 -0.147    

Slack (VIOLATED) :        -0.134ns  (arrival time - required time)
  Source:                 <hidden>
                            (rising edge-triggered cell FDRE clocked by clk_pl_0  {rise@0.000ns fall@5.000ns period=10.000ns})
  Destination:            <hidden>
                            (rising edge-triggered cell RAMD32 clocked by clk_pl_0  {rise@0.000ns fall@5.000ns period=10.000ns})
  Path Group:             clk_pl_0
  Path Type:              Hold (Min at Slow Process Corner)
  Requirement:            0.000ns  (clk_pl_0 rise@0.000ns - clk_pl_0 rise@0.000ns)
  Data Path Delay:        0.262ns  (logic 0.112ns (42.748%)  route 0.150ns (57.252%))
  Logic Levels:           0  
  Clock Path Skew:        0.295ns (DCD - SCD - CPR)
    Destination Clock Delay (DCD):    3.521ns
    Source Clock Delay      (SCD):    3.037ns
    Clock Pessimism Removal (CPR):    0.189ns
  Clock Net Delay (Source):      2.821ns (routing 1.495ns, distribution 1.326ns)
  Clock Net Delay (Destination): 3.254ns (routing 1.633ns, distribution 1.621ns)

    Location             Delay type                Incr(ns)  Path(ns)    Netlist Resource(s)
  -------------------------------------------------------------------    -------------------
                         (clock clk_pl_0 rise edge)
                                                      0.000     0.000 r  
    PS8_X0Y0             PS8                          0.000     0.000 r  design_1_i/zynq_ultra_ps_e_0/inst/PS8_i/PLCLK[0]
                         net (fo=1, estimated)        0.181     0.181    design_1_i/zynq_ultra_ps_e_0/inst/pl_clk_unbuffered[0]
    BUFG_PS_X0Y80        BUFG_PS (Prop_BUFG_PS_I_O)
                                                      0.035     0.216 r  design_1_i/zynq_ultra_ps_e_0/inst/buffer_pl_clk_0.PL_CLK_0_BUFG/O
    X1Y1 (CLOCK_ROOT)    net (fo=18546, estimated)    2.821     3.037    <hidden>
    SLICE_X0Y117         FDRE                                         r  <hidden>
  -------------------------------------------------------------------    -------------------
    SLICE_X0Y117         FDRE (Prop_GFF_SLICEL_C_Q)
                                                      0.112     3.149 r  <hidden>
                         net (fo=1, estimated)        0.150     3.299    <hidden>
    SLICE_X1Y120         RAMD32                                       r  <hidden>
  -------------------------------------------------------------------    -------------------

                         (clock clk_pl_0 rise edge)
                                                      0.000     0.000 r  
    PS8_X0Y0             PS8                          0.000     0.000 r  design_1_i/zynq_ultra_ps_e_0/inst/PS8_i/PLCLK[0]
                         net (fo=1, estimated)        0.229     0.229    design_1_i/zynq_ultra_ps_e_0/inst/pl_clk_unbuffered[0]
    BUFG_PS_X0Y80        BUFG_PS (Prop_BUFG_PS_I_O)
                                                      0.038     0.267 r  design_1_i/zynq_ultra_ps_e_0/inst/buffer_pl_clk_0.PL_CLK_0_BUFG/O
    X1Y1 (CLOCK_ROOT)    net (fo=18546, estimated)    3.254     3.521    <hidden>
    SLICE_X1Y120         RAMD32                                       r  <hidden>
                         clock pessimism             -0.189     3.332    
    SLICE_X1Y120         RAMD32 (Hold_A5LUT_SLICEM_CLK_I)
                                                      0.101     3.433    <hidden>
  -------------------------------------------------------------------
                         required time                         -3.433    
                         arrival time                           3.299    
  -------------------------------------------------------------------
                         slack                                 -0.134    

Slack (VIOLATED) :        -0.133ns  (arrival time - required time)
  Source:                 <hidden>
                            (rising edge-triggered cell FDRE clocked by clk_pl_0  {rise@0.000ns fall@5.000ns period=10.000ns})
  Destination:            <hidden>
                            (rising edge-triggered cell RAMD32 clocked by clk_pl_0  {rise@0.000ns fall@5.000ns period=10.000ns})
  Path Group:             clk_pl_0
  Path Type:              Hold (Min at Slow Process Corner)
  Requirement:            0.000ns  (clk_pl_0 rise@0.000ns - clk_pl_0 rise@0.000ns)
  Data Path Delay:        0.269ns  (logic 0.112ns (41.636%)  route 0.157ns (58.364%))
  Logic Levels:           0  
  Clock Path Skew:        0.298ns (DCD - SCD - CPR)
    Destination Clock Delay (DCD):    3.521ns
    Source Clock Delay      (SCD):    3.034ns
    Clock Pessimism Removal (CPR):    0.189ns
  Clock Net Delay (Source):      2.818ns (routing 1.495ns, distribution 1.323ns)
  Clock Net Delay (Destination): 3.254ns (routing 1.633ns, distribution 1.621ns)

    Location             Delay type                Incr(ns)  Path(ns)    Netlist Resource(s)
  -------------------------------------------------------------------    -------------------
                         (clock clk_pl_0 rise edge)
                                                      0.000     0.000 r  
    PS8_X0Y0             PS8                          0.000     0.000 r  design_1_i/zynq_ultra_ps_e_0/inst/PS8_i/PLCLK[0]
                         net (fo=1, estimated)        0.181     0.181    design_1_i/zynq_ultra_ps_e_0/inst/pl_clk_unbuffered[0]
    BUFG_PS_X0Y80        BUFG_PS (Prop_BUFG_PS_I_O)
                                                      0.035     0.216 r  design_1_i/zynq_ultra_ps_e_0/inst/buffer_pl_clk_0.PL_CLK_0_BUFG/O
    X1Y1 (CLOCK_ROOT)    net (fo=18546, estimated)    2.818     3.034    <hidden>
    SLICE_X0Y117         FDRE                                         r  <hidden>
  -------------------------------------------------------------------    -------------------
    SLICE_X0Y117         FDRE (Prop_CFF_SLICEL_C_Q)
                                                      0.112     3.146 r  <hidden>
                         net (fo=1, estimated)        0.157     3.303    <hidden>
    SLICE_X1Y120         RAMD32                                       r  <hidden>
  -------------------------------------------------------------------    -------------------

                         (clock clk_pl_0 rise edge)
                                                      0.000     0.000 r  
    PS8_X0Y0             PS8                          0.000     0.000 r  design_1_i/zynq_ultra_ps_e_0/inst/PS8_i/PLCLK[0]
                         net (fo=1, estimated)        0.229     0.229    design_1_i/zynq_ultra_ps_e_0/inst/pl_clk_unbuffered[0]
    BUFG_PS_X0Y80        BUFG_PS (Prop_BUFG_PS_I_O)
                                                      0.038     0.267 r  design_1_i/zynq_ultra_ps_e_0/inst/buffer_pl_clk_0.PL_CLK_0_BUFG/O
    X1Y1 (CLOCK_ROOT)    net (fo=18546, estimated)    3.254     3.521    <hidden>
    SLICE_X1Y120         RAMD32                                       r  <hidden>
                         clock pessimism             -0.189     3.332    
    SLICE_X1Y120         RAMD32 (Hold_C5LUT_SLICEM_CLK_I)
                                                      0.104     3.436    <hidden>
  -------------------------------------------------------------------
                         required time                         -3.436    
                         arrival time                           3.303    
  -------------------------------------------------------------------
                         slack                                 -0.133    

Slack (VIOLATED) :        -0.130ns  (arrival time - required time)
  Source:                 <hidden>
                            (rising edge-triggered cell FDRE clocked by clk_pl_0  {rise@0.000ns fall@5.000ns period=10.000ns})
  Destination:            <hidden>
                            (rising edge-triggered cell RAMD32 clocked by clk_pl_0  {rise@0.000ns fall@5.000ns period=10.000ns})
  Path Group:             clk_pl_0
  Path Type:              Hold (Min at Slow Process Corner)
  Requirement:            0.000ns  (clk_pl_0 rise@0.000ns - clk_pl_0 rise@0.000ns)
  Data Path Delay:        0.271ns  (logic 0.112ns (41.328%)  route 0.159ns (58.672%))
  Logic Levels:           0  
  Clock Path Skew:        0.298ns (DCD - SCD - CPR)
    Destination Clock Delay (DCD):    3.521ns
    Source Clock Delay      (SCD):    3.034ns
    Clock Pessimism Removal (CPR):    0.189ns
  Clock Net Delay (Source):      2.818ns (routing 1.495ns, distribution 1.323ns)
  Clock Net Delay (Destination): 3.254ns (routing 1.633ns, distribution 1.621ns)

    Location             Delay type                Incr(ns)  Path(ns)    Netlist Resource(s)
  -------------------------------------------------------------------    -------------------
                         (clock clk_pl_0 rise edge)
                                                      0.000     0.000 r  
    PS8_X0Y0             PS8                          0.000     0.000 r  design_1_i/zynq_ultra_ps_e_0/inst/PS8_i/PLCLK[0]
                         net (fo=1, estimated)        0.181     0.181    design_1_i/zynq_ultra_ps_e_0/inst/pl_clk_unbuffered[0]
    BUFG_PS_X0Y80        BUFG_PS (Prop_BUFG_PS_I_O)
                                                      0.035     0.216 r  design_1_i/zynq_ultra_ps_e_0/inst/buffer_pl_clk_0.PL_CLK_0_BUFG/O
    X1Y1 (CLOCK_ROOT)    net (fo=18546, estimated)    2.818     3.034    <hidden>
    SLICE_X0Y119         FDRE                                         r  <hidden>
  -------------------------------------------------------------------    -------------------
    SLICE_X0Y119         FDRE (Prop_CFF_SLICEL_C_Q)
                                                      0.112     3.146 r  <hidden>
                         net (fo=1, estimated)        0.159     3.305    <hidden>
    SLICE_X1Y120         RAMD32                                       r  <hidden>
  -------------------------------------------------------------------    -------------------

                         (clock clk_pl_0 rise edge)
                                                      0.000     0.000 r  
    PS8_X0Y0             PS8                          0.000     0.000 r  design_1_i/zynq_ultra_ps_e_0/inst/PS8_i/PLCLK[0]
                         net (fo=1, estimated)        0.229     0.229    design_1_i/zynq_ultra_ps_e_0/inst/pl_clk_unbuffered[0]
    BUFG_PS_X0Y80        BUFG_PS (Prop_BUFG_PS_I_O)
                                                      0.038     0.267 r  design_1_i/zynq_ultra_ps_e_0/inst/buffer_pl_clk_0.PL_CLK_0_BUFG/O
    X1Y1 (CLOCK_ROOT)    net (fo=18546, estimated)    3.254     3.521    <hidden>
    SLICE_X1Y120         RAMD32                                       r  <hidden>
                         clock pessimism             -0.189     3.332    
    SLICE_X1Y120         RAMD32 (Hold_E5LUT_SLICEM_CLK_I)
                                                      0.103     3.435    <hidden>
  -------------------------------------------------------------------
                         required time                         -3.435    
                         arrival time                           3.305    
  -------------------------------------------------------------------
                         slack                                 -0.130    

Slack (VIOLATED) :        -0.129ns  (arrival time - required time)
  Source:                 <hidden>
                            (rising edge-triggered cell FDRE clocked by clk_pl_0  {rise@0.000ns fall@5.000ns period=10.000ns})
  Destination:            <hidden>
                            (rising edge-triggered cell RAMD32 clocked by clk_pl_0  {rise@0.000ns fall@5.000ns period=10.000ns})
  Path Group:             clk_pl_0
  Path Type:              Hold (Min at Slow Process Corner)
  Requirement:            0.000ns  (clk_pl_0 rise@0.000ns - clk_pl_0 rise@0.000ns)
  Data Path Delay:        0.246ns  (logic 0.114ns (46.341%)  route 0.132ns (53.659%))
  Logic Levels:           0  
  Clock Path Skew:        0.295ns (DCD - SCD - CPR)
    Destination Clock Delay (DCD):    3.521ns
    Source Clock Delay      (SCD):    3.037ns
    Clock Pessimism Removal (CPR):    0.189ns
  Clock Net Delay (Source):      2.821ns (routing 1.495ns, distribution 1.326ns)
  Clock Net Delay (Destination): 3.254ns (routing 1.633ns, distribution 1.621ns)

    Location             Delay type                Incr(ns)  Path(ns)    Netlist Resource(s)
  -------------------------------------------------------------------    -------------------
                         (clock clk_pl_0 rise edge)
                                                      0.000     0.000 r  
    PS8_X0Y0             PS8                          0.000     0.000 r  design_1_i/zynq_ultra_ps_e_0/inst/PS8_i/PLCLK[0]
                         net (fo=1, estimated)        0.181     0.181    design_1_i/zynq_ultra_ps_e_0/inst/pl_clk_unbuffered[0]
    BUFG_PS_X0Y80        BUFG_PS (Prop_BUFG_PS_I_O)
                                                      0.035     0.216 r  design_1_i/zynq_ultra_ps_e_0/inst/buffer_pl_clk_0.PL_CLK_0_BUFG/O
    X1Y1 (CLOCK_ROOT)    net (fo=18546, estimated)    2.821     3.037    <hidden>
    SLICE_X0Y119         FDRE                                         r  <hidden>
  -------------------------------------------------------------------    -------------------
    SLICE_X0Y119         FDRE (Prop_GFF2_SLICEL_C_Q)
                                                      0.114     3.151 r  <hidden>
                         net (fo=1, estimated)        0.132     3.283    <hidden>
    SLICE_X1Y120         RAMD32                                       r  <hidden>
  -------------------------------------------------------------------    -------------------

                         (clock clk_pl_0 rise edge)
                                                      0.000     0.000 r  
    PS8_X0Y0             PS8                          0.000     0.000 r  design_1_i/zynq_ultra_ps_e_0/inst/PS8_i/PLCLK[0]
                         net (fo=1, estimated)        0.229     0.229    design_1_i/zynq_ultra_ps_e_0/inst/pl_clk_unbuffered[0]
    BUFG_PS_X0Y80        BUFG_PS (Prop_BUFG_PS_I_O)
                                                      0.038     0.267 r  design_1_i/zynq_ultra_ps_e_0/inst/buffer_pl_clk_0.PL_CLK_0_BUFG/O
    X1Y1 (CLOCK_ROOT)    net (fo=18546, estimated)    3.254     3.521    <hidden>
    SLICE_X1Y120         RAMD32                                       r  <hidden>
                         clock pessimism             -0.189     3.332    
    SLICE_X1Y120         RAMD32 (Hold_F6LUT_SLICEM_CLK_I)
                                                      0.080     3.412    <hidden>
  -------------------------------------------------------------------
                         required time                         -3.412    
                         arrival time                           3.283    
  -------------------------------------------------------------------
                         slack                                 -0.129    

Slack (VIOLATED) :        -0.128ns  (arrival time - required time)
  Source:                 <hidden>
                            (rising edge-triggered cell FDRE clocked by clk_pl_0  {rise@0.000ns fall@5.000ns period=10.000ns})
  Destination:            <hidden>
                            (rising edge-triggered cell RAMD32 clocked by clk_pl_0  {rise@0.000ns fall@5.000ns period=10.000ns})
  Path Group:             clk_pl_0
  Path Type:              Hold (Min at Slow Process Corner)
  Requirement:            0.000ns  (clk_pl_0 rise@0.000ns - clk_pl_0 rise@0.000ns)
  Data Path Delay:        0.274ns  (logic 0.112ns (40.876%)  route 0.162ns (59.124%))
  Logic Levels:           0  
  Clock Path Skew:        0.298ns (DCD - SCD - CPR)
    Destination Clock Delay (DCD):    3.521ns
    Source Clock Delay      (SCD):    3.034ns
    Clock Pessimism Removal (CPR):    0.189ns
  Clock Net Delay (Source):      2.818ns (routing 1.495ns, distribution 1.323ns)
  Clock Net Delay (Destination): 3.254ns (routing 1.633ns, distribution 1.621ns)

    Location             Delay type                Incr(ns)  Path(ns)    Netlist Resource(s)
  -------------------------------------------------------------------    -------------------
                         (clock clk_pl_0 rise edge)
                                                      0.000     0.000 r  
    PS8_X0Y0             PS8                          0.000     0.000 r  design_1_i/zynq_ultra_ps_e_0/inst/PS8_i/PLCLK[0]
                         net (fo=1, estimated)        0.181     0.181    design_1_i/zynq_ultra_ps_e_0/inst/pl_clk_unbuffered[0]
    BUFG_PS_X0Y80        BUFG_PS (Prop_BUFG_PS_I_O)
                                                      0.035     0.216 r  design_1_i/zynq_ultra_ps_e_0/inst/buffer_pl_clk_0.PL_CLK_0_BUFG/O
    X1Y1 (CLOCK_ROOT)    net (fo=18546, estimated)    2.818     3.034    <hidden>
    SLICE_X3Y119         FDRE                                         r  <hidden>
  -------------------------------------------------------------------    -------------------
    SLICE_X3Y119         FDRE (Prop_CFF_SLICEL_C_Q)
                                                      0.112     3.146 r  <hidden>
                         net (fo=1, estimated)        0.162     3.308    <hidden>
    SLICE_X1Y120         RAMD32                                       r  <hidden>
  -------------------------------------------------------------------    -------------------

                         (clock clk_pl_0 rise edge)
                                                      0.000     0.000 r  
    PS8_X0Y0             PS8                          0.000     0.000 r  design_1_i/zynq_ultra_ps_e_0/inst/PS8_i/PLCLK[0]
                         net (fo=1, estimated)        0.229     0.229    design_1_i/zynq_ultra_ps_e_0/inst/pl_clk_unbuffered[0]
    BUFG_PS_X0Y80        BUFG_PS (Prop_BUFG_PS_I_O)
                                                      0.038     0.267 r  design_1_i/zynq_ultra_ps_e_0/inst/buffer_pl_clk_0.PL_CLK_0_BUFG/O
    X1Y1 (CLOCK_ROOT)    net (fo=18546, estimated)    3.254     3.521    <hidden>
    SLICE_X1Y120         RAMD32                                       r  <hidden>
                         clock pessimism             -0.189     3.332    
    SLICE_X1Y120         RAMD32 (Hold_G5LUT_SLICEM_CLK_I)
                                                      0.104     3.436    <hidden>
  -------------------------------------------------------------------
                         required time                         -3.436    
                         arrival time                           3.308    
  -------------------------------------------------------------------
                         slack                                 -0.128    

Slack (VIOLATED) :        -0.123ns  (arrival time - required time)
  Source:                 <hidden>
                            (rising edge-triggered cell FDRE clocked by clk_pl_0  {rise@0.000ns fall@5.000ns period=10.000ns})
  Destination:            <hidden>
                            (rising edge-triggered cell RAMD32 clocked by clk_pl_0  {rise@0.000ns fall@5.000ns period=10.000ns})
  Path Group:             clk_pl_0
  Path Type:              Hold (Min at Slow Process Corner)
  Requirement:            0.000ns  (clk_pl_0 rise@0.000ns - clk_pl_0 rise@0.000ns)
  Data Path Delay:        0.277ns  (logic 0.112ns (40.433%)  route 0.165ns (59.567%))
  Logic Levels:           0  
  Clock Path Skew:        0.298ns (DCD - SCD - CPR)
    Destination Clock Delay (DCD):    3.521ns
    Source Clock Delay      (SCD):    3.034ns
    Clock Pessimism Removal (CPR):    0.189ns
  Clock Net Delay (Source):      2.818ns (routing 1.495ns, distribution 1.323ns)
  Clock Net Delay (Destination): 3.254ns (routing 1.633ns, distribution 1.621ns)

    Location             Delay type                Incr(ns)  Path(ns)    Netlist Resource(s)
  -------------------------------------------------------------------    -------------------
                         (clock clk_pl_0 rise edge)
                                                      0.000     0.000 r  
    PS8_X0Y0             PS8                          0.000     0.000 r  design_1_i/zynq_ultra_ps_e_0/inst/PS8_i/PLCLK[0]
                         net (fo=1, estimated)        0.181     0.181    design_1_i/zynq_ultra_ps_e_0/inst/pl_clk_unbuffered[0]
    BUFG_PS_X0Y80        BUFG_PS (Prop_BUFG_PS_I_O)
                                                      0.035     0.216 r  design_1_i/zynq_ultra_ps_e_0/inst/buffer_pl_clk_0.PL_CLK_0_BUFG/O
    X1Y1 (CLOCK_ROOT)    net (fo=18546, estimated)    2.818     3.034    <hidden>
    SLICE_X0Y118         FDRE                                         r  <hidden>
  -------------------------------------------------------------------    -------------------
    SLICE_X0Y118         FDRE (Prop_CFF_SLICEL_C_Q)
                                                      0.112     3.146 r  <hidden>
                         net (fo=1, estimated)        0.165     3.311    <hidden>
    SLICE_X1Y120         RAMD32                                       r  <hidden>
  -------------------------------------------------------------------    -------------------

                         (clock clk_pl_0 rise edge)
                                                      0.000     0.000 r  
    PS8_X0Y0             PS8                          0.000     0.000 r  design_1_i/zynq_ultra_ps_e_0/inst/PS8_i/PLCLK[0]
                         net (fo=1, estimated)        0.229     0.229    design_1_i/zynq_ultra_ps_e_0/inst/pl_clk_unbuffered[0]
    BUFG_PS_X0Y80        BUFG_PS (Prop_BUFG_PS_I_O)
                                                      0.038     0.267 r  design_1_i/zynq_ultra_ps_e_0/inst/buffer_pl_clk_0.PL_CLK_0_BUFG/O
    X1Y1 (CLOCK_ROOT)    net (fo=18546, estimated)    3.254     3.521    <hidden>
    SLICE_X1Y120         RAMD32                                       r  <hidden>
                         clock pessimism             -0.189     3.332    
    SLICE_X1Y120         RAMD32 (Hold_D5LUT_SLICEM_CLK_I)
                                                      0.102     3.434    <hidden>
  -------------------------------------------------------------------
                         required time                         -3.434    
                         arrival time                           3.311    
  -------------------------------------------------------------------
                         slack                                 -0.123    

Slack (VIOLATED) :        -0.119ns  (arrival time - required time)
  Source:                 <hidden>
                            (rising edge-triggered cell FDRE clocked by clk_pl_0  {rise@0.000ns fall@5.000ns period=10.000ns})
  Destination:            <hidden>
                            (rising edge-triggered cell RAMD32 clocked by clk_pl_0  {rise@0.000ns fall@5.000ns period=10.000ns})
  Path Group:             clk_pl_0
  Path Type:              Hold (Min at Slow Process Corner)
  Requirement:            0.000ns  (clk_pl_0 rise@0.000ns - clk_pl_0 rise@0.000ns)
  Data Path Delay:        0.259ns  (logic 0.113ns (43.629%)  route 0.146ns (56.371%))
  Logic Levels:           0  
  Clock Path Skew:        0.298ns (DCD - SCD - CPR)
    Destination Clock Delay (DCD):    3.521ns
    Source Clock Delay      (SCD):    3.034ns
    Clock Pessimism Removal (CPR):    0.189ns
  Clock Net Delay (Source):      2.818ns (routing 1.495ns, distribution 1.323ns)
  Clock Net Delay (Destination): 3.254ns (routing 1.633ns, distribution 1.621ns)

    Location             Delay type                Incr(ns)  Path(ns)    Netlist Resource(s)
  -------------------------------------------------------------------    -------------------
                         (clock clk_pl_0 rise edge)
                                                      0.000     0.000 r  
    PS8_X0Y0             PS8                          0.000     0.000 r  design_1_i/zynq_ultra_ps_e_0/inst/PS8_i/PLCLK[0]
                         net (fo=1, estimated)        0.181     0.181    design_1_i/zynq_ultra_ps_e_0/inst/pl_clk_unbuffered[0]
    BUFG_PS_X0Y80        BUFG_PS (Prop_BUFG_PS_I_O)
                                                      0.035     0.216 r  design_1_i/zynq_ultra_ps_e_0/inst/buffer_pl_clk_0.PL_CLK_0_BUFG/O
    X1Y1 (CLOCK_ROOT)    net (fo=18546, estimated)    2.818     3.034    <hidden>
    SLICE_X0Y117         FDRE                                         r  <hidden>
  -------------------------------------------------------------------    -------------------
    SLICE_X0Y117         FDRE (Prop_CFF2_SLICEL_C_Q)
                                                      0.113     3.147 r  <hidden>
                         net (fo=1, estimated)        0.146     3.293    <hidden>
    SLICE_X1Y120         RAMD32                                       r  <hidden>
  -------------------------------------------------------------------    -------------------

                         (clock clk_pl_0 rise edge)
                                                      0.000     0.000 r  
    PS8_X0Y0             PS8                          0.000     0.000 r  design_1_i/zynq_ultra_ps_e_0/inst/PS8_i/PLCLK[0]
                         net (fo=1, estimated)        0.229     0.229    design_1_i/zynq_ultra_ps_e_0/inst/pl_clk_unbuffered[0]
    BUFG_PS_X0Y80        BUFG_PS (Prop_BUFG_PS_I_O)
                                                      0.038     0.267 r  design_1_i/zynq_ultra_ps_e_0/inst/buffer_pl_clk_0.PL_CLK_0_BUFG/O
    X1Y1 (CLOCK_ROOT)    net (fo=18546, estimated)    3.254     3.521    <hidden>
    SLICE_X1Y120         RAMD32                                       r  <hidden>
                         clock pessimism             -0.189     3.332    
    SLICE_X1Y120         RAMD32 (Hold_C6LUT_SLICEM_CLK_I)
                                                      0.080     3.412    <hidden>
  -------------------------------------------------------------------
                         required time                         -3.412    
                         arrival time                           3.293    
  -------------------------------------------------------------------
                         slack                                 -0.119    





Pulse Width Checks
--------------------------------------------------------------------------------------
Clock Name:         clk_pl_0
Waveform(ns):       { 0.000 5.000 }
Period(ns):         10.000
Sources:            { design_1_i/zynq_ultra_ps_e_0/inst/PS8_i/PLCLK[0] }

Check Type        Corner  Lib Pin             Reference Pin  Required(ns)  Actual(ns)  Slack(ns)  Location      Pin
Min Period        n/a     PS8/MAXIGP0ACLK     n/a            3.000         10.000      7.000      PS8_X0Y0      design_1_i/zynq_ultra_ps_e_0/inst/PS8_i/MAXIGP0ACLK
Min Period        n/a     PS8/MAXIGP1ACLK     n/a            3.000         10.000      7.000      PS8_X0Y0      design_1_i/zynq_ultra_ps_e_0/inst/PS8_i/MAXIGP1ACLK
Min Period        n/a     RAMB36E2/CLKARDCLK  n/a            1.709         10.000      8.291      RAMB36_X0Y19  <hidden>
Min Period        n/a     RAMB36E2/CLKBWRCLK  n/a            1.709         10.000      8.291      RAMB36_X0Y19  <hidden>
Min Period        n/a     RAMB36E2/CLKARDCLK  n/a            1.709         10.000      8.291      RAMB36_X0Y17  <hidden>
Min Period        n/a     RAMB36E2/CLKBWRCLK  n/a            1.709         10.000      8.291      RAMB36_X0Y17  <hidden>
Min Period        n/a     RAMB36E2/CLKARDCLK  n/a            1.709         10.000      8.291      RAMB36_X1Y18  <hidden>
Min Period        n/a     RAMB36E2/CLKBWRCLK  n/a            1.709         10.000      8.291      RAMB36_X1Y18  <hidden>
Min Period        n/a     RAMB36E2/CLKARDCLK  n/a            1.709         10.000      8.291      RAMB36_X0Y23  <hidden>
Min Period        n/a     RAMB36E2/CLKBWRCLK  n/a            1.709         10.000      8.291      RAMB36_X0Y23  <hidden>
Low Pulse Width   Slow    PS8/MAXIGP0ACLK     n/a            1.500         5.000       3.500      PS8_X0Y0      design_1_i/zynq_ultra_ps_e_0/inst/PS8_i/MAXIGP0ACLK
Low Pulse Width   Fast    PS8/MAXIGP0ACLK     n/a            1.500         5.000       3.500      PS8_X0Y0      design_1_i/zynq_ultra_ps_e_0/inst/PS8_i/MAXIGP0ACLK
Low Pulse Width   Slow    PS8/MAXIGP1ACLK     n/a            1.500         5.000       3.500      PS8_X0Y0      design_1_i/zynq_ultra_ps_e_0/inst/PS8_i/MAXIGP1ACLK
Low Pulse Width   Fast    PS8/MAXIGP1ACLK     n/a            1.500         5.000       3.500      PS8_X0Y0      design_1_i/zynq_ultra_ps_e_0/inst/PS8_i/MAXIGP1ACLK
Low Pulse Width   Slow    SRL16E/CLK          n/a            0.762         5.000       4.238      SLICE_X21Y18  design_1_i/axi_smc/inst/clk_map/psr_aclk/U0/EXT_LPF/POR_SRL_I/CLK
Low Pulse Width   Fast    SRL16E/CLK          n/a            0.762         5.000       4.238      SLICE_X21Y18  design_1_i/axi_smc/inst/clk_map/psr_aclk/U0/EXT_LPF/POR_SRL_I/CLK
Low Pulse Width   Slow    SRL16E/CLK          n/a            0.762         5.000       4.238      SLICE_X12Y78  <hidden>
Low Pulse Width   Fast    SRL16E/CLK          n/a            0.762         5.000       4.238      SLICE_X12Y78  <hidden>
Low Pulse Width   Slow    SRL16E/CLK          n/a            0.762         5.000       4.238      SLICE_X12Y78  <hidden>
Low Pulse Width   Fast    SRL16E/CLK          n/a            0.762         5.000       4.238      SLICE_X12Y78  <hidden>
High Pulse Width  Slow    PS8/MAXIGP0ACLK     n/a            1.500         5.000       3.500      PS8_X0Y0      design_1_i/zynq_ultra_ps_e_0/inst/PS8_i/MAXIGP0ACLK
High Pulse Width  Fast    PS8/MAXIGP0ACLK     n/a            1.500         5.000       3.500      PS8_X0Y0      design_1_i/zynq_ultra_ps_e_0/inst/PS8_i/MAXIGP0ACLK
High Pulse Width  Slow    PS8/MAXIGP1ACLK     n/a            1.500         5.000       3.500      PS8_X0Y0      design_1_i/zynq_ultra_ps_e_0/inst/PS8_i/MAXIGP1ACLK
High Pulse Width  Fast    PS8/MAXIGP1ACLK     n/a            1.500         5.000       3.500      PS8_X0Y0      design_1_i/zynq_ultra_ps_e_0/inst/PS8_i/MAXIGP1ACLK
High Pulse Width  Slow    SRL16E/CLK          n/a            0.762         5.000       4.238      SLICE_X21Y18  design_1_i/axi_smc/inst/clk_map/psr_aclk/U0/EXT_LPF/POR_SRL_I/CLK
High Pulse Width  Fast    SRL16E/CLK          n/a            0.762         5.000       4.238      SLICE_X21Y18  design_1_i/axi_smc/inst/clk_map/psr_aclk/U0/EXT_LPF/POR_SRL_I/CLK
High Pulse Width  Slow    SRL16E/CLK          n/a            0.762         5.000       4.238      SLICE_X12Y78  <hidden>
High Pulse Width  Fast    SRL16E/CLK          n/a            0.762         5.000       4.238      SLICE_X12Y78  <hidden>
High Pulse Width  Slow    SRL16E/CLK          n/a            0.762         5.000       4.238      SLICE_X12Y78  <hidden>
High Pulse Width  Fast    SRL16E/CLK          n/a            0.762         5.000       4.238      SLICE_X12Y78  <hidden>



---------------------------------------------------------------------------------------------------
Path Group:  **async_default**
From Clock:  clk_pl_0
  To Clock:  clk_pl_0

Setup :            0  Failing Endpoints,  Worst Slack        6.397ns,  Total Violation        0.000ns
Hold  :            0  Failing Endpoints,  Worst Slack        1.555ns,  Total Violation        0.000ns
---------------------------------------------------------------------------------------------------


Max Delay Paths
--------------------------------------------------------------------------------------
Slack (MET) :             6.397ns  (required time - arrival time)
  Source:                 design_1_i/riscv_wrapper_0/inst/core_rst_n_r_reg/C
                            (rising edge-triggered cell FDRE clocked by clk_pl_0  {rise@0.000ns fall@5.000ns period=10.000ns})
  Destination:            design_1_i/riscv_wrapper_0/inst/rv_core/program_counter/pc_o_reg[25]/CLR
                            (recovery check against rising-edge clock clk_pl_0  {rise@0.000ns fall@5.000ns period=10.000ns})
  Path Group:             **async_default**
  Path Type:              Recovery (Max at Slow Process Corner)
  Requirement:            10.000ns  (clk_pl_0 rise@10.000ns - clk_pl_0 rise@0.000ns)
  Data Path Delay:        3.231ns  (logic 0.157ns (4.860%)  route 3.074ns (95.140%))
  Logic Levels:           1  (BUFGCE=1)
  Clock Path Skew:        -0.119ns (DCD - SCD + CPR)
    Destination Clock Delay (DCD):    3.013ns = ( 13.013 - 10.000 ) 
    Source Clock Delay      (SCD):    3.379ns
    Clock Pessimism Removal (CPR):    0.247ns
  Clock Uncertainty:      0.160ns  ((TSJ^2 + DJ^2)^1/2) / 2 + PE
    Total System Jitter     (TSJ):    0.071ns
    Discrete Jitter          (DJ):    0.312ns
    Phase Error              (PE):    0.000ns
  Clock Net Delay (Source):      3.112ns (routing 1.633ns, distribution 1.479ns)
  Clock Net Delay (Destination): 2.797ns (routing 1.495ns, distribution 1.302ns)

    Location             Delay type                Incr(ns)  Path(ns)    Netlist Resource(s)
  -------------------------------------------------------------------    -------------------
                         (clock clk_pl_0 rise edge)
                                                      0.000     0.000 r  
    PS8_X0Y0             PS8                          0.000     0.000 r  design_1_i/zynq_ultra_ps_e_0/inst/PS8_i/PLCLK[0]
                         net (fo=1, estimated)        0.229     0.229    design_1_i/zynq_ultra_ps_e_0/inst/pl_clk_unbuffered[0]
    BUFG_PS_X0Y80        BUFG_PS (Prop_BUFG_PS_I_O)
                                                      0.038     0.267 r  design_1_i/zynq_ultra_ps_e_0/inst/buffer_pl_clk_0.PL_CLK_0_BUFG/O
    X1Y1 (CLOCK_ROOT)    net (fo=18546, estimated)    3.112     3.379    design_1_i/riscv_wrapper_0/inst/clk_i
    SLICE_X19Y58         FDRE                                         r  design_1_i/riscv_wrapper_0/inst/core_rst_n_r_reg/C
  -------------------------------------------------------------------    -------------------
    SLICE_X19Y58         FDRE (Prop_FFF_SLICEL_C_Q)
                                                      0.113     3.492 r  design_1_i/riscv_wrapper_0/inst/core_rst_n_r_reg/Q
                         net (fo=1, estimated)        1.302     4.794    design_1_i/riscv_wrapper_0/inst/core_rst_n_r_bufg_place
    BUFGCE_X0Y26         BUFGCE (Prop_BUFCE_BUFGCE_I_O)
                                                      0.044     4.838 r  design_1_i/riscv_wrapper_0/inst/core_rst_n_r_reg_bufg_place/O
                         net (fo=1465, estimated)     1.772     6.609    design_1_i/riscv_wrapper_0/inst/rv_core/program_counter/p_0_in
    SLICE_X17Y44         FDCE                                         f  design_1_i/riscv_wrapper_0/inst/rv_core/program_counter/pc_o_reg[25]/CLR  (IS_INVERTED)
  -------------------------------------------------------------------    -------------------

                         (clock clk_pl_0 rise edge)
                                                     10.000    10.000 r  
    PS8_X0Y0             PS8                          0.000    10.000 r  design_1_i/zynq_ultra_ps_e_0/inst/PS8_i/PLCLK[0]
                         net (fo=1, estimated)        0.181    10.181    design_1_i/zynq_ultra_ps_e_0/inst/pl_clk_unbuffered[0]
    BUFG_PS_X0Y80        BUFG_PS (Prop_BUFG_PS_I_O)
                                                      0.035    10.216 r  design_1_i/zynq_ultra_ps_e_0/inst/buffer_pl_clk_0.PL_CLK_0_BUFG/O
    X1Y1 (CLOCK_ROOT)    net (fo=18546, estimated)    2.797    13.013    design_1_i/riscv_wrapper_0/inst/rv_core/program_counter/clk_i
    SLICE_X17Y44         FDCE                                         r  design_1_i/riscv_wrapper_0/inst/rv_core/program_counter/pc_o_reg[25]/C
                         clock pessimism              0.247    13.260    
                         clock uncertainty           -0.160    13.100    
    SLICE_X17Y44         FDCE (Recov_DFF_SLICEM_C_CLR)
                                                     -0.093    13.007    design_1_i/riscv_wrapper_0/inst/rv_core/program_counter/pc_o_reg[25]
  -------------------------------------------------------------------
                         required time                         13.007    
                         arrival time                          -6.609    
  -------------------------------------------------------------------
                         slack                                  6.397    

Slack (MET) :             6.397ns  (required time - arrival time)
  Source:                 design_1_i/riscv_wrapper_0/inst/core_rst_n_r_reg/C
                            (rising edge-triggered cell FDRE clocked by clk_pl_0  {rise@0.000ns fall@5.000ns period=10.000ns})
  Destination:            design_1_i/riscv_wrapper_0/inst/rv_core/program_counter/pc_o_reg[26]/CLR
                            (recovery check against rising-edge clock clk_pl_0  {rise@0.000ns fall@5.000ns period=10.000ns})
  Path Group:             **async_default**
  Path Type:              Recovery (Max at Slow Process Corner)
  Requirement:            10.000ns  (clk_pl_0 rise@10.000ns - clk_pl_0 rise@0.000ns)
  Data Path Delay:        3.231ns  (logic 0.157ns (4.860%)  route 3.074ns (95.140%))
  Logic Levels:           1  (BUFGCE=1)
  Clock Path Skew:        -0.119ns (DCD - SCD + CPR)
    Destination Clock Delay (DCD):    3.013ns = ( 13.013 - 10.000 ) 
    Source Clock Delay      (SCD):    3.379ns
    Clock Pessimism Removal (CPR):    0.247ns
  Clock Uncertainty:      0.160ns  ((TSJ^2 + DJ^2)^1/2) / 2 + PE
    Total System Jitter     (TSJ):    0.071ns
    Discrete Jitter          (DJ):    0.312ns
    Phase Error              (PE):    0.000ns
  Clock Net Delay (Source):      3.112ns (routing 1.633ns, distribution 1.479ns)
  Clock Net Delay (Destination): 2.797ns (routing 1.495ns, distribution 1.302ns)

    Location             Delay type                Incr(ns)  Path(ns)    Netlist Resource(s)
  -------------------------------------------------------------------    -------------------
                         (clock clk_pl_0 rise edge)
                                                      0.000     0.000 r  
    PS8_X0Y0             PS8                          0.000     0.000 r  design_1_i/zynq_ultra_ps_e_0/inst/PS8_i/PLCLK[0]
                         net (fo=1, estimated)        0.229     0.229    design_1_i/zynq_ultra_ps_e_0/inst/pl_clk_unbuffered[0]
    BUFG_PS_X0Y80        BUFG_PS (Prop_BUFG_PS_I_O)
                                                      0.038     0.267 r  design_1_i/zynq_ultra_ps_e_0/inst/buffer_pl_clk_0.PL_CLK_0_BUFG/O
    X1Y1 (CLOCK_ROOT)    net (fo=18546, estimated)    3.112     3.379    design_1_i/riscv_wrapper_0/inst/clk_i
    SLICE_X19Y58         FDRE                                         r  design_1_i/riscv_wrapper_0/inst/core_rst_n_r_reg/C
  -------------------------------------------------------------------    -------------------
    SLICE_X19Y58         FDRE (Prop_FFF_SLICEL_C_Q)
                                                      0.113     3.492 r  design_1_i/riscv_wrapper_0/inst/core_rst_n_r_reg/Q
                         net (fo=1, estimated)        1.302     4.794    design_1_i/riscv_wrapper_0/inst/core_rst_n_r_bufg_place
    BUFGCE_X0Y26         BUFGCE (Prop_BUFCE_BUFGCE_I_O)
                                                      0.044     4.838 r  design_1_i/riscv_wrapper_0/inst/core_rst_n_r_reg_bufg_place/O
                         net (fo=1465, estimated)     1.772     6.609    design_1_i/riscv_wrapper_0/inst/rv_core/program_counter/p_0_in
    SLICE_X17Y44         FDCE                                         f  design_1_i/riscv_wrapper_0/inst/rv_core/program_counter/pc_o_reg[26]/CLR  (IS_INVERTED)
  -------------------------------------------------------------------    -------------------

                         (clock clk_pl_0 rise edge)
                                                     10.000    10.000 r  
    PS8_X0Y0             PS8                          0.000    10.000 r  design_1_i/zynq_ultra_ps_e_0/inst/PS8_i/PLCLK[0]
                         net (fo=1, estimated)        0.181    10.181    design_1_i/zynq_ultra_ps_e_0/inst/pl_clk_unbuffered[0]
    BUFG_PS_X0Y80        BUFG_PS (Prop_BUFG_PS_I_O)
                                                      0.035    10.216 r  design_1_i/zynq_ultra_ps_e_0/inst/buffer_pl_clk_0.PL_CLK_0_BUFG/O
    X1Y1 (CLOCK_ROOT)    net (fo=18546, estimated)    2.797    13.013    design_1_i/riscv_wrapper_0/inst/rv_core/program_counter/clk_i
    SLICE_X17Y44         FDCE                                         r  design_1_i/riscv_wrapper_0/inst/rv_core/program_counter/pc_o_reg[26]/C
                         clock pessimism              0.247    13.260    
                         clock uncertainty           -0.160    13.100    
    SLICE_X17Y44         FDCE (Recov_CFF_SLICEM_C_CLR)
                                                     -0.093    13.007    design_1_i/riscv_wrapper_0/inst/rv_core/program_counter/pc_o_reg[26]
  -------------------------------------------------------------------
                         required time                         13.007    
                         arrival time                          -6.609    
  -------------------------------------------------------------------
                         slack                                  6.397    

Slack (MET) :             6.397ns  (required time - arrival time)
  Source:                 design_1_i/riscv_wrapper_0/inst/core_rst_n_r_reg/C
                            (rising edge-triggered cell FDRE clocked by clk_pl_0  {rise@0.000ns fall@5.000ns period=10.000ns})
  Destination:            design_1_i/riscv_wrapper_0/inst/rv_core/program_counter/pc_o_reg[29]/CLR
                            (recovery check against rising-edge clock clk_pl_0  {rise@0.000ns fall@5.000ns period=10.000ns})
  Path Group:             **async_default**
  Path Type:              Recovery (Max at Slow Process Corner)
  Requirement:            10.000ns  (clk_pl_0 rise@10.000ns - clk_pl_0 rise@0.000ns)
  Data Path Delay:        3.231ns  (logic 0.157ns (4.860%)  route 3.074ns (95.140%))
  Logic Levels:           1  (BUFGCE=1)
  Clock Path Skew:        -0.119ns (DCD - SCD + CPR)
    Destination Clock Delay (DCD):    3.013ns = ( 13.013 - 10.000 ) 
    Source Clock Delay      (SCD):    3.379ns
    Clock Pessimism Removal (CPR):    0.247ns
  Clock Uncertainty:      0.160ns  ((TSJ^2 + DJ^2)^1/2) / 2 + PE
    Total System Jitter     (TSJ):    0.071ns
    Discrete Jitter          (DJ):    0.312ns
    Phase Error              (PE):    0.000ns
  Clock Net Delay (Source):      3.112ns (routing 1.633ns, distribution 1.479ns)
  Clock Net Delay (Destination): 2.797ns (routing 1.495ns, distribution 1.302ns)

    Location             Delay type                Incr(ns)  Path(ns)    Netlist Resource(s)
  -------------------------------------------------------------------    -------------------
                         (clock clk_pl_0 rise edge)
                                                      0.000     0.000 r  
    PS8_X0Y0             PS8                          0.000     0.000 r  design_1_i/zynq_ultra_ps_e_0/inst/PS8_i/PLCLK[0]
                         net (fo=1, estimated)        0.229     0.229    design_1_i/zynq_ultra_ps_e_0/inst/pl_clk_unbuffered[0]
    BUFG_PS_X0Y80        BUFG_PS (Prop_BUFG_PS_I_O)
                                                      0.038     0.267 r  design_1_i/zynq_ultra_ps_e_0/inst/buffer_pl_clk_0.PL_CLK_0_BUFG/O
    X1Y1 (CLOCK_ROOT)    net (fo=18546, estimated)    3.112     3.379    design_1_i/riscv_wrapper_0/inst/clk_i
    SLICE_X19Y58         FDRE                                         r  design_1_i/riscv_wrapper_0/inst/core_rst_n_r_reg/C
  -------------------------------------------------------------------    -------------------
    SLICE_X19Y58         FDRE (Prop_FFF_SLICEL_C_Q)
                                                      0.113     3.492 r  design_1_i/riscv_wrapper_0/inst/core_rst_n_r_reg/Q
                         net (fo=1, estimated)        1.302     4.794    design_1_i/riscv_wrapper_0/inst/core_rst_n_r_bufg_place
    BUFGCE_X0Y26         BUFGCE (Prop_BUFCE_BUFGCE_I_O)
                                                      0.044     4.838 r  design_1_i/riscv_wrapper_0/inst/core_rst_n_r_reg_bufg_place/O
                         net (fo=1465, estimated)     1.772     6.609    design_1_i/riscv_wrapper_0/inst/rv_core/program_counter/p_0_in
    SLICE_X17Y44         FDCE                                         f  design_1_i/riscv_wrapper_0/inst/rv_core/program_counter/pc_o_reg[29]/CLR  (IS_INVERTED)
  -------------------------------------------------------------------    -------------------

                         (clock clk_pl_0 rise edge)
                                                     10.000    10.000 r  
    PS8_X0Y0             PS8                          0.000    10.000 r  design_1_i/zynq_ultra_ps_e_0/inst/PS8_i/PLCLK[0]
                         net (fo=1, estimated)        0.181    10.181    design_1_i/zynq_ultra_ps_e_0/inst/pl_clk_unbuffered[0]
    BUFG_PS_X0Y80        BUFG_PS (Prop_BUFG_PS_I_O)
                                                      0.035    10.216 r  design_1_i/zynq_ultra_ps_e_0/inst/buffer_pl_clk_0.PL_CLK_0_BUFG/O
    X1Y1 (CLOCK_ROOT)    net (fo=18546, estimated)    2.797    13.013    design_1_i/riscv_wrapper_0/inst/rv_core/program_counter/clk_i
    SLICE_X17Y44         FDCE                                         r  design_1_i/riscv_wrapper_0/inst/rv_core/program_counter/pc_o_reg[29]/C
                         clock pessimism              0.247    13.260    
                         clock uncertainty           -0.160    13.100    
    SLICE_X17Y44         FDCE (Recov_BFF_SLICEM_C_CLR)
                                                     -0.093    13.007    design_1_i/riscv_wrapper_0/inst/rv_core/program_counter/pc_o_reg[29]
  -------------------------------------------------------------------
                         required time                         13.007    
                         arrival time                          -6.609    
  -------------------------------------------------------------------
                         slack                                  6.397    

Slack (MET) :             6.397ns  (required time - arrival time)
  Source:                 design_1_i/riscv_wrapper_0/inst/core_rst_n_r_reg/C
                            (rising edge-triggered cell FDRE clocked by clk_pl_0  {rise@0.000ns fall@5.000ns period=10.000ns})
  Destination:            design_1_i/riscv_wrapper_0/inst/rv_core/program_counter/pc_o_reg[18]/CLR
                            (recovery check against rising-edge clock clk_pl_0  {rise@0.000ns fall@5.000ns period=10.000ns})
  Path Group:             **async_default**
  Path Type:              Recovery (Max at Slow Process Corner)
  Requirement:            10.000ns  (clk_pl_0 rise@10.000ns - clk_pl_0 rise@0.000ns)
  Data Path Delay:        3.230ns  (logic 0.157ns (4.861%)  route 3.073ns (95.139%))
  Logic Levels:           1  (BUFGCE=1)
  Clock Path Skew:        -0.120ns (DCD - SCD + CPR)
    Destination Clock Delay (DCD):    3.012ns = ( 13.012 - 10.000 ) 
    Source Clock Delay      (SCD):    3.379ns
    Clock Pessimism Removal (CPR):    0.247ns
  Clock Uncertainty:      0.160ns  ((TSJ^2 + DJ^2)^1/2) / 2 + PE
    Total System Jitter     (TSJ):    0.071ns
    Discrete Jitter          (DJ):    0.312ns
    Phase Error              (PE):    0.000ns
  Clock Net Delay (Source):      3.112ns (routing 1.633ns, distribution 1.479ns)
  Clock Net Delay (Destination): 2.796ns (routing 1.495ns, distribution 1.301ns)

    Location             Delay type                Incr(ns)  Path(ns)    Netlist Resource(s)
  -------------------------------------------------------------------    -------------------
                         (clock clk_pl_0 rise edge)
                                                      0.000     0.000 r  
    PS8_X0Y0             PS8                          0.000     0.000 r  design_1_i/zynq_ultra_ps_e_0/inst/PS8_i/PLCLK[0]
                         net (fo=1, estimated)        0.229     0.229    design_1_i/zynq_ultra_ps_e_0/inst/pl_clk_unbuffered[0]
    BUFG_PS_X0Y80        BUFG_PS (Prop_BUFG_PS_I_O)
                                                      0.038     0.267 r  design_1_i/zynq_ultra_ps_e_0/inst/buffer_pl_clk_0.PL_CLK_0_BUFG/O
    X1Y1 (CLOCK_ROOT)    net (fo=18546, estimated)    3.112     3.379    design_1_i/riscv_wrapper_0/inst/clk_i
    SLICE_X19Y58         FDRE                                         r  design_1_i/riscv_wrapper_0/inst/core_rst_n_r_reg/C
  -------------------------------------------------------------------    -------------------
    SLICE_X19Y58         FDRE (Prop_FFF_SLICEL_C_Q)
                                                      0.113     3.492 r  design_1_i/riscv_wrapper_0/inst/core_rst_n_r_reg/Q
                         net (fo=1, estimated)        1.302     4.794    design_1_i/riscv_wrapper_0/inst/core_rst_n_r_bufg_place
    BUFGCE_X0Y26         BUFGCE (Prop_BUFCE_BUFGCE_I_O)
                                                      0.044     4.838 r  design_1_i/riscv_wrapper_0/inst/core_rst_n_r_reg_bufg_place/O
                         net (fo=1465, estimated)     1.771     6.608    design_1_i/riscv_wrapper_0/inst/rv_core/program_counter/p_0_in
    SLICE_X17Y43         FDCE                                         f  design_1_i/riscv_wrapper_0/inst/rv_core/program_counter/pc_o_reg[18]/CLR  (IS_INVERTED)
  -------------------------------------------------------------------    -------------------

                         (clock clk_pl_0 rise edge)
                                                     10.000    10.000 r  
    PS8_X0Y0             PS8                          0.000    10.000 r  design_1_i/zynq_ultra_ps_e_0/inst/PS8_i/PLCLK[0]
                         net (fo=1, estimated)        0.181    10.181    design_1_i/zynq_ultra_ps_e_0/inst/pl_clk_unbuffered[0]
    BUFG_PS_X0Y80        BUFG_PS (Prop_BUFG_PS_I_O)
                                                      0.035    10.216 r  design_1_i/zynq_ultra_ps_e_0/inst/buffer_pl_clk_0.PL_CLK_0_BUFG/O
    X1Y1 (CLOCK_ROOT)    net (fo=18546, estimated)    2.796    13.012    design_1_i/riscv_wrapper_0/inst/rv_core/program_counter/clk_i
    SLICE_X17Y43         FDCE                                         r  design_1_i/riscv_wrapper_0/inst/rv_core/program_counter/pc_o_reg[18]/C
                         clock pessimism              0.247    13.259    
                         clock uncertainty           -0.160    13.099    
    SLICE_X17Y43         FDCE (Recov_DFF_SLICEM_C_CLR)
                                                     -0.093    13.006    design_1_i/riscv_wrapper_0/inst/rv_core/program_counter/pc_o_reg[18]
  -------------------------------------------------------------------
                         required time                         13.006    
                         arrival time                          -6.608    
  -------------------------------------------------------------------
                         slack                                  6.397    

Slack (MET) :             6.397ns  (required time - arrival time)
  Source:                 design_1_i/riscv_wrapper_0/inst/core_rst_n_r_reg/C
                            (rising edge-triggered cell FDRE clocked by clk_pl_0  {rise@0.000ns fall@5.000ns period=10.000ns})
  Destination:            design_1_i/riscv_wrapper_0/inst/rv_core/program_counter/pc_o_reg[19]/CLR
                            (recovery check against rising-edge clock clk_pl_0  {rise@0.000ns fall@5.000ns period=10.000ns})
  Path Group:             **async_default**
  Path Type:              Recovery (Max at Slow Process Corner)
  Requirement:            10.000ns  (clk_pl_0 rise@10.000ns - clk_pl_0 rise@0.000ns)
  Data Path Delay:        3.230ns  (logic 0.157ns (4.861%)  route 3.073ns (95.139%))
  Logic Levels:           1  (BUFGCE=1)
  Clock Path Skew:        -0.120ns (DCD - SCD + CPR)
    Destination Clock Delay (DCD):    3.012ns = ( 13.012 - 10.000 ) 
    Source Clock Delay      (SCD):    3.379ns
    Clock Pessimism Removal (CPR):    0.247ns
  Clock Uncertainty:      0.160ns  ((TSJ^2 + DJ^2)^1/2) / 2 + PE
    Total System Jitter     (TSJ):    0.071ns
    Discrete Jitter          (DJ):    0.312ns
    Phase Error              (PE):    0.000ns
  Clock Net Delay (Source):      3.112ns (routing 1.633ns, distribution 1.479ns)
  Clock Net Delay (Destination): 2.796ns (routing 1.495ns, distribution 1.301ns)

    Location             Delay type                Incr(ns)  Path(ns)    Netlist Resource(s)
  -------------------------------------------------------------------    -------------------
                         (clock clk_pl_0 rise edge)
                                                      0.000     0.000 r  
    PS8_X0Y0             PS8                          0.000     0.000 r  design_1_i/zynq_ultra_ps_e_0/inst/PS8_i/PLCLK[0]
                         net (fo=1, estimated)        0.229     0.229    design_1_i/zynq_ultra_ps_e_0/inst/pl_clk_unbuffered[0]
    BUFG_PS_X0Y80        BUFG_PS (Prop_BUFG_PS_I_O)
                                                      0.038     0.267 r  design_1_i/zynq_ultra_ps_e_0/inst/buffer_pl_clk_0.PL_CLK_0_BUFG/O
    X1Y1 (CLOCK_ROOT)    net (fo=18546, estimated)    3.112     3.379    design_1_i/riscv_wrapper_0/inst/clk_i
    SLICE_X19Y58         FDRE                                         r  design_1_i/riscv_wrapper_0/inst/core_rst_n_r_reg/C
  -------------------------------------------------------------------    -------------------
    SLICE_X19Y58         FDRE (Prop_FFF_SLICEL_C_Q)
                                                      0.113     3.492 r  design_1_i/riscv_wrapper_0/inst/core_rst_n_r_reg/Q
                         net (fo=1, estimated)        1.302     4.794    design_1_i/riscv_wrapper_0/inst/core_rst_n_r_bufg_place
    BUFGCE_X0Y26         BUFGCE (Prop_BUFCE_BUFGCE_I_O)
                                                      0.044     4.838 r  design_1_i/riscv_wrapper_0/inst/core_rst_n_r_reg_bufg_place/O
                         net (fo=1465, estimated)     1.771     6.608    design_1_i/riscv_wrapper_0/inst/rv_core/program_counter/p_0_in
    SLICE_X17Y43         FDCE                                         f  design_1_i/riscv_wrapper_0/inst/rv_core/program_counter/pc_o_reg[19]/CLR  (IS_INVERTED)
  -------------------------------------------------------------------    -------------------

                         (clock clk_pl_0 rise edge)
                                                     10.000    10.000 r  
    PS8_X0Y0             PS8                          0.000    10.000 r  design_1_i/zynq_ultra_ps_e_0/inst/PS8_i/PLCLK[0]
                         net (fo=1, estimated)        0.181    10.181    design_1_i/zynq_ultra_ps_e_0/inst/pl_clk_unbuffered[0]
    BUFG_PS_X0Y80        BUFG_PS (Prop_BUFG_PS_I_O)
                                                      0.035    10.216 r  design_1_i/zynq_ultra_ps_e_0/inst/buffer_pl_clk_0.PL_CLK_0_BUFG/O
    X1Y1 (CLOCK_ROOT)    net (fo=18546, estimated)    2.796    13.012    design_1_i/riscv_wrapper_0/inst/rv_core/program_counter/clk_i
    SLICE_X17Y43         FDCE                                         r  design_1_i/riscv_wrapper_0/inst/rv_core/program_counter/pc_o_reg[19]/C
                         clock pessimism              0.247    13.259    
                         clock uncertainty           -0.160    13.099    
    SLICE_X17Y43         FDCE (Recov_CFF_SLICEM_C_CLR)
                                                     -0.093    13.006    design_1_i/riscv_wrapper_0/inst/rv_core/program_counter/pc_o_reg[19]
  -------------------------------------------------------------------
                         required time                         13.006    
                         arrival time                          -6.608    
  -------------------------------------------------------------------
                         slack                                  6.397    

Slack (MET) :             6.397ns  (required time - arrival time)
  Source:                 design_1_i/riscv_wrapper_0/inst/core_rst_n_r_reg/C
                            (rising edge-triggered cell FDRE clocked by clk_pl_0  {rise@0.000ns fall@5.000ns period=10.000ns})
  Destination:            design_1_i/riscv_wrapper_0/inst/rv_core/program_counter/pc_o_reg[21]/CLR
                            (recovery check against rising-edge clock clk_pl_0  {rise@0.000ns fall@5.000ns period=10.000ns})
  Path Group:             **async_default**
  Path Type:              Recovery (Max at Slow Process Corner)
  Requirement:            10.000ns  (clk_pl_0 rise@10.000ns - clk_pl_0 rise@0.000ns)
  Data Path Delay:        3.230ns  (logic 0.157ns (4.861%)  route 3.073ns (95.139%))
  Logic Levels:           1  (BUFGCE=1)
  Clock Path Skew:        -0.120ns (DCD - SCD + CPR)
    Destination Clock Delay (DCD):    3.012ns = ( 13.012 - 10.000 ) 
    Source Clock Delay      (SCD):    3.379ns
    Clock Pessimism Removal (CPR):    0.247ns
  Clock Uncertainty:      0.160ns  ((TSJ^2 + DJ^2)^1/2) / 2 + PE
    Total System Jitter     (TSJ):    0.071ns
    Discrete Jitter          (DJ):    0.312ns
    Phase Error              (PE):    0.000ns
  Clock Net Delay (Source):      3.112ns (routing 1.633ns, distribution 1.479ns)
  Clock Net Delay (Destination): 2.796ns (routing 1.495ns, distribution 1.301ns)

    Location             Delay type                Incr(ns)  Path(ns)    Netlist Resource(s)
  -------------------------------------------------------------------    -------------------
                         (clock clk_pl_0 rise edge)
                                                      0.000     0.000 r  
    PS8_X0Y0             PS8                          0.000     0.000 r  design_1_i/zynq_ultra_ps_e_0/inst/PS8_i/PLCLK[0]
                         net (fo=1, estimated)        0.229     0.229    design_1_i/zynq_ultra_ps_e_0/inst/pl_clk_unbuffered[0]
    BUFG_PS_X0Y80        BUFG_PS (Prop_BUFG_PS_I_O)
                                                      0.038     0.267 r  design_1_i/zynq_ultra_ps_e_0/inst/buffer_pl_clk_0.PL_CLK_0_BUFG/O
    X1Y1 (CLOCK_ROOT)    net (fo=18546, estimated)    3.112     3.379    design_1_i/riscv_wrapper_0/inst/clk_i
    SLICE_X19Y58         FDRE                                         r  design_1_i/riscv_wrapper_0/inst/core_rst_n_r_reg/C
  -------------------------------------------------------------------    -------------------
    SLICE_X19Y58         FDRE (Prop_FFF_SLICEL_C_Q)
                                                      0.113     3.492 r  design_1_i/riscv_wrapper_0/inst/core_rst_n_r_reg/Q
                         net (fo=1, estimated)        1.302     4.794    design_1_i/riscv_wrapper_0/inst/core_rst_n_r_bufg_place
    BUFGCE_X0Y26         BUFGCE (Prop_BUFCE_BUFGCE_I_O)
                                                      0.044     4.838 r  design_1_i/riscv_wrapper_0/inst/core_rst_n_r_reg_bufg_place/O
                         net (fo=1465, estimated)     1.771     6.608    design_1_i/riscv_wrapper_0/inst/rv_core/program_counter/p_0_in
    SLICE_X17Y43         FDCE                                         f  design_1_i/riscv_wrapper_0/inst/rv_core/program_counter/pc_o_reg[21]/CLR  (IS_INVERTED)
  -------------------------------------------------------------------    -------------------

                         (clock clk_pl_0 rise edge)
                                                     10.000    10.000 r  
    PS8_X0Y0             PS8                          0.000    10.000 r  design_1_i/zynq_ultra_ps_e_0/inst/PS8_i/PLCLK[0]
                         net (fo=1, estimated)        0.181    10.181    design_1_i/zynq_ultra_ps_e_0/inst/pl_clk_unbuffered[0]
    BUFG_PS_X0Y80        BUFG_PS (Prop_BUFG_PS_I_O)
                                                      0.035    10.216 r  design_1_i/zynq_ultra_ps_e_0/inst/buffer_pl_clk_0.PL_CLK_0_BUFG/O
    X1Y1 (CLOCK_ROOT)    net (fo=18546, estimated)    2.796    13.012    design_1_i/riscv_wrapper_0/inst/rv_core/program_counter/clk_i
    SLICE_X17Y43         FDCE                                         r  design_1_i/riscv_wrapper_0/inst/rv_core/program_counter/pc_o_reg[21]/C
                         clock pessimism              0.247    13.259    
                         clock uncertainty           -0.160    13.099    
    SLICE_X17Y43         FDCE (Recov_BFF_SLICEM_C_CLR)
                                                     -0.093    13.006    design_1_i/riscv_wrapper_0/inst/rv_core/program_counter/pc_o_reg[21]
  -------------------------------------------------------------------
                         required time                         13.006    
                         arrival time                          -6.608    
  -------------------------------------------------------------------
                         slack                                  6.397    

Slack (MET) :             6.397ns  (required time - arrival time)
  Source:                 design_1_i/riscv_wrapper_0/inst/core_rst_n_r_reg/C
                            (rising edge-triggered cell FDRE clocked by clk_pl_0  {rise@0.000ns fall@5.000ns period=10.000ns})
  Destination:            design_1_i/riscv_wrapper_0/inst/rv_core/program_counter/pc_o_reg[22]/CLR
                            (recovery check against rising-edge clock clk_pl_0  {rise@0.000ns fall@5.000ns period=10.000ns})
  Path Group:             **async_default**
  Path Type:              Recovery (Max at Slow Process Corner)
  Requirement:            10.000ns  (clk_pl_0 rise@10.000ns - clk_pl_0 rise@0.000ns)
  Data Path Delay:        3.230ns  (logic 0.157ns (4.861%)  route 3.073ns (95.139%))
  Logic Levels:           1  (BUFGCE=1)
  Clock Path Skew:        -0.120ns (DCD - SCD + CPR)
    Destination Clock Delay (DCD):    3.012ns = ( 13.012 - 10.000 ) 
    Source Clock Delay      (SCD):    3.379ns
    Clock Pessimism Removal (CPR):    0.247ns
  Clock Uncertainty:      0.160ns  ((TSJ^2 + DJ^2)^1/2) / 2 + PE
    Total System Jitter     (TSJ):    0.071ns
    Discrete Jitter          (DJ):    0.312ns
    Phase Error              (PE):    0.000ns
  Clock Net Delay (Source):      3.112ns (routing 1.633ns, distribution 1.479ns)
  Clock Net Delay (Destination): 2.796ns (routing 1.495ns, distribution 1.301ns)

    Location             Delay type                Incr(ns)  Path(ns)    Netlist Resource(s)
  -------------------------------------------------------------------    -------------------
                         (clock clk_pl_0 rise edge)
                                                      0.000     0.000 r  
    PS8_X0Y0             PS8                          0.000     0.000 r  design_1_i/zynq_ultra_ps_e_0/inst/PS8_i/PLCLK[0]
                         net (fo=1, estimated)        0.229     0.229    design_1_i/zynq_ultra_ps_e_0/inst/pl_clk_unbuffered[0]
    BUFG_PS_X0Y80        BUFG_PS (Prop_BUFG_PS_I_O)
                                                      0.038     0.267 r  design_1_i/zynq_ultra_ps_e_0/inst/buffer_pl_clk_0.PL_CLK_0_BUFG/O
    X1Y1 (CLOCK_ROOT)    net (fo=18546, estimated)    3.112     3.379    design_1_i/riscv_wrapper_0/inst/clk_i
    SLICE_X19Y58         FDRE                                         r  design_1_i/riscv_wrapper_0/inst/core_rst_n_r_reg/C
  -------------------------------------------------------------------    -------------------
    SLICE_X19Y58         FDRE (Prop_FFF_SLICEL_C_Q)
                                                      0.113     3.492 r  design_1_i/riscv_wrapper_0/inst/core_rst_n_r_reg/Q
                         net (fo=1, estimated)        1.302     4.794    design_1_i/riscv_wrapper_0/inst/core_rst_n_r_bufg_place
    BUFGCE_X0Y26         BUFGCE (Prop_BUFCE_BUFGCE_I_O)
                                                      0.044     4.838 r  design_1_i/riscv_wrapper_0/inst/core_rst_n_r_reg_bufg_place/O
                         net (fo=1465, estimated)     1.771     6.608    design_1_i/riscv_wrapper_0/inst/rv_core/program_counter/p_0_in
    SLICE_X17Y43         FDCE                                         f  design_1_i/riscv_wrapper_0/inst/rv_core/program_counter/pc_o_reg[22]/CLR  (IS_INVERTED)
  -------------------------------------------------------------------    -------------------

                         (clock clk_pl_0 rise edge)
                                                     10.000    10.000 r  
    PS8_X0Y0             PS8                          0.000    10.000 r  design_1_i/zynq_ultra_ps_e_0/inst/PS8_i/PLCLK[0]
                         net (fo=1, estimated)        0.181    10.181    design_1_i/zynq_ultra_ps_e_0/inst/pl_clk_unbuffered[0]
    BUFG_PS_X0Y80        BUFG_PS (Prop_BUFG_PS_I_O)
                                                      0.035    10.216 r  design_1_i/zynq_ultra_ps_e_0/inst/buffer_pl_clk_0.PL_CLK_0_BUFG/O
    X1Y1 (CLOCK_ROOT)    net (fo=18546, estimated)    2.796    13.012    design_1_i/riscv_wrapper_0/inst/rv_core/program_counter/clk_i
    SLICE_X17Y43         FDCE                                         r  design_1_i/riscv_wrapper_0/inst/rv_core/program_counter/pc_o_reg[22]/C
                         clock pessimism              0.247    13.259    
                         clock uncertainty           -0.160    13.099    
    SLICE_X17Y43         FDCE (Recov_AFF_SLICEM_C_CLR)
                                                     -0.093    13.006    design_1_i/riscv_wrapper_0/inst/rv_core/program_counter/pc_o_reg[22]
  -------------------------------------------------------------------
                         required time                         13.006    
                         arrival time                          -6.608    
  -------------------------------------------------------------------
                         slack                                  6.397    

Slack (MET) :             6.397ns  (required time - arrival time)
  Source:                 design_1_i/riscv_wrapper_0/inst/core_rst_n_r_reg/C
                            (rising edge-triggered cell FDRE clocked by clk_pl_0  {rise@0.000ns fall@5.000ns period=10.000ns})
  Destination:            design_1_i/riscv_wrapper_0/inst/rv_core/program_counter/pc_o_reg[11]/CLR
                            (recovery check against rising-edge clock clk_pl_0  {rise@0.000ns fall@5.000ns period=10.000ns})
  Path Group:             **async_default**
  Path Type:              Recovery (Max at Slow Process Corner)
  Requirement:            10.000ns  (clk_pl_0 rise@10.000ns - clk_pl_0 rise@0.000ns)
  Data Path Delay:        3.229ns  (logic 0.157ns (4.863%)  route 3.072ns (95.137%))
  Logic Levels:           1  (BUFGCE=1)
  Clock Path Skew:        -0.121ns (DCD - SCD + CPR)
    Destination Clock Delay (DCD):    3.011ns = ( 13.011 - 10.000 ) 
    Source Clock Delay      (SCD):    3.379ns
    Clock Pessimism Removal (CPR):    0.247ns
  Clock Uncertainty:      0.160ns  ((TSJ^2 + DJ^2)^1/2) / 2 + PE
    Total System Jitter     (TSJ):    0.071ns
    Discrete Jitter          (DJ):    0.312ns
    Phase Error              (PE):    0.000ns
  Clock Net Delay (Source):      3.112ns (routing 1.633ns, distribution 1.479ns)
  Clock Net Delay (Destination): 2.795ns (routing 1.495ns, distribution 1.300ns)

    Location             Delay type                Incr(ns)  Path(ns)    Netlist Resource(s)
  -------------------------------------------------------------------    -------------------
                         (clock clk_pl_0 rise edge)
                                                      0.000     0.000 r  
    PS8_X0Y0             PS8                          0.000     0.000 r  design_1_i/zynq_ultra_ps_e_0/inst/PS8_i/PLCLK[0]
                         net (fo=1, estimated)        0.229     0.229    design_1_i/zynq_ultra_ps_e_0/inst/pl_clk_unbuffered[0]
    BUFG_PS_X0Y80        BUFG_PS (Prop_BUFG_PS_I_O)
                                                      0.038     0.267 r  design_1_i/zynq_ultra_ps_e_0/inst/buffer_pl_clk_0.PL_CLK_0_BUFG/O
    X1Y1 (CLOCK_ROOT)    net (fo=18546, estimated)    3.112     3.379    design_1_i/riscv_wrapper_0/inst/clk_i
    SLICE_X19Y58         FDRE                                         r  design_1_i/riscv_wrapper_0/inst/core_rst_n_r_reg/C
  -------------------------------------------------------------------    -------------------
    SLICE_X19Y58         FDRE (Prop_FFF_SLICEL_C_Q)
                                                      0.113     3.492 r  design_1_i/riscv_wrapper_0/inst/core_rst_n_r_reg/Q
                         net (fo=1, estimated)        1.302     4.794    design_1_i/riscv_wrapper_0/inst/core_rst_n_r_bufg_place
    BUFGCE_X0Y26         BUFGCE (Prop_BUFCE_BUFGCE_I_O)
                                                      0.044     4.838 r  design_1_i/riscv_wrapper_0/inst/core_rst_n_r_reg_bufg_place/O
                         net (fo=1465, estimated)     1.770     6.607    design_1_i/riscv_wrapper_0/inst/rv_core/program_counter/p_0_in
    SLICE_X17Y42         FDCE                                         f  design_1_i/riscv_wrapper_0/inst/rv_core/program_counter/pc_o_reg[11]/CLR  (IS_INVERTED)
  -------------------------------------------------------------------    -------------------

                         (clock clk_pl_0 rise edge)
                                                     10.000    10.000 r  
    PS8_X0Y0             PS8                          0.000    10.000 r  design_1_i/zynq_ultra_ps_e_0/inst/PS8_i/PLCLK[0]
                         net (fo=1, estimated)        0.181    10.181    design_1_i/zynq_ultra_ps_e_0/inst/pl_clk_unbuffered[0]
    BUFG_PS_X0Y80        BUFG_PS (Prop_BUFG_PS_I_O)
                                                      0.035    10.216 r  design_1_i/zynq_ultra_ps_e_0/inst/buffer_pl_clk_0.PL_CLK_0_BUFG/O
    X1Y1 (CLOCK_ROOT)    net (fo=18546, estimated)    2.795    13.011    design_1_i/riscv_wrapper_0/inst/rv_core/program_counter/clk_i
    SLICE_X17Y42         FDCE                                         r  design_1_i/riscv_wrapper_0/inst/rv_core/program_counter/pc_o_reg[11]/C
                         clock pessimism              0.247    13.258    
                         clock uncertainty           -0.160    13.098    
    SLICE_X17Y42         FDCE (Recov_DFF_SLICEM_C_CLR)
                                                     -0.093    13.005    design_1_i/riscv_wrapper_0/inst/rv_core/program_counter/pc_o_reg[11]
  -------------------------------------------------------------------
                         required time                         13.005    
                         arrival time                          -6.607    
  -------------------------------------------------------------------
                         slack                                  6.397    

Slack (MET) :             6.397ns  (required time - arrival time)
  Source:                 design_1_i/riscv_wrapper_0/inst/core_rst_n_r_reg/C
                            (rising edge-triggered cell FDRE clocked by clk_pl_0  {rise@0.000ns fall@5.000ns period=10.000ns})
  Destination:            design_1_i/riscv_wrapper_0/inst/rv_core/program_counter/pc_o_reg[13]/CLR
                            (recovery check against rising-edge clock clk_pl_0  {rise@0.000ns fall@5.000ns period=10.000ns})
  Path Group:             **async_default**
  Path Type:              Recovery (Max at Slow Process Corner)
  Requirement:            10.000ns  (clk_pl_0 rise@10.000ns - clk_pl_0 rise@0.000ns)
  Data Path Delay:        3.229ns  (logic 0.157ns (4.863%)  route 3.072ns (95.137%))
  Logic Levels:           1  (BUFGCE=1)
  Clock Path Skew:        -0.121ns (DCD - SCD + CPR)
    Destination Clock Delay (DCD):    3.011ns = ( 13.011 - 10.000 ) 
    Source Clock Delay      (SCD):    3.379ns
    Clock Pessimism Removal (CPR):    0.247ns
  Clock Uncertainty:      0.160ns  ((TSJ^2 + DJ^2)^1/2) / 2 + PE
    Total System Jitter     (TSJ):    0.071ns
    Discrete Jitter          (DJ):    0.312ns
    Phase Error              (PE):    0.000ns
  Clock Net Delay (Source):      3.112ns (routing 1.633ns, distribution 1.479ns)
  Clock Net Delay (Destination): 2.795ns (routing 1.495ns, distribution 1.300ns)

    Location             Delay type                Incr(ns)  Path(ns)    Netlist Resource(s)
  -------------------------------------------------------------------    -------------------
                         (clock clk_pl_0 rise edge)
                                                      0.000     0.000 r  
    PS8_X0Y0             PS8                          0.000     0.000 r  design_1_i/zynq_ultra_ps_e_0/inst/PS8_i/PLCLK[0]
                         net (fo=1, estimated)        0.229     0.229    design_1_i/zynq_ultra_ps_e_0/inst/pl_clk_unbuffered[0]
    BUFG_PS_X0Y80        BUFG_PS (Prop_BUFG_PS_I_O)
                                                      0.038     0.267 r  design_1_i/zynq_ultra_ps_e_0/inst/buffer_pl_clk_0.PL_CLK_0_BUFG/O
    X1Y1 (CLOCK_ROOT)    net (fo=18546, estimated)    3.112     3.379    design_1_i/riscv_wrapper_0/inst/clk_i
    SLICE_X19Y58         FDRE                                         r  design_1_i/riscv_wrapper_0/inst/core_rst_n_r_reg/C
  -------------------------------------------------------------------    -------------------
    SLICE_X19Y58         FDRE (Prop_FFF_SLICEL_C_Q)
                                                      0.113     3.492 r  design_1_i/riscv_wrapper_0/inst/core_rst_n_r_reg/Q
                         net (fo=1, estimated)        1.302     4.794    design_1_i/riscv_wrapper_0/inst/core_rst_n_r_bufg_place
    BUFGCE_X0Y26         BUFGCE (Prop_BUFCE_BUFGCE_I_O)
                                                      0.044     4.838 r  design_1_i/riscv_wrapper_0/inst/core_rst_n_r_reg_bufg_place/O
                         net (fo=1465, estimated)     1.770     6.607    design_1_i/riscv_wrapper_0/inst/rv_core/program_counter/p_0_in
    SLICE_X17Y42         FDCE                                         f  design_1_i/riscv_wrapper_0/inst/rv_core/program_counter/pc_o_reg[13]/CLR  (IS_INVERTED)
  -------------------------------------------------------------------    -------------------

                         (clock clk_pl_0 rise edge)
                                                     10.000    10.000 r  
    PS8_X0Y0             PS8                          0.000    10.000 r  design_1_i/zynq_ultra_ps_e_0/inst/PS8_i/PLCLK[0]
                         net (fo=1, estimated)        0.181    10.181    design_1_i/zynq_ultra_ps_e_0/inst/pl_clk_unbuffered[0]
    BUFG_PS_X0Y80        BUFG_PS (Prop_BUFG_PS_I_O)
                                                      0.035    10.216 r  design_1_i/zynq_ultra_ps_e_0/inst/buffer_pl_clk_0.PL_CLK_0_BUFG/O
    X1Y1 (CLOCK_ROOT)    net (fo=18546, estimated)    2.795    13.011    design_1_i/riscv_wrapper_0/inst/rv_core/program_counter/clk_i
    SLICE_X17Y42         FDCE                                         r  design_1_i/riscv_wrapper_0/inst/rv_core/program_counter/pc_o_reg[13]/C
                         clock pessimism              0.247    13.258    
                         clock uncertainty           -0.160    13.098    
    SLICE_X17Y42         FDCE (Recov_CFF_SLICEM_C_CLR)
                                                     -0.093    13.005    design_1_i/riscv_wrapper_0/inst/rv_core/program_counter/pc_o_reg[13]
  -------------------------------------------------------------------
                         required time                         13.005    
                         arrival time                          -6.607    
  -------------------------------------------------------------------
                         slack                                  6.397    

Slack (MET) :             6.397ns  (required time - arrival time)
  Source:                 design_1_i/riscv_wrapper_0/inst/core_rst_n_r_reg/C
                            (rising edge-triggered cell FDRE clocked by clk_pl_0  {rise@0.000ns fall@5.000ns period=10.000ns})
  Destination:            design_1_i/riscv_wrapper_0/inst/rv_core/program_counter/pc_o_reg[20]/CLR
                            (recovery check against rising-edge clock clk_pl_0  {rise@0.000ns fall@5.000ns period=10.000ns})
  Path Group:             **async_default**
  Path Type:              Recovery (Max at Slow Process Corner)
  Requirement:            10.000ns  (clk_pl_0 rise@10.000ns - clk_pl_0 rise@0.000ns)
  Data Path Delay:        3.229ns  (logic 0.157ns (4.863%)  route 3.072ns (95.137%))
  Logic Levels:           1  (BUFGCE=1)
  Clock Path Skew:        -0.121ns (DCD - SCD + CPR)
    Destination Clock Delay (DCD):    3.011ns = ( 13.011 - 10.000 ) 
    Source Clock Delay      (SCD):    3.379ns
    Clock Pessimism Removal (CPR):    0.247ns
  Clock Uncertainty:      0.160ns  ((TSJ^2 + DJ^2)^1/2) / 2 + PE
    Total System Jitter     (TSJ):    0.071ns
    Discrete Jitter          (DJ):    0.312ns
    Phase Error              (PE):    0.000ns
  Clock Net Delay (Source):      3.112ns (routing 1.633ns, distribution 1.479ns)
  Clock Net Delay (Destination): 2.795ns (routing 1.495ns, distribution 1.300ns)

    Location             Delay type                Incr(ns)  Path(ns)    Netlist Resource(s)
  -------------------------------------------------------------------    -------------------
                         (clock clk_pl_0 rise edge)
                                                      0.000     0.000 r  
    PS8_X0Y0             PS8                          0.000     0.000 r  design_1_i/zynq_ultra_ps_e_0/inst/PS8_i/PLCLK[0]
                         net (fo=1, estimated)        0.229     0.229    design_1_i/zynq_ultra_ps_e_0/inst/pl_clk_unbuffered[0]
    BUFG_PS_X0Y80        BUFG_PS (Prop_BUFG_PS_I_O)
                                                      0.038     0.267 r  design_1_i/zynq_ultra_ps_e_0/inst/buffer_pl_clk_0.PL_CLK_0_BUFG/O
    X1Y1 (CLOCK_ROOT)    net (fo=18546, estimated)    3.112     3.379    design_1_i/riscv_wrapper_0/inst/clk_i
    SLICE_X19Y58         FDRE                                         r  design_1_i/riscv_wrapper_0/inst/core_rst_n_r_reg/C
  -------------------------------------------------------------------    -------------------
    SLICE_X19Y58         FDRE (Prop_FFF_SLICEL_C_Q)
                                                      0.113     3.492 r  design_1_i/riscv_wrapper_0/inst/core_rst_n_r_reg/Q
                         net (fo=1, estimated)        1.302     4.794    design_1_i/riscv_wrapper_0/inst/core_rst_n_r_bufg_place
    BUFGCE_X0Y26         BUFGCE (Prop_BUFCE_BUFGCE_I_O)
                                                      0.044     4.838 r  design_1_i/riscv_wrapper_0/inst/core_rst_n_r_reg_bufg_place/O
                         net (fo=1465, estimated)     1.770     6.607    design_1_i/riscv_wrapper_0/inst/rv_core/program_counter/p_0_in
    SLICE_X17Y42         FDCE                                         f  design_1_i/riscv_wrapper_0/inst/rv_core/program_counter/pc_o_reg[20]/CLR  (IS_INVERTED)
  -------------------------------------------------------------------    -------------------

                         (clock clk_pl_0 rise edge)
                                                     10.000    10.000 r  
    PS8_X0Y0             PS8                          0.000    10.000 r  design_1_i/zynq_ultra_ps_e_0/inst/PS8_i/PLCLK[0]
                         net (fo=1, estimated)        0.181    10.181    design_1_i/zynq_ultra_ps_e_0/inst/pl_clk_unbuffered[0]
    BUFG_PS_X0Y80        BUFG_PS (Prop_BUFG_PS_I_O)
                                                      0.035    10.216 r  design_1_i/zynq_ultra_ps_e_0/inst/buffer_pl_clk_0.PL_CLK_0_BUFG/O
    X1Y1 (CLOCK_ROOT)    net (fo=18546, estimated)    2.795    13.011    design_1_i/riscv_wrapper_0/inst/rv_core/program_counter/clk_i
    SLICE_X17Y42         FDCE                                         r  design_1_i/riscv_wrapper_0/inst/rv_core/program_counter/pc_o_reg[20]/C
                         clock pessimism              0.247    13.258    
                         clock uncertainty           -0.160    13.098    
    SLICE_X17Y42         FDCE (Recov_BFF_SLICEM_C_CLR)
                                                     -0.093    13.005    design_1_i/riscv_wrapper_0/inst/rv_core/program_counter/pc_o_reg[20]
  -------------------------------------------------------------------
                         required time                         13.005    
                         arrival time                          -6.607    
  -------------------------------------------------------------------
                         slack                                  6.397    





Min Delay Paths
--------------------------------------------------------------------------------------
Slack (MET) :             1.555ns  (arrival time - required time)
  Source:                 design_1_i/riscv_wrapper_0/inst/core_rst_n_r_reg/C
                            (rising edge-triggered cell FDRE clocked by clk_pl_0  {rise@0.000ns fall@5.000ns period=10.000ns})
  Destination:            design_1_i/riscv_wrapper_0/inst/rv_core/if_id_pipeline_reg/pc_o_reg[19]/CLR
                            (removal check against rising-edge clock clk_pl_0  {rise@0.000ns fall@5.000ns period=10.000ns})
  Path Group:             **async_default**
  Path Type:              Removal (Min at Fast Process Corner)
  Requirement:            0.000ns  (clk_pl_0 rise@0.000ns - clk_pl_0 rise@0.000ns)
  Data Path Delay:        1.580ns  (logic 0.106ns (6.709%)  route 1.474ns (93.291%))
  Logic Levels:           1  (BUFGCE=1)
  Clock Path Skew:        0.043ns (DCD - SCD - CPR)
    Destination Clock Delay (DCD):    2.045ns
    Source Clock Delay      (SCD):    1.853ns
    Clock Pessimism Removal (CPR):    0.149ns
  Clock Net Delay (Source):      1.702ns (routing 0.919ns, distribution 0.783ns)
  Clock Net Delay (Destination): 1.858ns (routing 1.007ns, distribution 0.851ns)

    Location             Delay type                Incr(ns)  Path(ns)    Netlist Resource(s)
  -------------------------------------------------------------------    -------------------
                         (clock clk_pl_0 rise edge)
                                                      0.000     0.000 r  
    PS8_X0Y0             PS8                          0.000     0.000 r  design_1_i/zynq_ultra_ps_e_0/inst/PS8_i/PLCLK[0]
                         net (fo=1, estimated)        0.129     0.129    design_1_i/zynq_ultra_ps_e_0/inst/pl_clk_unbuffered[0]
    BUFG_PS_X0Y80        BUFG_PS (Prop_BUFG_PS_I_O)
                                                      0.022     0.151 r  design_1_i/zynq_ultra_ps_e_0/inst/buffer_pl_clk_0.PL_CLK_0_BUFG/O
    X1Y1 (CLOCK_ROOT)    net (fo=18546, estimated)    1.702     1.853    design_1_i/riscv_wrapper_0/inst/clk_i
    SLICE_X19Y58         FDRE                                         r  design_1_i/riscv_wrapper_0/inst/core_rst_n_r_reg/C
  -------------------------------------------------------------------    -------------------
    SLICE_X19Y58         FDRE (Prop_FFF_SLICEL_C_Q)
                                                      0.083     1.936 r  design_1_i/riscv_wrapper_0/inst/core_rst_n_r_reg/Q
                         net (fo=1, estimated)        0.564     2.500    design_1_i/riscv_wrapper_0/inst/core_rst_n_r_bufg_place
    BUFGCE_X0Y26         BUFGCE (Prop_BUFCE_BUFGCE_I_O)
                                                      0.023     2.523 r  design_1_i/riscv_wrapper_0/inst/core_rst_n_r_reg_bufg_place/O
                         net (fo=1465, estimated)     0.910     3.433    design_1_i/riscv_wrapper_0/inst/rv_core/if_id_pipeline_reg/p_0_in
    SLICE_X15Y46         FDCE                                         f  design_1_i/riscv_wrapper_0/inst/rv_core/if_id_pipeline_reg/pc_o_reg[19]/CLR  (IS_INVERTED)
  -------------------------------------------------------------------    -------------------

                         (clock clk_pl_0 rise edge)
                                                      0.000     0.000 r  
    PS8_X0Y0             PS8                          0.000     0.000 r  design_1_i/zynq_ultra_ps_e_0/inst/PS8_i/PLCLK[0]
                         net (fo=1, estimated)        0.164     0.164    design_1_i/zynq_ultra_ps_e_0/inst/pl_clk_unbuffered[0]
    BUFG_PS_X0Y80        BUFG_PS (Prop_BUFG_PS_I_O)
                                                      0.023     0.187 r  design_1_i/zynq_ultra_ps_e_0/inst/buffer_pl_clk_0.PL_CLK_0_BUFG/O
    X1Y1 (CLOCK_ROOT)    net (fo=18546, estimated)    1.858     2.045    design_1_i/riscv_wrapper_0/inst/rv_core/if_id_pipeline_reg/clk_i
    SLICE_X15Y46         FDCE                                         r  design_1_i/riscv_wrapper_0/inst/rv_core/if_id_pipeline_reg/pc_o_reg[19]/C
                         clock pessimism             -0.149     1.896    
    SLICE_X15Y46         FDCE (Remov_EFF_SLICEL_C_CLR)
                                                     -0.018     1.878    design_1_i/riscv_wrapper_0/inst/rv_core/if_id_pipeline_reg/pc_o_reg[19]
  -------------------------------------------------------------------
                         required time                         -1.878    
                         arrival time                           3.433    
  -------------------------------------------------------------------
                         slack                                  1.555    

Slack (MET) :             1.555ns  (arrival time - required time)
  Source:                 design_1_i/riscv_wrapper_0/inst/core_rst_n_r_reg/C
                            (rising edge-triggered cell FDRE clocked by clk_pl_0  {rise@0.000ns fall@5.000ns period=10.000ns})
  Destination:            design_1_i/riscv_wrapper_0/inst/rv_core/if_id_pipeline_reg/pc_o_reg[26]/CLR
                            (removal check against rising-edge clock clk_pl_0  {rise@0.000ns fall@5.000ns period=10.000ns})
  Path Group:             **async_default**
  Path Type:              Removal (Min at Fast Process Corner)
  Requirement:            0.000ns  (clk_pl_0 rise@0.000ns - clk_pl_0 rise@0.000ns)
  Data Path Delay:        1.580ns  (logic 0.106ns (6.709%)  route 1.474ns (93.291%))
  Logic Levels:           1  (BUFGCE=1)
  Clock Path Skew:        0.043ns (DCD - SCD - CPR)
    Destination Clock Delay (DCD):    2.045ns
    Source Clock Delay      (SCD):    1.853ns
    Clock Pessimism Removal (CPR):    0.149ns
  Clock Net Delay (Source):      1.702ns (routing 0.919ns, distribution 0.783ns)
  Clock Net Delay (Destination): 1.858ns (routing 1.007ns, distribution 0.851ns)

    Location             Delay type                Incr(ns)  Path(ns)    Netlist Resource(s)
  -------------------------------------------------------------------    -------------------
                         (clock clk_pl_0 rise edge)
                                                      0.000     0.000 r  
    PS8_X0Y0             PS8                          0.000     0.000 r  design_1_i/zynq_ultra_ps_e_0/inst/PS8_i/PLCLK[0]
                         net (fo=1, estimated)        0.129     0.129    design_1_i/zynq_ultra_ps_e_0/inst/pl_clk_unbuffered[0]
    BUFG_PS_X0Y80        BUFG_PS (Prop_BUFG_PS_I_O)
                                                      0.022     0.151 r  design_1_i/zynq_ultra_ps_e_0/inst/buffer_pl_clk_0.PL_CLK_0_BUFG/O
    X1Y1 (CLOCK_ROOT)    net (fo=18546, estimated)    1.702     1.853    design_1_i/riscv_wrapper_0/inst/clk_i
    SLICE_X19Y58         FDRE                                         r  design_1_i/riscv_wrapper_0/inst/core_rst_n_r_reg/C
  -------------------------------------------------------------------    -------------------
    SLICE_X19Y58         FDRE (Prop_FFF_SLICEL_C_Q)
                                                      0.083     1.936 r  design_1_i/riscv_wrapper_0/inst/core_rst_n_r_reg/Q
                         net (fo=1, estimated)        0.564     2.500    design_1_i/riscv_wrapper_0/inst/core_rst_n_r_bufg_place
    BUFGCE_X0Y26         BUFGCE (Prop_BUFCE_BUFGCE_I_O)
                                                      0.023     2.523 r  design_1_i/riscv_wrapper_0/inst/core_rst_n_r_reg_bufg_place/O
                         net (fo=1465, estimated)     0.910     3.433    design_1_i/riscv_wrapper_0/inst/rv_core/if_id_pipeline_reg/p_0_in
    SLICE_X15Y46         FDCE                                         f  design_1_i/riscv_wrapper_0/inst/rv_core/if_id_pipeline_reg/pc_o_reg[26]/CLR  (IS_INVERTED)
  -------------------------------------------------------------------    -------------------

                         (clock clk_pl_0 rise edge)
                                                      0.000     0.000 r  
    PS8_X0Y0             PS8                          0.000     0.000 r  design_1_i/zynq_ultra_ps_e_0/inst/PS8_i/PLCLK[0]
                         net (fo=1, estimated)        0.164     0.164    design_1_i/zynq_ultra_ps_e_0/inst/pl_clk_unbuffered[0]
    BUFG_PS_X0Y80        BUFG_PS (Prop_BUFG_PS_I_O)
                                                      0.023     0.187 r  design_1_i/zynq_ultra_ps_e_0/inst/buffer_pl_clk_0.PL_CLK_0_BUFG/O
    X1Y1 (CLOCK_ROOT)    net (fo=18546, estimated)    1.858     2.045    design_1_i/riscv_wrapper_0/inst/rv_core/if_id_pipeline_reg/clk_i
    SLICE_X15Y46         FDCE                                         r  design_1_i/riscv_wrapper_0/inst/rv_core/if_id_pipeline_reg/pc_o_reg[26]/C
                         clock pessimism             -0.149     1.896    
    SLICE_X15Y46         FDCE (Remov_EFF2_SLICEL_C_CLR)
                                                     -0.018     1.878    design_1_i/riscv_wrapper_0/inst/rv_core/if_id_pipeline_reg/pc_o_reg[26]
  -------------------------------------------------------------------
                         required time                         -1.878    
                         arrival time                           3.433    
  -------------------------------------------------------------------
                         slack                                  1.555    

Slack (MET) :             1.557ns  (arrival time - required time)
  Source:                 design_1_i/riscv_wrapper_0/inst/core_rst_n_r_reg/C
                            (rising edge-triggered cell FDRE clocked by clk_pl_0  {rise@0.000ns fall@5.000ns period=10.000ns})
  Destination:            design_1_i/riscv_wrapper_0/inst/rv_core/program_counter/pc_o_reg[18]/CLR
                            (removal check against rising-edge clock clk_pl_0  {rise@0.000ns fall@5.000ns period=10.000ns})
  Path Group:             **async_default**
  Path Type:              Removal (Min at Fast Process Corner)
  Requirement:            0.000ns  (clk_pl_0 rise@0.000ns - clk_pl_0 rise@0.000ns)
  Data Path Delay:        1.583ns  (logic 0.106ns (6.696%)  route 1.477ns (93.304%))
  Logic Levels:           1  (BUFGCE=1)
  Clock Path Skew:        0.044ns (DCD - SCD - CPR)
    Destination Clock Delay (DCD):    2.046ns
    Source Clock Delay      (SCD):    1.853ns
    Clock Pessimism Removal (CPR):    0.149ns
  Clock Net Delay (Source):      1.702ns (routing 0.919ns, distribution 0.783ns)
  Clock Net Delay (Destination): 1.859ns (routing 1.007ns, distribution 0.852ns)

    Location             Delay type                Incr(ns)  Path(ns)    Netlist Resource(s)
  -------------------------------------------------------------------    -------------------
                         (clock clk_pl_0 rise edge)
                                                      0.000     0.000 r  
    PS8_X0Y0             PS8                          0.000     0.000 r  design_1_i/zynq_ultra_ps_e_0/inst/PS8_i/PLCLK[0]
                         net (fo=1, estimated)        0.129     0.129    design_1_i/zynq_ultra_ps_e_0/inst/pl_clk_unbuffered[0]
    BUFG_PS_X0Y80        BUFG_PS (Prop_BUFG_PS_I_O)
                                                      0.022     0.151 r  design_1_i/zynq_ultra_ps_e_0/inst/buffer_pl_clk_0.PL_CLK_0_BUFG/O
    X1Y1 (CLOCK_ROOT)    net (fo=18546, estimated)    1.702     1.853    design_1_i/riscv_wrapper_0/inst/clk_i
    SLICE_X19Y58         FDRE                                         r  design_1_i/riscv_wrapper_0/inst/core_rst_n_r_reg/C
  -------------------------------------------------------------------    -------------------
    SLICE_X19Y58         FDRE (Prop_FFF_SLICEL_C_Q)
                                                      0.083     1.936 r  design_1_i/riscv_wrapper_0/inst/core_rst_n_r_reg/Q
                         net (fo=1, estimated)        0.564     2.500    design_1_i/riscv_wrapper_0/inst/core_rst_n_r_bufg_place
    BUFGCE_X0Y26         BUFGCE (Prop_BUFCE_BUFGCE_I_O)
                                                      0.023     2.523 r  design_1_i/riscv_wrapper_0/inst/core_rst_n_r_reg_bufg_place/O
                         net (fo=1465, estimated)     0.913     3.436    design_1_i/riscv_wrapper_0/inst/rv_core/program_counter/p_0_in
    SLICE_X17Y43         FDCE                                         f  design_1_i/riscv_wrapper_0/inst/rv_core/program_counter/pc_o_reg[18]/CLR  (IS_INVERTED)
  -------------------------------------------------------------------    -------------------

                         (clock clk_pl_0 rise edge)
                                                      0.000     0.000 r  
    PS8_X0Y0             PS8                          0.000     0.000 r  design_1_i/zynq_ultra_ps_e_0/inst/PS8_i/PLCLK[0]
                         net (fo=1, estimated)        0.164     0.164    design_1_i/zynq_ultra_ps_e_0/inst/pl_clk_unbuffered[0]
    BUFG_PS_X0Y80        BUFG_PS (Prop_BUFG_PS_I_O)
                                                      0.023     0.187 r  design_1_i/zynq_ultra_ps_e_0/inst/buffer_pl_clk_0.PL_CLK_0_BUFG/O
    X1Y1 (CLOCK_ROOT)    net (fo=18546, estimated)    1.859     2.046    design_1_i/riscv_wrapper_0/inst/rv_core/program_counter/clk_i
    SLICE_X17Y43         FDCE                                         r  design_1_i/riscv_wrapper_0/inst/rv_core/program_counter/pc_o_reg[18]/C
                         clock pessimism             -0.149     1.897    
    SLICE_X17Y43         FDCE (Remov_DFF_SLICEM_C_CLR)
                                                     -0.018     1.879    design_1_i/riscv_wrapper_0/inst/rv_core/program_counter/pc_o_reg[18]
  -------------------------------------------------------------------
                         required time                         -1.879    
                         arrival time                           3.436    
  -------------------------------------------------------------------
                         slack                                  1.557    

Slack (MET) :             1.557ns  (arrival time - required time)
  Source:                 design_1_i/riscv_wrapper_0/inst/core_rst_n_r_reg/C
                            (rising edge-triggered cell FDRE clocked by clk_pl_0  {rise@0.000ns fall@5.000ns period=10.000ns})
  Destination:            design_1_i/riscv_wrapper_0/inst/rv_core/program_counter/pc_o_reg[19]/CLR
                            (removal check against rising-edge clock clk_pl_0  {rise@0.000ns fall@5.000ns period=10.000ns})
  Path Group:             **async_default**
  Path Type:              Removal (Min at Fast Process Corner)
  Requirement:            0.000ns  (clk_pl_0 rise@0.000ns - clk_pl_0 rise@0.000ns)
  Data Path Delay:        1.583ns  (logic 0.106ns (6.696%)  route 1.477ns (93.304%))
  Logic Levels:           1  (BUFGCE=1)
  Clock Path Skew:        0.044ns (DCD - SCD - CPR)
    Destination Clock Delay (DCD):    2.046ns
    Source Clock Delay      (SCD):    1.853ns
    Clock Pessimism Removal (CPR):    0.149ns
  Clock Net Delay (Source):      1.702ns (routing 0.919ns, distribution 0.783ns)
  Clock Net Delay (Destination): 1.859ns (routing 1.007ns, distribution 0.852ns)

    Location             Delay type                Incr(ns)  Path(ns)    Netlist Resource(s)
  -------------------------------------------------------------------    -------------------
                         (clock clk_pl_0 rise edge)
                                                      0.000     0.000 r  
    PS8_X0Y0             PS8                          0.000     0.000 r  design_1_i/zynq_ultra_ps_e_0/inst/PS8_i/PLCLK[0]
                         net (fo=1, estimated)        0.129     0.129    design_1_i/zynq_ultra_ps_e_0/inst/pl_clk_unbuffered[0]
    BUFG_PS_X0Y80        BUFG_PS (Prop_BUFG_PS_I_O)
                                                      0.022     0.151 r  design_1_i/zynq_ultra_ps_e_0/inst/buffer_pl_clk_0.PL_CLK_0_BUFG/O
    X1Y1 (CLOCK_ROOT)    net (fo=18546, estimated)    1.702     1.853    design_1_i/riscv_wrapper_0/inst/clk_i
    SLICE_X19Y58         FDRE                                         r  design_1_i/riscv_wrapper_0/inst/core_rst_n_r_reg/C
  -------------------------------------------------------------------    -------------------
    SLICE_X19Y58         FDRE (Prop_FFF_SLICEL_C_Q)
                                                      0.083     1.936 r  design_1_i/riscv_wrapper_0/inst/core_rst_n_r_reg/Q
                         net (fo=1, estimated)        0.564     2.500    design_1_i/riscv_wrapper_0/inst/core_rst_n_r_bufg_place
    BUFGCE_X0Y26         BUFGCE (Prop_BUFCE_BUFGCE_I_O)
                                                      0.023     2.523 r  design_1_i/riscv_wrapper_0/inst/core_rst_n_r_reg_bufg_place/O
                         net (fo=1465, estimated)     0.913     3.436    design_1_i/riscv_wrapper_0/inst/rv_core/program_counter/p_0_in
    SLICE_X17Y43         FDCE                                         f  design_1_i/riscv_wrapper_0/inst/rv_core/program_counter/pc_o_reg[19]/CLR  (IS_INVERTED)
  -------------------------------------------------------------------    -------------------

                         (clock clk_pl_0 rise edge)
                                                      0.000     0.000 r  
    PS8_X0Y0             PS8                          0.000     0.000 r  design_1_i/zynq_ultra_ps_e_0/inst/PS8_i/PLCLK[0]
                         net (fo=1, estimated)        0.164     0.164    design_1_i/zynq_ultra_ps_e_0/inst/pl_clk_unbuffered[0]
    BUFG_PS_X0Y80        BUFG_PS (Prop_BUFG_PS_I_O)
                                                      0.023     0.187 r  design_1_i/zynq_ultra_ps_e_0/inst/buffer_pl_clk_0.PL_CLK_0_BUFG/O
    X1Y1 (CLOCK_ROOT)    net (fo=18546, estimated)    1.859     2.046    design_1_i/riscv_wrapper_0/inst/rv_core/program_counter/clk_i
    SLICE_X17Y43         FDCE                                         r  design_1_i/riscv_wrapper_0/inst/rv_core/program_counter/pc_o_reg[19]/C
                         clock pessimism             -0.149     1.897    
    SLICE_X17Y43         FDCE (Remov_CFF_SLICEM_C_CLR)
                                                     -0.018     1.879    design_1_i/riscv_wrapper_0/inst/rv_core/program_counter/pc_o_reg[19]
  -------------------------------------------------------------------
                         required time                         -1.879    
                         arrival time                           3.436    
  -------------------------------------------------------------------
                         slack                                  1.557    

Slack (MET) :             1.557ns  (arrival time - required time)
  Source:                 design_1_i/riscv_wrapper_0/inst/core_rst_n_r_reg/C
                            (rising edge-triggered cell FDRE clocked by clk_pl_0  {rise@0.000ns fall@5.000ns period=10.000ns})
  Destination:            design_1_i/riscv_wrapper_0/inst/rv_core/program_counter/pc_o_reg[21]/CLR
                            (removal check against rising-edge clock clk_pl_0  {rise@0.000ns fall@5.000ns period=10.000ns})
  Path Group:             **async_default**
  Path Type:              Removal (Min at Fast Process Corner)
  Requirement:            0.000ns  (clk_pl_0 rise@0.000ns - clk_pl_0 rise@0.000ns)
  Data Path Delay:        1.583ns  (logic 0.106ns (6.696%)  route 1.477ns (93.304%))
  Logic Levels:           1  (BUFGCE=1)
  Clock Path Skew:        0.044ns (DCD - SCD - CPR)
    Destination Clock Delay (DCD):    2.046ns
    Source Clock Delay      (SCD):    1.853ns
    Clock Pessimism Removal (CPR):    0.149ns
  Clock Net Delay (Source):      1.702ns (routing 0.919ns, distribution 0.783ns)
  Clock Net Delay (Destination): 1.859ns (routing 1.007ns, distribution 0.852ns)

    Location             Delay type                Incr(ns)  Path(ns)    Netlist Resource(s)
  -------------------------------------------------------------------    -------------------
                         (clock clk_pl_0 rise edge)
                                                      0.000     0.000 r  
    PS8_X0Y0             PS8                          0.000     0.000 r  design_1_i/zynq_ultra_ps_e_0/inst/PS8_i/PLCLK[0]
                         net (fo=1, estimated)        0.129     0.129    design_1_i/zynq_ultra_ps_e_0/inst/pl_clk_unbuffered[0]
    BUFG_PS_X0Y80        BUFG_PS (Prop_BUFG_PS_I_O)
                                                      0.022     0.151 r  design_1_i/zynq_ultra_ps_e_0/inst/buffer_pl_clk_0.PL_CLK_0_BUFG/O
    X1Y1 (CLOCK_ROOT)    net (fo=18546, estimated)    1.702     1.853    design_1_i/riscv_wrapper_0/inst/clk_i
    SLICE_X19Y58         FDRE                                         r  design_1_i/riscv_wrapper_0/inst/core_rst_n_r_reg/C
  -------------------------------------------------------------------    -------------------
    SLICE_X19Y58         FDRE (Prop_FFF_SLICEL_C_Q)
                                                      0.083     1.936 r  design_1_i/riscv_wrapper_0/inst/core_rst_n_r_reg/Q
                         net (fo=1, estimated)        0.564     2.500    design_1_i/riscv_wrapper_0/inst/core_rst_n_r_bufg_place
    BUFGCE_X0Y26         BUFGCE (Prop_BUFCE_BUFGCE_I_O)
                                                      0.023     2.523 r  design_1_i/riscv_wrapper_0/inst/core_rst_n_r_reg_bufg_place/O
                         net (fo=1465, estimated)     0.913     3.436    design_1_i/riscv_wrapper_0/inst/rv_core/program_counter/p_0_in
    SLICE_X17Y43         FDCE                                         f  design_1_i/riscv_wrapper_0/inst/rv_core/program_counter/pc_o_reg[21]/CLR  (IS_INVERTED)
  -------------------------------------------------------------------    -------------------

                         (clock clk_pl_0 rise edge)
                                                      0.000     0.000 r  
    PS8_X0Y0             PS8                          0.000     0.000 r  design_1_i/zynq_ultra_ps_e_0/inst/PS8_i/PLCLK[0]
                         net (fo=1, estimated)        0.164     0.164    design_1_i/zynq_ultra_ps_e_0/inst/pl_clk_unbuffered[0]
    BUFG_PS_X0Y80        BUFG_PS (Prop_BUFG_PS_I_O)
                                                      0.023     0.187 r  design_1_i/zynq_ultra_ps_e_0/inst/buffer_pl_clk_0.PL_CLK_0_BUFG/O
    X1Y1 (CLOCK_ROOT)    net (fo=18546, estimated)    1.859     2.046    design_1_i/riscv_wrapper_0/inst/rv_core/program_counter/clk_i
    SLICE_X17Y43         FDCE                                         r  design_1_i/riscv_wrapper_0/inst/rv_core/program_counter/pc_o_reg[21]/C
                         clock pessimism             -0.149     1.897    
    SLICE_X17Y43         FDCE (Remov_BFF_SLICEM_C_CLR)
                                                     -0.018     1.879    design_1_i/riscv_wrapper_0/inst/rv_core/program_counter/pc_o_reg[21]
  -------------------------------------------------------------------
                         required time                         -1.879    
                         arrival time                           3.436    
  -------------------------------------------------------------------
                         slack                                  1.557    

Slack (MET) :             1.557ns  (arrival time - required time)
  Source:                 design_1_i/riscv_wrapper_0/inst/core_rst_n_r_reg/C
                            (rising edge-triggered cell FDRE clocked by clk_pl_0  {rise@0.000ns fall@5.000ns period=10.000ns})
  Destination:            design_1_i/riscv_wrapper_0/inst/rv_core/program_counter/pc_o_reg[22]/CLR
                            (removal check against rising-edge clock clk_pl_0  {rise@0.000ns fall@5.000ns period=10.000ns})
  Path Group:             **async_default**
  Path Type:              Removal (Min at Fast Process Corner)
  Requirement:            0.000ns  (clk_pl_0 rise@0.000ns - clk_pl_0 rise@0.000ns)
  Data Path Delay:        1.583ns  (logic 0.106ns (6.696%)  route 1.477ns (93.304%))
  Logic Levels:           1  (BUFGCE=1)
  Clock Path Skew:        0.044ns (DCD - SCD - CPR)
    Destination Clock Delay (DCD):    2.046ns
    Source Clock Delay      (SCD):    1.853ns
    Clock Pessimism Removal (CPR):    0.149ns
  Clock Net Delay (Source):      1.702ns (routing 0.919ns, distribution 0.783ns)
  Clock Net Delay (Destination): 1.859ns (routing 1.007ns, distribution 0.852ns)

    Location             Delay type                Incr(ns)  Path(ns)    Netlist Resource(s)
  -------------------------------------------------------------------    -------------------
                         (clock clk_pl_0 rise edge)
                                                      0.000     0.000 r  
    PS8_X0Y0             PS8                          0.000     0.000 r  design_1_i/zynq_ultra_ps_e_0/inst/PS8_i/PLCLK[0]
                         net (fo=1, estimated)        0.129     0.129    design_1_i/zynq_ultra_ps_e_0/inst/pl_clk_unbuffered[0]
    BUFG_PS_X0Y80        BUFG_PS (Prop_BUFG_PS_I_O)
                                                      0.022     0.151 r  design_1_i/zynq_ultra_ps_e_0/inst/buffer_pl_clk_0.PL_CLK_0_BUFG/O
    X1Y1 (CLOCK_ROOT)    net (fo=18546, estimated)    1.702     1.853    design_1_i/riscv_wrapper_0/inst/clk_i
    SLICE_X19Y58         FDRE                                         r  design_1_i/riscv_wrapper_0/inst/core_rst_n_r_reg/C
  -------------------------------------------------------------------    -------------------
    SLICE_X19Y58         FDRE (Prop_FFF_SLICEL_C_Q)
                                                      0.083     1.936 r  design_1_i/riscv_wrapper_0/inst/core_rst_n_r_reg/Q
                         net (fo=1, estimated)        0.564     2.500    design_1_i/riscv_wrapper_0/inst/core_rst_n_r_bufg_place
    BUFGCE_X0Y26         BUFGCE (Prop_BUFCE_BUFGCE_I_O)
                                                      0.023     2.523 r  design_1_i/riscv_wrapper_0/inst/core_rst_n_r_reg_bufg_place/O
                         net (fo=1465, estimated)     0.913     3.436    design_1_i/riscv_wrapper_0/inst/rv_core/program_counter/p_0_in
    SLICE_X17Y43         FDCE                                         f  design_1_i/riscv_wrapper_0/inst/rv_core/program_counter/pc_o_reg[22]/CLR  (IS_INVERTED)
  -------------------------------------------------------------------    -------------------

                         (clock clk_pl_0 rise edge)
                                                      0.000     0.000 r  
    PS8_X0Y0             PS8                          0.000     0.000 r  design_1_i/zynq_ultra_ps_e_0/inst/PS8_i/PLCLK[0]
                         net (fo=1, estimated)        0.164     0.164    design_1_i/zynq_ultra_ps_e_0/inst/pl_clk_unbuffered[0]
    BUFG_PS_X0Y80        BUFG_PS (Prop_BUFG_PS_I_O)
                                                      0.023     0.187 r  design_1_i/zynq_ultra_ps_e_0/inst/buffer_pl_clk_0.PL_CLK_0_BUFG/O
    X1Y1 (CLOCK_ROOT)    net (fo=18546, estimated)    1.859     2.046    design_1_i/riscv_wrapper_0/inst/rv_core/program_counter/clk_i
    SLICE_X17Y43         FDCE                                         r  design_1_i/riscv_wrapper_0/inst/rv_core/program_counter/pc_o_reg[22]/C
                         clock pessimism             -0.149     1.897    
    SLICE_X17Y43         FDCE (Remov_AFF_SLICEM_C_CLR)
                                                     -0.018     1.879    design_1_i/riscv_wrapper_0/inst/rv_core/program_counter/pc_o_reg[22]
  -------------------------------------------------------------------
                         required time                         -1.879    
                         arrival time                           3.436    
  -------------------------------------------------------------------
                         slack                                  1.557    

Slack (MET) :             1.557ns  (arrival time - required time)
  Source:                 design_1_i/riscv_wrapper_0/inst/core_rst_n_r_reg/C
                            (rising edge-triggered cell FDRE clocked by clk_pl_0  {rise@0.000ns fall@5.000ns period=10.000ns})
  Destination:            design_1_i/riscv_wrapper_0/inst/rv_core/program_counter/pc_o_reg[17]/CLR
                            (removal check against rising-edge clock clk_pl_0  {rise@0.000ns fall@5.000ns period=10.000ns})
  Path Group:             **async_default**
  Path Type:              Removal (Min at Fast Process Corner)
  Requirement:            0.000ns  (clk_pl_0 rise@0.000ns - clk_pl_0 rise@0.000ns)
  Data Path Delay:        1.582ns  (logic 0.106ns (6.700%)  route 1.476ns (93.300%))
  Logic Levels:           1  (BUFGCE=1)
  Clock Path Skew:        0.043ns (DCD - SCD - CPR)
    Destination Clock Delay (DCD):    2.045ns
    Source Clock Delay      (SCD):    1.853ns
    Clock Pessimism Removal (CPR):    0.149ns
  Clock Net Delay (Source):      1.702ns (routing 0.919ns, distribution 0.783ns)
  Clock Net Delay (Destination): 1.858ns (routing 1.007ns, distribution 0.851ns)

    Location             Delay type                Incr(ns)  Path(ns)    Netlist Resource(s)
  -------------------------------------------------------------------    -------------------
                         (clock clk_pl_0 rise edge)
                                                      0.000     0.000 r  
    PS8_X0Y0             PS8                          0.000     0.000 r  design_1_i/zynq_ultra_ps_e_0/inst/PS8_i/PLCLK[0]
                         net (fo=1, estimated)        0.129     0.129    design_1_i/zynq_ultra_ps_e_0/inst/pl_clk_unbuffered[0]
    BUFG_PS_X0Y80        BUFG_PS (Prop_BUFG_PS_I_O)
                                                      0.022     0.151 r  design_1_i/zynq_ultra_ps_e_0/inst/buffer_pl_clk_0.PL_CLK_0_BUFG/O
    X1Y1 (CLOCK_ROOT)    net (fo=18546, estimated)    1.702     1.853    design_1_i/riscv_wrapper_0/inst/clk_i
    SLICE_X19Y58         FDRE                                         r  design_1_i/riscv_wrapper_0/inst/core_rst_n_r_reg/C
  -------------------------------------------------------------------    -------------------
    SLICE_X19Y58         FDRE (Prop_FFF_SLICEL_C_Q)
                                                      0.083     1.936 r  design_1_i/riscv_wrapper_0/inst/core_rst_n_r_reg/Q
                         net (fo=1, estimated)        0.564     2.500    design_1_i/riscv_wrapper_0/inst/core_rst_n_r_bufg_place
    BUFGCE_X0Y26         BUFGCE (Prop_BUFCE_BUFGCE_I_O)
                                                      0.023     2.523 r  design_1_i/riscv_wrapper_0/inst/core_rst_n_r_reg_bufg_place/O
                         net (fo=1465, estimated)     0.912     3.435    design_1_i/riscv_wrapper_0/inst/rv_core/program_counter/p_0_in
    SLICE_X17Y43         FDCE                                         f  design_1_i/riscv_wrapper_0/inst/rv_core/program_counter/pc_o_reg[17]/CLR  (IS_INVERTED)
  -------------------------------------------------------------------    -------------------

                         (clock clk_pl_0 rise edge)
                                                      0.000     0.000 r  
    PS8_X0Y0             PS8                          0.000     0.000 r  design_1_i/zynq_ultra_ps_e_0/inst/PS8_i/PLCLK[0]
                         net (fo=1, estimated)        0.164     0.164    design_1_i/zynq_ultra_ps_e_0/inst/pl_clk_unbuffered[0]
    BUFG_PS_X0Y80        BUFG_PS (Prop_BUFG_PS_I_O)
                                                      0.023     0.187 r  design_1_i/zynq_ultra_ps_e_0/inst/buffer_pl_clk_0.PL_CLK_0_BUFG/O
    X1Y1 (CLOCK_ROOT)    net (fo=18546, estimated)    1.858     2.045    design_1_i/riscv_wrapper_0/inst/rv_core/program_counter/clk_i
    SLICE_X17Y43         FDCE                                         r  design_1_i/riscv_wrapper_0/inst/rv_core/program_counter/pc_o_reg[17]/C
                         clock pessimism             -0.149     1.896    
    SLICE_X17Y43         FDCE (Remov_HFF_SLICEM_C_CLR)
                                                     -0.018     1.878    design_1_i/riscv_wrapper_0/inst/rv_core/program_counter/pc_o_reg[17]
  -------------------------------------------------------------------
                         required time                         -1.878    
                         arrival time                           3.435    
  -------------------------------------------------------------------
                         slack                                  1.557    

Slack (MET) :             1.558ns  (arrival time - required time)
  Source:                 design_1_i/riscv_wrapper_0/inst/core_rst_n_r_reg/C
                            (rising edge-triggered cell FDRE clocked by clk_pl_0  {rise@0.000ns fall@5.000ns period=10.000ns})
  Destination:            design_1_i/riscv_wrapper_0/inst/rv_core/program_counter/pc_o_reg[25]/CLR
                            (removal check against rising-edge clock clk_pl_0  {rise@0.000ns fall@5.000ns period=10.000ns})
  Path Group:             **async_default**
  Path Type:              Removal (Min at Fast Process Corner)
  Requirement:            0.000ns  (clk_pl_0 rise@0.000ns - clk_pl_0 rise@0.000ns)
  Data Path Delay:        1.584ns  (logic 0.106ns (6.692%)  route 1.478ns (93.308%))
  Logic Levels:           1  (BUFGCE=1)
  Clock Path Skew:        0.044ns (DCD - SCD - CPR)
    Destination Clock Delay (DCD):    2.046ns
    Source Clock Delay      (SCD):    1.853ns
    Clock Pessimism Removal (CPR):    0.149ns
  Clock Net Delay (Source):      1.702ns (routing 0.919ns, distribution 0.783ns)
  Clock Net Delay (Destination): 1.859ns (routing 1.007ns, distribution 0.852ns)

    Location             Delay type                Incr(ns)  Path(ns)    Netlist Resource(s)
  -------------------------------------------------------------------    -------------------
                         (clock clk_pl_0 rise edge)
                                                      0.000     0.000 r  
    PS8_X0Y0             PS8                          0.000     0.000 r  design_1_i/zynq_ultra_ps_e_0/inst/PS8_i/PLCLK[0]
                         net (fo=1, estimated)        0.129     0.129    design_1_i/zynq_ultra_ps_e_0/inst/pl_clk_unbuffered[0]
    BUFG_PS_X0Y80        BUFG_PS (Prop_BUFG_PS_I_O)
                                                      0.022     0.151 r  design_1_i/zynq_ultra_ps_e_0/inst/buffer_pl_clk_0.PL_CLK_0_BUFG/O
    X1Y1 (CLOCK_ROOT)    net (fo=18546, estimated)    1.702     1.853    design_1_i/riscv_wrapper_0/inst/clk_i
    SLICE_X19Y58         FDRE                                         r  design_1_i/riscv_wrapper_0/inst/core_rst_n_r_reg/C
  -------------------------------------------------------------------    -------------------
    SLICE_X19Y58         FDRE (Prop_FFF_SLICEL_C_Q)
                                                      0.083     1.936 r  design_1_i/riscv_wrapper_0/inst/core_rst_n_r_reg/Q
                         net (fo=1, estimated)        0.564     2.500    design_1_i/riscv_wrapper_0/inst/core_rst_n_r_bufg_place
    BUFGCE_X0Y26         BUFGCE (Prop_BUFCE_BUFGCE_I_O)
                                                      0.023     2.523 r  design_1_i/riscv_wrapper_0/inst/core_rst_n_r_reg_bufg_place/O
                         net (fo=1465, estimated)     0.914     3.437    design_1_i/riscv_wrapper_0/inst/rv_core/program_counter/p_0_in
    SLICE_X17Y44         FDCE                                         f  design_1_i/riscv_wrapper_0/inst/rv_core/program_counter/pc_o_reg[25]/CLR  (IS_INVERTED)
  -------------------------------------------------------------------    -------------------

                         (clock clk_pl_0 rise edge)
                                                      0.000     0.000 r  
    PS8_X0Y0             PS8                          0.000     0.000 r  design_1_i/zynq_ultra_ps_e_0/inst/PS8_i/PLCLK[0]
                         net (fo=1, estimated)        0.164     0.164    design_1_i/zynq_ultra_ps_e_0/inst/pl_clk_unbuffered[0]
    BUFG_PS_X0Y80        BUFG_PS (Prop_BUFG_PS_I_O)
                                                      0.023     0.187 r  design_1_i/zynq_ultra_ps_e_0/inst/buffer_pl_clk_0.PL_CLK_0_BUFG/O
    X1Y1 (CLOCK_ROOT)    net (fo=18546, estimated)    1.859     2.046    design_1_i/riscv_wrapper_0/inst/rv_core/program_counter/clk_i
    SLICE_X17Y44         FDCE                                         r  design_1_i/riscv_wrapper_0/inst/rv_core/program_counter/pc_o_reg[25]/C
                         clock pessimism             -0.149     1.897    
    SLICE_X17Y44         FDCE (Remov_DFF_SLICEM_C_CLR)
                                                     -0.018     1.879    design_1_i/riscv_wrapper_0/inst/rv_core/program_counter/pc_o_reg[25]
  -------------------------------------------------------------------
                         required time                         -1.879    
                         arrival time                           3.437    
  -------------------------------------------------------------------
                         slack                                  1.558    

Slack (MET) :             1.558ns  (arrival time - required time)
  Source:                 design_1_i/riscv_wrapper_0/inst/core_rst_n_r_reg/C
                            (rising edge-triggered cell FDRE clocked by clk_pl_0  {rise@0.000ns fall@5.000ns period=10.000ns})
  Destination:            design_1_i/riscv_wrapper_0/inst/rv_core/program_counter/pc_o_reg[26]/CLR
                            (removal check against rising-edge clock clk_pl_0  {rise@0.000ns fall@5.000ns period=10.000ns})
  Path Group:             **async_default**
  Path Type:              Removal (Min at Fast Process Corner)
  Requirement:            0.000ns  (clk_pl_0 rise@0.000ns - clk_pl_0 rise@0.000ns)
  Data Path Delay:        1.584ns  (logic 0.106ns (6.692%)  route 1.478ns (93.308%))
  Logic Levels:           1  (BUFGCE=1)
  Clock Path Skew:        0.044ns (DCD - SCD - CPR)
    Destination Clock Delay (DCD):    2.046ns
    Source Clock Delay      (SCD):    1.853ns
    Clock Pessimism Removal (CPR):    0.149ns
  Clock Net Delay (Source):      1.702ns (routing 0.919ns, distribution 0.783ns)
  Clock Net Delay (Destination): 1.859ns (routing 1.007ns, distribution 0.852ns)

    Location             Delay type                Incr(ns)  Path(ns)    Netlist Resource(s)
  -------------------------------------------------------------------    -------------------
                         (clock clk_pl_0 rise edge)
                                                      0.000     0.000 r  
    PS8_X0Y0             PS8                          0.000     0.000 r  design_1_i/zynq_ultra_ps_e_0/inst/PS8_i/PLCLK[0]
                         net (fo=1, estimated)        0.129     0.129    design_1_i/zynq_ultra_ps_e_0/inst/pl_clk_unbuffered[0]
    BUFG_PS_X0Y80        BUFG_PS (Prop_BUFG_PS_I_O)
                                                      0.022     0.151 r  design_1_i/zynq_ultra_ps_e_0/inst/buffer_pl_clk_0.PL_CLK_0_BUFG/O
    X1Y1 (CLOCK_ROOT)    net (fo=18546, estimated)    1.702     1.853    design_1_i/riscv_wrapper_0/inst/clk_i
    SLICE_X19Y58         FDRE                                         r  design_1_i/riscv_wrapper_0/inst/core_rst_n_r_reg/C
  -------------------------------------------------------------------    -------------------
    SLICE_X19Y58         FDRE (Prop_FFF_SLICEL_C_Q)
                                                      0.083     1.936 r  design_1_i/riscv_wrapper_0/inst/core_rst_n_r_reg/Q
                         net (fo=1, estimated)        0.564     2.500    design_1_i/riscv_wrapper_0/inst/core_rst_n_r_bufg_place
    BUFGCE_X0Y26         BUFGCE (Prop_BUFCE_BUFGCE_I_O)
                                                      0.023     2.523 r  design_1_i/riscv_wrapper_0/inst/core_rst_n_r_reg_bufg_place/O
                         net (fo=1465, estimated)     0.914     3.437    design_1_i/riscv_wrapper_0/inst/rv_core/program_counter/p_0_in
    SLICE_X17Y44         FDCE                                         f  design_1_i/riscv_wrapper_0/inst/rv_core/program_counter/pc_o_reg[26]/CLR  (IS_INVERTED)
  -------------------------------------------------------------------    -------------------

                         (clock clk_pl_0 rise edge)
                                                      0.000     0.000 r  
    PS8_X0Y0             PS8                          0.000     0.000 r  design_1_i/zynq_ultra_ps_e_0/inst/PS8_i/PLCLK[0]
                         net (fo=1, estimated)        0.164     0.164    design_1_i/zynq_ultra_ps_e_0/inst/pl_clk_unbuffered[0]
    BUFG_PS_X0Y80        BUFG_PS (Prop_BUFG_PS_I_O)
                                                      0.023     0.187 r  design_1_i/zynq_ultra_ps_e_0/inst/buffer_pl_clk_0.PL_CLK_0_BUFG/O
    X1Y1 (CLOCK_ROOT)    net (fo=18546, estimated)    1.859     2.046    design_1_i/riscv_wrapper_0/inst/rv_core/program_counter/clk_i
    SLICE_X17Y44         FDCE                                         r  design_1_i/riscv_wrapper_0/inst/rv_core/program_counter/pc_o_reg[26]/C
                         clock pessimism             -0.149     1.897    
    SLICE_X17Y44         FDCE (Remov_CFF_SLICEM_C_CLR)
                                                     -0.018     1.879    design_1_i/riscv_wrapper_0/inst/rv_core/program_counter/pc_o_reg[26]
  -------------------------------------------------------------------
                         required time                         -1.879    
                         arrival time                           3.437    
  -------------------------------------------------------------------
                         slack                                  1.558    

Slack (MET) :             1.558ns  (arrival time - required time)
  Source:                 design_1_i/riscv_wrapper_0/inst/core_rst_n_r_reg/C
                            (rising edge-triggered cell FDRE clocked by clk_pl_0  {rise@0.000ns fall@5.000ns period=10.000ns})
  Destination:            design_1_i/riscv_wrapper_0/inst/rv_core/program_counter/pc_o_reg[29]/CLR
                            (removal check against rising-edge clock clk_pl_0  {rise@0.000ns fall@5.000ns period=10.000ns})
  Path Group:             **async_default**
  Path Type:              Removal (Min at Fast Process Corner)
  Requirement:            0.000ns  (clk_pl_0 rise@0.000ns - clk_pl_0 rise@0.000ns)
  Data Path Delay:        1.584ns  (logic 0.106ns (6.692%)  route 1.478ns (93.308%))
  Logic Levels:           1  (BUFGCE=1)
  Clock Path Skew:        0.044ns (DCD - SCD - CPR)
    Destination Clock Delay (DCD):    2.046ns
    Source Clock Delay      (SCD):    1.853ns
    Clock Pessimism Removal (CPR):    0.149ns
  Clock Net Delay (Source):      1.702ns (routing 0.919ns, distribution 0.783ns)
  Clock Net Delay (Destination): 1.859ns (routing 1.007ns, distribution 0.852ns)

    Location             Delay type                Incr(ns)  Path(ns)    Netlist Resource(s)
  -------------------------------------------------------------------    -------------------
                         (clock clk_pl_0 rise edge)
                                                      0.000     0.000 r  
    PS8_X0Y0             PS8                          0.000     0.000 r  design_1_i/zynq_ultra_ps_e_0/inst/PS8_i/PLCLK[0]
                         net (fo=1, estimated)        0.129     0.129    design_1_i/zynq_ultra_ps_e_0/inst/pl_clk_unbuffered[0]
    BUFG_PS_X0Y80        BUFG_PS (Prop_BUFG_PS_I_O)
                                                      0.022     0.151 r  design_1_i/zynq_ultra_ps_e_0/inst/buffer_pl_clk_0.PL_CLK_0_BUFG/O
    X1Y1 (CLOCK_ROOT)    net (fo=18546, estimated)    1.702     1.853    design_1_i/riscv_wrapper_0/inst/clk_i
    SLICE_X19Y58         FDRE                                         r  design_1_i/riscv_wrapper_0/inst/core_rst_n_r_reg/C
  -------------------------------------------------------------------    -------------------
    SLICE_X19Y58         FDRE (Prop_FFF_SLICEL_C_Q)
                                                      0.083     1.936 r  design_1_i/riscv_wrapper_0/inst/core_rst_n_r_reg/Q
                         net (fo=1, estimated)        0.564     2.500    design_1_i/riscv_wrapper_0/inst/core_rst_n_r_bufg_place
    BUFGCE_X0Y26         BUFGCE (Prop_BUFCE_BUFGCE_I_O)
                                                      0.023     2.523 r  design_1_i/riscv_wrapper_0/inst/core_rst_n_r_reg_bufg_place/O
                         net (fo=1465, estimated)     0.914     3.437    design_1_i/riscv_wrapper_0/inst/rv_core/program_counter/p_0_in
    SLICE_X17Y44         FDCE                                         f  design_1_i/riscv_wrapper_0/inst/rv_core/program_counter/pc_o_reg[29]/CLR  (IS_INVERTED)
  -------------------------------------------------------------------    -------------------

                         (clock clk_pl_0 rise edge)
                                                      0.000     0.000 r  
    PS8_X0Y0             PS8                          0.000     0.000 r  design_1_i/zynq_ultra_ps_e_0/inst/PS8_i/PLCLK[0]
                         net (fo=1, estimated)        0.164     0.164    design_1_i/zynq_ultra_ps_e_0/inst/pl_clk_unbuffered[0]
    BUFG_PS_X0Y80        BUFG_PS (Prop_BUFG_PS_I_O)
                                                      0.023     0.187 r  design_1_i/zynq_ultra_ps_e_0/inst/buffer_pl_clk_0.PL_CLK_0_BUFG/O
    X1Y1 (CLOCK_ROOT)    net (fo=18546, estimated)    1.859     2.046    design_1_i/riscv_wrapper_0/inst/rv_core/program_counter/clk_i
    SLICE_X17Y44         FDCE                                         r  design_1_i/riscv_wrapper_0/inst/rv_core/program_counter/pc_o_reg[29]/C
                         clock pessimism             -0.149     1.897    
    SLICE_X17Y44         FDCE (Remov_BFF_SLICEM_C_CLR)
                                                     -0.018     1.879    design_1_i/riscv_wrapper_0/inst/rv_core/program_counter/pc_o_reg[29]
  -------------------------------------------------------------------
                         required time                         -1.879    
                         arrival time                           3.437    
  -------------------------------------------------------------------
                         slack                                  1.558    





--------------------------------------------------------------------------------------
Path Group:  (none)
From Clock:  
  To Clock:  clk_pl_0

Max Delay             1 Endpoint
Min Delay             1 Endpoint
--------------------------------------------------------------------------------------


Max Delay Paths
--------------------------------------------------------------------------------------
Slack:                    inf
  Source:                 design_1_i/zynq_ultra_ps_e_0/inst/PS8_i/EMIOGPIOO[95]
                            (internal pin)
  Destination:            design_1_i/rst_ps8_0_99M/U0/EXT_LPF/ACTIVE_LOW_EXT.ACT_LO_EXT/syncstages_ff_reg[0]/D
                            (rising edge-triggered cell FDRE clocked by clk_pl_0  {rise@0.000ns fall@5.000ns period=10.000ns})
  Path Group:             (none)
  Path Type:              Setup (Max at Slow Process Corner)
  Data Path Delay:        2.723ns  (logic 0.060ns (2.203%)  route 2.663ns (97.797%))
  Logic Levels:           1  (LUT1=1)
  Clock Uncertainty:      0.158ns  ((TSJ^2 + DJ^2)^1/2) / 2 + PE
    Total System Jitter     (TSJ):    0.050ns
    Discrete Jitter          (DJ):    0.312ns
    Phase Error              (PE):    0.000ns
  Clock Net Delay (Destination): 2.615ns (routing 1.495ns, distribution 1.120ns)
  Timing Exception:       False Path

    Location             Delay type                Incr(ns)  Path(ns)    Netlist Resource(s)
  -------------------------------------------------------------------    -------------------
    PS8_X0Y0             PS8                          0.000     0.000 f  design_1_i/zynq_ultra_ps_e_0/inst/PS8_i/EMIOGPIOO[95]
                         net (fo=1, estimated)        2.421     2.421    design_1_i/rst_ps8_0_99M/U0/EXT_LPF/ext_reset_in
    SLICE_X24Y87         LUT1 (Prop_H6LUT_SLICEM_I0_O)
                                                      0.060     2.481 r  design_1_i/rst_ps8_0_99M/U0/EXT_LPF/ACTIVE_LOW_EXT.ACT_LO_EXT_i_1/O
                         net (fo=1, estimated)        0.242     2.723    design_1_i/rst_ps8_0_99M/U0/EXT_LPF/ACTIVE_LOW_EXT.ACT_LO_EXT/src_in
    SLICE_X24Y87         FDRE                                         r  design_1_i/rst_ps8_0_99M/U0/EXT_LPF/ACTIVE_LOW_EXT.ACT_LO_EXT/syncstages_ff_reg[0]/D
  -------------------------------------------------------------------    -------------------

                         (clock clk_pl_0 rise edge)
                                                      0.000     0.000 r  
    PS8_X0Y0             PS8                          0.000     0.000 r  design_1_i/zynq_ultra_ps_e_0/inst/PS8_i/PLCLK[0]
                         net (fo=1, estimated)        0.181     0.181    design_1_i/zynq_ultra_ps_e_0/inst/pl_clk_unbuffered[0]
    BUFG_PS_X0Y80        BUFG_PS (Prop_BUFG_PS_I_O)
                                                      0.035     0.216 r  design_1_i/zynq_ultra_ps_e_0/inst/buffer_pl_clk_0.PL_CLK_0_BUFG/O
    X1Y1 (CLOCK_ROOT)    net (fo=18546, estimated)    2.615     2.831    design_1_i/rst_ps8_0_99M/U0/EXT_LPF/ACTIVE_LOW_EXT.ACT_LO_EXT/dest_clk
    SLICE_X24Y87         FDRE                                         r  design_1_i/rst_ps8_0_99M/U0/EXT_LPF/ACTIVE_LOW_EXT.ACT_LO_EXT/syncstages_ff_reg[0]/C





Min Delay Paths
--------------------------------------------------------------------------------------
Slack:                    inf
  Source:                 design_1_i/zynq_ultra_ps_e_0/inst/PS8_i/EMIOGPIOO[95]
                            (internal pin)
  Destination:            design_1_i/rst_ps8_0_99M/U0/EXT_LPF/ACTIVE_LOW_EXT.ACT_LO_EXT/syncstages_ff_reg[0]/D
                            (rising edge-triggered cell FDRE clocked by clk_pl_0  {rise@0.000ns fall@5.000ns period=10.000ns})
  Path Group:             (none)
  Path Type:              Hold (Min at Fast Process Corner)
  Data Path Delay:        1.096ns  (logic 0.021ns (1.916%)  route 1.075ns (98.084%))
  Logic Levels:           1  (LUT1=1)
  Clock Uncertainty:      0.158ns  ((TSJ^2 + DJ^2)^1/2) / 2 + PE
    Total System Jitter     (TSJ):    0.050ns
    Discrete Jitter          (DJ):    0.312ns
    Phase Error              (PE):    0.000ns
  Clock Net Delay (Destination): 1.745ns (routing 1.007ns, distribution 0.738ns)
  Timing Exception:       False Path

    Location             Delay type                Incr(ns)  Path(ns)    Netlist Resource(s)
  -------------------------------------------------------------------    -------------------
    PS8_X0Y0             PS8                          0.000     0.000 f  design_1_i/zynq_ultra_ps_e_0/inst/PS8_i/EMIOGPIOO[95]
                         net (fo=1, estimated)        1.006     1.006    design_1_i/rst_ps8_0_99M/U0/EXT_LPF/ext_reset_in
    SLICE_X24Y87         LUT1 (Prop_H6LUT_SLICEM_I0_O)
                                                      0.021     1.027 r  design_1_i/rst_ps8_0_99M/U0/EXT_LPF/ACTIVE_LOW_EXT.ACT_LO_EXT_i_1/O
                         net (fo=1, estimated)        0.069     1.096    design_1_i/rst_ps8_0_99M/U0/EXT_LPF/ACTIVE_LOW_EXT.ACT_LO_EXT/src_in
    SLICE_X24Y87         FDRE                                         r  design_1_i/rst_ps8_0_99M/U0/EXT_LPF/ACTIVE_LOW_EXT.ACT_LO_EXT/syncstages_ff_reg[0]/D
  -------------------------------------------------------------------    -------------------

                         (clock clk_pl_0 rise edge)
                                                      0.000     0.000 r  
    PS8_X0Y0             PS8                          0.000     0.000 r  design_1_i/zynq_ultra_ps_e_0/inst/PS8_i/PLCLK[0]
                         net (fo=1, estimated)        0.164     0.164    design_1_i/zynq_ultra_ps_e_0/inst/pl_clk_unbuffered[0]
    BUFG_PS_X0Y80        BUFG_PS (Prop_BUFG_PS_I_O)
                                                      0.023     0.187 r  design_1_i/zynq_ultra_ps_e_0/inst/buffer_pl_clk_0.PL_CLK_0_BUFG/O
    X1Y1 (CLOCK_ROOT)    net (fo=18546, estimated)    1.745     1.932    design_1_i/rst_ps8_0_99M/U0/EXT_LPF/ACTIVE_LOW_EXT.ACT_LO_EXT/dest_clk
    SLICE_X24Y87         FDRE                                         r  design_1_i/rst_ps8_0_99M/U0/EXT_LPF/ACTIVE_LOW_EXT.ACT_LO_EXT/syncstages_ff_reg[0]/C





--------------------------------------------------------------------------------------
Path Group:  (none)
From Clock:  clk_pl_0
  To Clock:  clk_pl_0

Max Delay           104 Endpoints
Min Delay           104 Endpoints
--------------------------------------------------------------------------------------


Max Delay Paths
--------------------------------------------------------------------------------------
Slack:                    inf
  Source:                 design_1_i/axi_smc/inst/clk_map/psr_aclk/U0/ACTIVE_LOW_BSR_OUT_DFF[0].FDRE_BSR_N/C
                            (rising edge-triggered cell FDRE clocked by clk_pl_0  {rise@0.000ns fall@5.000ns period=10.000ns})
  Destination:            <hidden>
                            (recovery check against rising-edge clock clk_pl_0  {rise@0.000ns fall@5.000ns period=10.000ns})
  Path Group:             (none)
  Path Type:              Recovery (Max at Slow Process Corner)
  Data Path Delay:        2.041ns  (logic 0.114ns (5.585%)  route 1.927ns (94.415%))
  Logic Levels:           0  
  Clock Path Skew:        -0.295ns (DCD - SCD + CPR)
    Destination Clock Delay (DCD):    3.063ns
    Source Clock Delay      (SCD):    3.358ns
    Clock Pessimism Removal (CPR):    0.000ns
  Clock Uncertainty:      0.160ns  ((TSJ^2 + DJ^2)^1/2) / 2 + PE
    Total System Jitter     (TSJ):    0.071ns
    Discrete Jitter          (DJ):    0.312ns
    Phase Error              (PE):    0.000ns
  Clock Net Delay (Source):      3.091ns (routing 1.633ns, distribution 1.458ns)
  Clock Net Delay (Destination): 2.847ns (routing 1.495ns, distribution 1.352ns)
  Timing Exception:       False Path

    Location             Delay type                Incr(ns)  Path(ns)    Netlist Resource(s)
  -------------------------------------------------------------------    -------------------
                         (clock clk_pl_0 rise edge)
                                                      0.000     0.000 r  
    PS8_X0Y0             PS8                          0.000     0.000 r  design_1_i/zynq_ultra_ps_e_0/inst/PS8_i/PLCLK[0]
                         net (fo=1, estimated)        0.229     0.229    design_1_i/zynq_ultra_ps_e_0/inst/pl_clk_unbuffered[0]
    BUFG_PS_X0Y80        BUFG_PS (Prop_BUFG_PS_I_O)
                                                      0.038     0.267 r  design_1_i/zynq_ultra_ps_e_0/inst/buffer_pl_clk_0.PL_CLK_0_BUFG/O
    X1Y1 (CLOCK_ROOT)    net (fo=18546, estimated)    3.091     3.358    design_1_i/axi_smc/inst/clk_map/psr_aclk/U0/aclk
    SLICE_X22Y21         FDRE                                         r  design_1_i/axi_smc/inst/clk_map/psr_aclk/U0/ACTIVE_LOW_BSR_OUT_DFF[0].FDRE_BSR_N/C
  -------------------------------------------------------------------    -------------------
    SLICE_X22Y21         FDRE (Prop_EFF_SLICEL_C_Q)
                                                      0.114     3.472 r  design_1_i/axi_smc/inst/clk_map/psr_aclk/U0/ACTIVE_LOW_BSR_OUT_DFF[0].FDRE_BSR_N/Q
                         net (fo=102, estimated)      1.927     5.399    <hidden>
    SLICE_X8Y150         FDCE                                         f  <hidden>  (IS_INVERTED)
  -------------------------------------------------------------------    -------------------

                         (clock clk_pl_0 rise edge)
                                                      0.000     0.000 r  
    PS8_X0Y0             PS8                          0.000     0.000 r  design_1_i/zynq_ultra_ps_e_0/inst/PS8_i/PLCLK[0]
                         net (fo=1, estimated)        0.181     0.181    design_1_i/zynq_ultra_ps_e_0/inst/pl_clk_unbuffered[0]
    BUFG_PS_X0Y80        BUFG_PS (Prop_BUFG_PS_I_O)
                                                      0.035     0.216 r  design_1_i/zynq_ultra_ps_e_0/inst/buffer_pl_clk_0.PL_CLK_0_BUFG/O
    X1Y1 (CLOCK_ROOT)    net (fo=18546, estimated)    2.847     3.063    <hidden>
    SLICE_X8Y150         FDCE                                         r  <hidden>

Slack:                    inf
  Source:                 design_1_i/axi_smc/inst/clk_map/psr_aclk/U0/ACTIVE_LOW_BSR_OUT_DFF[0].FDRE_BSR_N/C
                            (rising edge-triggered cell FDRE clocked by clk_pl_0  {rise@0.000ns fall@5.000ns period=10.000ns})
  Destination:            <hidden>
                            (recovery check against rising-edge clock clk_pl_0  {rise@0.000ns fall@5.000ns period=10.000ns})
  Path Group:             (none)
  Path Type:              Recovery (Max at Slow Process Corner)
  Data Path Delay:        2.041ns  (logic 0.114ns (5.585%)  route 1.927ns (94.415%))
  Logic Levels:           0  
  Clock Path Skew:        -0.295ns (DCD - SCD + CPR)
    Destination Clock Delay (DCD):    3.063ns
    Source Clock Delay      (SCD):    3.358ns
    Clock Pessimism Removal (CPR):    0.000ns
  Clock Uncertainty:      0.160ns  ((TSJ^2 + DJ^2)^1/2) / 2 + PE
    Total System Jitter     (TSJ):    0.071ns
    Discrete Jitter          (DJ):    0.312ns
    Phase Error              (PE):    0.000ns
  Clock Net Delay (Source):      3.091ns (routing 1.633ns, distribution 1.458ns)
  Clock Net Delay (Destination): 2.847ns (routing 1.495ns, distribution 1.352ns)
  Timing Exception:       False Path

    Location             Delay type                Incr(ns)  Path(ns)    Netlist Resource(s)
  -------------------------------------------------------------------    -------------------
                         (clock clk_pl_0 rise edge)
                                                      0.000     0.000 r  
    PS8_X0Y0             PS8                          0.000     0.000 r  design_1_i/zynq_ultra_ps_e_0/inst/PS8_i/PLCLK[0]
                         net (fo=1, estimated)        0.229     0.229    design_1_i/zynq_ultra_ps_e_0/inst/pl_clk_unbuffered[0]
    BUFG_PS_X0Y80        BUFG_PS (Prop_BUFG_PS_I_O)
                                                      0.038     0.267 r  design_1_i/zynq_ultra_ps_e_0/inst/buffer_pl_clk_0.PL_CLK_0_BUFG/O
    X1Y1 (CLOCK_ROOT)    net (fo=18546, estimated)    3.091     3.358    design_1_i/axi_smc/inst/clk_map/psr_aclk/U0/aclk
    SLICE_X22Y21         FDRE                                         r  design_1_i/axi_smc/inst/clk_map/psr_aclk/U0/ACTIVE_LOW_BSR_OUT_DFF[0].FDRE_BSR_N/C
  -------------------------------------------------------------------    -------------------
    SLICE_X22Y21         FDRE (Prop_EFF_SLICEL_C_Q)
                                                      0.114     3.472 r  design_1_i/axi_smc/inst/clk_map/psr_aclk/U0/ACTIVE_LOW_BSR_OUT_DFF[0].FDRE_BSR_N/Q
                         net (fo=102, estimated)      1.927     5.399    <hidden>
    SLICE_X8Y150         FDCE                                         f  <hidden>  (IS_INVERTED)
  -------------------------------------------------------------------    -------------------

                         (clock clk_pl_0 rise edge)
                                                      0.000     0.000 r  
    PS8_X0Y0             PS8                          0.000     0.000 r  design_1_i/zynq_ultra_ps_e_0/inst/PS8_i/PLCLK[0]
                         net (fo=1, estimated)        0.181     0.181    design_1_i/zynq_ultra_ps_e_0/inst/pl_clk_unbuffered[0]
    BUFG_PS_X0Y80        BUFG_PS (Prop_BUFG_PS_I_O)
                                                      0.035     0.216 r  design_1_i/zynq_ultra_ps_e_0/inst/buffer_pl_clk_0.PL_CLK_0_BUFG/O
    X1Y1 (CLOCK_ROOT)    net (fo=18546, estimated)    2.847     3.063    <hidden>
    SLICE_X8Y150         FDCE                                         r  <hidden>

Slack:                    inf
  Source:                 design_1_i/axi_smc/inst/clk_map/psr_aclk/U0/ACTIVE_LOW_BSR_OUT_DFF[0].FDRE_BSR_N/C
                            (rising edge-triggered cell FDRE clocked by clk_pl_0  {rise@0.000ns fall@5.000ns period=10.000ns})
  Destination:            <hidden>
                            (recovery check against rising-edge clock clk_pl_0  {rise@0.000ns fall@5.000ns period=10.000ns})
  Path Group:             (none)
  Path Type:              Recovery (Max at Slow Process Corner)
  Data Path Delay:        2.041ns  (logic 0.114ns (5.585%)  route 1.927ns (94.415%))
  Logic Levels:           0  
  Clock Path Skew:        -0.295ns (DCD - SCD + CPR)
    Destination Clock Delay (DCD):    3.063ns
    Source Clock Delay      (SCD):    3.358ns
    Clock Pessimism Removal (CPR):    0.000ns
  Clock Uncertainty:      0.160ns  ((TSJ^2 + DJ^2)^1/2) / 2 + PE
    Total System Jitter     (TSJ):    0.071ns
    Discrete Jitter          (DJ):    0.312ns
    Phase Error              (PE):    0.000ns
  Clock Net Delay (Source):      3.091ns (routing 1.633ns, distribution 1.458ns)
  Clock Net Delay (Destination): 2.847ns (routing 1.495ns, distribution 1.352ns)
  Timing Exception:       False Path

    Location             Delay type                Incr(ns)  Path(ns)    Netlist Resource(s)
  -------------------------------------------------------------------    -------------------
                         (clock clk_pl_0 rise edge)
                                                      0.000     0.000 r  
    PS8_X0Y0             PS8                          0.000     0.000 r  design_1_i/zynq_ultra_ps_e_0/inst/PS8_i/PLCLK[0]
                         net (fo=1, estimated)        0.229     0.229    design_1_i/zynq_ultra_ps_e_0/inst/pl_clk_unbuffered[0]
    BUFG_PS_X0Y80        BUFG_PS (Prop_BUFG_PS_I_O)
                                                      0.038     0.267 r  design_1_i/zynq_ultra_ps_e_0/inst/buffer_pl_clk_0.PL_CLK_0_BUFG/O
    X1Y1 (CLOCK_ROOT)    net (fo=18546, estimated)    3.091     3.358    design_1_i/axi_smc/inst/clk_map/psr_aclk/U0/aclk
    SLICE_X22Y21         FDRE                                         r  design_1_i/axi_smc/inst/clk_map/psr_aclk/U0/ACTIVE_LOW_BSR_OUT_DFF[0].FDRE_BSR_N/C
  -------------------------------------------------------------------    -------------------
    SLICE_X22Y21         FDRE (Prop_EFF_SLICEL_C_Q)
                                                      0.114     3.472 r  design_1_i/axi_smc/inst/clk_map/psr_aclk/U0/ACTIVE_LOW_BSR_OUT_DFF[0].FDRE_BSR_N/Q
                         net (fo=102, estimated)      1.927     5.399    <hidden>
    SLICE_X8Y150         FDCE                                         f  <hidden>  (IS_INVERTED)
  -------------------------------------------------------------------    -------------------

                         (clock clk_pl_0 rise edge)
                                                      0.000     0.000 r  
    PS8_X0Y0             PS8                          0.000     0.000 r  design_1_i/zynq_ultra_ps_e_0/inst/PS8_i/PLCLK[0]
                         net (fo=1, estimated)        0.181     0.181    design_1_i/zynq_ultra_ps_e_0/inst/pl_clk_unbuffered[0]
    BUFG_PS_X0Y80        BUFG_PS (Prop_BUFG_PS_I_O)
                                                      0.035     0.216 r  design_1_i/zynq_ultra_ps_e_0/inst/buffer_pl_clk_0.PL_CLK_0_BUFG/O
    X1Y1 (CLOCK_ROOT)    net (fo=18546, estimated)    2.847     3.063    <hidden>
    SLICE_X8Y150         FDCE                                         r  <hidden>

Slack:                    inf
  Source:                 design_1_i/axi_smc/inst/clk_map/psr_aclk/U0/ACTIVE_LOW_BSR_OUT_DFF[0].FDRE_BSR_N/C
                            (rising edge-triggered cell FDRE clocked by clk_pl_0  {rise@0.000ns fall@5.000ns period=10.000ns})
  Destination:            <hidden>
                            (recovery check against rising-edge clock clk_pl_0  {rise@0.000ns fall@5.000ns period=10.000ns})
  Path Group:             (none)
  Path Type:              Recovery (Max at Slow Process Corner)
  Data Path Delay:        2.023ns  (logic 0.114ns (5.635%)  route 1.909ns (94.365%))
  Logic Levels:           0  
  Clock Path Skew:        -0.304ns (DCD - SCD + CPR)
    Destination Clock Delay (DCD):    3.054ns
    Source Clock Delay      (SCD):    3.358ns
    Clock Pessimism Removal (CPR):    0.000ns
  Clock Uncertainty:      0.160ns  ((TSJ^2 + DJ^2)^1/2) / 2 + PE
    Total System Jitter     (TSJ):    0.071ns
    Discrete Jitter          (DJ):    0.312ns
    Phase Error              (PE):    0.000ns
  Clock Net Delay (Source):      3.091ns (routing 1.633ns, distribution 1.458ns)
  Clock Net Delay (Destination): 2.838ns (routing 1.495ns, distribution 1.343ns)
  Timing Exception:       False Path

    Location             Delay type                Incr(ns)  Path(ns)    Netlist Resource(s)
  -------------------------------------------------------------------    -------------------
                         (clock clk_pl_0 rise edge)
                                                      0.000     0.000 r  
    PS8_X0Y0             PS8                          0.000     0.000 r  design_1_i/zynq_ultra_ps_e_0/inst/PS8_i/PLCLK[0]
                         net (fo=1, estimated)        0.229     0.229    design_1_i/zynq_ultra_ps_e_0/inst/pl_clk_unbuffered[0]
    BUFG_PS_X0Y80        BUFG_PS (Prop_BUFG_PS_I_O)
                                                      0.038     0.267 r  design_1_i/zynq_ultra_ps_e_0/inst/buffer_pl_clk_0.PL_CLK_0_BUFG/O
    X1Y1 (CLOCK_ROOT)    net (fo=18546, estimated)    3.091     3.358    design_1_i/axi_smc/inst/clk_map/psr_aclk/U0/aclk
    SLICE_X22Y21         FDRE                                         r  design_1_i/axi_smc/inst/clk_map/psr_aclk/U0/ACTIVE_LOW_BSR_OUT_DFF[0].FDRE_BSR_N/C
  -------------------------------------------------------------------    -------------------
    SLICE_X22Y21         FDRE (Prop_EFF_SLICEL_C_Q)
                                                      0.114     3.472 r  design_1_i/axi_smc/inst/clk_map/psr_aclk/U0/ACTIVE_LOW_BSR_OUT_DFF[0].FDRE_BSR_N/Q
                         net (fo=102, estimated)      1.909     5.381    <hidden>
    SLICE_X9Y150         FDCE                                         f  <hidden>  (IS_INVERTED)
  -------------------------------------------------------------------    -------------------

                         (clock clk_pl_0 rise edge)
                                                      0.000     0.000 r  
    PS8_X0Y0             PS8                          0.000     0.000 r  design_1_i/zynq_ultra_ps_e_0/inst/PS8_i/PLCLK[0]
                         net (fo=1, estimated)        0.181     0.181    design_1_i/zynq_ultra_ps_e_0/inst/pl_clk_unbuffered[0]
    BUFG_PS_X0Y80        BUFG_PS (Prop_BUFG_PS_I_O)
                                                      0.035     0.216 r  design_1_i/zynq_ultra_ps_e_0/inst/buffer_pl_clk_0.PL_CLK_0_BUFG/O
    X1Y1 (CLOCK_ROOT)    net (fo=18546, estimated)    2.838     3.054    <hidden>
    SLICE_X9Y150         FDCE                                         r  <hidden>

Slack:                    inf
  Source:                 design_1_i/axi_smc/inst/clk_map/psr_aclk/U0/ACTIVE_LOW_BSR_OUT_DFF[0].FDRE_BSR_N/C
                            (rising edge-triggered cell FDRE clocked by clk_pl_0  {rise@0.000ns fall@5.000ns period=10.000ns})
  Destination:            <hidden>
                            (recovery check against rising-edge clock clk_pl_0  {rise@0.000ns fall@5.000ns period=10.000ns})
  Path Group:             (none)
  Path Type:              Recovery (Max at Slow Process Corner)
  Data Path Delay:        2.023ns  (logic 0.114ns (5.635%)  route 1.909ns (94.365%))
  Logic Levels:           0  
  Clock Path Skew:        -0.304ns (DCD - SCD + CPR)
    Destination Clock Delay (DCD):    3.054ns
    Source Clock Delay      (SCD):    3.358ns
    Clock Pessimism Removal (CPR):    0.000ns
  Clock Uncertainty:      0.160ns  ((TSJ^2 + DJ^2)^1/2) / 2 + PE
    Total System Jitter     (TSJ):    0.071ns
    Discrete Jitter          (DJ):    0.312ns
    Phase Error              (PE):    0.000ns
  Clock Net Delay (Source):      3.091ns (routing 1.633ns, distribution 1.458ns)
  Clock Net Delay (Destination): 2.838ns (routing 1.495ns, distribution 1.343ns)
  Timing Exception:       False Path

    Location             Delay type                Incr(ns)  Path(ns)    Netlist Resource(s)
  -------------------------------------------------------------------    -------------------
                         (clock clk_pl_0 rise edge)
                                                      0.000     0.000 r  
    PS8_X0Y0             PS8                          0.000     0.000 r  design_1_i/zynq_ultra_ps_e_0/inst/PS8_i/PLCLK[0]
                         net (fo=1, estimated)        0.229     0.229    design_1_i/zynq_ultra_ps_e_0/inst/pl_clk_unbuffered[0]
    BUFG_PS_X0Y80        BUFG_PS (Prop_BUFG_PS_I_O)
                                                      0.038     0.267 r  design_1_i/zynq_ultra_ps_e_0/inst/buffer_pl_clk_0.PL_CLK_0_BUFG/O
    X1Y1 (CLOCK_ROOT)    net (fo=18546, estimated)    3.091     3.358    design_1_i/axi_smc/inst/clk_map/psr_aclk/U0/aclk
    SLICE_X22Y21         FDRE                                         r  design_1_i/axi_smc/inst/clk_map/psr_aclk/U0/ACTIVE_LOW_BSR_OUT_DFF[0].FDRE_BSR_N/C
  -------------------------------------------------------------------    -------------------
    SLICE_X22Y21         FDRE (Prop_EFF_SLICEL_C_Q)
                                                      0.114     3.472 r  design_1_i/axi_smc/inst/clk_map/psr_aclk/U0/ACTIVE_LOW_BSR_OUT_DFF[0].FDRE_BSR_N/Q
                         net (fo=102, estimated)      1.909     5.381    <hidden>
    SLICE_X9Y150         FDCE                                         f  <hidden>  (IS_INVERTED)
  -------------------------------------------------------------------    -------------------

                         (clock clk_pl_0 rise edge)
                                                      0.000     0.000 r  
    PS8_X0Y0             PS8                          0.000     0.000 r  design_1_i/zynq_ultra_ps_e_0/inst/PS8_i/PLCLK[0]
                         net (fo=1, estimated)        0.181     0.181    design_1_i/zynq_ultra_ps_e_0/inst/pl_clk_unbuffered[0]
    BUFG_PS_X0Y80        BUFG_PS (Prop_BUFG_PS_I_O)
                                                      0.035     0.216 r  design_1_i/zynq_ultra_ps_e_0/inst/buffer_pl_clk_0.PL_CLK_0_BUFG/O
    X1Y1 (CLOCK_ROOT)    net (fo=18546, estimated)    2.838     3.054    <hidden>
    SLICE_X9Y150         FDCE                                         r  <hidden>

Slack:                    inf
  Source:                 design_1_i/axi_smc/inst/clk_map/psr_aclk/U0/ACTIVE_LOW_BSR_OUT_DFF[0].FDRE_BSR_N/C
                            (rising edge-triggered cell FDRE clocked by clk_pl_0  {rise@0.000ns fall@5.000ns period=10.000ns})
  Destination:            <hidden>
                            (recovery check against rising-edge clock clk_pl_0  {rise@0.000ns fall@5.000ns period=10.000ns})
  Path Group:             (none)
  Path Type:              Recovery (Max at Slow Process Corner)
  Data Path Delay:        2.023ns  (logic 0.114ns (5.635%)  route 1.909ns (94.365%))
  Logic Levels:           0  
  Clock Path Skew:        -0.304ns (DCD - SCD + CPR)
    Destination Clock Delay (DCD):    3.054ns
    Source Clock Delay      (SCD):    3.358ns
    Clock Pessimism Removal (CPR):    0.000ns
  Clock Uncertainty:      0.160ns  ((TSJ^2 + DJ^2)^1/2) / 2 + PE
    Total System Jitter     (TSJ):    0.071ns
    Discrete Jitter          (DJ):    0.312ns
    Phase Error              (PE):    0.000ns
  Clock Net Delay (Source):      3.091ns (routing 1.633ns, distribution 1.458ns)
  Clock Net Delay (Destination): 2.838ns (routing 1.495ns, distribution 1.343ns)
  Timing Exception:       False Path

    Location             Delay type                Incr(ns)  Path(ns)    Netlist Resource(s)
  -------------------------------------------------------------------    -------------------
                         (clock clk_pl_0 rise edge)
                                                      0.000     0.000 r  
    PS8_X0Y0             PS8                          0.000     0.000 r  design_1_i/zynq_ultra_ps_e_0/inst/PS8_i/PLCLK[0]
                         net (fo=1, estimated)        0.229     0.229    design_1_i/zynq_ultra_ps_e_0/inst/pl_clk_unbuffered[0]
    BUFG_PS_X0Y80        BUFG_PS (Prop_BUFG_PS_I_O)
                                                      0.038     0.267 r  design_1_i/zynq_ultra_ps_e_0/inst/buffer_pl_clk_0.PL_CLK_0_BUFG/O
    X1Y1 (CLOCK_ROOT)    net (fo=18546, estimated)    3.091     3.358    design_1_i/axi_smc/inst/clk_map/psr_aclk/U0/aclk
    SLICE_X22Y21         FDRE                                         r  design_1_i/axi_smc/inst/clk_map/psr_aclk/U0/ACTIVE_LOW_BSR_OUT_DFF[0].FDRE_BSR_N/C
  -------------------------------------------------------------------    -------------------
    SLICE_X22Y21         FDRE (Prop_EFF_SLICEL_C_Q)
                                                      0.114     3.472 r  design_1_i/axi_smc/inst/clk_map/psr_aclk/U0/ACTIVE_LOW_BSR_OUT_DFF[0].FDRE_BSR_N/Q
                         net (fo=102, estimated)      1.909     5.381    <hidden>
    SLICE_X9Y150         FDCE                                         f  <hidden>  (IS_INVERTED)
  -------------------------------------------------------------------    -------------------

                         (clock clk_pl_0 rise edge)
                                                      0.000     0.000 r  
    PS8_X0Y0             PS8                          0.000     0.000 r  design_1_i/zynq_ultra_ps_e_0/inst/PS8_i/PLCLK[0]
                         net (fo=1, estimated)        0.181     0.181    design_1_i/zynq_ultra_ps_e_0/inst/pl_clk_unbuffered[0]
    BUFG_PS_X0Y80        BUFG_PS (Prop_BUFG_PS_I_O)
                                                      0.035     0.216 r  design_1_i/zynq_ultra_ps_e_0/inst/buffer_pl_clk_0.PL_CLK_0_BUFG/O
    X1Y1 (CLOCK_ROOT)    net (fo=18546, estimated)    2.838     3.054    <hidden>
    SLICE_X9Y150         FDCE                                         r  <hidden>

Slack:                    inf
  Source:                 design_1_i/axi_smc/inst/clk_map/psr_aclk/U0/ACTIVE_LOW_BSR_OUT_DFF[0].FDRE_BSR_N/C
                            (rising edge-triggered cell FDRE clocked by clk_pl_0  {rise@0.000ns fall@5.000ns period=10.000ns})
  Destination:            <hidden>
                            (recovery check against rising-edge clock clk_pl_0  {rise@0.000ns fall@5.000ns period=10.000ns})
  Path Group:             (none)
  Path Type:              Recovery (Max at Slow Process Corner)
  Data Path Delay:        1.926ns  (logic 0.114ns (5.919%)  route 1.812ns (94.081%))
  Logic Levels:           0  
  Clock Path Skew:        -0.270ns (DCD - SCD + CPR)
    Destination Clock Delay (DCD):    3.088ns
    Source Clock Delay      (SCD):    3.358ns
    Clock Pessimism Removal (CPR):    0.000ns
  Clock Uncertainty:      0.160ns  ((TSJ^2 + DJ^2)^1/2) / 2 + PE
    Total System Jitter     (TSJ):    0.071ns
    Discrete Jitter          (DJ):    0.312ns
    Phase Error              (PE):    0.000ns
  Clock Net Delay (Source):      3.091ns (routing 1.633ns, distribution 1.458ns)
  Clock Net Delay (Destination): 2.872ns (routing 1.495ns, distribution 1.377ns)
  Timing Exception:       False Path

    Location             Delay type                Incr(ns)  Path(ns)    Netlist Resource(s)
  -------------------------------------------------------------------    -------------------
                         (clock clk_pl_0 rise edge)
                                                      0.000     0.000 r  
    PS8_X0Y0             PS8                          0.000     0.000 r  design_1_i/zynq_ultra_ps_e_0/inst/PS8_i/PLCLK[0]
                         net (fo=1, estimated)        0.229     0.229    design_1_i/zynq_ultra_ps_e_0/inst/pl_clk_unbuffered[0]
    BUFG_PS_X0Y80        BUFG_PS (Prop_BUFG_PS_I_O)
                                                      0.038     0.267 r  design_1_i/zynq_ultra_ps_e_0/inst/buffer_pl_clk_0.PL_CLK_0_BUFG/O
    X1Y1 (CLOCK_ROOT)    net (fo=18546, estimated)    3.091     3.358    design_1_i/axi_smc/inst/clk_map/psr_aclk/U0/aclk
    SLICE_X22Y21         FDRE                                         r  design_1_i/axi_smc/inst/clk_map/psr_aclk/U0/ACTIVE_LOW_BSR_OUT_DFF[0].FDRE_BSR_N/C
  -------------------------------------------------------------------    -------------------
    SLICE_X22Y21         FDRE (Prop_EFF_SLICEL_C_Q)
                                                      0.114     3.472 r  design_1_i/axi_smc/inst/clk_map/psr_aclk/U0/ACTIVE_LOW_BSR_OUT_DFF[0].FDRE_BSR_N/Q
                         net (fo=102, estimated)      1.812     5.284    <hidden>
    SLICE_X7Y128         FDCE                                         f  <hidden>  (IS_INVERTED)
  -------------------------------------------------------------------    -------------------

                         (clock clk_pl_0 rise edge)
                                                      0.000     0.000 r  
    PS8_X0Y0             PS8                          0.000     0.000 r  design_1_i/zynq_ultra_ps_e_0/inst/PS8_i/PLCLK[0]
                         net (fo=1, estimated)        0.181     0.181    design_1_i/zynq_ultra_ps_e_0/inst/pl_clk_unbuffered[0]
    BUFG_PS_X0Y80        BUFG_PS (Prop_BUFG_PS_I_O)
                                                      0.035     0.216 r  design_1_i/zynq_ultra_ps_e_0/inst/buffer_pl_clk_0.PL_CLK_0_BUFG/O
    X1Y1 (CLOCK_ROOT)    net (fo=18546, estimated)    2.872     3.088    <hidden>
    SLICE_X7Y128         FDCE                                         r  <hidden>

Slack:                    inf
  Source:                 design_1_i/axi_smc/inst/clk_map/psr_aclk/U0/ACTIVE_LOW_BSR_OUT_DFF[0].FDRE_BSR_N/C
                            (rising edge-triggered cell FDRE clocked by clk_pl_0  {rise@0.000ns fall@5.000ns period=10.000ns})
  Destination:            <hidden>
                            (recovery check against rising-edge clock clk_pl_0  {rise@0.000ns fall@5.000ns period=10.000ns})
  Path Group:             (none)
  Path Type:              Recovery (Max at Slow Process Corner)
  Data Path Delay:        1.926ns  (logic 0.114ns (5.919%)  route 1.812ns (94.081%))
  Logic Levels:           0  
  Clock Path Skew:        -0.270ns (DCD - SCD + CPR)
    Destination Clock Delay (DCD):    3.088ns
    Source Clock Delay      (SCD):    3.358ns
    Clock Pessimism Removal (CPR):    0.000ns
  Clock Uncertainty:      0.160ns  ((TSJ^2 + DJ^2)^1/2) / 2 + PE
    Total System Jitter     (TSJ):    0.071ns
    Discrete Jitter          (DJ):    0.312ns
    Phase Error              (PE):    0.000ns
  Clock Net Delay (Source):      3.091ns (routing 1.633ns, distribution 1.458ns)
  Clock Net Delay (Destination): 2.872ns (routing 1.495ns, distribution 1.377ns)
  Timing Exception:       False Path

    Location             Delay type                Incr(ns)  Path(ns)    Netlist Resource(s)
  -------------------------------------------------------------------    -------------------
                         (clock clk_pl_0 rise edge)
                                                      0.000     0.000 r  
    PS8_X0Y0             PS8                          0.000     0.000 r  design_1_i/zynq_ultra_ps_e_0/inst/PS8_i/PLCLK[0]
                         net (fo=1, estimated)        0.229     0.229    design_1_i/zynq_ultra_ps_e_0/inst/pl_clk_unbuffered[0]
    BUFG_PS_X0Y80        BUFG_PS (Prop_BUFG_PS_I_O)
                                                      0.038     0.267 r  design_1_i/zynq_ultra_ps_e_0/inst/buffer_pl_clk_0.PL_CLK_0_BUFG/O
    X1Y1 (CLOCK_ROOT)    net (fo=18546, estimated)    3.091     3.358    design_1_i/axi_smc/inst/clk_map/psr_aclk/U0/aclk
    SLICE_X22Y21         FDRE                                         r  design_1_i/axi_smc/inst/clk_map/psr_aclk/U0/ACTIVE_LOW_BSR_OUT_DFF[0].FDRE_BSR_N/C
  -------------------------------------------------------------------    -------------------
    SLICE_X22Y21         FDRE (Prop_EFF_SLICEL_C_Q)
                                                      0.114     3.472 r  design_1_i/axi_smc/inst/clk_map/psr_aclk/U0/ACTIVE_LOW_BSR_OUT_DFF[0].FDRE_BSR_N/Q
                         net (fo=102, estimated)      1.812     5.284    <hidden>
    SLICE_X7Y128         FDCE                                         f  <hidden>  (IS_INVERTED)
  -------------------------------------------------------------------    -------------------

                         (clock clk_pl_0 rise edge)
                                                      0.000     0.000 r  
    PS8_X0Y0             PS8                          0.000     0.000 r  design_1_i/zynq_ultra_ps_e_0/inst/PS8_i/PLCLK[0]
                         net (fo=1, estimated)        0.181     0.181    design_1_i/zynq_ultra_ps_e_0/inst/pl_clk_unbuffered[0]
    BUFG_PS_X0Y80        BUFG_PS (Prop_BUFG_PS_I_O)
                                                      0.035     0.216 r  design_1_i/zynq_ultra_ps_e_0/inst/buffer_pl_clk_0.PL_CLK_0_BUFG/O
    X1Y1 (CLOCK_ROOT)    net (fo=18546, estimated)    2.872     3.088    <hidden>
    SLICE_X7Y128         FDCE                                         r  <hidden>

Slack:                    inf
  Source:                 design_1_i/axi_smc/inst/clk_map/psr_aclk/U0/ACTIVE_LOW_BSR_OUT_DFF[0].FDRE_BSR_N/C
                            (rising edge-triggered cell FDRE clocked by clk_pl_0  {rise@0.000ns fall@5.000ns period=10.000ns})
  Destination:            <hidden>
                            (recovery check against rising-edge clock clk_pl_0  {rise@0.000ns fall@5.000ns period=10.000ns})
  Path Group:             (none)
  Path Type:              Recovery (Max at Slow Process Corner)
  Data Path Delay:        1.926ns  (logic 0.114ns (5.919%)  route 1.812ns (94.081%))
  Logic Levels:           0  
  Clock Path Skew:        -0.270ns (DCD - SCD + CPR)
    Destination Clock Delay (DCD):    3.088ns
    Source Clock Delay      (SCD):    3.358ns
    Clock Pessimism Removal (CPR):    0.000ns
  Clock Uncertainty:      0.160ns  ((TSJ^2 + DJ^2)^1/2) / 2 + PE
    Total System Jitter     (TSJ):    0.071ns
    Discrete Jitter          (DJ):    0.312ns
    Phase Error              (PE):    0.000ns
  Clock Net Delay (Source):      3.091ns (routing 1.633ns, distribution 1.458ns)
  Clock Net Delay (Destination): 2.872ns (routing 1.495ns, distribution 1.377ns)
  Timing Exception:       False Path

    Location             Delay type                Incr(ns)  Path(ns)    Netlist Resource(s)
  -------------------------------------------------------------------    -------------------
                         (clock clk_pl_0 rise edge)
                                                      0.000     0.000 r  
    PS8_X0Y0             PS8                          0.000     0.000 r  design_1_i/zynq_ultra_ps_e_0/inst/PS8_i/PLCLK[0]
                         net (fo=1, estimated)        0.229     0.229    design_1_i/zynq_ultra_ps_e_0/inst/pl_clk_unbuffered[0]
    BUFG_PS_X0Y80        BUFG_PS (Prop_BUFG_PS_I_O)
                                                      0.038     0.267 r  design_1_i/zynq_ultra_ps_e_0/inst/buffer_pl_clk_0.PL_CLK_0_BUFG/O
    X1Y1 (CLOCK_ROOT)    net (fo=18546, estimated)    3.091     3.358    design_1_i/axi_smc/inst/clk_map/psr_aclk/U0/aclk
    SLICE_X22Y21         FDRE                                         r  design_1_i/axi_smc/inst/clk_map/psr_aclk/U0/ACTIVE_LOW_BSR_OUT_DFF[0].FDRE_BSR_N/C
  -------------------------------------------------------------------    -------------------
    SLICE_X22Y21         FDRE (Prop_EFF_SLICEL_C_Q)
                                                      0.114     3.472 r  design_1_i/axi_smc/inst/clk_map/psr_aclk/U0/ACTIVE_LOW_BSR_OUT_DFF[0].FDRE_BSR_N/Q
                         net (fo=102, estimated)      1.812     5.284    <hidden>
    SLICE_X7Y128         FDCE                                         f  <hidden>  (IS_INVERTED)
  -------------------------------------------------------------------    -------------------

                         (clock clk_pl_0 rise edge)
                                                      0.000     0.000 r  
    PS8_X0Y0             PS8                          0.000     0.000 r  design_1_i/zynq_ultra_ps_e_0/inst/PS8_i/PLCLK[0]
                         net (fo=1, estimated)        0.181     0.181    design_1_i/zynq_ultra_ps_e_0/inst/pl_clk_unbuffered[0]
    BUFG_PS_X0Y80        BUFG_PS (Prop_BUFG_PS_I_O)
                                                      0.035     0.216 r  design_1_i/zynq_ultra_ps_e_0/inst/buffer_pl_clk_0.PL_CLK_0_BUFG/O
    X1Y1 (CLOCK_ROOT)    net (fo=18546, estimated)    2.872     3.088    <hidden>
    SLICE_X7Y128         FDCE                                         r  <hidden>

Slack:                    inf
  Source:                 design_1_i/axi_smc/inst/clk_map/psr_aclk/U0/ACTIVE_LOW_BSR_OUT_DFF[0].FDRE_BSR_N/C
                            (rising edge-triggered cell FDRE clocked by clk_pl_0  {rise@0.000ns fall@5.000ns period=10.000ns})
  Destination:            <hidden>
                            (recovery check against rising-edge clock clk_pl_0  {rise@0.000ns fall@5.000ns period=10.000ns})
  Path Group:             (none)
  Path Type:              Recovery (Max at Slow Process Corner)
  Data Path Delay:        1.788ns  (logic 0.114ns (6.376%)  route 1.674ns (93.624%))
  Logic Levels:           0  
  Clock Path Skew:        -0.271ns (DCD - SCD + CPR)
    Destination Clock Delay (DCD):    3.087ns
    Source Clock Delay      (SCD):    3.358ns
    Clock Pessimism Removal (CPR):    0.000ns
  Clock Uncertainty:      0.160ns  ((TSJ^2 + DJ^2)^1/2) / 2 + PE
    Total System Jitter     (TSJ):    0.071ns
    Discrete Jitter          (DJ):    0.312ns
    Phase Error              (PE):    0.000ns
  Clock Net Delay (Source):      3.091ns (routing 1.633ns, distribution 1.458ns)
  Clock Net Delay (Destination): 2.871ns (routing 1.495ns, distribution 1.376ns)
  Timing Exception:       False Path

    Location             Delay type                Incr(ns)  Path(ns)    Netlist Resource(s)
  -------------------------------------------------------------------    -------------------
                         (clock clk_pl_0 rise edge)
                                                      0.000     0.000 r  
    PS8_X0Y0             PS8                          0.000     0.000 r  design_1_i/zynq_ultra_ps_e_0/inst/PS8_i/PLCLK[0]
                         net (fo=1, estimated)        0.229     0.229    design_1_i/zynq_ultra_ps_e_0/inst/pl_clk_unbuffered[0]
    BUFG_PS_X0Y80        BUFG_PS (Prop_BUFG_PS_I_O)
                                                      0.038     0.267 r  design_1_i/zynq_ultra_ps_e_0/inst/buffer_pl_clk_0.PL_CLK_0_BUFG/O
    X1Y1 (CLOCK_ROOT)    net (fo=18546, estimated)    3.091     3.358    design_1_i/axi_smc/inst/clk_map/psr_aclk/U0/aclk
    SLICE_X22Y21         FDRE                                         r  design_1_i/axi_smc/inst/clk_map/psr_aclk/U0/ACTIVE_LOW_BSR_OUT_DFF[0].FDRE_BSR_N/C
  -------------------------------------------------------------------    -------------------
    SLICE_X22Y21         FDRE (Prop_EFF_SLICEL_C_Q)
                                                      0.114     3.472 r  design_1_i/axi_smc/inst/clk_map/psr_aclk/U0/ACTIVE_LOW_BSR_OUT_DFF[0].FDRE_BSR_N/Q
                         net (fo=102, estimated)      1.674     5.146    <hidden>
    SLICE_X8Y124         FDCE                                         f  <hidden>  (IS_INVERTED)
  -------------------------------------------------------------------    -------------------

                         (clock clk_pl_0 rise edge)
                                                      0.000     0.000 r  
    PS8_X0Y0             PS8                          0.000     0.000 r  design_1_i/zynq_ultra_ps_e_0/inst/PS8_i/PLCLK[0]
                         net (fo=1, estimated)        0.181     0.181    design_1_i/zynq_ultra_ps_e_0/inst/pl_clk_unbuffered[0]
    BUFG_PS_X0Y80        BUFG_PS (Prop_BUFG_PS_I_O)
                                                      0.035     0.216 r  design_1_i/zynq_ultra_ps_e_0/inst/buffer_pl_clk_0.PL_CLK_0_BUFG/O
    X1Y1 (CLOCK_ROOT)    net (fo=18546, estimated)    2.871     3.087    <hidden>
    SLICE_X8Y124         FDCE                                         r  <hidden>





Min Delay Paths
--------------------------------------------------------------------------------------
Slack:                    inf
  Source:                 design_1_i/riscv_wrapper_0/inst/rv_core/ex_mem_pipeline_reg/cpu_halted_o_reg/C
                            (rising edge-triggered cell FDRE clocked by clk_pl_0  {rise@0.000ns fall@5.000ns period=10.000ns})
  Destination:            design_1_i/axi_gpio_0/U0/gpio_core_1/Dual.INPUT_DOUBLE_REGS5/syncstages_ff_reg[0][0]/D
                            (rising edge-triggered cell FDRE clocked by clk_pl_0  {rise@0.000ns fall@5.000ns period=10.000ns})
  Path Group:             (none)
  Path Type:              Hold (Min at Fast Process Corner)
  Data Path Delay:        0.228ns  (logic 0.082ns (35.965%)  route 0.146ns (64.035%))
  Logic Levels:           0  
  Clock Path Skew:        0.193ns (DCD - SCD - CPR)
    Destination Clock Delay (DCD):    2.040ns
    Source Clock Delay      (SCD):    1.847ns
    Clock Pessimism Removal (CPR):    -0.000ns
  Clock Uncertainty:      0.160ns  ((TSJ^2 + DJ^2)^1/2) / 2 + PE
    Total System Jitter     (TSJ):    0.071ns
    Discrete Jitter          (DJ):    0.312ns
    Phase Error              (PE):    0.000ns
  Clock Net Delay (Source):      1.696ns (routing 0.919ns, distribution 0.777ns)
  Clock Net Delay (Destination): 1.853ns (routing 1.007ns, distribution 0.846ns)
  Timing Exception:       False Path

    Location             Delay type                Incr(ns)  Path(ns)    Netlist Resource(s)
  -------------------------------------------------------------------    -------------------
                         (clock clk_pl_0 rise edge)
                                                      0.000     0.000 r  
    PS8_X0Y0             PS8                          0.000     0.000 r  design_1_i/zynq_ultra_ps_e_0/inst/PS8_i/PLCLK[0]
                         net (fo=1, estimated)        0.129     0.129    design_1_i/zynq_ultra_ps_e_0/inst/pl_clk_unbuffered[0]
    BUFG_PS_X0Y80        BUFG_PS (Prop_BUFG_PS_I_O)
                                                      0.022     0.151 r  design_1_i/zynq_ultra_ps_e_0/inst/buffer_pl_clk_0.PL_CLK_0_BUFG/O
    X1Y1 (CLOCK_ROOT)    net (fo=18546, estimated)    1.696     1.847    design_1_i/riscv_wrapper_0/inst/rv_core/ex_mem_pipeline_reg/clk_i
    SLICE_X21Y49         FDRE                                         r  design_1_i/riscv_wrapper_0/inst/rv_core/ex_mem_pipeline_reg/cpu_halted_o_reg/C
  -------------------------------------------------------------------    -------------------
    SLICE_X21Y49         FDRE (Prop_AFF_SLICEM_C_Q)
                                                      0.082     1.929 r  design_1_i/riscv_wrapper_0/inst/rv_core/ex_mem_pipeline_reg/cpu_halted_o_reg/Q
                         net (fo=1, estimated)        0.146     2.075    design_1_i/axi_gpio_0/U0/gpio_core_1/Dual.INPUT_DOUBLE_REGS5/async_path_bit
    SLICE_X19Y53         FDRE                                         r  design_1_i/axi_gpio_0/U0/gpio_core_1/Dual.INPUT_DOUBLE_REGS5/syncstages_ff_reg[0][0]/D
  -------------------------------------------------------------------    -------------------

                         (clock clk_pl_0 rise edge)
                                                      0.000     0.000 r  
    PS8_X0Y0             PS8                          0.000     0.000 r  design_1_i/zynq_ultra_ps_e_0/inst/PS8_i/PLCLK[0]
                         net (fo=1, estimated)        0.164     0.164    design_1_i/zynq_ultra_ps_e_0/inst/pl_clk_unbuffered[0]
    BUFG_PS_X0Y80        BUFG_PS (Prop_BUFG_PS_I_O)
                                                      0.023     0.187 r  design_1_i/zynq_ultra_ps_e_0/inst/buffer_pl_clk_0.PL_CLK_0_BUFG/O
    X1Y1 (CLOCK_ROOT)    net (fo=18546, estimated)    1.853     2.040    design_1_i/axi_gpio_0/U0/gpio_core_1/Dual.INPUT_DOUBLE_REGS5/dest_clk
    SLICE_X19Y53         FDRE                                         r  design_1_i/axi_gpio_0/U0/gpio_core_1/Dual.INPUT_DOUBLE_REGS5/syncstages_ff_reg[0][0]/C

Slack:                    inf
  Source:                 design_1_i/axi_smc/inst/clk_map/psr_aclk/U0/ACTIVE_LOW_BSR_OUT_DFF[0].FDRE_BSR_N/C
                            (rising edge-triggered cell FDRE clocked by clk_pl_0  {rise@0.000ns fall@5.000ns period=10.000ns})
  Destination:            <hidden>
                            (removal check against rising-edge clock clk_pl_0  {rise@0.000ns fall@5.000ns period=10.000ns})
  Path Group:             (none)
  Path Type:              Removal (Min at Fast Process Corner)
  Data Path Delay:        0.381ns  (logic 0.084ns (22.047%)  route 0.297ns (77.953%))
  Logic Levels:           0  
  Clock Path Skew:        0.194ns (DCD - SCD - CPR)
    Destination Clock Delay (DCD):    2.035ns
    Source Clock Delay      (SCD):    1.841ns
    Clock Pessimism Removal (CPR):    -0.000ns
  Clock Uncertainty:      0.160ns  ((TSJ^2 + DJ^2)^1/2) / 2 + PE
    Total System Jitter     (TSJ):    0.071ns
    Discrete Jitter          (DJ):    0.312ns
    Phase Error              (PE):    0.000ns
  Clock Net Delay (Source):      1.690ns (routing 0.919ns, distribution 0.771ns)
  Clock Net Delay (Destination): 1.848ns (routing 1.007ns, distribution 0.841ns)
  Timing Exception:       False Path

    Location             Delay type                Incr(ns)  Path(ns)    Netlist Resource(s)
  -------------------------------------------------------------------    -------------------
                         (clock clk_pl_0 rise edge)
                                                      0.000     0.000 r  
    PS8_X0Y0             PS8                          0.000     0.000 r  design_1_i/zynq_ultra_ps_e_0/inst/PS8_i/PLCLK[0]
                         net (fo=1, estimated)        0.129     0.129    design_1_i/zynq_ultra_ps_e_0/inst/pl_clk_unbuffered[0]
    BUFG_PS_X0Y80        BUFG_PS (Prop_BUFG_PS_I_O)
                                                      0.022     0.151 r  design_1_i/zynq_ultra_ps_e_0/inst/buffer_pl_clk_0.PL_CLK_0_BUFG/O
    X1Y1 (CLOCK_ROOT)    net (fo=18546, estimated)    1.690     1.841    design_1_i/axi_smc/inst/clk_map/psr_aclk/U0/aclk
    SLICE_X22Y21         FDRE                                         r  design_1_i/axi_smc/inst/clk_map/psr_aclk/U0/ACTIVE_LOW_BSR_OUT_DFF[0].FDRE_BSR_N/C
  -------------------------------------------------------------------    -------------------
    SLICE_X22Y21         FDRE (Prop_EFF_SLICEL_C_Q)
                                                      0.084     1.925 r  design_1_i/axi_smc/inst/clk_map/psr_aclk/U0/ACTIVE_LOW_BSR_OUT_DFF[0].FDRE_BSR_N/Q
                         net (fo=102, estimated)      0.297     2.222    <hidden>
    SLICE_X19Y61         FDCE                                         f  <hidden>  (IS_INVERTED)
  -------------------------------------------------------------------    -------------------

                         (clock clk_pl_0 rise edge)
                                                      0.000     0.000 r  
    PS8_X0Y0             PS8                          0.000     0.000 r  design_1_i/zynq_ultra_ps_e_0/inst/PS8_i/PLCLK[0]
                         net (fo=1, estimated)        0.164     0.164    design_1_i/zynq_ultra_ps_e_0/inst/pl_clk_unbuffered[0]
    BUFG_PS_X0Y80        BUFG_PS (Prop_BUFG_PS_I_O)
                                                      0.023     0.187 r  design_1_i/zynq_ultra_ps_e_0/inst/buffer_pl_clk_0.PL_CLK_0_BUFG/O
    X1Y1 (CLOCK_ROOT)    net (fo=18546, estimated)    1.848     2.035    <hidden>
    SLICE_X19Y61         FDCE                                         r  <hidden>

Slack:                    inf
  Source:                 design_1_i/axi_smc/inst/clk_map/psr_aclk/U0/ACTIVE_LOW_BSR_OUT_DFF[0].FDRE_BSR_N/C
                            (rising edge-triggered cell FDRE clocked by clk_pl_0  {rise@0.000ns fall@5.000ns period=10.000ns})
  Destination:            <hidden>
                            (removal check against rising-edge clock clk_pl_0  {rise@0.000ns fall@5.000ns period=10.000ns})
  Path Group:             (none)
  Path Type:              Removal (Min at Fast Process Corner)
  Data Path Delay:        0.381ns  (logic 0.084ns (22.047%)  route 0.297ns (77.953%))
  Logic Levels:           0  
  Clock Path Skew:        0.194ns (DCD - SCD - CPR)
    Destination Clock Delay (DCD):    2.035ns
    Source Clock Delay      (SCD):    1.841ns
    Clock Pessimism Removal (CPR):    -0.000ns
  Clock Uncertainty:      0.160ns  ((TSJ^2 + DJ^2)^1/2) / 2 + PE
    Total System Jitter     (TSJ):    0.071ns
    Discrete Jitter          (DJ):    0.312ns
    Phase Error              (PE):    0.000ns
  Clock Net Delay (Source):      1.690ns (routing 0.919ns, distribution 0.771ns)
  Clock Net Delay (Destination): 1.848ns (routing 1.007ns, distribution 0.841ns)
  Timing Exception:       False Path

    Location             Delay type                Incr(ns)  Path(ns)    Netlist Resource(s)
  -------------------------------------------------------------------    -------------------
                         (clock clk_pl_0 rise edge)
                                                      0.000     0.000 r  
    PS8_X0Y0             PS8                          0.000     0.000 r  design_1_i/zynq_ultra_ps_e_0/inst/PS8_i/PLCLK[0]
                         net (fo=1, estimated)        0.129     0.129    design_1_i/zynq_ultra_ps_e_0/inst/pl_clk_unbuffered[0]
    BUFG_PS_X0Y80        BUFG_PS (Prop_BUFG_PS_I_O)
                                                      0.022     0.151 r  design_1_i/zynq_ultra_ps_e_0/inst/buffer_pl_clk_0.PL_CLK_0_BUFG/O
    X1Y1 (CLOCK_ROOT)    net (fo=18546, estimated)    1.690     1.841    design_1_i/axi_smc/inst/clk_map/psr_aclk/U0/aclk
    SLICE_X22Y21         FDRE                                         r  design_1_i/axi_smc/inst/clk_map/psr_aclk/U0/ACTIVE_LOW_BSR_OUT_DFF[0].FDRE_BSR_N/C
  -------------------------------------------------------------------    -------------------
    SLICE_X22Y21         FDRE (Prop_EFF_SLICEL_C_Q)
                                                      0.084     1.925 r  design_1_i/axi_smc/inst/clk_map/psr_aclk/U0/ACTIVE_LOW_BSR_OUT_DFF[0].FDRE_BSR_N/Q
                         net (fo=102, estimated)      0.297     2.222    <hidden>
    SLICE_X19Y61         FDCE                                         f  <hidden>  (IS_INVERTED)
  -------------------------------------------------------------------    -------------------

                         (clock clk_pl_0 rise edge)
                                                      0.000     0.000 r  
    PS8_X0Y0             PS8                          0.000     0.000 r  design_1_i/zynq_ultra_ps_e_0/inst/PS8_i/PLCLK[0]
                         net (fo=1, estimated)        0.164     0.164    design_1_i/zynq_ultra_ps_e_0/inst/pl_clk_unbuffered[0]
    BUFG_PS_X0Y80        BUFG_PS (Prop_BUFG_PS_I_O)
                                                      0.023     0.187 r  design_1_i/zynq_ultra_ps_e_0/inst/buffer_pl_clk_0.PL_CLK_0_BUFG/O
    X1Y1 (CLOCK_ROOT)    net (fo=18546, estimated)    1.848     2.035    <hidden>
    SLICE_X19Y61         FDCE                                         r  <hidden>

Slack:                    inf
  Source:                 design_1_i/axi_smc/inst/clk_map/psr_aclk/U0/ACTIVE_LOW_BSR_OUT_DFF[0].FDRE_BSR_N/C
                            (rising edge-triggered cell FDRE clocked by clk_pl_0  {rise@0.000ns fall@5.000ns period=10.000ns})
  Destination:            <hidden>
                            (removal check against rising-edge clock clk_pl_0  {rise@0.000ns fall@5.000ns period=10.000ns})
  Path Group:             (none)
  Path Type:              Removal (Min at Fast Process Corner)
  Data Path Delay:        0.381ns  (logic 0.084ns (22.047%)  route 0.297ns (77.953%))
  Logic Levels:           0  
  Clock Path Skew:        0.194ns (DCD - SCD - CPR)
    Destination Clock Delay (DCD):    2.035ns
    Source Clock Delay      (SCD):    1.841ns
    Clock Pessimism Removal (CPR):    -0.000ns
  Clock Uncertainty:      0.160ns  ((TSJ^2 + DJ^2)^1/2) / 2 + PE
    Total System Jitter     (TSJ):    0.071ns
    Discrete Jitter          (DJ):    0.312ns
    Phase Error              (PE):    0.000ns
  Clock Net Delay (Source):      1.690ns (routing 0.919ns, distribution 0.771ns)
  Clock Net Delay (Destination): 1.848ns (routing 1.007ns, distribution 0.841ns)
  Timing Exception:       False Path

    Location             Delay type                Incr(ns)  Path(ns)    Netlist Resource(s)
  -------------------------------------------------------------------    -------------------
                         (clock clk_pl_0 rise edge)
                                                      0.000     0.000 r  
    PS8_X0Y0             PS8                          0.000     0.000 r  design_1_i/zynq_ultra_ps_e_0/inst/PS8_i/PLCLK[0]
                         net (fo=1, estimated)        0.129     0.129    design_1_i/zynq_ultra_ps_e_0/inst/pl_clk_unbuffered[0]
    BUFG_PS_X0Y80        BUFG_PS (Prop_BUFG_PS_I_O)
                                                      0.022     0.151 r  design_1_i/zynq_ultra_ps_e_0/inst/buffer_pl_clk_0.PL_CLK_0_BUFG/O
    X1Y1 (CLOCK_ROOT)    net (fo=18546, estimated)    1.690     1.841    design_1_i/axi_smc/inst/clk_map/psr_aclk/U0/aclk
    SLICE_X22Y21         FDRE                                         r  design_1_i/axi_smc/inst/clk_map/psr_aclk/U0/ACTIVE_LOW_BSR_OUT_DFF[0].FDRE_BSR_N/C
  -------------------------------------------------------------------    -------------------
    SLICE_X22Y21         FDRE (Prop_EFF_SLICEL_C_Q)
                                                      0.084     1.925 r  design_1_i/axi_smc/inst/clk_map/psr_aclk/U0/ACTIVE_LOW_BSR_OUT_DFF[0].FDRE_BSR_N/Q
                         net (fo=102, estimated)      0.297     2.222    <hidden>
    SLICE_X19Y61         FDCE                                         f  <hidden>  (IS_INVERTED)
  -------------------------------------------------------------------    -------------------

                         (clock clk_pl_0 rise edge)
                                                      0.000     0.000 r  
    PS8_X0Y0             PS8                          0.000     0.000 r  design_1_i/zynq_ultra_ps_e_0/inst/PS8_i/PLCLK[0]
                         net (fo=1, estimated)        0.164     0.164    design_1_i/zynq_ultra_ps_e_0/inst/pl_clk_unbuffered[0]
    BUFG_PS_X0Y80        BUFG_PS (Prop_BUFG_PS_I_O)
                                                      0.023     0.187 r  design_1_i/zynq_ultra_ps_e_0/inst/buffer_pl_clk_0.PL_CLK_0_BUFG/O
    X1Y1 (CLOCK_ROOT)    net (fo=18546, estimated)    1.848     2.035    <hidden>
    SLICE_X19Y61         FDCE                                         r  <hidden>

Slack:                    inf
  Source:                 design_1_i/axi_smc/inst/clk_map/psr_aclk/U0/ACTIVE_LOW_BSR_OUT_DFF[0].FDRE_BSR_N/C
                            (rising edge-triggered cell FDRE clocked by clk_pl_0  {rise@0.000ns fall@5.000ns period=10.000ns})
  Destination:            <hidden>
                            (removal check against rising-edge clock clk_pl_0  {rise@0.000ns fall@5.000ns period=10.000ns})
  Path Group:             (none)
  Path Type:              Removal (Min at Fast Process Corner)
  Data Path Delay:        0.398ns  (logic 0.084ns (21.106%)  route 0.314ns (78.894%))
  Logic Levels:           0  
  Clock Path Skew:        0.195ns (DCD - SCD - CPR)
    Destination Clock Delay (DCD):    2.036ns
    Source Clock Delay      (SCD):    1.841ns
    Clock Pessimism Removal (CPR):    -0.000ns
  Clock Uncertainty:      0.160ns  ((TSJ^2 + DJ^2)^1/2) / 2 + PE
    Total System Jitter     (TSJ):    0.071ns
    Discrete Jitter          (DJ):    0.312ns
    Phase Error              (PE):    0.000ns
  Clock Net Delay (Source):      1.690ns (routing 0.919ns, distribution 0.771ns)
  Clock Net Delay (Destination): 1.849ns (routing 1.007ns, distribution 0.842ns)
  Timing Exception:       False Path

    Location             Delay type                Incr(ns)  Path(ns)    Netlist Resource(s)
  -------------------------------------------------------------------    -------------------
                         (clock clk_pl_0 rise edge)
                                                      0.000     0.000 r  
    PS8_X0Y0             PS8                          0.000     0.000 r  design_1_i/zynq_ultra_ps_e_0/inst/PS8_i/PLCLK[0]
                         net (fo=1, estimated)        0.129     0.129    design_1_i/zynq_ultra_ps_e_0/inst/pl_clk_unbuffered[0]
    BUFG_PS_X0Y80        BUFG_PS (Prop_BUFG_PS_I_O)
                                                      0.022     0.151 r  design_1_i/zynq_ultra_ps_e_0/inst/buffer_pl_clk_0.PL_CLK_0_BUFG/O
    X1Y1 (CLOCK_ROOT)    net (fo=18546, estimated)    1.690     1.841    design_1_i/axi_smc/inst/clk_map/psr_aclk/U0/aclk
    SLICE_X22Y21         FDRE                                         r  design_1_i/axi_smc/inst/clk_map/psr_aclk/U0/ACTIVE_LOW_BSR_OUT_DFF[0].FDRE_BSR_N/C
  -------------------------------------------------------------------    -------------------
    SLICE_X22Y21         FDRE (Prop_EFF_SLICEL_C_Q)
                                                      0.084     1.925 r  design_1_i/axi_smc/inst/clk_map/psr_aclk/U0/ACTIVE_LOW_BSR_OUT_DFF[0].FDRE_BSR_N/Q
                         net (fo=102, estimated)      0.314     2.239    <hidden>
    SLICE_X19Y53         FDCE                                         f  <hidden>  (IS_INVERTED)
  -------------------------------------------------------------------    -------------------

                         (clock clk_pl_0 rise edge)
                                                      0.000     0.000 r  
    PS8_X0Y0             PS8                          0.000     0.000 r  design_1_i/zynq_ultra_ps_e_0/inst/PS8_i/PLCLK[0]
                         net (fo=1, estimated)        0.164     0.164    design_1_i/zynq_ultra_ps_e_0/inst/pl_clk_unbuffered[0]
    BUFG_PS_X0Y80        BUFG_PS (Prop_BUFG_PS_I_O)
                                                      0.023     0.187 r  design_1_i/zynq_ultra_ps_e_0/inst/buffer_pl_clk_0.PL_CLK_0_BUFG/O
    X1Y1 (CLOCK_ROOT)    net (fo=18546, estimated)    1.849     2.036    <hidden>
    SLICE_X19Y53         FDCE                                         r  <hidden>

Slack:                    inf
  Source:                 design_1_i/axi_smc/inst/clk_map/psr_aclk/U0/ACTIVE_LOW_BSR_OUT_DFF[0].FDRE_BSR_N/C
                            (rising edge-triggered cell FDRE clocked by clk_pl_0  {rise@0.000ns fall@5.000ns period=10.000ns})
  Destination:            <hidden>
                            (removal check against rising-edge clock clk_pl_0  {rise@0.000ns fall@5.000ns period=10.000ns})
  Path Group:             (none)
  Path Type:              Removal (Min at Fast Process Corner)
  Data Path Delay:        0.398ns  (logic 0.084ns (21.106%)  route 0.314ns (78.894%))
  Logic Levels:           0  
  Clock Path Skew:        0.195ns (DCD - SCD - CPR)
    Destination Clock Delay (DCD):    2.036ns
    Source Clock Delay      (SCD):    1.841ns
    Clock Pessimism Removal (CPR):    -0.000ns
  Clock Uncertainty:      0.160ns  ((TSJ^2 + DJ^2)^1/2) / 2 + PE
    Total System Jitter     (TSJ):    0.071ns
    Discrete Jitter          (DJ):    0.312ns
    Phase Error              (PE):    0.000ns
  Clock Net Delay (Source):      1.690ns (routing 0.919ns, distribution 0.771ns)
  Clock Net Delay (Destination): 1.849ns (routing 1.007ns, distribution 0.842ns)
  Timing Exception:       False Path

    Location             Delay type                Incr(ns)  Path(ns)    Netlist Resource(s)
  -------------------------------------------------------------------    -------------------
                         (clock clk_pl_0 rise edge)
                                                      0.000     0.000 r  
    PS8_X0Y0             PS8                          0.000     0.000 r  design_1_i/zynq_ultra_ps_e_0/inst/PS8_i/PLCLK[0]
                         net (fo=1, estimated)        0.129     0.129    design_1_i/zynq_ultra_ps_e_0/inst/pl_clk_unbuffered[0]
    BUFG_PS_X0Y80        BUFG_PS (Prop_BUFG_PS_I_O)
                                                      0.022     0.151 r  design_1_i/zynq_ultra_ps_e_0/inst/buffer_pl_clk_0.PL_CLK_0_BUFG/O
    X1Y1 (CLOCK_ROOT)    net (fo=18546, estimated)    1.690     1.841    design_1_i/axi_smc/inst/clk_map/psr_aclk/U0/aclk
    SLICE_X22Y21         FDRE                                         r  design_1_i/axi_smc/inst/clk_map/psr_aclk/U0/ACTIVE_LOW_BSR_OUT_DFF[0].FDRE_BSR_N/C
  -------------------------------------------------------------------    -------------------
    SLICE_X22Y21         FDRE (Prop_EFF_SLICEL_C_Q)
                                                      0.084     1.925 r  design_1_i/axi_smc/inst/clk_map/psr_aclk/U0/ACTIVE_LOW_BSR_OUT_DFF[0].FDRE_BSR_N/Q
                         net (fo=102, estimated)      0.314     2.239    <hidden>
    SLICE_X19Y53         FDCE                                         f  <hidden>  (IS_INVERTED)
  -------------------------------------------------------------------    -------------------

                         (clock clk_pl_0 rise edge)
                                                      0.000     0.000 r  
    PS8_X0Y0             PS8                          0.000     0.000 r  design_1_i/zynq_ultra_ps_e_0/inst/PS8_i/PLCLK[0]
                         net (fo=1, estimated)        0.164     0.164    design_1_i/zynq_ultra_ps_e_0/inst/pl_clk_unbuffered[0]
    BUFG_PS_X0Y80        BUFG_PS (Prop_BUFG_PS_I_O)
                                                      0.023     0.187 r  design_1_i/zynq_ultra_ps_e_0/inst/buffer_pl_clk_0.PL_CLK_0_BUFG/O
    X1Y1 (CLOCK_ROOT)    net (fo=18546, estimated)    1.849     2.036    <hidden>
    SLICE_X19Y53         FDCE                                         r  <hidden>

Slack:                    inf
  Source:                 design_1_i/axi_smc/inst/clk_map/psr_aclk/U0/ACTIVE_LOW_BSR_OUT_DFF[0].FDRE_BSR_N/C
                            (rising edge-triggered cell FDRE clocked by clk_pl_0  {rise@0.000ns fall@5.000ns period=10.000ns})
  Destination:            <hidden>
                            (removal check against rising-edge clock clk_pl_0  {rise@0.000ns fall@5.000ns period=10.000ns})
  Path Group:             (none)
  Path Type:              Removal (Min at Fast Process Corner)
  Data Path Delay:        0.398ns  (logic 0.084ns (21.106%)  route 0.314ns (78.894%))
  Logic Levels:           0  
  Clock Path Skew:        0.195ns (DCD - SCD - CPR)
    Destination Clock Delay (DCD):    2.036ns
    Source Clock Delay      (SCD):    1.841ns
    Clock Pessimism Removal (CPR):    -0.000ns
  Clock Uncertainty:      0.160ns  ((TSJ^2 + DJ^2)^1/2) / 2 + PE
    Total System Jitter     (TSJ):    0.071ns
    Discrete Jitter          (DJ):    0.312ns
    Phase Error              (PE):    0.000ns
  Clock Net Delay (Source):      1.690ns (routing 0.919ns, distribution 0.771ns)
  Clock Net Delay (Destination): 1.849ns (routing 1.007ns, distribution 0.842ns)
  Timing Exception:       False Path

    Location             Delay type                Incr(ns)  Path(ns)    Netlist Resource(s)
  -------------------------------------------------------------------    -------------------
                         (clock clk_pl_0 rise edge)
                                                      0.000     0.000 r  
    PS8_X0Y0             PS8                          0.000     0.000 r  design_1_i/zynq_ultra_ps_e_0/inst/PS8_i/PLCLK[0]
                         net (fo=1, estimated)        0.129     0.129    design_1_i/zynq_ultra_ps_e_0/inst/pl_clk_unbuffered[0]
    BUFG_PS_X0Y80        BUFG_PS (Prop_BUFG_PS_I_O)
                                                      0.022     0.151 r  design_1_i/zynq_ultra_ps_e_0/inst/buffer_pl_clk_0.PL_CLK_0_BUFG/O
    X1Y1 (CLOCK_ROOT)    net (fo=18546, estimated)    1.690     1.841    design_1_i/axi_smc/inst/clk_map/psr_aclk/U0/aclk
    SLICE_X22Y21         FDRE                                         r  design_1_i/axi_smc/inst/clk_map/psr_aclk/U0/ACTIVE_LOW_BSR_OUT_DFF[0].FDRE_BSR_N/C
  -------------------------------------------------------------------    -------------------
    SLICE_X22Y21         FDRE (Prop_EFF_SLICEL_C_Q)
                                                      0.084     1.925 r  design_1_i/axi_smc/inst/clk_map/psr_aclk/U0/ACTIVE_LOW_BSR_OUT_DFF[0].FDRE_BSR_N/Q
                         net (fo=102, estimated)      0.314     2.239    <hidden>
    SLICE_X19Y53         FDCE                                         f  <hidden>  (IS_INVERTED)
  -------------------------------------------------------------------    -------------------

                         (clock clk_pl_0 rise edge)
                                                      0.000     0.000 r  
    PS8_X0Y0             PS8                          0.000     0.000 r  design_1_i/zynq_ultra_ps_e_0/inst/PS8_i/PLCLK[0]
                         net (fo=1, estimated)        0.164     0.164    design_1_i/zynq_ultra_ps_e_0/inst/pl_clk_unbuffered[0]
    BUFG_PS_X0Y80        BUFG_PS (Prop_BUFG_PS_I_O)
                                                      0.023     0.187 r  design_1_i/zynq_ultra_ps_e_0/inst/buffer_pl_clk_0.PL_CLK_0_BUFG/O
    X1Y1 (CLOCK_ROOT)    net (fo=18546, estimated)    1.849     2.036    <hidden>
    SLICE_X19Y53         FDCE                                         r  <hidden>

Slack:                    inf
  Source:                 design_1_i/axi_smc/inst/clk_map/psr_aclk/U0/ACTIVE_LOW_BSR_OUT_DFF[0].FDRE_BSR_N/C
                            (rising edge-triggered cell FDRE clocked by clk_pl_0  {rise@0.000ns fall@5.000ns period=10.000ns})
  Destination:            <hidden>
                            (removal check against rising-edge clock clk_pl_0  {rise@0.000ns fall@5.000ns period=10.000ns})
  Path Group:             (none)
  Path Type:              Removal (Min at Fast Process Corner)
  Data Path Delay:        0.420ns  (logic 0.084ns (20.000%)  route 0.336ns (80.000%))
  Logic Levels:           0  
  Clock Path Skew:        0.202ns (DCD - SCD - CPR)
    Destination Clock Delay (DCD):    2.043ns
    Source Clock Delay      (SCD):    1.841ns
    Clock Pessimism Removal (CPR):    -0.000ns
  Clock Uncertainty:      0.160ns  ((TSJ^2 + DJ^2)^1/2) / 2 + PE
    Total System Jitter     (TSJ):    0.071ns
    Discrete Jitter          (DJ):    0.312ns
    Phase Error              (PE):    0.000ns
  Clock Net Delay (Source):      1.690ns (routing 0.919ns, distribution 0.771ns)
  Clock Net Delay (Destination): 1.856ns (routing 1.007ns, distribution 0.849ns)
  Timing Exception:       False Path

    Location             Delay type                Incr(ns)  Path(ns)    Netlist Resource(s)
  -------------------------------------------------------------------    -------------------
                         (clock clk_pl_0 rise edge)
                                                      0.000     0.000 r  
    PS8_X0Y0             PS8                          0.000     0.000 r  design_1_i/zynq_ultra_ps_e_0/inst/PS8_i/PLCLK[0]
                         net (fo=1, estimated)        0.129     0.129    design_1_i/zynq_ultra_ps_e_0/inst/pl_clk_unbuffered[0]
    BUFG_PS_X0Y80        BUFG_PS (Prop_BUFG_PS_I_O)
                                                      0.022     0.151 r  design_1_i/zynq_ultra_ps_e_0/inst/buffer_pl_clk_0.PL_CLK_0_BUFG/O
    X1Y1 (CLOCK_ROOT)    net (fo=18546, estimated)    1.690     1.841    design_1_i/axi_smc/inst/clk_map/psr_aclk/U0/aclk
    SLICE_X22Y21         FDRE                                         r  design_1_i/axi_smc/inst/clk_map/psr_aclk/U0/ACTIVE_LOW_BSR_OUT_DFF[0].FDRE_BSR_N/C
  -------------------------------------------------------------------    -------------------
    SLICE_X22Y21         FDRE (Prop_EFF_SLICEL_C_Q)
                                                      0.084     1.925 r  design_1_i/axi_smc/inst/clk_map/psr_aclk/U0/ACTIVE_LOW_BSR_OUT_DFF[0].FDRE_BSR_N/Q
                         net (fo=102, estimated)      0.336     2.261    <hidden>
    SLICE_X15Y53         FDCE                                         f  <hidden>  (IS_INVERTED)
  -------------------------------------------------------------------    -------------------

                         (clock clk_pl_0 rise edge)
                                                      0.000     0.000 r  
    PS8_X0Y0             PS8                          0.000     0.000 r  design_1_i/zynq_ultra_ps_e_0/inst/PS8_i/PLCLK[0]
                         net (fo=1, estimated)        0.164     0.164    design_1_i/zynq_ultra_ps_e_0/inst/pl_clk_unbuffered[0]
    BUFG_PS_X0Y80        BUFG_PS (Prop_BUFG_PS_I_O)
                                                      0.023     0.187 r  design_1_i/zynq_ultra_ps_e_0/inst/buffer_pl_clk_0.PL_CLK_0_BUFG/O
    X1Y1 (CLOCK_ROOT)    net (fo=18546, estimated)    1.856     2.043    <hidden>
    SLICE_X15Y53         FDCE                                         r  <hidden>

Slack:                    inf
  Source:                 design_1_i/axi_smc/inst/clk_map/psr_aclk/U0/ACTIVE_LOW_BSR_OUT_DFF[0].FDRE_BSR_N/C
                            (rising edge-triggered cell FDRE clocked by clk_pl_0  {rise@0.000ns fall@5.000ns period=10.000ns})
  Destination:            <hidden>
                            (removal check against rising-edge clock clk_pl_0  {rise@0.000ns fall@5.000ns period=10.000ns})
  Path Group:             (none)
  Path Type:              Removal (Min at Fast Process Corner)
  Data Path Delay:        0.420ns  (logic 0.084ns (20.000%)  route 0.336ns (80.000%))
  Logic Levels:           0  
  Clock Path Skew:        0.202ns (DCD - SCD - CPR)
    Destination Clock Delay (DCD):    2.043ns
    Source Clock Delay      (SCD):    1.841ns
    Clock Pessimism Removal (CPR):    -0.000ns
  Clock Uncertainty:      0.160ns  ((TSJ^2 + DJ^2)^1/2) / 2 + PE
    Total System Jitter     (TSJ):    0.071ns
    Discrete Jitter          (DJ):    0.312ns
    Phase Error              (PE):    0.000ns
  Clock Net Delay (Source):      1.690ns (routing 0.919ns, distribution 0.771ns)
  Clock Net Delay (Destination): 1.856ns (routing 1.007ns, distribution 0.849ns)
  Timing Exception:       False Path

    Location             Delay type                Incr(ns)  Path(ns)    Netlist Resource(s)
  -------------------------------------------------------------------    -------------------
                         (clock clk_pl_0 rise edge)
                                                      0.000     0.000 r  
    PS8_X0Y0             PS8                          0.000     0.000 r  design_1_i/zynq_ultra_ps_e_0/inst/PS8_i/PLCLK[0]
                         net (fo=1, estimated)        0.129     0.129    design_1_i/zynq_ultra_ps_e_0/inst/pl_clk_unbuffered[0]
    BUFG_PS_X0Y80        BUFG_PS (Prop_BUFG_PS_I_O)
                                                      0.022     0.151 r  design_1_i/zynq_ultra_ps_e_0/inst/buffer_pl_clk_0.PL_CLK_0_BUFG/O
    X1Y1 (CLOCK_ROOT)    net (fo=18546, estimated)    1.690     1.841    design_1_i/axi_smc/inst/clk_map/psr_aclk/U0/aclk
    SLICE_X22Y21         FDRE                                         r  design_1_i/axi_smc/inst/clk_map/psr_aclk/U0/ACTIVE_LOW_BSR_OUT_DFF[0].FDRE_BSR_N/C
  -------------------------------------------------------------------    -------------------
    SLICE_X22Y21         FDRE (Prop_EFF_SLICEL_C_Q)
                                                      0.084     1.925 r  design_1_i/axi_smc/inst/clk_map/psr_aclk/U0/ACTIVE_LOW_BSR_OUT_DFF[0].FDRE_BSR_N/Q
                         net (fo=102, estimated)      0.336     2.261    <hidden>
    SLICE_X15Y53         FDCE                                         f  <hidden>  (IS_INVERTED)
  -------------------------------------------------------------------    -------------------

                         (clock clk_pl_0 rise edge)
                                                      0.000     0.000 r  
    PS8_X0Y0             PS8                          0.000     0.000 r  design_1_i/zynq_ultra_ps_e_0/inst/PS8_i/PLCLK[0]
                         net (fo=1, estimated)        0.164     0.164    design_1_i/zynq_ultra_ps_e_0/inst/pl_clk_unbuffered[0]
    BUFG_PS_X0Y80        BUFG_PS (Prop_BUFG_PS_I_O)
                                                      0.023     0.187 r  design_1_i/zynq_ultra_ps_e_0/inst/buffer_pl_clk_0.PL_CLK_0_BUFG/O
    X1Y1 (CLOCK_ROOT)    net (fo=18546, estimated)    1.856     2.043    <hidden>
    SLICE_X15Y53         FDCE                                         r  <hidden>

Slack:                    inf
  Source:                 design_1_i/axi_smc/inst/clk_map/psr_aclk/U0/ACTIVE_LOW_BSR_OUT_DFF[0].FDRE_BSR_N/C
                            (rising edge-triggered cell FDRE clocked by clk_pl_0  {rise@0.000ns fall@5.000ns period=10.000ns})
  Destination:            <hidden>
                            (removal check against rising-edge clock clk_pl_0  {rise@0.000ns fall@5.000ns period=10.000ns})
  Path Group:             (none)
  Path Type:              Removal (Min at Fast Process Corner)
  Data Path Delay:        0.420ns  (logic 0.084ns (20.000%)  route 0.336ns (80.000%))
  Logic Levels:           0  
  Clock Path Skew:        0.202ns (DCD - SCD - CPR)
    Destination Clock Delay (DCD):    2.043ns
    Source Clock Delay      (SCD):    1.841ns
    Clock Pessimism Removal (CPR):    -0.000ns
  Clock Uncertainty:      0.160ns  ((TSJ^2 + DJ^2)^1/2) / 2 + PE
    Total System Jitter     (TSJ):    0.071ns
    Discrete Jitter          (DJ):    0.312ns
    Phase Error              (PE):    0.000ns
  Clock Net Delay (Source):      1.690ns (routing 0.919ns, distribution 0.771ns)
  Clock Net Delay (Destination): 1.856ns (routing 1.007ns, distribution 0.849ns)
  Timing Exception:       False Path

    Location             Delay type                Incr(ns)  Path(ns)    Netlist Resource(s)
  -------------------------------------------------------------------    -------------------
                         (clock clk_pl_0 rise edge)
                                                      0.000     0.000 r  
    PS8_X0Y0             PS8                          0.000     0.000 r  design_1_i/zynq_ultra_ps_e_0/inst/PS8_i/PLCLK[0]
                         net (fo=1, estimated)        0.129     0.129    design_1_i/zynq_ultra_ps_e_0/inst/pl_clk_unbuffered[0]
    BUFG_PS_X0Y80        BUFG_PS (Prop_BUFG_PS_I_O)
                                                      0.022     0.151 r  design_1_i/zynq_ultra_ps_e_0/inst/buffer_pl_clk_0.PL_CLK_0_BUFG/O
    X1Y1 (CLOCK_ROOT)    net (fo=18546, estimated)    1.690     1.841    design_1_i/axi_smc/inst/clk_map/psr_aclk/U0/aclk
    SLICE_X22Y21         FDRE                                         r  design_1_i/axi_smc/inst/clk_map/psr_aclk/U0/ACTIVE_LOW_BSR_OUT_DFF[0].FDRE_BSR_N/C
  -------------------------------------------------------------------    -------------------
    SLICE_X22Y21         FDRE (Prop_EFF_SLICEL_C_Q)
                                                      0.084     1.925 r  design_1_i/axi_smc/inst/clk_map/psr_aclk/U0/ACTIVE_LOW_BSR_OUT_DFF[0].FDRE_BSR_N/Q
                         net (fo=102, estimated)      0.336     2.261    <hidden>
    SLICE_X15Y53         FDCE                                         f  <hidden>  (IS_INVERTED)
  -------------------------------------------------------------------    -------------------

                         (clock clk_pl_0 rise edge)
                                                      0.000     0.000 r  
    PS8_X0Y0             PS8                          0.000     0.000 r  design_1_i/zynq_ultra_ps_e_0/inst/PS8_i/PLCLK[0]
                         net (fo=1, estimated)        0.164     0.164    design_1_i/zynq_ultra_ps_e_0/inst/pl_clk_unbuffered[0]
    BUFG_PS_X0Y80        BUFG_PS (Prop_BUFG_PS_I_O)
                                                      0.023     0.187 r  design_1_i/zynq_ultra_ps_e_0/inst/buffer_pl_clk_0.PL_CLK_0_BUFG/O
    X1Y1 (CLOCK_ROOT)    net (fo=18546, estimated)    1.856     2.043    <hidden>
    SLICE_X15Y53         FDCE                                         r  <hidden>





