Copyright 1986-2022 Xilinx, Inc. All Rights Reserved. Copyright 2022-2025 Advanced Micro Devices, Inc. All Rights Reserved.
-----------------------------------------------------------------------------------------------------------------------------------------------------------------------------------------------------------------------
| Tool Version      : Vivado v.2025.1 (win64) Build 6140274 Thu May 22 00:12:29 MDT 2025
| Date              : Sat May 16 13:25:26 2026
| Host              : Trong_Hieu running 64-bit major release  (build 9200)
| Command           : report_timing_summary -max_paths 10 -report_unconstrained -warn_on_violation -file route_report_timing_summary_0.rpt -pb route_report_timing_summary_0.pb -rpx route_report_timing_summary_0.rpx
| Design            : design_1_wrapper
| Device            : xck26-sfvc784
| Speed File        : -2LV  PRODUCTION 1.30 05-15-2022
| Design State      : Routed
| Temperature Grade : C
-----------------------------------------------------------------------------------------------------------------------------------------------------------------------------------------------------------------------

Timing Summary Report

------------------------------------------------------------------------------------------------
| Timer Settings
| --------------
------------------------------------------------------------------------------------------------

  Enable Multi Corner Analysis               :  Yes
  Enable Pessimism Removal                   :  Yes
  Pessimism Removal Resolution               :  Nearest Common Node
  Enable Input Delay Default Clock           :  No
  Enable Preset / Clear Arcs                 :  No
  Disable Flight Delays                      :  No
  Ignore I/O Paths                           :  No
  Timing Early Launch at Borrowing Latches   :  No
  Borrow Time for Max Delay Exceptions       :  Yes
  Merge Timing Exceptions                    :  Yes
  Inter-SLR Compensation                     :  Conservative

  Corner  Analyze    Analyze    
  Name    Max Paths  Min Paths  
  ------  ---------  ---------  
  Slow    Yes        Yes        
  Fast    Yes        Yes        


------------------------------------------------------------------------------------------------
| Report Methodology
| ------------------
------------------------------------------------------------------------------------------------

No report available as report_methodology has not been run prior. Run report_methodology on the current design for the summary of methodology violations.



check_timing report

Table of Contents
-----------------
1. checking no_clock (0)
2. checking constant_clock (0)
3. checking pulse_width_clock (0)
4. checking unconstrained_internal_endpoints (0)
5. checking no_input_delay (0)
6. checking no_output_delay (0)
7. checking multiple_clock (0)
8. checking generated_clocks (0)
9. checking loops (0)
10. checking partial_input_delay (0)
11. checking partial_output_delay (0)
12. checking latch_loops (0)

1. checking no_clock (0)
------------------------
 There are 0 register/latch pins with no clock.


2. checking constant_clock (0)
------------------------------
 There are 0 register/latch pins with constant_clock.


3. checking pulse_width_clock (0)
---------------------------------
 There are 0 register/latch pins which need pulse_width check


4. checking unconstrained_internal_endpoints (0)
------------------------------------------------
 There are 0 pins that are not constrained for maximum delay.

 There are 0 pins that are not constrained for maximum delay due to constant clock.


5. checking no_input_delay (0)
------------------------------
 There are 0 input ports with no input delay specified.

 There are 0 input ports with no input delay but user has a false path constraint.


6. checking no_output_delay (0)
-------------------------------
 There are 0 ports with no output delay specified.

 There are 0 ports with no output delay but user has a false path constraint

 There are 0 ports with no output delay but with a timing clock defined on it or propagating through it


7. checking multiple_clock (0)
------------------------------
 There are 0 register/latch pins with multiple clocks.


8. checking generated_clocks (0)
--------------------------------
 There are 0 generated clocks that are not connected to a clock source.


9. checking loops (0)
---------------------
 There are 0 combinational loops in the design.


10. checking partial_input_delay (0)
------------------------------------
 There are 0 input ports with partial input delay specified.


11. checking partial_output_delay (0)
-------------------------------------
 There are 0 ports with partial output delay specified.


12. checking latch_loops (0)
----------------------------
 There are 0 combinational latch loops in the design through latch input



------------------------------------------------------------------------------------------------
| Design Timing Summary
| ---------------------
------------------------------------------------------------------------------------------------

    WNS(ns)      TNS(ns)  TNS Failing Endpoints  TNS Total Endpoints      WHS(ns)      THS(ns)  THS Failing Endpoints  THS Total Endpoints     WPWS(ns)     TPWS(ns)  TPWS Failing Endpoints  TPWS Total Endpoints  
    -------      -------  ---------------------  -------------------      -------      -------  ---------------------  -------------------     --------     --------  ----------------------  --------------------  
      3.289        0.000                      0                53997        0.011        0.000                      0                53997        3.500        0.000                       0                 18546  


All user specified timing constraints are met.


------------------------------------------------------------------------------------------------
| Clock Summary
| -------------
------------------------------------------------------------------------------------------------

Clock     Waveform(ns)       Period(ns)      Frequency(MHz)
-----     ------------       ----------      --------------
clk_pl_0  {0.000 5.000}      10.000          100.000         
clk_pl_1  {0.000 5.000}      10.000          100.000         


------------------------------------------------------------------------------------------------
| Intra Clock Table
| -----------------
------------------------------------------------------------------------------------------------

Clock             WNS(ns)      TNS(ns)  TNS Failing Endpoints  TNS Total Endpoints      WHS(ns)      THS(ns)  THS Failing Endpoints  THS Total Endpoints     WPWS(ns)     TPWS(ns)  TPWS Failing Endpoints  TPWS Total Endpoints  
-----             -------      -------  ---------------------  -------------------      -------      -------  ---------------------  -------------------     --------     --------  ----------------------  --------------------  
clk_pl_0            3.289        0.000                      0                53931        0.011        0.000                      0                53931        3.500        0.000                       0                 18546  


------------------------------------------------------------------------------------------------
| Inter Clock Table
| -----------------
------------------------------------------------------------------------------------------------

From Clock    To Clock          WNS(ns)      TNS(ns)  TNS Failing Endpoints  TNS Total Endpoints      WHS(ns)      THS(ns)  THS Failing Endpoints  THS Total Endpoints  
----------    --------          -------      -------  ---------------------  -------------------      -------      -------  ---------------------  -------------------  


------------------------------------------------------------------------------------------------
| Other Path Groups Table
| -----------------------
------------------------------------------------------------------------------------------------

Path Group         From Clock         To Clock               WNS(ns)      TNS(ns)  TNS Failing Endpoints  TNS Total Endpoints      WHS(ns)      THS(ns)  THS Failing Endpoints  THS Total Endpoints  
----------         ----------         --------               -------      -------  ---------------------  -------------------      -------      -------  ---------------------  -------------------  
**async_default**  clk_pl_0           clk_pl_0                 6.329        0.000                      0                   66        1.610        0.000                      0                   66  


------------------------------------------------------------------------------------------------
| User Ignored Path Table
| -----------------------
------------------------------------------------------------------------------------------------

Path Group    From Clock    To Clock    
----------    ----------    --------    
(none)                      clk_pl_0      
(none)        clk_pl_0      clk_pl_0      


------------------------------------------------------------------------------------------------
| Unconstrained Path Table
| ------------------------
------------------------------------------------------------------------------------------------

Path Group    From Clock    To Clock    
----------    ----------    --------    


------------------------------------------------------------------------------------------------
| Timing Details
| --------------
------------------------------------------------------------------------------------------------


---------------------------------------------------------------------------------------------------
From Clock:  clk_pl_0
  To Clock:  clk_pl_0

Setup :            0  Failing Endpoints,  Worst Slack        3.289ns,  Total Violation        0.000ns
Hold  :            0  Failing Endpoints,  Worst Slack        0.011ns,  Total Violation        0.000ns
PW    :            0  Failing Endpoints,  Worst Slack        3.500ns,  Total Violation        0.000ns
---------------------------------------------------------------------------------------------------


Max Delay Paths
--------------------------------------------------------------------------------------
Slack (MET) :             3.289ns  (required time - arrival time)
  Source:                 <hidden>
                            (rising edge-triggered cell RAMB36E2 clocked by clk_pl_0  {rise@0.000ns fall@5.000ns period=10.000ns})
  Destination:            design_1_i/riscv_wrapper_0/inst/rv_core/ex_mem_pipeline_reg/alu_o_reg[29]/D
                            (rising edge-triggered cell FDRE clocked by clk_pl_0  {rise@0.000ns fall@5.000ns period=10.000ns})
  Path Group:             clk_pl_0
  Path Type:              Setup (Max at Slow Process Corner)
  Requirement:            10.000ns  (clk_pl_0 rise@10.000ns - clk_pl_0 rise@0.000ns)
  Data Path Delay:        6.325ns  (logic 3.023ns (47.792%)  route 3.302ns (52.208%))
  Logic Levels:           12  (CARRY8=3 LUT2=1 LUT3=1 LUT6=7)
  Clock Path Skew:        -0.269ns (DCD - SCD + CPR)
    Destination Clock Delay (DCD):    3.018ns = ( 13.018 - 10.000 ) 
    Source Clock Delay      (SCD):    3.475ns
    Clock Pessimism Removal (CPR):    0.188ns
  Clock Uncertainty:      0.160ns  ((TSJ^2 + DJ^2)^1/2) / 2 + PE
    Total System Jitter     (TSJ):    0.071ns
    Discrete Jitter          (DJ):    0.312ns
    Phase Error              (PE):    0.000ns
  Clock Net Delay (Source):      3.208ns (routing 1.584ns, distribution 1.624ns)
  Clock Net Delay (Destination): 2.802ns (routing 1.450ns, distribution 1.352ns)

    Location             Delay type                Incr(ns)  Path(ns)    Netlist Resource(s)
  -------------------------------------------------------------------    -------------------
                         (clock clk_pl_0 rise edge)
                                                      0.000     0.000 r  
    PS8_X0Y0             PS8                          0.000     0.000 r  design_1_i/zynq_ultra_ps_e_0/inst/PS8_i/PLCLK[0]
                         net (fo=1, routed)           0.229     0.229    design_1_i/zynq_ultra_ps_e_0/inst/pl_clk_unbuffered[0]
    BUFG_PS_X0Y80        BUFG_PS (Prop_BUFG_PS_I_O)
                                                      0.038     0.267 r  design_1_i/zynq_ultra_ps_e_0/inst/buffer_pl_clk_0.PL_CLK_0_BUFG/O
    X1Y1 (CLOCK_ROOT)    net (fo=18546, routed)       3.208     3.475    <hidden>
    RAMB36_X1Y12         RAMB36E2                                     r  <hidden>
  -------------------------------------------------------------------    -------------------
    RAMB36_X1Y12         RAMB36E2 (Prop_RAMB36E2_RAMB36_CLKARDCLK_DOUTADOUT[0])
                                                      1.443     4.918 r  <hidden>
                         net (fo=3, routed)           1.544     6.462    design_1_i/riscv_wrapper_0/inst/rv_core/mem_wb_pipeline_reg/dmem_rdata_i[10]
    SLICE_X22Y39         LUT6 (Prop_B6LUT_SLICEL_I5_O)
                                                      0.138     6.600 f  design_1_i/riscv_wrapper_0/inst/rv_core/mem_wb_pipeline_reg/registers_r[0][10]_i_3/O
                         net (fo=1, routed)           0.121     6.721    design_1_i/riscv_wrapper_0/inst/rv_core/mem_wb_pipeline_reg/registers_r[0][10]_i_3_n_0
    SLICE_X22Y39         LUT6 (Prop_C6LUT_SLICEL_I3_O)
                                                      0.187     6.908 r  design_1_i/riscv_wrapper_0/inst/rv_core/mem_wb_pipeline_reg/registers_r[0][10]_i_2/O
                         net (fo=1, routed)           0.053     6.961    design_1_i/riscv_wrapper_0/inst/rv_core/wb_mux/wb_aligned_load_data_w[9]
    SLICE_X22Y39         LUT6 (Prop_A6LUT_SLICEL_I5_O)
                                                      0.137     7.098 r  design_1_i/riscv_wrapper_0/inst/rv_core/wb_mux/registers_r[0][10]_i_1/O
                         net (fo=37, routed)          0.318     7.416    design_1_i/riscv_wrapper_0/inst/rv_core/fwd_mux_b/wb_wdata_w[10]
    SLICE_X18Y36         LUT6 (Prop_F6LUT_SLICEM_I1_O)
                                                      0.080     7.496 r  design_1_i/riscv_wrapper_0/inst/rv_core/fwd_mux_b/d_dmem_o[10]_i_1/O
                         net (fo=3, routed)           0.293     7.790    design_1_i/riscv_wrapper_0/inst/rv_core/id_ex_pipeline_reg/fw_data2_clean_w[10]
    SLICE_X21Y43         LUT3 (Prop_D6LUT_SLICEM_I1_O)
                                                      0.151     7.941 r  design_1_i/riscv_wrapper_0/inst/rv_core/id_ex_pipeline_reg/alu_o[10]_i_11/O
                         net (fo=7, routed)           0.328     8.268    design_1_i/riscv_wrapper_0/inst/rv_core/id_ex_pipeline_reg/ex_alu_operand_b_w[10]
    SLICE_X19Y49         LUT2 (Prop_C6LUT_SLICEL_I1_O)
                                                      0.081     8.349 r  design_1_i/riscv_wrapper_0/inst/rv_core/id_ex_pipeline_reg/alu_o[15]_i_82/O
                         net (fo=1, routed)           0.015     8.364    design_1_i/riscv_wrapper_0/inst/rv_core/id_ex_pipeline_reg/alu_o[15]_i_82_n_0
    SLICE_X19Y49         CARRY8 (Prop_CARRY8_SLICEL_S[2]_CO[7])
                                                      0.219     8.583 r  design_1_i/riscv_wrapper_0/inst/rv_core/id_ex_pipeline_reg/alu_o_reg[15]_i_34/CO[7]
                         net (fo=1, routed)           0.030     8.613    design_1_i/riscv_wrapper_0/inst/rv_core/id_ex_pipeline_reg/alu_o_reg[15]_i_34_n_0
    SLICE_X19Y50         CARRY8 (Prop_CARRY8_SLICEL_CI_CO[7])
                                                      0.065     8.678 r  design_1_i/riscv_wrapper_0/inst/rv_core/id_ex_pipeline_reg/alu_o_reg[31]_i_25/CO[7]
                         net (fo=1, routed)           0.030     8.708    design_1_i/riscv_wrapper_0/inst/rv_core/id_ex_pipeline_reg/alu_o_reg[31]_i_25_n_0
    SLICE_X19Y51         CARRY8 (Prop_CARRY8_SLICEL_CI_O[5])
                                                      0.161     8.869 r  design_1_i/riscv_wrapper_0/inst/rv_core/id_ex_pipeline_reg/alu_o_reg[31]_i_11/O[5]
                         net (fo=1, routed)           0.215     9.084    design_1_i/riscv_wrapper_0/inst/rv_core/id_ex_pipeline_reg/alu_unit/data0[29]
    SLICE_X17Y51         LUT6 (Prop_C6LUT_SLICEM_I0_O)
                                                      0.056     9.140 r  design_1_i/riscv_wrapper_0/inst/rv_core/id_ex_pipeline_reg/alu_o[29]_i_8/O
                         net (fo=1, routed)           0.218     9.358    design_1_i/riscv_wrapper_0/inst/rv_core/id_ex_pipeline_reg/alu_o[29]_i_8_n_0
    SLICE_X15Y51         LUT6 (Prop_F6LUT_SLICEL_I2_O)
                                                      0.081     9.439 r  design_1_i/riscv_wrapper_0/inst/rv_core/id_ex_pipeline_reg/alu_o[29]_i_3/O
                         net (fo=1, routed)           0.070     9.509    design_1_i/riscv_wrapper_0/inst/rv_core/id_ex_pipeline_reg/alu_o[29]_i_3_n_0
    SLICE_X15Y51         LUT6 (Prop_B6LUT_SLICEL_I1_O)
                                                      0.224     9.733 r  design_1_i/riscv_wrapper_0/inst/rv_core/id_ex_pipeline_reg/alu_o[29]_i_1/O
                         net (fo=1, routed)           0.067     9.800    design_1_i/riscv_wrapper_0/inst/rv_core/ex_mem_pipeline_reg/D[29]
    SLICE_X15Y51         FDRE                                         r  design_1_i/riscv_wrapper_0/inst/rv_core/ex_mem_pipeline_reg/alu_o_reg[29]/D
  -------------------------------------------------------------------    -------------------

                         (clock clk_pl_0 rise edge)
                                                     10.000    10.000 r  
    PS8_X0Y0             PS8                          0.000    10.000 r  design_1_i/zynq_ultra_ps_e_0/inst/PS8_i/PLCLK[0]
                         net (fo=1, routed)           0.181    10.181    design_1_i/zynq_ultra_ps_e_0/inst/pl_clk_unbuffered[0]
    BUFG_PS_X0Y80        BUFG_PS (Prop_BUFG_PS_I_O)
                                                      0.035    10.216 r  design_1_i/zynq_ultra_ps_e_0/inst/buffer_pl_clk_0.PL_CLK_0_BUFG/O
    X1Y1 (CLOCK_ROOT)    net (fo=18546, routed)       2.802    13.018    design_1_i/riscv_wrapper_0/inst/rv_core/ex_mem_pipeline_reg/clk_i
    SLICE_X15Y51         FDRE                                         r  design_1_i/riscv_wrapper_0/inst/rv_core/ex_mem_pipeline_reg/alu_o_reg[29]/C
                         clock pessimism              0.188    13.206    
                         clock uncertainty           -0.160    13.046    
    SLICE_X15Y51         FDRE (Setup_BFF_SLICEL_C_D)
                                                      0.044    13.090    design_1_i/riscv_wrapper_0/inst/rv_core/ex_mem_pipeline_reg/alu_o_reg[29]
  -------------------------------------------------------------------
                         required time                         13.090    
                         arrival time                          -9.800    
  -------------------------------------------------------------------
                         slack                                  3.289    

Slack (MET) :             3.292ns  (required time - arrival time)
  Source:                 <hidden>
                            (rising edge-triggered cell RAMB36E2 clocked by clk_pl_0  {rise@0.000ns fall@5.000ns period=10.000ns})
  Destination:            design_1_i/riscv_wrapper_0/inst/rv_core/ex_mem_pipeline_reg/alu_o_reg[30]/D
                            (rising edge-triggered cell FDRE clocked by clk_pl_0  {rise@0.000ns fall@5.000ns period=10.000ns})
  Path Group:             clk_pl_0
  Path Type:              Setup (Max at Slow Process Corner)
  Requirement:            10.000ns  (clk_pl_0 rise@10.000ns - clk_pl_0 rise@0.000ns)
  Data Path Delay:        6.315ns  (logic 2.949ns (46.696%)  route 3.366ns (53.304%))
  Logic Levels:           12  (CARRY8=3 LUT2=1 LUT3=1 LUT6=7)
  Clock Path Skew:        -0.275ns (DCD - SCD + CPR)
    Destination Clock Delay (DCD):    3.012ns = ( 13.012 - 10.000 ) 
    Source Clock Delay      (SCD):    3.475ns
    Clock Pessimism Removal (CPR):    0.188ns
  Clock Uncertainty:      0.160ns  ((TSJ^2 + DJ^2)^1/2) / 2 + PE
    Total System Jitter     (TSJ):    0.071ns
    Discrete Jitter          (DJ):    0.312ns
    Phase Error              (PE):    0.000ns
  Clock Net Delay (Source):      3.208ns (routing 1.584ns, distribution 1.624ns)
  Clock Net Delay (Destination): 2.796ns (routing 1.450ns, distribution 1.346ns)

    Location             Delay type                Incr(ns)  Path(ns)    Netlist Resource(s)
  -------------------------------------------------------------------    -------------------
                         (clock clk_pl_0 rise edge)
                                                      0.000     0.000 r  
    PS8_X0Y0             PS8                          0.000     0.000 r  design_1_i/zynq_ultra_ps_e_0/inst/PS8_i/PLCLK[0]
                         net (fo=1, routed)           0.229     0.229    design_1_i/zynq_ultra_ps_e_0/inst/pl_clk_unbuffered[0]
    BUFG_PS_X0Y80        BUFG_PS (Prop_BUFG_PS_I_O)
                                                      0.038     0.267 r  design_1_i/zynq_ultra_ps_e_0/inst/buffer_pl_clk_0.PL_CLK_0_BUFG/O
    X1Y1 (CLOCK_ROOT)    net (fo=18546, routed)       3.208     3.475    <hidden>
    RAMB36_X1Y12         RAMB36E2                                     r  <hidden>
  -------------------------------------------------------------------    -------------------
    RAMB36_X1Y12         RAMB36E2 (Prop_RAMB36E2_RAMB36_CLKARDCLK_DOUTADOUT[0])
                                                      1.443     4.918 r  <hidden>
                         net (fo=3, routed)           1.544     6.462    design_1_i/riscv_wrapper_0/inst/rv_core/mem_wb_pipeline_reg/dmem_rdata_i[10]
    SLICE_X22Y39         LUT6 (Prop_B6LUT_SLICEL_I5_O)
                                                      0.138     6.600 f  design_1_i/riscv_wrapper_0/inst/rv_core/mem_wb_pipeline_reg/registers_r[0][10]_i_3/O
                         net (fo=1, routed)           0.121     6.721    design_1_i/riscv_wrapper_0/inst/rv_core/mem_wb_pipeline_reg/registers_r[0][10]_i_3_n_0
    SLICE_X22Y39         LUT6 (Prop_C6LUT_SLICEL_I3_O)
                                                      0.187     6.908 r  design_1_i/riscv_wrapper_0/inst/rv_core/mem_wb_pipeline_reg/registers_r[0][10]_i_2/O
                         net (fo=1, routed)           0.053     6.961    design_1_i/riscv_wrapper_0/inst/rv_core/wb_mux/wb_aligned_load_data_w[9]
    SLICE_X22Y39         LUT6 (Prop_A6LUT_SLICEL_I5_O)
                                                      0.137     7.098 r  design_1_i/riscv_wrapper_0/inst/rv_core/wb_mux/registers_r[0][10]_i_1/O
                         net (fo=37, routed)          0.318     7.416    design_1_i/riscv_wrapper_0/inst/rv_core/fwd_mux_b/wb_wdata_w[10]
    SLICE_X18Y36         LUT6 (Prop_F6LUT_SLICEM_I1_O)
                                                      0.080     7.496 r  design_1_i/riscv_wrapper_0/inst/rv_core/fwd_mux_b/d_dmem_o[10]_i_1/O
                         net (fo=3, routed)           0.293     7.790    design_1_i/riscv_wrapper_0/inst/rv_core/id_ex_pipeline_reg/fw_data2_clean_w[10]
    SLICE_X21Y43         LUT3 (Prop_D6LUT_SLICEM_I1_O)
                                                      0.151     7.941 r  design_1_i/riscv_wrapper_0/inst/rv_core/id_ex_pipeline_reg/alu_o[10]_i_11/O
                         net (fo=7, routed)           0.328     8.268    design_1_i/riscv_wrapper_0/inst/rv_core/id_ex_pipeline_reg/ex_alu_operand_b_w[10]
    SLICE_X19Y49         LUT2 (Prop_C6LUT_SLICEL_I1_O)
                                                      0.081     8.349 r  design_1_i/riscv_wrapper_0/inst/rv_core/id_ex_pipeline_reg/alu_o[15]_i_82/O
                         net (fo=1, routed)           0.015     8.364    design_1_i/riscv_wrapper_0/inst/rv_core/id_ex_pipeline_reg/alu_o[15]_i_82_n_0
    SLICE_X19Y49         CARRY8 (Prop_CARRY8_SLICEL_S[2]_CO[7])
                                                      0.219     8.583 r  design_1_i/riscv_wrapper_0/inst/rv_core/id_ex_pipeline_reg/alu_o_reg[15]_i_34/CO[7]
                         net (fo=1, routed)           0.030     8.613    design_1_i/riscv_wrapper_0/inst/rv_core/id_ex_pipeline_reg/alu_o_reg[15]_i_34_n_0
    SLICE_X19Y50         CARRY8 (Prop_CARRY8_SLICEL_CI_CO[7])
                                                      0.065     8.678 r  design_1_i/riscv_wrapper_0/inst/rv_core/id_ex_pipeline_reg/alu_o_reg[31]_i_25/CO[7]
                         net (fo=1, routed)           0.030     8.708    design_1_i/riscv_wrapper_0/inst/rv_core/id_ex_pipeline_reg/alu_o_reg[31]_i_25_n_0
    SLICE_X19Y51         CARRY8 (Prop_CARRY8_SLICEL_CI_O[6])
                                                      0.157     8.865 r  design_1_i/riscv_wrapper_0/inst/rv_core/id_ex_pipeline_reg/alu_o_reg[31]_i_11/O[6]
                         net (fo=1, routed)           0.190     9.055    design_1_i/riscv_wrapper_0/inst/rv_core/id_ex_pipeline_reg/alu_unit/data0[30]
    SLICE_X19Y52         LUT6 (Prop_C6LUT_SLICEL_I4_O)
                                                      0.056     9.111 r  design_1_i/riscv_wrapper_0/inst/rv_core/id_ex_pipeline_reg/alu_o[30]_i_12/O
                         net (fo=1, routed)           0.202     9.313    design_1_i/riscv_wrapper_0/inst/rv_core/id_ex_pipeline_reg/alu_o[30]_i_12_n_0
    SLICE_X17Y51         LUT6 (Prop_E6LUT_SLICEM_I5_O)
                                                      0.083     9.396 r  design_1_i/riscv_wrapper_0/inst/rv_core/id_ex_pipeline_reg/alu_o[30]_i_3/O
                         net (fo=1, routed)           0.162     9.558    design_1_i/riscv_wrapper_0/inst/rv_core/id_ex_pipeline_reg/alu_o[30]_i_3_n_0
    SLICE_X17Y51         LUT6 (Prop_G6LUT_SLICEM_I1_O)
                                                      0.152     9.710 r  design_1_i/riscv_wrapper_0/inst/rv_core/id_ex_pipeline_reg/alu_o[30]_i_1/O
                         net (fo=1, routed)           0.080     9.790    design_1_i/riscv_wrapper_0/inst/rv_core/ex_mem_pipeline_reg/D[30]
    SLICE_X17Y51         FDRE                                         r  design_1_i/riscv_wrapper_0/inst/rv_core/ex_mem_pipeline_reg/alu_o_reg[30]/D
  -------------------------------------------------------------------    -------------------

                         (clock clk_pl_0 rise edge)
                                                     10.000    10.000 r  
    PS8_X0Y0             PS8                          0.000    10.000 r  design_1_i/zynq_ultra_ps_e_0/inst/PS8_i/PLCLK[0]
                         net (fo=1, routed)           0.181    10.181    design_1_i/zynq_ultra_ps_e_0/inst/pl_clk_unbuffered[0]
    BUFG_PS_X0Y80        BUFG_PS (Prop_BUFG_PS_I_O)
                                                      0.035    10.216 r  design_1_i/zynq_ultra_ps_e_0/inst/buffer_pl_clk_0.PL_CLK_0_BUFG/O
    X1Y1 (CLOCK_ROOT)    net (fo=18546, routed)       2.796    13.012    design_1_i/riscv_wrapper_0/inst/rv_core/ex_mem_pipeline_reg/clk_i
    SLICE_X17Y51         FDRE                                         r  design_1_i/riscv_wrapper_0/inst/rv_core/ex_mem_pipeline_reg/alu_o_reg[30]/C
                         clock pessimism              0.188    13.200    
                         clock uncertainty           -0.160    13.040    
    SLICE_X17Y51         FDRE (Setup_GFF_SLICEM_C_D)
                                                      0.043    13.083    design_1_i/riscv_wrapper_0/inst/rv_core/ex_mem_pipeline_reg/alu_o_reg[30]
  -------------------------------------------------------------------
                         required time                         13.083    
                         arrival time                          -9.790    
  -------------------------------------------------------------------
                         slack                                  3.292    

Slack (MET) :             3.341ns  (required time - arrival time)
  Source:                 <hidden>
                            (rising edge-triggered cell RAMB36E2 clocked by clk_pl_0  {rise@0.000ns fall@5.000ns period=10.000ns})
  Destination:            <hidden>
                            (rising edge-triggered cell RAMB36E2 clocked by clk_pl_0  {rise@0.000ns fall@5.000ns period=10.000ns})
  Path Group:             clk_pl_0
  Path Type:              Setup (Max at Slow Process Corner)
  Requirement:            10.000ns  (clk_pl_0 rise@10.000ns - clk_pl_0 rise@0.000ns)
  Data Path Delay:        5.796ns  (logic 1.803ns (31.105%)  route 3.993ns (68.895%))
  Logic Levels:           3  (LUT2=1 LUT4=1 LUT5=1)
  Clock Path Skew:        -0.240ns (DCD - SCD + CPR)
    Destination Clock Delay (DCD):    2.981ns = ( 12.981 - 10.000 ) 
    Source Clock Delay      (SCD):    3.468ns
    Clock Pessimism Removal (CPR):    0.247ns
  Clock Uncertainty:      0.160ns  ((TSJ^2 + DJ^2)^1/2) / 2 + PE
    Total System Jitter     (TSJ):    0.071ns
    Discrete Jitter          (DJ):    0.312ns
    Phase Error              (PE):    0.000ns
  Clock Net Delay (Source):      3.201ns (routing 1.584ns, distribution 1.617ns)
  Clock Net Delay (Destination): 2.765ns (routing 1.450ns, distribution 1.315ns)

    Location             Delay type                Incr(ns)  Path(ns)    Netlist Resource(s)
  -------------------------------------------------------------------    -------------------
                         (clock clk_pl_0 rise edge)
                                                      0.000     0.000 r  
    PS8_X0Y0             PS8                          0.000     0.000 r  design_1_i/zynq_ultra_ps_e_0/inst/PS8_i/PLCLK[0]
                         net (fo=1, routed)           0.229     0.229    design_1_i/zynq_ultra_ps_e_0/inst/pl_clk_unbuffered[0]
    BUFG_PS_X0Y80        BUFG_PS (Prop_BUFG_PS_I_O)
                                                      0.038     0.267 r  design_1_i/zynq_ultra_ps_e_0/inst/buffer_pl_clk_0.PL_CLK_0_BUFG/O
    X1Y1 (CLOCK_ROOT)    net (fo=18546, routed)       3.201     3.468    <hidden>
    RAMB36_X1Y15         RAMB36E2                                     r  <hidden>
  -------------------------------------------------------------------    -------------------
    RAMB36_X1Y15         RAMB36E2 (Prop_RAMB36E2_RAMB36_CLKBWRCLK_DOUTBDOUT[1])
                                                      1.406     4.874 r  <hidden>
                         net (fo=261, routed)         1.870     6.744    design_1_i/riscv_wrapper_0/inst/rv_core/id_ex_pipeline_reg/imem_rdata_i[15]
    SLICE_X22Y38         LUT4 (Prop_B6LUT_SLICEL_I1_O)
                                                      0.152     6.896 f  design_1_i/riscv_wrapper_0/inst/rv_core/id_ex_pipeline_reg/imem_en_o_INST_0_i_4/O
                         net (fo=1, routed)           0.060     6.956    design_1_i/riscv_wrapper_0/inst/rv_core/id_ex_pipeline_reg/imem_en_o_INST_0_i_4_n_0
    SLICE_X22Y38         LUT5 (Prop_F6LUT_SLICEL_I2_O)
                                                      0.187     7.143 r  design_1_i/riscv_wrapper_0/inst/rv_core/id_ex_pipeline_reg/imem_en_o_INST_0_i_1/O
                         net (fo=66, routed)          0.858     8.001    <hidden>
    SLICE_X26Y71         LUT2 (Prop_H6LUT_SLICEL_I1_O)
                                                      0.058     8.059 r  <hidden>
                         net (fo=16, routed)          1.206     9.265    <hidden>
    RAMB36_X1Y18         RAMB36E2                                     r  <hidden>
  -------------------------------------------------------------------    -------------------

                         (clock clk_pl_0 rise edge)
                                                     10.000    10.000 r  
    PS8_X0Y0             PS8                          0.000    10.000 r  design_1_i/zynq_ultra_ps_e_0/inst/PS8_i/PLCLK[0]
                         net (fo=1, routed)           0.181    10.181    design_1_i/zynq_ultra_ps_e_0/inst/pl_clk_unbuffered[0]
    BUFG_PS_X0Y80        BUFG_PS (Prop_BUFG_PS_I_O)
                                                      0.035    10.216 r  design_1_i/zynq_ultra_ps_e_0/inst/buffer_pl_clk_0.PL_CLK_0_BUFG/O
    X1Y1 (CLOCK_ROOT)    net (fo=18546, routed)       2.765    12.981    <hidden>
    RAMB36_X1Y18         RAMB36E2                                     r  <hidden>
                         clock pessimism              0.247    13.228    
                         clock uncertainty           -0.160    13.068    
    RAMB36_X1Y18         RAMB36E2 (Setup_RAMB36E2_RAMB36_CLKBWRCLK_ENBWREN)
                                                     -0.462    12.606    <hidden>
  -------------------------------------------------------------------
                         required time                         12.606    
                         arrival time                          -9.265    
  -------------------------------------------------------------------
                         slack                                  3.341    

Slack (MET) :             3.342ns  (required time - arrival time)
  Source:                 <hidden>
                            (rising edge-triggered cell RAMB36E2 clocked by clk_pl_0  {rise@0.000ns fall@5.000ns period=10.000ns})
  Destination:            design_1_i/riscv_wrapper_0/inst/rv_core/ex_mem_pipeline_reg/alu_o_reg[22]/D
                            (rising edge-triggered cell FDRE clocked by clk_pl_0  {rise@0.000ns fall@5.000ns period=10.000ns})
  Path Group:             clk_pl_0
  Path Type:              Setup (Max at Slow Process Corner)
  Requirement:            10.000ns  (clk_pl_0 rise@10.000ns - clk_pl_0 rise@0.000ns)
  Data Path Delay:        6.255ns  (logic 2.822ns (45.114%)  route 3.433ns (54.886%))
  Logic Levels:           11  (CARRY8=2 LUT2=1 LUT3=1 LUT5=2 LUT6=5)
  Clock Path Skew:        -0.286ns (DCD - SCD + CPR)
    Destination Clock Delay (DCD):    3.001ns = ( 13.001 - 10.000 ) 
    Source Clock Delay      (SCD):    3.475ns
    Clock Pessimism Removal (CPR):    0.188ns
  Clock Uncertainty:      0.160ns  ((TSJ^2 + DJ^2)^1/2) / 2 + PE
    Total System Jitter     (TSJ):    0.071ns
    Discrete Jitter          (DJ):    0.312ns
    Phase Error              (PE):    0.000ns
  Clock Net Delay (Source):      3.208ns (routing 1.584ns, distribution 1.624ns)
  Clock Net Delay (Destination): 2.785ns (routing 1.450ns, distribution 1.335ns)

    Location             Delay type                Incr(ns)  Path(ns)    Netlist Resource(s)
  -------------------------------------------------------------------    -------------------
                         (clock clk_pl_0 rise edge)
                                                      0.000     0.000 r  
    PS8_X0Y0             PS8                          0.000     0.000 r  design_1_i/zynq_ultra_ps_e_0/inst/PS8_i/PLCLK[0]
                         net (fo=1, routed)           0.229     0.229    design_1_i/zynq_ultra_ps_e_0/inst/pl_clk_unbuffered[0]
    BUFG_PS_X0Y80        BUFG_PS (Prop_BUFG_PS_I_O)
                                                      0.038     0.267 r  design_1_i/zynq_ultra_ps_e_0/inst/buffer_pl_clk_0.PL_CLK_0_BUFG/O
    X1Y1 (CLOCK_ROOT)    net (fo=18546, routed)       3.208     3.475    <hidden>
    RAMB36_X1Y12         RAMB36E2                                     r  <hidden>
  -------------------------------------------------------------------    -------------------
    RAMB36_X1Y12         RAMB36E2 (Prop_RAMB36E2_RAMB36_CLKARDCLK_DOUTADOUT[0])
                                                      1.443     4.918 r  <hidden>
                         net (fo=3, routed)           1.544     6.462    design_1_i/riscv_wrapper_0/inst/rv_core/mem_wb_pipeline_reg/dmem_rdata_i[10]
    SLICE_X22Y39         LUT6 (Prop_B6LUT_SLICEL_I5_O)
                                                      0.138     6.600 f  design_1_i/riscv_wrapper_0/inst/rv_core/mem_wb_pipeline_reg/registers_r[0][10]_i_3/O
                         net (fo=1, routed)           0.121     6.721    design_1_i/riscv_wrapper_0/inst/rv_core/mem_wb_pipeline_reg/registers_r[0][10]_i_3_n_0
    SLICE_X22Y39         LUT6 (Prop_C6LUT_SLICEL_I3_O)
                                                      0.187     6.908 r  design_1_i/riscv_wrapper_0/inst/rv_core/mem_wb_pipeline_reg/registers_r[0][10]_i_2/O
                         net (fo=1, routed)           0.053     6.961    design_1_i/riscv_wrapper_0/inst/rv_core/wb_mux/wb_aligned_load_data_w[9]
    SLICE_X22Y39         LUT6 (Prop_A6LUT_SLICEL_I5_O)
                                                      0.137     7.098 r  design_1_i/riscv_wrapper_0/inst/rv_core/wb_mux/registers_r[0][10]_i_1/O
                         net (fo=37, routed)          0.318     7.416    design_1_i/riscv_wrapper_0/inst/rv_core/fwd_mux_b/wb_wdata_w[10]
    SLICE_X18Y36         LUT6 (Prop_F6LUT_SLICEM_I1_O)
                                                      0.080     7.496 r  design_1_i/riscv_wrapper_0/inst/rv_core/fwd_mux_b/d_dmem_o[10]_i_1/O
                         net (fo=3, routed)           0.293     7.790    design_1_i/riscv_wrapper_0/inst/rv_core/id_ex_pipeline_reg/fw_data2_clean_w[10]
    SLICE_X21Y43         LUT3 (Prop_D6LUT_SLICEM_I1_O)
                                                      0.151     7.941 r  design_1_i/riscv_wrapper_0/inst/rv_core/id_ex_pipeline_reg/alu_o[10]_i_11/O
                         net (fo=7, routed)           0.328     8.268    design_1_i/riscv_wrapper_0/inst/rv_core/id_ex_pipeline_reg/ex_alu_operand_b_w[10]
    SLICE_X19Y49         LUT2 (Prop_C6LUT_SLICEL_I1_O)
                                                      0.081     8.349 r  design_1_i/riscv_wrapper_0/inst/rv_core/id_ex_pipeline_reg/alu_o[15]_i_82/O
                         net (fo=1, routed)           0.015     8.364    design_1_i/riscv_wrapper_0/inst/rv_core/id_ex_pipeline_reg/alu_o[15]_i_82_n_0
    SLICE_X19Y49         CARRY8 (Prop_CARRY8_SLICEL_S[2]_CO[7])
                                                      0.219     8.583 r  design_1_i/riscv_wrapper_0/inst/rv_core/id_ex_pipeline_reg/alu_o_reg[15]_i_34/CO[7]
                         net (fo=1, routed)           0.030     8.613    design_1_i/riscv_wrapper_0/inst/rv_core/id_ex_pipeline_reg/alu_o_reg[15]_i_34_n_0
    SLICE_X19Y50         CARRY8 (Prop_CARRY8_SLICEL_CI_O[6])
                                                      0.157     8.770 r  design_1_i/riscv_wrapper_0/inst/rv_core/id_ex_pipeline_reg/alu_o_reg[31]_i_25/O[6]
                         net (fo=1, routed)           0.148     8.918    design_1_i/riscv_wrapper_0/inst/rv_core/id_ex_pipeline_reg/alu_unit/data0[22]
    SLICE_X20Y50         LUT6 (Prop_F6LUT_SLICEM_I0_O)
                                                      0.056     8.974 r  design_1_i/riscv_wrapper_0/inst/rv_core/id_ex_pipeline_reg/alu_o[22]_i_5/O
                         net (fo=1, routed)           0.113     9.087    design_1_i/riscv_wrapper_0/inst/rv_core/id_ex_pipeline_reg/alu_o[22]_i_5_n_0
    SLICE_X20Y52         LUT5 (Prop_G6LUT_SLICEM_I2_O)
                                                      0.082     9.169 f  design_1_i/riscv_wrapper_0/inst/rv_core/id_ex_pipeline_reg/alu_o[22]_i_2/O
                         net (fo=1, routed)           0.100     9.269    design_1_i/riscv_wrapper_0/inst/rv_core/id_ex_pipeline_reg/alu_o[22]_i_2_n_0
    SLICE_X20Y52         LUT5 (Prop_D5LUT_SLICEM_I0_O)
                                                      0.091     9.360 r  design_1_i/riscv_wrapper_0/inst/rv_core/id_ex_pipeline_reg/alu_o[22]_i_1/O
                         net (fo=1, routed)           0.370     9.730    design_1_i/riscv_wrapper_0/inst/rv_core/ex_mem_pipeline_reg/D[22]
    SLICE_X20Y51         FDRE                                         r  design_1_i/riscv_wrapper_0/inst/rv_core/ex_mem_pipeline_reg/alu_o_reg[22]/D
  -------------------------------------------------------------------    -------------------

                         (clock clk_pl_0 rise edge)
                                                     10.000    10.000 r  
    PS8_X0Y0             PS8                          0.000    10.000 r  design_1_i/zynq_ultra_ps_e_0/inst/PS8_i/PLCLK[0]
                         net (fo=1, routed)           0.181    10.181    design_1_i/zynq_ultra_ps_e_0/inst/pl_clk_unbuffered[0]
    BUFG_PS_X0Y80        BUFG_PS (Prop_BUFG_PS_I_O)
                                                      0.035    10.216 r  design_1_i/zynq_ultra_ps_e_0/inst/buffer_pl_clk_0.PL_CLK_0_BUFG/O
    X1Y1 (CLOCK_ROOT)    net (fo=18546, routed)       2.785    13.001    design_1_i/riscv_wrapper_0/inst/rv_core/ex_mem_pipeline_reg/clk_i
    SLICE_X20Y51         FDRE                                         r  design_1_i/riscv_wrapper_0/inst/rv_core/ex_mem_pipeline_reg/alu_o_reg[22]/C
                         clock pessimism              0.188    13.189    
                         clock uncertainty           -0.160    13.029    
    SLICE_X20Y51         FDRE (Setup_EFF_SLICEM_C_D)
                                                      0.044    13.073    design_1_i/riscv_wrapper_0/inst/rv_core/ex_mem_pipeline_reg/alu_o_reg[22]
  -------------------------------------------------------------------
                         required time                         13.073    
                         arrival time                          -9.730    
  -------------------------------------------------------------------
                         slack                                  3.342    

Slack (MET) :             3.367ns  (required time - arrival time)
  Source:                 <hidden>
                            (rising edge-triggered cell RAMB36E2 clocked by clk_pl_0  {rise@0.000ns fall@5.000ns period=10.000ns})
  Destination:            <hidden>
                            (rising edge-triggered cell RAMB36E2 clocked by clk_pl_0  {rise@0.000ns fall@5.000ns period=10.000ns})
  Path Group:             clk_pl_0
  Path Type:              Setup (Max at Slow Process Corner)
  Requirement:            10.000ns  (clk_pl_0 rise@10.000ns - clk_pl_0 rise@0.000ns)
  Data Path Delay:        5.645ns  (logic 1.803ns (31.938%)  route 3.842ns (68.062%))
  Logic Levels:           3  (LUT2=1 LUT4=1 LUT5=1)
  Clock Path Skew:        -0.366ns (DCD - SCD + CPR)
    Destination Clock Delay (DCD):    2.917ns = ( 12.917 - 10.000 ) 
    Source Clock Delay      (SCD):    3.468ns
    Clock Pessimism Removal (CPR):    0.185ns
  Clock Uncertainty:      0.160ns  ((TSJ^2 + DJ^2)^1/2) / 2 + PE
    Total System Jitter     (TSJ):    0.071ns
    Discrete Jitter          (DJ):    0.312ns
    Phase Error              (PE):    0.000ns
  Clock Net Delay (Source):      3.201ns (routing 1.584ns, distribution 1.617ns)
  Clock Net Delay (Destination): 2.701ns (routing 1.450ns, distribution 1.251ns)

    Location             Delay type                Incr(ns)  Path(ns)    Netlist Resource(s)
  -------------------------------------------------------------------    -------------------
                         (clock clk_pl_0 rise edge)
                                                      0.000     0.000 r  
    PS8_X0Y0             PS8                          0.000     0.000 r  design_1_i/zynq_ultra_ps_e_0/inst/PS8_i/PLCLK[0]
                         net (fo=1, routed)           0.229     0.229    design_1_i/zynq_ultra_ps_e_0/inst/pl_clk_unbuffered[0]
    BUFG_PS_X0Y80        BUFG_PS (Prop_BUFG_PS_I_O)
                                                      0.038     0.267 r  design_1_i/zynq_ultra_ps_e_0/inst/buffer_pl_clk_0.PL_CLK_0_BUFG/O
    X1Y1 (CLOCK_ROOT)    net (fo=18546, routed)       3.201     3.468    <hidden>
    RAMB36_X1Y15         RAMB36E2                                     r  <hidden>
  -------------------------------------------------------------------    -------------------
    RAMB36_X1Y15         RAMB36E2 (Prop_RAMB36E2_RAMB36_CLKBWRCLK_DOUTBDOUT[1])
                                                      1.406     4.874 r  <hidden>
                         net (fo=261, routed)         1.870     6.744    design_1_i/riscv_wrapper_0/inst/rv_core/id_ex_pipeline_reg/imem_rdata_i[15]
    SLICE_X22Y38         LUT4 (Prop_B6LUT_SLICEL_I1_O)
                                                      0.152     6.896 f  design_1_i/riscv_wrapper_0/inst/rv_core/id_ex_pipeline_reg/imem_en_o_INST_0_i_4/O
                         net (fo=1, routed)           0.060     6.956    design_1_i/riscv_wrapper_0/inst/rv_core/id_ex_pipeline_reg/imem_en_o_INST_0_i_4_n_0
    SLICE_X22Y38         LUT5 (Prop_F6LUT_SLICEL_I2_O)
                                                      0.187     7.143 r  design_1_i/riscv_wrapper_0/inst/rv_core/id_ex_pipeline_reg/imem_en_o_INST_0_i_1/O
                         net (fo=66, routed)          0.858     8.001    <hidden>
    SLICE_X26Y71         LUT2 (Prop_H6LUT_SLICEL_I1_O)
                                                      0.058     8.059 r  <hidden>
                         net (fo=16, routed)          1.055     9.113    <hidden>
    RAMB36_X0Y24         RAMB36E2                                     r  <hidden>
  -------------------------------------------------------------------    -------------------

                         (clock clk_pl_0 rise edge)
                                                     10.000    10.000 r  
    PS8_X0Y0             PS8                          0.000    10.000 r  design_1_i/zynq_ultra_ps_e_0/inst/PS8_i/PLCLK[0]
                         net (fo=1, routed)           0.181    10.181    design_1_i/zynq_ultra_ps_e_0/inst/pl_clk_unbuffered[0]
    BUFG_PS_X0Y80        BUFG_PS (Prop_BUFG_PS_I_O)
                                                      0.035    10.216 r  design_1_i/zynq_ultra_ps_e_0/inst/buffer_pl_clk_0.PL_CLK_0_BUFG/O
    X1Y1 (CLOCK_ROOT)    net (fo=18546, routed)       2.701    12.917    <hidden>
    RAMB36_X0Y24         RAMB36E2                                     r  <hidden>
                         clock pessimism              0.185    13.102    
                         clock uncertainty           -0.160    12.942    
    RAMB36_X0Y24         RAMB36E2 (Setup_RAMB36E2_RAMB36_CLKBWRCLK_ENBWREN)
                                                     -0.462    12.480    <hidden>
  -------------------------------------------------------------------
                         required time                         12.480    
                         arrival time                          -9.113    
  -------------------------------------------------------------------
                         slack                                  3.367    

Slack (MET) :             3.368ns  (required time - arrival time)
  Source:                 <hidden>
                            (rising edge-triggered cell RAMB36E2 clocked by clk_pl_0  {rise@0.000ns fall@5.000ns period=10.000ns})
  Destination:            design_1_i/riscv_wrapper_0/inst/rv_core/ex_mem_pipeline_reg/alu_o_reg[0]/D
                            (rising edge-triggered cell FDRE clocked by clk_pl_0  {rise@0.000ns fall@5.000ns period=10.000ns})
  Path Group:             clk_pl_0
  Path Type:              Setup (Max at Slow Process Corner)
  Requirement:            10.000ns  (clk_pl_0 rise@10.000ns - clk_pl_0 rise@0.000ns)
  Data Path Delay:        6.229ns  (logic 2.761ns (44.324%)  route 3.468ns (55.676%))
  Logic Levels:           10  (CARRY8=2 LUT3=1 LUT4=1 LUT6=6)
  Clock Path Skew:        -0.287ns (DCD - SCD + CPR)
    Destination Clock Delay (DCD):    3.000ns = ( 13.000 - 10.000 ) 
    Source Clock Delay      (SCD):    3.475ns
    Clock Pessimism Removal (CPR):    0.188ns
  Clock Uncertainty:      0.160ns  ((TSJ^2 + DJ^2)^1/2) / 2 + PE
    Total System Jitter     (TSJ):    0.071ns
    Discrete Jitter          (DJ):    0.312ns
    Phase Error              (PE):    0.000ns
  Clock Net Delay (Source):      3.208ns (routing 1.584ns, distribution 1.624ns)
  Clock Net Delay (Destination): 2.784ns (routing 1.450ns, distribution 1.334ns)

    Location             Delay type                Incr(ns)  Path(ns)    Netlist Resource(s)
  -------------------------------------------------------------------    -------------------
                         (clock clk_pl_0 rise edge)
                                                      0.000     0.000 r  
    PS8_X0Y0             PS8                          0.000     0.000 r  design_1_i/zynq_ultra_ps_e_0/inst/PS8_i/PLCLK[0]
                         net (fo=1, routed)           0.229     0.229    design_1_i/zynq_ultra_ps_e_0/inst/pl_clk_unbuffered[0]
    BUFG_PS_X0Y80        BUFG_PS (Prop_BUFG_PS_I_O)
                                                      0.038     0.267 r  design_1_i/zynq_ultra_ps_e_0/inst/buffer_pl_clk_0.PL_CLK_0_BUFG/O
    X1Y1 (CLOCK_ROOT)    net (fo=18546, routed)       3.208     3.475    <hidden>
    RAMB36_X1Y12         RAMB36E2                                     r  <hidden>
  -------------------------------------------------------------------    -------------------
    RAMB36_X1Y12         RAMB36E2 (Prop_RAMB36E2_RAMB36_CLKARDCLK_DOUTADOUT[1])
                                                      1.430     4.905 r  <hidden>
                         net (fo=3, routed)           1.899     6.804    design_1_i/riscv_wrapper_0/inst/rv_core/mem_wb_pipeline_reg/dmem_rdata_i[11]
    SLICE_X21Y37         LUT6 (Prop_H6LUT_SLICEM_I0_O)
                                                      0.189     6.993 r  design_1_i/riscv_wrapper_0/inst/rv_core/mem_wb_pipeline_reg/registers_r[0][11]_i_2/O
                         net (fo=1, routed)           0.049     7.042    design_1_i/riscv_wrapper_0/inst/rv_core/wb_mux/wb_aligned_load_data_w[10]
    SLICE_X21Y37         LUT6 (Prop_F6LUT_SLICEM_I5_O)
                                                      0.135     7.177 r  design_1_i/riscv_wrapper_0/inst/rv_core/wb_mux/registers_r[0][11]_i_1/O
                         net (fo=37, routed)          0.202     7.380    design_1_i/riscv_wrapper_0/inst/rv_core/fwd_mux_b/wb_wdata_w[11]
    SLICE_X19Y37         LUT6 (Prop_G6LUT_SLICEL_I1_O)
                                                      0.137     7.517 r  design_1_i/riscv_wrapper_0/inst/rv_core/fwd_mux_b/d_dmem_o[11]_i_1/O
                         net (fo=3, routed)           0.306     7.822    design_1_i/riscv_wrapper_0/inst/rv_core/id_ex_pipeline_reg/fw_data2_clean_w[11]
    SLICE_X20Y43         LUT3 (Prop_D6LUT_SLICEM_I1_O)
                                                      0.134     7.956 r  design_1_i/riscv_wrapper_0/inst/rv_core/id_ex_pipeline_reg/alu_o[11]_i_9/O
                         net (fo=7, routed)           0.451     8.407    design_1_i/riscv_wrapper_0/inst/rv_core/id_ex_pipeline_reg/ex_alu_operand_b_w[11]
    SLICE_X17Y46         LUT4 (Prop_F6LUT_SLICEM_I1_O)
                                                      0.149     8.556 r  design_1_i/riscv_wrapper_0/inst/rv_core/id_ex_pipeline_reg/alu_o[0]_i_97/O
                         net (fo=1, routed)           0.029     8.585    design_1_i/riscv_wrapper_0/inst/rv_core/id_ex_pipeline_reg/alu_o[0]_i_97_n_0
    SLICE_X17Y46         CARRY8 (Prop_CARRY8_SLICEM_S[5]_CO[7])
                                                      0.238     8.823 r  design_1_i/riscv_wrapper_0/inst/rv_core/id_ex_pipeline_reg/alu_o_reg[0]_i_58/CO[7]
                         net (fo=1, routed)           0.030     8.853    design_1_i/riscv_wrapper_0/inst/rv_core/id_ex_pipeline_reg/alu_o_reg[0]_i_58_n_0
    SLICE_X17Y47         CARRY8 (Prop_CARRY8_SLICEM_CI_CO[7])
                                                      0.073     8.926 r  design_1_i/riscv_wrapper_0/inst/rv_core/id_ex_pipeline_reg/alu_o_reg[0]_i_33/CO[7]
                         net (fo=1, routed)           0.240     9.166    design_1_i/riscv_wrapper_0/inst/rv_core/id_ex_pipeline_reg/alu_unit/data6
    SLICE_X19Y47         LUT6 (Prop_B6LUT_SLICEL_I1_O)
                                                      0.138     9.304 r  design_1_i/riscv_wrapper_0/inst/rv_core/id_ex_pipeline_reg/alu_o[0]_i_12/O
                         net (fo=1, routed)           0.096     9.400    design_1_i/riscv_wrapper_0/inst/rv_core/id_ex_pipeline_reg/alu_o[0]_i_12_n_0
    SLICE_X19Y46         LUT6 (Prop_C6LUT_SLICEL_I2_O)
                                                      0.081     9.481 r  design_1_i/riscv_wrapper_0/inst/rv_core/id_ex_pipeline_reg/alu_o[0]_i_5/O
                         net (fo=1, routed)           0.099     9.580    design_1_i/riscv_wrapper_0/inst/rv_core/id_ex_pipeline_reg/alu_o[0]_i_5_n_0
    SLICE_X19Y47         LUT6 (Prop_D6LUT_SLICEL_I3_O)
                                                      0.057     9.637 r  design_1_i/riscv_wrapper_0/inst/rv_core/id_ex_pipeline_reg/alu_o[0]_i_1/O
                         net (fo=1, routed)           0.067     9.704    design_1_i/riscv_wrapper_0/inst/rv_core/ex_mem_pipeline_reg/D[0]
    SLICE_X19Y47         FDRE                                         r  design_1_i/riscv_wrapper_0/inst/rv_core/ex_mem_pipeline_reg/alu_o_reg[0]/D
  -------------------------------------------------------------------    -------------------

                         (clock clk_pl_0 rise edge)
                                                     10.000    10.000 r  
    PS8_X0Y0             PS8                          0.000    10.000 r  design_1_i/zynq_ultra_ps_e_0/inst/PS8_i/PLCLK[0]
                         net (fo=1, routed)           0.181    10.181    design_1_i/zynq_ultra_ps_e_0/inst/pl_clk_unbuffered[0]
    BUFG_PS_X0Y80        BUFG_PS (Prop_BUFG_PS_I_O)
                                                      0.035    10.216 r  design_1_i/zynq_ultra_ps_e_0/inst/buffer_pl_clk_0.PL_CLK_0_BUFG/O
    X1Y1 (CLOCK_ROOT)    net (fo=18546, routed)       2.784    13.000    design_1_i/riscv_wrapper_0/inst/rv_core/ex_mem_pipeline_reg/clk_i
    SLICE_X19Y47         FDRE                                         r  design_1_i/riscv_wrapper_0/inst/rv_core/ex_mem_pipeline_reg/alu_o_reg[0]/C
                         clock pessimism              0.188    13.188    
                         clock uncertainty           -0.160    13.028    
    SLICE_X19Y47         FDRE (Setup_DFF_SLICEL_C_D)
                                                      0.044    13.072    design_1_i/riscv_wrapper_0/inst/rv_core/ex_mem_pipeline_reg/alu_o_reg[0]
  -------------------------------------------------------------------
                         required time                         13.072    
                         arrival time                          -9.704    
  -------------------------------------------------------------------
                         slack                                  3.368    

Slack (MET) :             3.378ns  (required time - arrival time)
  Source:                 <hidden>
                            (rising edge-triggered cell RAMB36E2 clocked by clk_pl_0  {rise@0.000ns fall@5.000ns period=10.000ns})
  Destination:            design_1_i/riscv_wrapper_0/inst/rv_core/id_ex_pipeline_reg/cpu_halted_o_reg/R
                            (rising edge-triggered cell FDRE clocked by clk_pl_0  {rise@0.000ns fall@5.000ns period=10.000ns})
  Path Group:             clk_pl_0
  Path Type:              Setup (Max at Slow Process Corner)
  Requirement:            10.000ns  (clk_pl_0 rise@10.000ns - clk_pl_0 rise@0.000ns)
  Data Path Delay:        6.061ns  (logic 2.697ns (44.498%)  route 3.364ns (55.502%))
  Logic Levels:           10  (CARRY8=3 LUT2=1 LUT4=1 LUT6=5)
  Clock Path Skew:        -0.282ns (DCD - SCD + CPR)
    Destination Clock Delay (DCD):    3.005ns = ( 13.005 - 10.000 ) 
    Source Clock Delay      (SCD):    3.475ns
    Clock Pessimism Removal (CPR):    0.188ns
  Clock Uncertainty:      0.160ns  ((TSJ^2 + DJ^2)^1/2) / 2 + PE
    Total System Jitter     (TSJ):    0.071ns
    Discrete Jitter          (DJ):    0.312ns
    Phase Error              (PE):    0.000ns
  Clock Net Delay (Source):      3.208ns (routing 1.584ns, distribution 1.624ns)
  Clock Net Delay (Destination): 2.789ns (routing 1.450ns, distribution 1.339ns)

    Location             Delay type                Incr(ns)  Path(ns)    Netlist Resource(s)
  -------------------------------------------------------------------    -------------------
                         (clock clk_pl_0 rise edge)
                                                      0.000     0.000 r  
    PS8_X0Y0             PS8                          0.000     0.000 r  design_1_i/zynq_ultra_ps_e_0/inst/PS8_i/PLCLK[0]
                         net (fo=1, routed)           0.229     0.229    design_1_i/zynq_ultra_ps_e_0/inst/pl_clk_unbuffered[0]
    BUFG_PS_X0Y80        BUFG_PS (Prop_BUFG_PS_I_O)
                                                      0.038     0.267 r  design_1_i/zynq_ultra_ps_e_0/inst/buffer_pl_clk_0.PL_CLK_0_BUFG/O
    X1Y1 (CLOCK_ROOT)    net (fo=18546, routed)       3.208     3.475    <hidden>
    RAMB36_X1Y12         RAMB36E2                                     r  <hidden>
  -------------------------------------------------------------------    -------------------
    RAMB36_X1Y12         RAMB36E2 (Prop_RAMB36E2_RAMB36_CLKARDCLK_DOUTADOUT[1])
                                                      1.430     4.905 r  <hidden>
                         net (fo=3, routed)           1.899     6.804    design_1_i/riscv_wrapper_0/inst/rv_core/mem_wb_pipeline_reg/dmem_rdata_i[11]
    SLICE_X21Y37         LUT6 (Prop_H6LUT_SLICEM_I0_O)
                                                      0.189     6.993 r  design_1_i/riscv_wrapper_0/inst/rv_core/mem_wb_pipeline_reg/registers_r[0][11]_i_2/O
                         net (fo=1, routed)           0.049     7.042    design_1_i/riscv_wrapper_0/inst/rv_core/wb_mux/wb_aligned_load_data_w[10]
    SLICE_X21Y37         LUT6 (Prop_F6LUT_SLICEM_I5_O)
                                                      0.135     7.177 r  design_1_i/riscv_wrapper_0/inst/rv_core/wb_mux/registers_r[0][11]_i_1/O
                         net (fo=37, routed)          0.224     7.401    design_1_i/riscv_wrapper_0/inst/rv_core/fwd_mux_a/wb_wdata_w[11]
    SLICE_X18Y37         LUT6 (Prop_H6LUT_SLICEM_I1_O)
                                                      0.138     7.539 r  design_1_i/riscv_wrapper_0/inst/rv_core/fwd_mux_a/pc_o[15]_i_16/O
                         net (fo=3, routed)           0.277     7.816    design_1_i/riscv_wrapper_0/inst/rv_core/id_ex_pipeline_reg/fw_data1_clean_w[11]
    SLICE_X19Y41         LUT2 (Prop_D6LUT_SLICEL_I0_O)
                                                      0.057     7.873 r  design_1_i/riscv_wrapper_0/inst/rv_core/id_ex_pipeline_reg/flush_delay_r_i_78/O
                         net (fo=1, routed)           0.013     7.886    design_1_i/riscv_wrapper_0/inst/rv_core/id_ex_pipeline_reg/flush_delay_r_i_78_n_0
    SLICE_X19Y41         CARRY8 (Prop_CARRY8_SLICEL_S[3]_CO[7])
                                                      0.220     8.106 r  design_1_i/riscv_wrapper_0/inst/rv_core/id_ex_pipeline_reg/flush_delay_r_reg_i_47/CO[7]
                         net (fo=1, routed)           0.030     8.136    design_1_i/riscv_wrapper_0/inst/rv_core/id_ex_pipeline_reg/flush_delay_r_reg_i_47_n_0
    SLICE_X19Y42         CARRY8 (Prop_CARRY8_SLICEL_CI_CO[7])
                                                      0.065     8.201 r  design_1_i/riscv_wrapper_0/inst/rv_core/id_ex_pipeline_reg/flush_delay_r_reg_i_18/CO[7]
                         net (fo=1, routed)           0.030     8.231    design_1_i/riscv_wrapper_0/inst/rv_core/id_ex_pipeline_reg/flush_delay_r_reg_i_18_n_0
    SLICE_X19Y43         CARRY8 (Prop_CARRY8_SLICEL_CI_O[7])
                                                      0.171     8.402 r  design_1_i/riscv_wrapper_0/inst/rv_core/id_ex_pipeline_reg/flush_delay_r_reg_i_6/O[7]
                         net (fo=1, routed)           0.205     8.607    design_1_i/riscv_wrapper_0/inst/rv_core/id_ex_pipeline_reg/bj_unit/p_0_in
    SLICE_X20Y45         LUT6 (Prop_G6LUT_SLICEM_I4_O)
                                                      0.152     8.759 r  design_1_i/riscv_wrapper_0/inst/rv_core/id_ex_pipeline_reg/flush_delay_r_i_2/O
                         net (fo=1, routed)           0.059     8.818    design_1_i/riscv_wrapper_0/inst/rv_core/id_ex_pipeline_reg/flush_delay_r_i_2_n_0
    SLICE_X20Y45         LUT6 (Prop_H6LUT_SLICEM_I0_O)
                                                      0.084     8.902 r  design_1_i/riscv_wrapper_0/inst/rv_core/id_ex_pipeline_reg/flush_delay_r_i_1/O
                         net (fo=34, routed)          0.113     9.015    design_1_i/riscv_wrapper_0/inst/rv_core/id_ex_pipeline_reg/ex_branch_taken_w
    SLICE_X20Y45         LUT4 (Prop_F6LUT_SLICEM_I1_O)
                                                      0.056     9.071 r  design_1_i/riscv_wrapper_0/inst/rv_core/id_ex_pipeline_reg/op_bl_o[2]_i_1/O
                         net (fo=8, routed)           0.465     9.536    design_1_i/riscv_wrapper_0/inst/rv_core/id_ex_pipeline_reg/op_bl_o[2]_i_1_n_0
    SLICE_X21Y49         FDRE                                         r  design_1_i/riscv_wrapper_0/inst/rv_core/id_ex_pipeline_reg/cpu_halted_o_reg/R
  -------------------------------------------------------------------    -------------------

                         (clock clk_pl_0 rise edge)
                                                     10.000    10.000 r  
    PS8_X0Y0             PS8                          0.000    10.000 r  design_1_i/zynq_ultra_ps_e_0/inst/PS8_i/PLCLK[0]
                         net (fo=1, routed)           0.181    10.181    design_1_i/zynq_ultra_ps_e_0/inst/pl_clk_unbuffered[0]
    BUFG_PS_X0Y80        BUFG_PS (Prop_BUFG_PS_I_O)
                                                      0.035    10.216 r  design_1_i/zynq_ultra_ps_e_0/inst/buffer_pl_clk_0.PL_CLK_0_BUFG/O
    X1Y1 (CLOCK_ROOT)    net (fo=18546, routed)       2.789    13.005    design_1_i/riscv_wrapper_0/inst/rv_core/id_ex_pipeline_reg/clk_i
    SLICE_X21Y49         FDRE                                         r  design_1_i/riscv_wrapper_0/inst/rv_core/id_ex_pipeline_reg/cpu_halted_o_reg/C
                         clock pessimism              0.188    13.193    
                         clock uncertainty           -0.160    13.033    
    SLICE_X21Y49         FDRE (Setup_EFF2_SLICEM_C_R)
                                                     -0.119    12.914    design_1_i/riscv_wrapper_0/inst/rv_core/id_ex_pipeline_reg/cpu_halted_o_reg
  -------------------------------------------------------------------
                         required time                         12.914    
                         arrival time                          -9.536    
  -------------------------------------------------------------------
                         slack                                  3.378    

Slack (MET) :             3.378ns  (required time - arrival time)
  Source:                 <hidden>
                            (rising edge-triggered cell RAMB36E2 clocked by clk_pl_0  {rise@0.000ns fall@5.000ns period=10.000ns})
  Destination:            design_1_i/riscv_wrapper_0/inst/rv_core/id_ex_pipeline_reg/is_jalr_o_reg/R
                            (rising edge-triggered cell FDRE clocked by clk_pl_0  {rise@0.000ns fall@5.000ns period=10.000ns})
  Path Group:             clk_pl_0
  Path Type:              Setup (Max at Slow Process Corner)
  Requirement:            10.000ns  (clk_pl_0 rise@10.000ns - clk_pl_0 rise@0.000ns)
  Data Path Delay:        6.061ns  (logic 2.697ns (44.498%)  route 3.364ns (55.502%))
  Logic Levels:           10  (CARRY8=3 LUT2=1 LUT4=1 LUT6=5)
  Clock Path Skew:        -0.282ns (DCD - SCD + CPR)
    Destination Clock Delay (DCD):    3.005ns = ( 13.005 - 10.000 ) 
    Source Clock Delay      (SCD):    3.475ns
    Clock Pessimism Removal (CPR):    0.188ns
  Clock Uncertainty:      0.160ns  ((TSJ^2 + DJ^2)^1/2) / 2 + PE
    Total System Jitter     (TSJ):    0.071ns
    Discrete Jitter          (DJ):    0.312ns
    Phase Error              (PE):    0.000ns
  Clock Net Delay (Source):      3.208ns (routing 1.584ns, distribution 1.624ns)
  Clock Net Delay (Destination): 2.789ns (routing 1.450ns, distribution 1.339ns)

    Location             Delay type                Incr(ns)  Path(ns)    Netlist Resource(s)
  -------------------------------------------------------------------    -------------------
                         (clock clk_pl_0 rise edge)
                                                      0.000     0.000 r  
    PS8_X0Y0             PS8                          0.000     0.000 r  design_1_i/zynq_ultra_ps_e_0/inst/PS8_i/PLCLK[0]
                         net (fo=1, routed)           0.229     0.229    design_1_i/zynq_ultra_ps_e_0/inst/pl_clk_unbuffered[0]
    BUFG_PS_X0Y80        BUFG_PS (Prop_BUFG_PS_I_O)
                                                      0.038     0.267 r  design_1_i/zynq_ultra_ps_e_0/inst/buffer_pl_clk_0.PL_CLK_0_BUFG/O
    X1Y1 (CLOCK_ROOT)    net (fo=18546, routed)       3.208     3.475    <hidden>
    RAMB36_X1Y12         RAMB36E2                                     r  <hidden>
  -------------------------------------------------------------------    -------------------
    RAMB36_X1Y12         RAMB36E2 (Prop_RAMB36E2_RAMB36_CLKARDCLK_DOUTADOUT[1])
                                                      1.430     4.905 r  <hidden>
                         net (fo=3, routed)           1.899     6.804    design_1_i/riscv_wrapper_0/inst/rv_core/mem_wb_pipeline_reg/dmem_rdata_i[11]
    SLICE_X21Y37         LUT6 (Prop_H6LUT_SLICEM_I0_O)
                                                      0.189     6.993 r  design_1_i/riscv_wrapper_0/inst/rv_core/mem_wb_pipeline_reg/registers_r[0][11]_i_2/O
                         net (fo=1, routed)           0.049     7.042    design_1_i/riscv_wrapper_0/inst/rv_core/wb_mux/wb_aligned_load_data_w[10]
    SLICE_X21Y37         LUT6 (Prop_F6LUT_SLICEM_I5_O)
                                                      0.135     7.177 r  design_1_i/riscv_wrapper_0/inst/rv_core/wb_mux/registers_r[0][11]_i_1/O
                         net (fo=37, routed)          0.224     7.401    design_1_i/riscv_wrapper_0/inst/rv_core/fwd_mux_a/wb_wdata_w[11]
    SLICE_X18Y37         LUT6 (Prop_H6LUT_SLICEM_I1_O)
                                                      0.138     7.539 r  design_1_i/riscv_wrapper_0/inst/rv_core/fwd_mux_a/pc_o[15]_i_16/O
                         net (fo=3, routed)           0.277     7.816    design_1_i/riscv_wrapper_0/inst/rv_core/id_ex_pipeline_reg/fw_data1_clean_w[11]
    SLICE_X19Y41         LUT2 (Prop_D6LUT_SLICEL_I0_O)
                                                      0.057     7.873 r  design_1_i/riscv_wrapper_0/inst/rv_core/id_ex_pipeline_reg/flush_delay_r_i_78/O
                         net (fo=1, routed)           0.013     7.886    design_1_i/riscv_wrapper_0/inst/rv_core/id_ex_pipeline_reg/flush_delay_r_i_78_n_0
    SLICE_X19Y41         CARRY8 (Prop_CARRY8_SLICEL_S[3]_CO[7])
                                                      0.220     8.106 r  design_1_i/riscv_wrapper_0/inst/rv_core/id_ex_pipeline_reg/flush_delay_r_reg_i_47/CO[7]
                         net (fo=1, routed)           0.030     8.136    design_1_i/riscv_wrapper_0/inst/rv_core/id_ex_pipeline_reg/flush_delay_r_reg_i_47_n_0
    SLICE_X19Y42         CARRY8 (Prop_CARRY8_SLICEL_CI_CO[7])
                                                      0.065     8.201 r  design_1_i/riscv_wrapper_0/inst/rv_core/id_ex_pipeline_reg/flush_delay_r_reg_i_18/CO[7]
                         net (fo=1, routed)           0.030     8.231    design_1_i/riscv_wrapper_0/inst/rv_core/id_ex_pipeline_reg/flush_delay_r_reg_i_18_n_0
    SLICE_X19Y43         CARRY8 (Prop_CARRY8_SLICEL_CI_O[7])
                                                      0.171     8.402 r  design_1_i/riscv_wrapper_0/inst/rv_core/id_ex_pipeline_reg/flush_delay_r_reg_i_6/O[7]
                         net (fo=1, routed)           0.205     8.607    design_1_i/riscv_wrapper_0/inst/rv_core/id_ex_pipeline_reg/bj_unit/p_0_in
    SLICE_X20Y45         LUT6 (Prop_G6LUT_SLICEM_I4_O)
                                                      0.152     8.759 r  design_1_i/riscv_wrapper_0/inst/rv_core/id_ex_pipeline_reg/flush_delay_r_i_2/O
                         net (fo=1, routed)           0.059     8.818    design_1_i/riscv_wrapper_0/inst/rv_core/id_ex_pipeline_reg/flush_delay_r_i_2_n_0
    SLICE_X20Y45         LUT6 (Prop_H6LUT_SLICEM_I0_O)
                                                      0.084     8.902 r  design_1_i/riscv_wrapper_0/inst/rv_core/id_ex_pipeline_reg/flush_delay_r_i_1/O
                         net (fo=34, routed)          0.113     9.015    design_1_i/riscv_wrapper_0/inst/rv_core/id_ex_pipeline_reg/ex_branch_taken_w
    SLICE_X20Y45         LUT4 (Prop_F6LUT_SLICEM_I1_O)
                                                      0.056     9.071 r  design_1_i/riscv_wrapper_0/inst/rv_core/id_ex_pipeline_reg/op_bl_o[2]_i_1/O
                         net (fo=8, routed)           0.465     9.536    design_1_i/riscv_wrapper_0/inst/rv_core/id_ex_pipeline_reg/op_bl_o[2]_i_1_n_0
    SLICE_X21Y49         FDRE                                         r  design_1_i/riscv_wrapper_0/inst/rv_core/id_ex_pipeline_reg/is_jalr_o_reg/R
  -------------------------------------------------------------------    -------------------

                         (clock clk_pl_0 rise edge)
                                                     10.000    10.000 r  
    PS8_X0Y0             PS8                          0.000    10.000 r  design_1_i/zynq_ultra_ps_e_0/inst/PS8_i/PLCLK[0]
                         net (fo=1, routed)           0.181    10.181    design_1_i/zynq_ultra_ps_e_0/inst/pl_clk_unbuffered[0]
    BUFG_PS_X0Y80        BUFG_PS (Prop_BUFG_PS_I_O)
                                                      0.035    10.216 r  design_1_i/zynq_ultra_ps_e_0/inst/buffer_pl_clk_0.PL_CLK_0_BUFG/O
    X1Y1 (CLOCK_ROOT)    net (fo=18546, routed)       2.789    13.005    design_1_i/riscv_wrapper_0/inst/rv_core/id_ex_pipeline_reg/clk_i
    SLICE_X21Y49         FDRE                                         r  design_1_i/riscv_wrapper_0/inst/rv_core/id_ex_pipeline_reg/is_jalr_o_reg/C
                         clock pessimism              0.188    13.193    
                         clock uncertainty           -0.160    13.033    
    SLICE_X21Y49         FDRE (Setup_FFF2_SLICEM_C_R)
                                                     -0.119    12.914    design_1_i/riscv_wrapper_0/inst/rv_core/id_ex_pipeline_reg/is_jalr_o_reg
  -------------------------------------------------------------------
                         required time                         12.914    
                         arrival time                          -9.536    
  -------------------------------------------------------------------
                         slack                                  3.378    

Slack (MET) :             3.378ns  (required time - arrival time)
  Source:                 <hidden>
                            (rising edge-triggered cell RAMB36E2 clocked by clk_pl_0  {rise@0.000ns fall@5.000ns period=10.000ns})
  Destination:            design_1_i/riscv_wrapper_0/inst/rv_core/id_ex_pipeline_reg/op_bl_o_reg[0]/R
                            (rising edge-triggered cell FDRE clocked by clk_pl_0  {rise@0.000ns fall@5.000ns period=10.000ns})
  Path Group:             clk_pl_0
  Path Type:              Setup (Max at Slow Process Corner)
  Requirement:            10.000ns  (clk_pl_0 rise@10.000ns - clk_pl_0 rise@0.000ns)
  Data Path Delay:        6.061ns  (logic 2.697ns (44.498%)  route 3.364ns (55.502%))
  Logic Levels:           10  (CARRY8=3 LUT2=1 LUT4=1 LUT6=5)
  Clock Path Skew:        -0.282ns (DCD - SCD + CPR)
    Destination Clock Delay (DCD):    3.005ns = ( 13.005 - 10.000 ) 
    Source Clock Delay      (SCD):    3.475ns
    Clock Pessimism Removal (CPR):    0.188ns
  Clock Uncertainty:      0.160ns  ((TSJ^2 + DJ^2)^1/2) / 2 + PE
    Total System Jitter     (TSJ):    0.071ns
    Discrete Jitter          (DJ):    0.312ns
    Phase Error              (PE):    0.000ns
  Clock Net Delay (Source):      3.208ns (routing 1.584ns, distribution 1.624ns)
  Clock Net Delay (Destination): 2.789ns (routing 1.450ns, distribution 1.339ns)

    Location             Delay type                Incr(ns)  Path(ns)    Netlist Resource(s)
  -------------------------------------------------------------------    -------------------
                         (clock clk_pl_0 rise edge)
                                                      0.000     0.000 r  
    PS8_X0Y0             PS8                          0.000     0.000 r  design_1_i/zynq_ultra_ps_e_0/inst/PS8_i/PLCLK[0]
                         net (fo=1, routed)           0.229     0.229    design_1_i/zynq_ultra_ps_e_0/inst/pl_clk_unbuffered[0]
    BUFG_PS_X0Y80        BUFG_PS (Prop_BUFG_PS_I_O)
                                                      0.038     0.267 r  design_1_i/zynq_ultra_ps_e_0/inst/buffer_pl_clk_0.PL_CLK_0_BUFG/O
    X1Y1 (CLOCK_ROOT)    net (fo=18546, routed)       3.208     3.475    <hidden>
    RAMB36_X1Y12         RAMB36E2                                     r  <hidden>
  -------------------------------------------------------------------    -------------------
    RAMB36_X1Y12         RAMB36E2 (Prop_RAMB36E2_RAMB36_CLKARDCLK_DOUTADOUT[1])
                                                      1.430     4.905 r  <hidden>
                         net (fo=3, routed)           1.899     6.804    design_1_i/riscv_wrapper_0/inst/rv_core/mem_wb_pipeline_reg/dmem_rdata_i[11]
    SLICE_X21Y37         LUT6 (Prop_H6LUT_SLICEM_I0_O)
                                                      0.189     6.993 r  design_1_i/riscv_wrapper_0/inst/rv_core/mem_wb_pipeline_reg/registers_r[0][11]_i_2/O
                         net (fo=1, routed)           0.049     7.042    design_1_i/riscv_wrapper_0/inst/rv_core/wb_mux/wb_aligned_load_data_w[10]
    SLICE_X21Y37         LUT6 (Prop_F6LUT_SLICEM_I5_O)
                                                      0.135     7.177 r  design_1_i/riscv_wrapper_0/inst/rv_core/wb_mux/registers_r[0][11]_i_1/O
                         net (fo=37, routed)          0.224     7.401    design_1_i/riscv_wrapper_0/inst/rv_core/fwd_mux_a/wb_wdata_w[11]
    SLICE_X18Y37         LUT6 (Prop_H6LUT_SLICEM_I1_O)
                                                      0.138     7.539 r  design_1_i/riscv_wrapper_0/inst/rv_core/fwd_mux_a/pc_o[15]_i_16/O
                         net (fo=3, routed)           0.277     7.816    design_1_i/riscv_wrapper_0/inst/rv_core/id_ex_pipeline_reg/fw_data1_clean_w[11]
    SLICE_X19Y41         LUT2 (Prop_D6LUT_SLICEL_I0_O)
                                                      0.057     7.873 r  design_1_i/riscv_wrapper_0/inst/rv_core/id_ex_pipeline_reg/flush_delay_r_i_78/O
                         net (fo=1, routed)           0.013     7.886    design_1_i/riscv_wrapper_0/inst/rv_core/id_ex_pipeline_reg/flush_delay_r_i_78_n_0
    SLICE_X19Y41         CARRY8 (Prop_CARRY8_SLICEL_S[3]_CO[7])
                                                      0.220     8.106 r  design_1_i/riscv_wrapper_0/inst/rv_core/id_ex_pipeline_reg/flush_delay_r_reg_i_47/CO[7]
                         net (fo=1, routed)           0.030     8.136    design_1_i/riscv_wrapper_0/inst/rv_core/id_ex_pipeline_reg/flush_delay_r_reg_i_47_n_0
    SLICE_X19Y42         CARRY8 (Prop_CARRY8_SLICEL_CI_CO[7])
                                                      0.065     8.201 r  design_1_i/riscv_wrapper_0/inst/rv_core/id_ex_pipeline_reg/flush_delay_r_reg_i_18/CO[7]
                         net (fo=1, routed)           0.030     8.231    design_1_i/riscv_wrapper_0/inst/rv_core/id_ex_pipeline_reg/flush_delay_r_reg_i_18_n_0
    SLICE_X19Y43         CARRY8 (Prop_CARRY8_SLICEL_CI_O[7])
                                                      0.171     8.402 r  design_1_i/riscv_wrapper_0/inst/rv_core/id_ex_pipeline_reg/flush_delay_r_reg_i_6/O[7]
                         net (fo=1, routed)           0.205     8.607    design_1_i/riscv_wrapper_0/inst/rv_core/id_ex_pipeline_reg/bj_unit/p_0_in
    SLICE_X20Y45         LUT6 (Prop_G6LUT_SLICEM_I4_O)
                                                      0.152     8.759 r  design_1_i/riscv_wrapper_0/inst/rv_core/id_ex_pipeline_reg/flush_delay_r_i_2/O
                         net (fo=1, routed)           0.059     8.818    design_1_i/riscv_wrapper_0/inst/rv_core/id_ex_pipeline_reg/flush_delay_r_i_2_n_0
    SLICE_X20Y45         LUT6 (Prop_H6LUT_SLICEM_I0_O)
                                                      0.084     8.902 r  design_1_i/riscv_wrapper_0/inst/rv_core/id_ex_pipeline_reg/flush_delay_r_i_1/O
                         net (fo=34, routed)          0.113     9.015    design_1_i/riscv_wrapper_0/inst/rv_core/id_ex_pipeline_reg/ex_branch_taken_w
    SLICE_X20Y45         LUT4 (Prop_F6LUT_SLICEM_I1_O)
                                                      0.056     9.071 r  design_1_i/riscv_wrapper_0/inst/rv_core/id_ex_pipeline_reg/op_bl_o[2]_i_1/O
                         net (fo=8, routed)           0.465     9.536    design_1_i/riscv_wrapper_0/inst/rv_core/id_ex_pipeline_reg/op_bl_o[2]_i_1_n_0
    SLICE_X21Y49         FDRE                                         r  design_1_i/riscv_wrapper_0/inst/rv_core/id_ex_pipeline_reg/op_bl_o_reg[0]/R
  -------------------------------------------------------------------    -------------------

                         (clock clk_pl_0 rise edge)
                                                     10.000    10.000 r  
    PS8_X0Y0             PS8                          0.000    10.000 r  design_1_i/zynq_ultra_ps_e_0/inst/PS8_i/PLCLK[0]
                         net (fo=1, routed)           0.181    10.181    design_1_i/zynq_ultra_ps_e_0/inst/pl_clk_unbuffered[0]
    BUFG_PS_X0Y80        BUFG_PS (Prop_BUFG_PS_I_O)
                                                      0.035    10.216 r  design_1_i/zynq_ultra_ps_e_0/inst/buffer_pl_clk_0.PL_CLK_0_BUFG/O
    X1Y1 (CLOCK_ROOT)    net (fo=18546, routed)       2.789    13.005    design_1_i/riscv_wrapper_0/inst/rv_core/id_ex_pipeline_reg/clk_i
    SLICE_X21Y49         FDRE                                         r  design_1_i/riscv_wrapper_0/inst/rv_core/id_ex_pipeline_reg/op_bl_o_reg[0]/C
                         clock pessimism              0.188    13.193    
                         clock uncertainty           -0.160    13.033    
    SLICE_X21Y49         FDRE (Setup_FFF_SLICEM_C_R)
                                                     -0.119    12.914    design_1_i/riscv_wrapper_0/inst/rv_core/id_ex_pipeline_reg/op_bl_o_reg[0]
  -------------------------------------------------------------------
                         required time                         12.914    
                         arrival time                          -9.536    
  -------------------------------------------------------------------
                         slack                                  3.378    

Slack (MET) :             3.378ns  (required time - arrival time)
  Source:                 <hidden>
                            (rising edge-triggered cell RAMB36E2 clocked by clk_pl_0  {rise@0.000ns fall@5.000ns period=10.000ns})
  Destination:            design_1_i/riscv_wrapper_0/inst/rv_core/id_ex_pipeline_reg/we_regfile_o_reg/R
                            (rising edge-triggered cell FDRE clocked by clk_pl_0  {rise@0.000ns fall@5.000ns period=10.000ns})
  Path Group:             clk_pl_0
  Path Type:              Setup (Max at Slow Process Corner)
  Requirement:            10.000ns  (clk_pl_0 rise@10.000ns - clk_pl_0 rise@0.000ns)
  Data Path Delay:        6.061ns  (logic 2.697ns (44.498%)  route 3.364ns (55.502%))
  Logic Levels:           10  (CARRY8=3 LUT2=1 LUT4=1 LUT6=5)
  Clock Path Skew:        -0.282ns (DCD - SCD + CPR)
    Destination Clock Delay (DCD):    3.005ns = ( 13.005 - 10.000 ) 
    Source Clock Delay      (SCD):    3.475ns
    Clock Pessimism Removal (CPR):    0.188ns
  Clock Uncertainty:      0.160ns  ((TSJ^2 + DJ^2)^1/2) / 2 + PE
    Total System Jitter     (TSJ):    0.071ns
    Discrete Jitter          (DJ):    0.312ns
    Phase Error              (PE):    0.000ns
  Clock Net Delay (Source):      3.208ns (routing 1.584ns, distribution 1.624ns)
  Clock Net Delay (Destination): 2.789ns (routing 1.450ns, distribution 1.339ns)

    Location             Delay type                Incr(ns)  Path(ns)    Netlist Resource(s)
  -------------------------------------------------------------------    -------------------
                         (clock clk_pl_0 rise edge)
                                                      0.000     0.000 r  
    PS8_X0Y0             PS8                          0.000     0.000 r  design_1_i/zynq_ultra_ps_e_0/inst/PS8_i/PLCLK[0]
                         net (fo=1, routed)           0.229     0.229    design_1_i/zynq_ultra_ps_e_0/inst/pl_clk_unbuffered[0]
    BUFG_PS_X0Y80        BUFG_PS (Prop_BUFG_PS_I_O)
                                                      0.038     0.267 r  design_1_i/zynq_ultra_ps_e_0/inst/buffer_pl_clk_0.PL_CLK_0_BUFG/O
    X1Y1 (CLOCK_ROOT)    net (fo=18546, routed)       3.208     3.475    <hidden>
    RAMB36_X1Y12         RAMB36E2                                     r  <hidden>
  -------------------------------------------------------------------    -------------------
    RAMB36_X1Y12         RAMB36E2 (Prop_RAMB36E2_RAMB36_CLKARDCLK_DOUTADOUT[1])
                                                      1.430     4.905 r  <hidden>
                         net (fo=3, routed)           1.899     6.804    design_1_i/riscv_wrapper_0/inst/rv_core/mem_wb_pipeline_reg/dmem_rdata_i[11]
    SLICE_X21Y37         LUT6 (Prop_H6LUT_SLICEM_I0_O)
                                                      0.189     6.993 r  design_1_i/riscv_wrapper_0/inst/rv_core/mem_wb_pipeline_reg/registers_r[0][11]_i_2/O
                         net (fo=1, routed)           0.049     7.042    design_1_i/riscv_wrapper_0/inst/rv_core/wb_mux/wb_aligned_load_data_w[10]
    SLICE_X21Y37         LUT6 (Prop_F6LUT_SLICEM_I5_O)
                                                      0.135     7.177 r  design_1_i/riscv_wrapper_0/inst/rv_core/wb_mux/registers_r[0][11]_i_1/O
                         net (fo=37, routed)          0.224     7.401    design_1_i/riscv_wrapper_0/inst/rv_core/fwd_mux_a/wb_wdata_w[11]
    SLICE_X18Y37         LUT6 (Prop_H6LUT_SLICEM_I1_O)
                                                      0.138     7.539 r  design_1_i/riscv_wrapper_0/inst/rv_core/fwd_mux_a/pc_o[15]_i_16/O
                         net (fo=3, routed)           0.277     7.816    design_1_i/riscv_wrapper_0/inst/rv_core/id_ex_pipeline_reg/fw_data1_clean_w[11]
    SLICE_X19Y41         LUT2 (Prop_D6LUT_SLICEL_I0_O)
                                                      0.057     7.873 r  design_1_i/riscv_wrapper_0/inst/rv_core/id_ex_pipeline_reg/flush_delay_r_i_78/O
                         net (fo=1, routed)           0.013     7.886    design_1_i/riscv_wrapper_0/inst/rv_core/id_ex_pipeline_reg/flush_delay_r_i_78_n_0
    SLICE_X19Y41         CARRY8 (Prop_CARRY8_SLICEL_S[3]_CO[7])
                                                      0.220     8.106 r  design_1_i/riscv_wrapper_0/inst/rv_core/id_ex_pipeline_reg/flush_delay_r_reg_i_47/CO[7]
                         net (fo=1, routed)           0.030     8.136    design_1_i/riscv_wrapper_0/inst/rv_core/id_ex_pipeline_reg/flush_delay_r_reg_i_47_n_0
    SLICE_X19Y42         CARRY8 (Prop_CARRY8_SLICEL_CI_CO[7])
                                                      0.065     8.201 r  design_1_i/riscv_wrapper_0/inst/rv_core/id_ex_pipeline_reg/flush_delay_r_reg_i_18/CO[7]
                         net (fo=1, routed)           0.030     8.231    design_1_i/riscv_wrapper_0/inst/rv_core/id_ex_pipeline_reg/flush_delay_r_reg_i_18_n_0
    SLICE_X19Y43         CARRY8 (Prop_CARRY8_SLICEL_CI_O[7])
                                                      0.171     8.402 r  design_1_i/riscv_wrapper_0/inst/rv_core/id_ex_pipeline_reg/flush_delay_r_reg_i_6/O[7]
                         net (fo=1, routed)           0.205     8.607    design_1_i/riscv_wrapper_0/inst/rv_core/id_ex_pipeline_reg/bj_unit/p_0_in
    SLICE_X20Y45         LUT6 (Prop_G6LUT_SLICEM_I4_O)
                                                      0.152     8.759 r  design_1_i/riscv_wrapper_0/inst/rv_core/id_ex_pipeline_reg/flush_delay_r_i_2/O
                         net (fo=1, routed)           0.059     8.818    design_1_i/riscv_wrapper_0/inst/rv_core/id_ex_pipeline_reg/flush_delay_r_i_2_n_0
    SLICE_X20Y45         LUT6 (Prop_H6LUT_SLICEM_I0_O)
                                                      0.084     8.902 r  design_1_i/riscv_wrapper_0/inst/rv_core/id_ex_pipeline_reg/flush_delay_r_i_1/O
                         net (fo=34, routed)          0.113     9.015    design_1_i/riscv_wrapper_0/inst/rv_core/id_ex_pipeline_reg/ex_branch_taken_w
    SLICE_X20Y45         LUT4 (Prop_F6LUT_SLICEM_I1_O)
                                                      0.056     9.071 r  design_1_i/riscv_wrapper_0/inst/rv_core/id_ex_pipeline_reg/op_bl_o[2]_i_1/O
                         net (fo=8, routed)           0.465     9.536    design_1_i/riscv_wrapper_0/inst/rv_core/id_ex_pipeline_reg/op_bl_o[2]_i_1_n_0
    SLICE_X21Y49         FDRE                                         r  design_1_i/riscv_wrapper_0/inst/rv_core/id_ex_pipeline_reg/we_regfile_o_reg/R
  -------------------------------------------------------------------    -------------------

                         (clock clk_pl_0 rise edge)
                                                     10.000    10.000 r  
    PS8_X0Y0             PS8                          0.000    10.000 r  design_1_i/zynq_ultra_ps_e_0/inst/PS8_i/PLCLK[0]
                         net (fo=1, routed)           0.181    10.181    design_1_i/zynq_ultra_ps_e_0/inst/pl_clk_unbuffered[0]
    BUFG_PS_X0Y80        BUFG_PS (Prop_BUFG_PS_I_O)
                                                      0.035    10.216 r  design_1_i/zynq_ultra_ps_e_0/inst/buffer_pl_clk_0.PL_CLK_0_BUFG/O
    X1Y1 (CLOCK_ROOT)    net (fo=18546, routed)       2.789    13.005    design_1_i/riscv_wrapper_0/inst/rv_core/id_ex_pipeline_reg/clk_i
    SLICE_X21Y49         FDRE                                         r  design_1_i/riscv_wrapper_0/inst/rv_core/id_ex_pipeline_reg/we_regfile_o_reg/C
                         clock pessimism              0.188    13.193    
                         clock uncertainty           -0.160    13.033    
    SLICE_X21Y49         FDRE (Setup_EFF_SLICEM_C_R)
                                                     -0.119    12.914    design_1_i/riscv_wrapper_0/inst/rv_core/id_ex_pipeline_reg/we_regfile_o_reg
  -------------------------------------------------------------------
                         required time                         12.914    
                         arrival time                          -9.536    
  -------------------------------------------------------------------
                         slack                                  3.378    





Min Delay Paths
--------------------------------------------------------------------------------------
Slack (MET) :             0.011ns  (arrival time - required time)
  Source:                 <hidden>
                            (rising edge-triggered cell FDRE clocked by clk_pl_0  {rise@0.000ns fall@5.000ns period=10.000ns})
  Destination:            <hidden>
                            (rising edge-triggered cell FDRE clocked by clk_pl_0  {rise@0.000ns fall@5.000ns period=10.000ns})
  Path Group:             clk_pl_0
  Path Type:              Hold (Min at Slow Process Corner)
  Requirement:            0.000ns  (clk_pl_0 rise@0.000ns - clk_pl_0 rise@0.000ns)
  Data Path Delay:        0.241ns  (logic 0.113ns (46.829%)  route 0.128ns (53.171%))
  Logic Levels:           0  
  Clock Path Skew:        0.129ns (DCD - SCD - CPR)
    Destination Clock Delay (DCD):    3.393ns
    Source Clock Delay      (SCD):    3.023ns
    Clock Pessimism Removal (CPR):    0.240ns
  Clock Net Delay (Source):      2.807ns (routing 1.450ns, distribution 1.357ns)
  Clock Net Delay (Destination): 3.126ns (routing 1.584ns, distribution 1.542ns)

    Location             Delay type                Incr(ns)  Path(ns)    Netlist Resource(s)
  -------------------------------------------------------------------    -------------------
                         (clock clk_pl_0 rise edge)
                                                      0.000     0.000 r  
    PS8_X0Y0             PS8                          0.000     0.000 r  design_1_i/zynq_ultra_ps_e_0/inst/PS8_i/PLCLK[0]
                         net (fo=1, routed)           0.181     0.181    design_1_i/zynq_ultra_ps_e_0/inst/pl_clk_unbuffered[0]
    BUFG_PS_X0Y80        BUFG_PS (Prop_BUFG_PS_I_O)
                                                      0.035     0.216 r  design_1_i/zynq_ultra_ps_e_0/inst/buffer_pl_clk_0.PL_CLK_0_BUFG/O
    X1Y1 (CLOCK_ROOT)    net (fo=18546, routed)       2.807     3.023    <hidden>
    SLICE_X4Y90          FDRE                                         r  <hidden>
  -------------------------------------------------------------------    -------------------
    SLICE_X4Y90          FDRE (Prop_HFF2_SLICEM_C_Q)
                                                      0.113     3.136 r  <hidden>
                         net (fo=2, routed)           0.128     3.264    <hidden>
    SLICE_X5Y90          FDRE                                         r  <hidden>
  -------------------------------------------------------------------    -------------------

                         (clock clk_pl_0 rise edge)
                                                      0.000     0.000 r  
    PS8_X0Y0             PS8                          0.000     0.000 r  design_1_i/zynq_ultra_ps_e_0/inst/PS8_i/PLCLK[0]
                         net (fo=1, routed)           0.229     0.229    design_1_i/zynq_ultra_ps_e_0/inst/pl_clk_unbuffered[0]
    BUFG_PS_X0Y80        BUFG_PS (Prop_BUFG_PS_I_O)
                                                      0.038     0.267 r  design_1_i/zynq_ultra_ps_e_0/inst/buffer_pl_clk_0.PL_CLK_0_BUFG/O
    X1Y1 (CLOCK_ROOT)    net (fo=18546, routed)       3.126     3.393    <hidden>
    SLICE_X5Y90          FDRE                                         r  <hidden>
                         clock pessimism             -0.240     3.152    
    SLICE_X5Y90          FDRE (Hold_HFF_SLICEM_C_D)
                                                      0.101     3.253    <hidden>
  -------------------------------------------------------------------
                         required time                         -3.253    
                         arrival time                           3.264    
  -------------------------------------------------------------------
                         slack                                  0.011    

Slack (MET) :             0.012ns  (arrival time - required time)
  Source:                 <hidden>
                            (rising edge-triggered cell FDRE clocked by clk_pl_0  {rise@0.000ns fall@5.000ns period=10.000ns})
  Destination:            <hidden>
                            (rising edge-triggered cell FDRE clocked by clk_pl_0  {rise@0.000ns fall@5.000ns period=10.000ns})
  Path Group:             clk_pl_0
  Path Type:              Hold (Min at Slow Process Corner)
  Requirement:            0.000ns  (clk_pl_0 rise@0.000ns - clk_pl_0 rise@0.000ns)
  Data Path Delay:        0.246ns  (logic 0.112ns (45.472%)  route 0.134ns (54.528%))
  Logic Levels:           0  
  Clock Path Skew:        0.134ns (DCD - SCD - CPR)
    Destination Clock Delay (DCD):    3.414ns
    Source Clock Delay      (SCD):    3.046ns
    Clock Pessimism Removal (CPR):    0.234ns
  Clock Net Delay (Source):      2.830ns (routing 1.450ns, distribution 1.380ns)
  Clock Net Delay (Destination): 3.147ns (routing 1.584ns, distribution 1.563ns)

    Location             Delay type                Incr(ns)  Path(ns)    Netlist Resource(s)
  -------------------------------------------------------------------    -------------------
                         (clock clk_pl_0 rise edge)
                                                      0.000     0.000 r  
    PS8_X0Y0             PS8                          0.000     0.000 r  design_1_i/zynq_ultra_ps_e_0/inst/PS8_i/PLCLK[0]
                         net (fo=1, routed)           0.181     0.181    design_1_i/zynq_ultra_ps_e_0/inst/pl_clk_unbuffered[0]
    BUFG_PS_X0Y80        BUFG_PS (Prop_BUFG_PS_I_O)
                                                      0.035     0.216 r  design_1_i/zynq_ultra_ps_e_0/inst/buffer_pl_clk_0.PL_CLK_0_BUFG/O
    X1Y1 (CLOCK_ROOT)    net (fo=18546, routed)       2.830     3.046    <hidden>
    SLICE_X7Y44          FDRE                                         r  <hidden>
  -------------------------------------------------------------------    -------------------
    SLICE_X7Y44          FDRE (Prop_GFF_SLICEM_C_Q)
                                                      0.112     3.158 r  <hidden>
                         net (fo=3, routed)           0.134     3.292    <hidden>
    SLICE_X6Y45          FDRE                                         r  <hidden>
  -------------------------------------------------------------------    -------------------

                         (clock clk_pl_0 rise edge)
                                                      0.000     0.000 r  
    PS8_X0Y0             PS8                          0.000     0.000 r  design_1_i/zynq_ultra_ps_e_0/inst/PS8_i/PLCLK[0]
                         net (fo=1, routed)           0.229     0.229    design_1_i/zynq_ultra_ps_e_0/inst/pl_clk_unbuffered[0]
    BUFG_PS_X0Y80        BUFG_PS (Prop_BUFG_PS_I_O)
                                                      0.038     0.267 r  design_1_i/zynq_ultra_ps_e_0/inst/buffer_pl_clk_0.PL_CLK_0_BUFG/O
    X1Y1 (CLOCK_ROOT)    net (fo=18546, routed)       3.147     3.414    <hidden>
    SLICE_X6Y45          FDRE                                         r  <hidden>
                         clock pessimism             -0.234     3.180    
    SLICE_X6Y45          FDRE (Hold_HFF_SLICEL_C_D)
                                                      0.101     3.281    <hidden>
  -------------------------------------------------------------------
                         required time                         -3.281    
                         arrival time                           3.292    
  -------------------------------------------------------------------
                         slack                                  0.012    

Slack (MET) :             0.013ns  (arrival time - required time)
  Source:                 <hidden>
                            (rising edge-triggered cell FDRE clocked by clk_pl_0  {rise@0.000ns fall@5.000ns period=10.000ns})
  Destination:            <hidden>
                            (rising edge-triggered cell FDRE clocked by clk_pl_0  {rise@0.000ns fall@5.000ns period=10.000ns})
  Path Group:             clk_pl_0
  Path Type:              Hold (Min at Slow Process Corner)
  Requirement:            0.000ns  (clk_pl_0 rise@0.000ns - clk_pl_0 rise@0.000ns)
  Data Path Delay:        0.253ns  (logic 0.148ns (58.590%)  route 0.105ns (41.410%))
  Logic Levels:           1  (LUT5=1)
  Clock Path Skew:        0.139ns (DCD - SCD - CPR)
    Destination Clock Delay (DCD):    3.427ns
    Source Clock Delay      (SCD):    3.048ns
    Clock Pessimism Removal (CPR):    0.240ns
  Clock Net Delay (Source):      2.832ns (routing 1.450ns, distribution 1.382ns)
  Clock Net Delay (Destination): 3.160ns (routing 1.584ns, distribution 1.576ns)

    Location             Delay type                Incr(ns)  Path(ns)    Netlist Resource(s)
  -------------------------------------------------------------------    -------------------
                         (clock clk_pl_0 rise edge)
                                                      0.000     0.000 r  
    PS8_X0Y0             PS8                          0.000     0.000 r  design_1_i/zynq_ultra_ps_e_0/inst/PS8_i/PLCLK[0]
                         net (fo=1, routed)           0.181     0.181    design_1_i/zynq_ultra_ps_e_0/inst/pl_clk_unbuffered[0]
    BUFG_PS_X0Y80        BUFG_PS (Prop_BUFG_PS_I_O)
                                                      0.035     0.216 r  design_1_i/zynq_ultra_ps_e_0/inst/buffer_pl_clk_0.PL_CLK_0_BUFG/O
    X1Y1 (CLOCK_ROOT)    net (fo=18546, routed)       2.832     3.048    <hidden>
    SLICE_X7Y79          FDRE                                         r  <hidden>
  -------------------------------------------------------------------    -------------------
    SLICE_X7Y79          FDRE (Prop_DFF2_SLICEM_C_Q)
                                                      0.115     3.163 r  <hidden>
                         net (fo=2, routed)           0.076     3.239    <hidden>
    SLICE_X6Y79          LUT5 (Prop_G6LUT_SLICEL_I2_O)
                                                      0.033     3.272 r  <hidden>
                         net (fo=1, routed)           0.029     3.301    <hidden>
    SLICE_X6Y79          FDRE                                         r  <hidden>
  -------------------------------------------------------------------    -------------------

                         (clock clk_pl_0 rise edge)
                                                      0.000     0.000 r  
    PS8_X0Y0             PS8                          0.000     0.000 r  design_1_i/zynq_ultra_ps_e_0/inst/PS8_i/PLCLK[0]
                         net (fo=1, routed)           0.229     0.229    design_1_i/zynq_ultra_ps_e_0/inst/pl_clk_unbuffered[0]
    BUFG_PS_X0Y80        BUFG_PS (Prop_BUFG_PS_I_O)
                                                      0.038     0.267 r  design_1_i/zynq_ultra_ps_e_0/inst/buffer_pl_clk_0.PL_CLK_0_BUFG/O
    X1Y1 (CLOCK_ROOT)    net (fo=18546, routed)       3.160     3.427    <hidden>
    SLICE_X6Y79          FDRE                                         r  <hidden>
                         clock pessimism             -0.240     3.187    
    SLICE_X6Y79          FDRE (Hold_GFF_SLICEL_C_D)
                                                      0.101     3.288    <hidden>
  -------------------------------------------------------------------
                         required time                         -3.288    
                         arrival time                           3.301    
  -------------------------------------------------------------------
                         slack                                  0.013    

Slack (MET) :             0.013ns  (arrival time - required time)
  Source:                 <hidden>
                            (rising edge-triggered cell FDRE clocked by clk_pl_0  {rise@0.000ns fall@5.000ns period=10.000ns})
  Destination:            <hidden>
                            (rising edge-triggered cell RAMD32 clocked by clk_pl_0  {rise@0.000ns fall@5.000ns period=10.000ns})
  Path Group:             clk_pl_0
  Path Type:              Hold (Min at Slow Process Corner)
  Requirement:            0.000ns  (clk_pl_0 rise@0.000ns - clk_pl_0 rise@0.000ns)
  Data Path Delay:        0.228ns  (logic 0.113ns (49.561%)  route 0.115ns (50.439%))
  Logic Levels:           0  
  Clock Path Skew:        0.114ns (DCD - SCD - CPR)
    Destination Clock Delay (DCD):    3.470ns
    Source Clock Delay      (SCD):    3.054ns
    Clock Pessimism Removal (CPR):    0.302ns
  Clock Net Delay (Source):      2.838ns (routing 1.450ns, distribution 1.388ns)
  Clock Net Delay (Destination): 3.203ns (routing 1.584ns, distribution 1.619ns)

    Location             Delay type                Incr(ns)  Path(ns)    Netlist Resource(s)
  -------------------------------------------------------------------    -------------------
                         (clock clk_pl_0 rise edge)
                                                      0.000     0.000 r  
    PS8_X0Y0             PS8                          0.000     0.000 r  design_1_i/zynq_ultra_ps_e_0/inst/PS8_i/PLCLK[0]
                         net (fo=1, routed)           0.181     0.181    design_1_i/zynq_ultra_ps_e_0/inst/pl_clk_unbuffered[0]
    BUFG_PS_X0Y80        BUFG_PS (Prop_BUFG_PS_I_O)
                                                      0.035     0.216 r  design_1_i/zynq_ultra_ps_e_0/inst/buffer_pl_clk_0.PL_CLK_0_BUFG/O
    X1Y1 (CLOCK_ROOT)    net (fo=18546, routed)       2.838     3.054    <hidden>
    SLICE_X3Y83          FDRE                                         r  <hidden>
  -------------------------------------------------------------------    -------------------
    SLICE_X3Y83          FDRE (Prop_HFF2_SLICEL_C_Q)
                                                      0.113     3.167 r  <hidden>
                         net (fo=1, routed)           0.115     3.282    <hidden>
    SLICE_X2Y85          RAMD32                                       r  <hidden>
  -------------------------------------------------------------------    -------------------

                         (clock clk_pl_0 rise edge)
                                                      0.000     0.000 r  
    PS8_X0Y0             PS8                          0.000     0.000 r  design_1_i/zynq_ultra_ps_e_0/inst/PS8_i/PLCLK[0]
                         net (fo=1, routed)           0.229     0.229    design_1_i/zynq_ultra_ps_e_0/inst/pl_clk_unbuffered[0]
    BUFG_PS_X0Y80        BUFG_PS (Prop_BUFG_PS_I_O)
                                                      0.038     0.267 r  design_1_i/zynq_ultra_ps_e_0/inst/buffer_pl_clk_0.PL_CLK_0_BUFG/O
    X1Y1 (CLOCK_ROOT)    net (fo=18546, routed)       3.203     3.470    <hidden>
    SLICE_X2Y85          RAMD32                                       r  <hidden>
                         clock pessimism             -0.302     3.168    
    SLICE_X2Y85          RAMD32 (Hold_A5LUT_SLICEM_CLK_I)
                                                      0.101     3.269    <hidden>
  -------------------------------------------------------------------
                         required time                         -3.269    
                         arrival time                           3.282    
  -------------------------------------------------------------------
                         slack                                  0.013    

Slack (MET) :             0.013ns  (arrival time - required time)
  Source:                 <hidden>
                            (rising edge-triggered cell FDRE clocked by clk_pl_0  {rise@0.000ns fall@5.000ns period=10.000ns})
  Destination:            <hidden>
                            (rising edge-triggered cell FDRE clocked by clk_pl_0  {rise@0.000ns fall@5.000ns period=10.000ns})
  Path Group:             clk_pl_0
  Path Type:              Hold (Min at Slow Process Corner)
  Requirement:            0.000ns  (clk_pl_0 rise@0.000ns - clk_pl_0 rise@0.000ns)
  Data Path Delay:        0.250ns  (logic 0.111ns (44.440%)  route 0.139ns (55.559%))
  Logic Levels:           0  
  Clock Path Skew:        0.135ns (DCD - SCD - CPR)
    Destination Clock Delay (DCD):    3.398ns
    Source Clock Delay      (SCD):    3.022ns
    Clock Pessimism Removal (CPR):    0.240ns
  Clock Net Delay (Source):      2.806ns (routing 1.450ns, distribution 1.356ns)
  Clock Net Delay (Destination): 3.131ns (routing 1.584ns, distribution 1.547ns)

    Location             Delay type                Incr(ns)  Path(ns)    Netlist Resource(s)
  -------------------------------------------------------------------    -------------------
                         (clock clk_pl_0 rise edge)
                                                      0.000     0.000 r  
    PS8_X0Y0             PS8                          0.000     0.000 r  design_1_i/zynq_ultra_ps_e_0/inst/PS8_i/PLCLK[0]
                         net (fo=1, routed)           0.181     0.181    design_1_i/zynq_ultra_ps_e_0/inst/pl_clk_unbuffered[0]
    BUFG_PS_X0Y80        BUFG_PS (Prop_BUFG_PS_I_O)
                                                      0.035     0.216 r  design_1_i/zynq_ultra_ps_e_0/inst/buffer_pl_clk_0.PL_CLK_0_BUFG/O
    X1Y1 (CLOCK_ROOT)    net (fo=18546, routed)       2.806     3.022    <hidden>
    SLICE_X17Y71         FDRE                                         r  <hidden>
  -------------------------------------------------------------------    -------------------
    SLICE_X17Y71         FDRE (Prop_BFF_SLICEM_C_Q)
                                                      0.111     3.133 r  <hidden>
                         net (fo=2, routed)           0.139     3.272    <hidden>
    SLICE_X18Y71         FDRE                                         r  <hidden>
  -------------------------------------------------------------------    -------------------

                         (clock clk_pl_0 rise edge)
                                                      0.000     0.000 r  
    PS8_X0Y0             PS8                          0.000     0.000 r  design_1_i/zynq_ultra_ps_e_0/inst/PS8_i/PLCLK[0]
                         net (fo=1, routed)           0.229     0.229    design_1_i/zynq_ultra_ps_e_0/inst/pl_clk_unbuffered[0]
    BUFG_PS_X0Y80        BUFG_PS (Prop_BUFG_PS_I_O)
                                                      0.038     0.267 r  design_1_i/zynq_ultra_ps_e_0/inst/buffer_pl_clk_0.PL_CLK_0_BUFG/O
    X1Y1 (CLOCK_ROOT)    net (fo=18546, routed)       3.131     3.398    <hidden>
    SLICE_X18Y71         FDRE                                         r  <hidden>
                         clock pessimism             -0.240     3.158    
    SLICE_X18Y71         FDRE (Hold_EFF_SLICEM_C_D)
                                                      0.101     3.259    <hidden>
  -------------------------------------------------------------------
                         required time                         -3.259    
                         arrival time                           3.272    
  -------------------------------------------------------------------
                         slack                                  0.013    

Slack (MET) :             0.014ns  (arrival time - required time)
  Source:                 <hidden>
                            (rising edge-triggered cell FDRE clocked by clk_pl_0  {rise@0.000ns fall@5.000ns period=10.000ns})
  Destination:            <hidden>
                            (rising edge-triggered cell SRLC32E clocked by clk_pl_0  {rise@0.000ns fall@5.000ns period=10.000ns})
  Path Group:             clk_pl_0
  Path Type:              Hold (Min at Slow Process Corner)
  Requirement:            0.000ns  (clk_pl_0 rise@0.000ns - clk_pl_0 rise@0.000ns)
  Data Path Delay:        0.203ns  (logic 0.112ns (55.172%)  route 0.091ns (44.828%))
  Logic Levels:           0  
  Clock Path Skew:        0.119ns (DCD - SCD - CPR)
    Destination Clock Delay (DCD):    3.525ns
    Source Clock Delay      (SCD):    3.100ns
    Clock Pessimism Removal (CPR):    0.306ns
  Clock Net Delay (Source):      2.884ns (routing 1.450ns, distribution 1.434ns)
  Clock Net Delay (Destination): 3.258ns (routing 1.584ns, distribution 1.674ns)

    Location             Delay type                Incr(ns)  Path(ns)    Netlist Resource(s)
  -------------------------------------------------------------------    -------------------
                         (clock clk_pl_0 rise edge)
                                                      0.000     0.000 r  
    PS8_X0Y0             PS8                          0.000     0.000 r  design_1_i/zynq_ultra_ps_e_0/inst/PS8_i/PLCLK[0]
                         net (fo=1, routed)           0.181     0.181    design_1_i/zynq_ultra_ps_e_0/inst/pl_clk_unbuffered[0]
    BUFG_PS_X0Y80        BUFG_PS (Prop_BUFG_PS_I_O)
                                                      0.035     0.216 r  design_1_i/zynq_ultra_ps_e_0/inst/buffer_pl_clk_0.PL_CLK_0_BUFG/O
    X1Y1 (CLOCK_ROOT)    net (fo=18546, routed)       2.884     3.100    <hidden>
    SLICE_X8Y137         FDRE                                         r  <hidden>
  -------------------------------------------------------------------    -------------------
    SLICE_X8Y137         FDRE (Prop_DFF_SLICEM_C_Q)
                                                      0.112     3.212 r  <hidden>
                         net (fo=1, routed)           0.091     3.303    <hidden>
    SLICE_X8Y135         SRLC32E                                      r  <hidden>
  -------------------------------------------------------------------    -------------------

                         (clock clk_pl_0 rise edge)
                                                      0.000     0.000 r  
    PS8_X0Y0             PS8                          0.000     0.000 r  design_1_i/zynq_ultra_ps_e_0/inst/PS8_i/PLCLK[0]
                         net (fo=1, routed)           0.229     0.229    design_1_i/zynq_ultra_ps_e_0/inst/pl_clk_unbuffered[0]
    BUFG_PS_X0Y80        BUFG_PS (Prop_BUFG_PS_I_O)
                                                      0.038     0.267 r  design_1_i/zynq_ultra_ps_e_0/inst/buffer_pl_clk_0.PL_CLK_0_BUFG/O
    X1Y1 (CLOCK_ROOT)    net (fo=18546, routed)       3.258     3.525    <hidden>
    SLICE_X8Y135         SRLC32E                                      r  <hidden>
                         clock pessimism             -0.306     3.219    
    SLICE_X8Y135         SRLC32E (Hold_A6LUT_SLICEM_CLK_D)
                                                      0.070     3.289    <hidden>
  -------------------------------------------------------------------
                         required time                         -3.289    
                         arrival time                           3.303    
  -------------------------------------------------------------------
                         slack                                  0.014    

Slack (MET) :             0.014ns  (arrival time - required time)
  Source:                 <hidden>
                            (rising edge-triggered cell FDRE clocked by clk_pl_0  {rise@0.000ns fall@5.000ns period=10.000ns})
  Destination:            <hidden>
                            (rising edge-triggered cell FDRE clocked by clk_pl_0  {rise@0.000ns fall@5.000ns period=10.000ns})
  Path Group:             clk_pl_0
  Path Type:              Hold (Min at Slow Process Corner)
  Requirement:            0.000ns  (clk_pl_0 rise@0.000ns - clk_pl_0 rise@0.000ns)
  Data Path Delay:        0.213ns  (logic 0.112ns (52.460%)  route 0.101ns (47.540%))
  Logic Levels:           0  
  Clock Path Skew:        0.097ns (DCD - SCD - CPR)
    Destination Clock Delay (DCD):    3.436ns
    Source Clock Delay      (SCD):    3.096ns
    Clock Pessimism Removal (CPR):    0.244ns
  Clock Net Delay (Source):      2.880ns (routing 1.450ns, distribution 1.430ns)
  Clock Net Delay (Destination): 3.169ns (routing 1.584ns, distribution 1.585ns)

    Location             Delay type                Incr(ns)  Path(ns)    Netlist Resource(s)
  -------------------------------------------------------------------    -------------------
                         (clock clk_pl_0 rise edge)
                                                      0.000     0.000 r  
    PS8_X0Y0             PS8                          0.000     0.000 r  design_1_i/zynq_ultra_ps_e_0/inst/PS8_i/PLCLK[0]
                         net (fo=1, routed)           0.181     0.181    design_1_i/zynq_ultra_ps_e_0/inst/pl_clk_unbuffered[0]
    BUFG_PS_X0Y80        BUFG_PS (Prop_BUFG_PS_I_O)
                                                      0.035     0.216 r  design_1_i/zynq_ultra_ps_e_0/inst/buffer_pl_clk_0.PL_CLK_0_BUFG/O
    X1Y1 (CLOCK_ROOT)    net (fo=18546, routed)       2.880     3.096    <hidden>
    SLICE_X3Y140         FDRE                                         r  <hidden>
  -------------------------------------------------------------------    -------------------
    SLICE_X3Y140         FDRE (Prop_HFF_SLICEL_C_Q)
                                                      0.112     3.208 r  <hidden>
                         net (fo=2, routed)           0.101     3.309    <hidden>
    SLICE_X4Y140         FDRE                                         r  <hidden>
  -------------------------------------------------------------------    -------------------

                         (clock clk_pl_0 rise edge)
                                                      0.000     0.000 r  
    PS8_X0Y0             PS8                          0.000     0.000 r  design_1_i/zynq_ultra_ps_e_0/inst/PS8_i/PLCLK[0]
                         net (fo=1, routed)           0.229     0.229    design_1_i/zynq_ultra_ps_e_0/inst/pl_clk_unbuffered[0]
    BUFG_PS_X0Y80        BUFG_PS (Prop_BUFG_PS_I_O)
                                                      0.038     0.267 r  design_1_i/zynq_ultra_ps_e_0/inst/buffer_pl_clk_0.PL_CLK_0_BUFG/O
    X1Y1 (CLOCK_ROOT)    net (fo=18546, routed)       3.169     3.436    <hidden>
    SLICE_X4Y140         FDRE                                         r  <hidden>
                         clock pessimism             -0.244     3.192    
    SLICE_X4Y140         FDRE (Hold_HFF2_SLICEM_C_D)
                                                      0.103     3.295    <hidden>
  -------------------------------------------------------------------
                         required time                         -3.295    
                         arrival time                           3.309    
  -------------------------------------------------------------------
                         slack                                  0.014    

Slack (MET) :             0.014ns  (arrival time - required time)
  Source:                 <hidden>
                            (rising edge-triggered cell FDRE clocked by clk_pl_0  {rise@0.000ns fall@5.000ns period=10.000ns})
  Destination:            <hidden>
                            (rising edge-triggered cell RAMD32 clocked by clk_pl_0  {rise@0.000ns fall@5.000ns period=10.000ns})
  Path Group:             clk_pl_0
  Path Type:              Hold (Min at Slow Process Corner)
  Requirement:            0.000ns  (clk_pl_0 rise@0.000ns - clk_pl_0 rise@0.000ns)
  Data Path Delay:        0.241ns  (logic 0.115ns (47.718%)  route 0.126ns (52.282%))
  Logic Levels:           0  
  Clock Path Skew:        0.148ns (DCD - SCD - CPR)
    Destination Clock Delay (DCD):    3.438ns
    Source Clock Delay      (SCD):    3.051ns
    Clock Pessimism Removal (CPR):    0.240ns
  Clock Net Delay (Source):      2.835ns (routing 1.450ns, distribution 1.385ns)
  Clock Net Delay (Destination): 3.171ns (routing 1.584ns, distribution 1.587ns)

    Location             Delay type                Incr(ns)  Path(ns)    Netlist Resource(s)
  -------------------------------------------------------------------    -------------------
                         (clock clk_pl_0 rise edge)
                                                      0.000     0.000 r  
    PS8_X0Y0             PS8                          0.000     0.000 r  design_1_i/zynq_ultra_ps_e_0/inst/PS8_i/PLCLK[0]
                         net (fo=1, routed)           0.181     0.181    design_1_i/zynq_ultra_ps_e_0/inst/pl_clk_unbuffered[0]
    BUFG_PS_X0Y80        BUFG_PS (Prop_BUFG_PS_I_O)
                                                      0.035     0.216 r  design_1_i/zynq_ultra_ps_e_0/inst/buffer_pl_clk_0.PL_CLK_0_BUFG/O
    X1Y1 (CLOCK_ROOT)    net (fo=18546, routed)       2.835     3.051    <hidden>
    SLICE_X3Y83          FDRE                                         r  <hidden>
  -------------------------------------------------------------------    -------------------
    SLICE_X3Y83          FDRE (Prop_DFF2_SLICEL_C_Q)
                                                      0.115     3.166 r  <hidden>
                         net (fo=1, routed)           0.126     3.292    <hidden>
    SLICE_X4Y85          RAMD32                                       r  <hidden>
  -------------------------------------------------------------------    -------------------

                         (clock clk_pl_0 rise edge)
                                                      0.000     0.000 r  
    PS8_X0Y0             PS8                          0.000     0.000 r  design_1_i/zynq_ultra_ps_e_0/inst/PS8_i/PLCLK[0]
                         net (fo=1, routed)           0.229     0.229    design_1_i/zynq_ultra_ps_e_0/inst/pl_clk_unbuffered[0]
    BUFG_PS_X0Y80        BUFG_PS (Prop_BUFG_PS_I_O)
                                                      0.038     0.267 r  design_1_i/zynq_ultra_ps_e_0/inst/buffer_pl_clk_0.PL_CLK_0_BUFG/O
    X1Y1 (CLOCK_ROOT)    net (fo=18546, routed)       3.171     3.438    <hidden>
    SLICE_X4Y85          RAMD32                                       r  <hidden>
                         clock pessimism             -0.240     3.199    
    SLICE_X4Y85          RAMD32 (Hold_A6LUT_SLICEM_CLK_I)
                                                      0.079     3.278    <hidden>
  -------------------------------------------------------------------
                         required time                         -3.278    
                         arrival time                           3.292    
  -------------------------------------------------------------------
                         slack                                  0.014    

Slack (MET) :             0.015ns  (arrival time - required time)
  Source:                 <hidden>
                            (rising edge-triggered cell FDRE clocked by clk_pl_0  {rise@0.000ns fall@5.000ns period=10.000ns})
  Destination:            <hidden>
                            (rising edge-triggered cell FDRE clocked by clk_pl_0  {rise@0.000ns fall@5.000ns period=10.000ns})
  Path Group:             clk_pl_0
  Path Type:              Hold (Min at Slow Process Corner)
  Requirement:            0.000ns  (clk_pl_0 rise@0.000ns - clk_pl_0 rise@0.000ns)
  Data Path Delay:        0.278ns  (logic 0.114ns (40.990%)  route 0.164ns (59.010%))
  Logic Levels:           0  
  Clock Path Skew:        0.161ns (DCD - SCD - CPR)
    Destination Clock Delay (DCD):    3.402ns
    Source Clock Delay      (SCD):    3.053ns
    Clock Pessimism Removal (CPR):    0.188ns
  Clock Net Delay (Source):      2.837ns (routing 1.450ns, distribution 1.387ns)
  Clock Net Delay (Destination): 3.135ns (routing 1.584ns, distribution 1.551ns)

    Location             Delay type                Incr(ns)  Path(ns)    Netlist Resource(s)
  -------------------------------------------------------------------    -------------------
                         (clock clk_pl_0 rise edge)
                                                      0.000     0.000 r  
    PS8_X0Y0             PS8                          0.000     0.000 r  design_1_i/zynq_ultra_ps_e_0/inst/PS8_i/PLCLK[0]
                         net (fo=1, routed)           0.181     0.181    design_1_i/zynq_ultra_ps_e_0/inst/pl_clk_unbuffered[0]
    BUFG_PS_X0Y80        BUFG_PS (Prop_BUFG_PS_I_O)
                                                      0.035     0.216 r  design_1_i/zynq_ultra_ps_e_0/inst/buffer_pl_clk_0.PL_CLK_0_BUFG/O
    X1Y1 (CLOCK_ROOT)    net (fo=18546, routed)       2.837     3.053    <hidden>
    SLICE_X4Y59          FDRE                                         r  <hidden>
  -------------------------------------------------------------------    -------------------
    SLICE_X4Y59          FDRE (Prop_AFF2_SLICEM_C_Q)
                                                      0.114     3.167 r  <hidden>
                         net (fo=2, routed)           0.164     3.331    <hidden>
    SLICE_X3Y60          FDRE                                         r  <hidden>
  -------------------------------------------------------------------    -------------------

                         (clock clk_pl_0 rise edge)
                                                      0.000     0.000 r  
    PS8_X0Y0             PS8                          0.000     0.000 r  design_1_i/zynq_ultra_ps_e_0/inst/PS8_i/PLCLK[0]
                         net (fo=1, routed)           0.229     0.229    design_1_i/zynq_ultra_ps_e_0/inst/pl_clk_unbuffered[0]
    BUFG_PS_X0Y80        BUFG_PS (Prop_BUFG_PS_I_O)
                                                      0.038     0.267 r  design_1_i/zynq_ultra_ps_e_0/inst/buffer_pl_clk_0.PL_CLK_0_BUFG/O
    X1Y1 (CLOCK_ROOT)    net (fo=18546, routed)       3.135     3.402    <hidden>
    SLICE_X3Y60          FDRE                                         r  <hidden>
                         clock pessimism             -0.188     3.214    
    SLICE_X3Y60          FDRE (Hold_DFF2_SLICEL_C_D)
                                                      0.102     3.316    <hidden>
  -------------------------------------------------------------------
                         required time                         -3.316    
                         arrival time                           3.331    
  -------------------------------------------------------------------
                         slack                                  0.015    

Slack (MET) :             0.015ns  (arrival time - required time)
  Source:                 <hidden>
                            (rising edge-triggered cell FDRE clocked by clk_pl_0  {rise@0.000ns fall@5.000ns period=10.000ns})
  Destination:            <hidden>
                            (rising edge-triggered cell FDRE clocked by clk_pl_0  {rise@0.000ns fall@5.000ns period=10.000ns})
  Path Group:             clk_pl_0
  Path Type:              Hold (Min at Slow Process Corner)
  Requirement:            0.000ns  (clk_pl_0 rise@0.000ns - clk_pl_0 rise@0.000ns)
  Data Path Delay:        0.252ns  (logic 0.159ns (63.066%)  route 0.093ns (36.934%))
  Logic Levels:           1  (LUT3=1)
  Clock Path Skew:        0.134ns (DCD - SCD - CPR)
    Destination Clock Delay (DCD):    3.375ns
    Source Clock Delay      (SCD):    3.000ns
    Clock Pessimism Removal (CPR):    0.240ns
  Clock Net Delay (Source):      2.784ns (routing 1.450ns, distribution 1.334ns)
  Clock Net Delay (Destination): 3.108ns (routing 1.584ns, distribution 1.524ns)

    Location             Delay type                Incr(ns)  Path(ns)    Netlist Resource(s)
  -------------------------------------------------------------------    -------------------
                         (clock clk_pl_0 rise edge)
                                                      0.000     0.000 r  
    PS8_X0Y0             PS8                          0.000     0.000 r  design_1_i/zynq_ultra_ps_e_0/inst/PS8_i/PLCLK[0]
                         net (fo=1, routed)           0.181     0.181    design_1_i/zynq_ultra_ps_e_0/inst/pl_clk_unbuffered[0]
    BUFG_PS_X0Y80        BUFG_PS (Prop_BUFG_PS_I_O)
                                                      0.035     0.216 r  design_1_i/zynq_ultra_ps_e_0/inst/buffer_pl_clk_0.PL_CLK_0_BUFG/O
    X1Y1 (CLOCK_ROOT)    net (fo=18546, routed)       2.784     3.000    <hidden>
    SLICE_X17Y100        FDRE                                         r  <hidden>
  -------------------------------------------------------------------    -------------------
    SLICE_X17Y100        FDRE (Prop_GFF_SLICEM_C_Q)
                                                      0.112     3.112 r  <hidden>
                         net (fo=2, routed)           0.082     3.194    <hidden>
    SLICE_X16Y100        LUT3 (Prop_H5LUT_SLICEL_I1_O)
                                                      0.047     3.241 r  <hidden>
                         net (fo=1, routed)           0.011     3.252    <hidden>
    SLICE_X16Y100        FDRE                                         r  <hidden>
  -------------------------------------------------------------------    -------------------

                         (clock clk_pl_0 rise edge)
                                                      0.000     0.000 r  
    PS8_X0Y0             PS8                          0.000     0.000 r  design_1_i/zynq_ultra_ps_e_0/inst/PS8_i/PLCLK[0]
                         net (fo=1, routed)           0.229     0.229    design_1_i/zynq_ultra_ps_e_0/inst/pl_clk_unbuffered[0]
    BUFG_PS_X0Y80        BUFG_PS (Prop_BUFG_PS_I_O)
                                                      0.038     0.267 r  design_1_i/zynq_ultra_ps_e_0/inst/buffer_pl_clk_0.PL_CLK_0_BUFG/O
    X1Y1 (CLOCK_ROOT)    net (fo=18546, routed)       3.108     3.375    <hidden>
    SLICE_X16Y100        FDRE                                         r  <hidden>
                         clock pessimism             -0.240     3.134    
    SLICE_X16Y100        FDRE (Hold_HFF2_SLICEL_C_D)
                                                      0.103     3.237    <hidden>
  -------------------------------------------------------------------
                         required time                         -3.237    
                         arrival time                           3.252    
  -------------------------------------------------------------------
                         slack                                  0.015    





Pulse Width Checks
--------------------------------------------------------------------------------------
Clock Name:         clk_pl_0
Waveform(ns):       { 0.000 5.000 }
Period(ns):         10.000
Sources:            { design_1_i/zynq_ultra_ps_e_0/inst/PS8_i/PLCLK[0] }

Check Type        Corner  Lib Pin             Reference Pin  Required(ns)  Actual(ns)  Slack(ns)  Location      Pin
Min Period        n/a     PS8/MAXIGP0ACLK     n/a            3.000         10.000      7.000      PS8_X0Y0      design_1_i/zynq_ultra_ps_e_0/inst/PS8_i/MAXIGP0ACLK
Min Period        n/a     PS8/MAXIGP1ACLK     n/a            3.000         10.000      7.000      PS8_X0Y0      design_1_i/zynq_ultra_ps_e_0/inst/PS8_i/MAXIGP1ACLK
Min Period        n/a     RAMB36E2/CLKARDCLK  n/a            1.709         10.000      8.291      RAMB36_X0Y19  <hidden>
Min Period        n/a     RAMB36E2/CLKBWRCLK  n/a            1.709         10.000      8.291      RAMB36_X0Y19  <hidden>
Min Period        n/a     RAMB36E2/CLKARDCLK  n/a            1.709         10.000      8.291      RAMB36_X0Y17  <hidden>
Min Period        n/a     RAMB36E2/CLKBWRCLK  n/a            1.709         10.000      8.291      RAMB36_X0Y17  <hidden>
Min Period        n/a     RAMB36E2/CLKARDCLK  n/a            1.709         10.000      8.291      RAMB36_X1Y18  <hidden>
Min Period        n/a     RAMB36E2/CLKBWRCLK  n/a            1.709         10.000      8.291      RAMB36_X1Y18  <hidden>
Min Period        n/a     RAMB36E2/CLKARDCLK  n/a            1.709         10.000      8.291      RAMB36_X0Y23  <hidden>
Min Period        n/a     RAMB36E2/CLKBWRCLK  n/a            1.709         10.000      8.291      RAMB36_X0Y23  <hidden>
Low Pulse Width   Slow    PS8/MAXIGP0ACLK     n/a            1.500         5.000       3.500      PS8_X0Y0      design_1_i/zynq_ultra_ps_e_0/inst/PS8_i/MAXIGP0ACLK
Low Pulse Width   Fast    PS8/MAXIGP0ACLK     n/a            1.500         5.000       3.500      PS8_X0Y0      design_1_i/zynq_ultra_ps_e_0/inst/PS8_i/MAXIGP0ACLK
Low Pulse Width   Slow    PS8/MAXIGP1ACLK     n/a            1.500         5.000       3.500      PS8_X0Y0      design_1_i/zynq_ultra_ps_e_0/inst/PS8_i/MAXIGP1ACLK
Low Pulse Width   Fast    PS8/MAXIGP1ACLK     n/a            1.500         5.000       3.500      PS8_X0Y0      design_1_i/zynq_ultra_ps_e_0/inst/PS8_i/MAXIGP1ACLK
Low Pulse Width   Slow    SRL16E/CLK          n/a            0.762         5.000       4.238      SLICE_X21Y18  design_1_i/axi_smc/inst/clk_map/psr_aclk/U0/EXT_LPF/POR_SRL_I/CLK
Low Pulse Width   Fast    SRL16E/CLK          n/a            0.762         5.000       4.238      SLICE_X21Y18  design_1_i/axi_smc/inst/clk_map/psr_aclk/U0/EXT_LPF/POR_SRL_I/CLK
Low Pulse Width   Slow    SRL16E/CLK          n/a            0.762         5.000       4.238      SLICE_X12Y78  <hidden>
Low Pulse Width   Fast    SRL16E/CLK          n/a            0.762         5.000       4.238      SLICE_X12Y78  <hidden>
Low Pulse Width   Slow    SRL16E/CLK          n/a            0.762         5.000       4.238      SLICE_X12Y78  <hidden>
Low Pulse Width   Fast    SRL16E/CLK          n/a            0.762         5.000       4.238      SLICE_X12Y78  <hidden>
High Pulse Width  Slow    PS8/MAXIGP0ACLK     n/a            1.500         5.000       3.500      PS8_X0Y0      design_1_i/zynq_ultra_ps_e_0/inst/PS8_i/MAXIGP0ACLK
High Pulse Width  Fast    PS8/MAXIGP0ACLK     n/a            1.500         5.000       3.500      PS8_X0Y0      design_1_i/zynq_ultra_ps_e_0/inst/PS8_i/MAXIGP0ACLK
High Pulse Width  Slow    PS8/MAXIGP1ACLK     n/a            1.500         5.000       3.500      PS8_X0Y0      design_1_i/zynq_ultra_ps_e_0/inst/PS8_i/MAXIGP1ACLK
High Pulse Width  Fast    PS8/MAXIGP1ACLK     n/a            1.500         5.000       3.500      PS8_X0Y0      design_1_i/zynq_ultra_ps_e_0/inst/PS8_i/MAXIGP1ACLK
High Pulse Width  Slow    SRL16E/CLK          n/a            0.762         5.000       4.238      SLICE_X21Y18  design_1_i/axi_smc/inst/clk_map/psr_aclk/U0/EXT_LPF/POR_SRL_I/CLK
High Pulse Width  Fast    SRL16E/CLK          n/a            0.762         5.000       4.238      SLICE_X21Y18  design_1_i/axi_smc/inst/clk_map/psr_aclk/U0/EXT_LPF/POR_SRL_I/CLK
High Pulse Width  Slow    SRL16E/CLK          n/a            0.762         5.000       4.238      SLICE_X12Y78  <hidden>
High Pulse Width  Fast    SRL16E/CLK          n/a            0.762         5.000       4.238      SLICE_X12Y78  <hidden>
High Pulse Width  Slow    SRL16E/CLK          n/a            0.762         5.000       4.238      SLICE_X12Y78  <hidden>
High Pulse Width  Fast    SRL16E/CLK          n/a            0.762         5.000       4.238      SLICE_X12Y78  <hidden>



---------------------------------------------------------------------------------------------------
Path Group:  **async_default**
From Clock:  clk_pl_0
  To Clock:  clk_pl_0

Setup :            0  Failing Endpoints,  Worst Slack        6.329ns,  Total Violation        0.000ns
Hold  :            0  Failing Endpoints,  Worst Slack        1.610ns,  Total Violation        0.000ns
---------------------------------------------------------------------------------------------------


Max Delay Paths
--------------------------------------------------------------------------------------
Slack (MET) :             6.329ns  (required time - arrival time)
  Source:                 design_1_i/riscv_wrapper_0/inst/core_rst_n_r_reg/C
                            (rising edge-triggered cell FDRE clocked by clk_pl_0  {rise@0.000ns fall@5.000ns period=10.000ns})
  Destination:            design_1_i/riscv_wrapper_0/inst/rv_core/if_id_pipeline_reg/pc_o_reg[0]/CLR
                            (recovery check against rising-edge clock clk_pl_0  {rise@0.000ns fall@5.000ns period=10.000ns})
  Path Group:             **async_default**
  Path Type:              Recovery (Max at Slow Process Corner)
  Requirement:            10.000ns  (clk_pl_0 rise@10.000ns - clk_pl_0 rise@0.000ns)
  Data Path Delay:        3.327ns  (logic 0.157ns (4.720%)  route 3.170ns (95.280%))
  Logic Levels:           1  (BUFGCE=1)
  Clock Path Skew:        -0.091ns (DCD - SCD + CPR)
    Destination Clock Delay (DCD):    3.022ns = ( 13.022 - 10.000 ) 
    Source Clock Delay      (SCD):    3.348ns
    Clock Pessimism Removal (CPR):    0.234ns
  Clock Uncertainty:      0.160ns  ((TSJ^2 + DJ^2)^1/2) / 2 + PE
    Total System Jitter     (TSJ):    0.071ns
    Discrete Jitter          (DJ):    0.312ns
    Phase Error              (PE):    0.000ns
  Clock Net Delay (Source):      3.081ns (routing 1.584ns, distribution 1.497ns)
  Clock Net Delay (Destination): 2.806ns (routing 1.450ns, distribution 1.356ns)

    Location             Delay type                Incr(ns)  Path(ns)    Netlist Resource(s)
  -------------------------------------------------------------------    -------------------
                         (clock clk_pl_0 rise edge)
                                                      0.000     0.000 r  
    PS8_X0Y0             PS8                          0.000     0.000 r  design_1_i/zynq_ultra_ps_e_0/inst/PS8_i/PLCLK[0]
                         net (fo=1, routed)           0.229     0.229    design_1_i/zynq_ultra_ps_e_0/inst/pl_clk_unbuffered[0]
    BUFG_PS_X0Y80        BUFG_PS (Prop_BUFG_PS_I_O)
                                                      0.038     0.267 r  design_1_i/zynq_ultra_ps_e_0/inst/buffer_pl_clk_0.PL_CLK_0_BUFG/O
    X1Y1 (CLOCK_ROOT)    net (fo=18546, routed)       3.081     3.348    design_1_i/riscv_wrapper_0/inst/clk_i
    SLICE_X19Y58         FDRE                                         r  design_1_i/riscv_wrapper_0/inst/core_rst_n_r_reg/C
  -------------------------------------------------------------------    -------------------
    SLICE_X19Y58         FDRE (Prop_FFF_SLICEL_C_Q)
                                                      0.113     3.461 r  design_1_i/riscv_wrapper_0/inst/core_rst_n_r_reg/Q
                         net (fo=1, routed)           1.415     4.876    design_1_i/riscv_wrapper_0/inst/core_rst_n_r_bufg_place
    BUFGCE_X0Y26         BUFGCE (Prop_BUFCE_BUFGCE_I_O)
                                                      0.044     4.920 r  design_1_i/riscv_wrapper_0/inst/core_rst_n_r_reg_bufg_place/O
                         net (fo=1465, routed)        1.755     6.674    design_1_i/riscv_wrapper_0/inst/rv_core/if_id_pipeline_reg/p_0_in
    SLICE_X16Y40         FDCE                                         f  design_1_i/riscv_wrapper_0/inst/rv_core/if_id_pipeline_reg/pc_o_reg[0]/CLR  (IS_INVERTED)
  -------------------------------------------------------------------    -------------------

                         (clock clk_pl_0 rise edge)
                                                     10.000    10.000 r  
    PS8_X0Y0             PS8                          0.000    10.000 r  design_1_i/zynq_ultra_ps_e_0/inst/PS8_i/PLCLK[0]
                         net (fo=1, routed)           0.181    10.181    design_1_i/zynq_ultra_ps_e_0/inst/pl_clk_unbuffered[0]
    BUFG_PS_X0Y80        BUFG_PS (Prop_BUFG_PS_I_O)
                                                      0.035    10.216 r  design_1_i/zynq_ultra_ps_e_0/inst/buffer_pl_clk_0.PL_CLK_0_BUFG/O
    X1Y1 (CLOCK_ROOT)    net (fo=18546, routed)       2.806    13.022    design_1_i/riscv_wrapper_0/inst/rv_core/if_id_pipeline_reg/clk_i
    SLICE_X16Y40         FDCE                                         r  design_1_i/riscv_wrapper_0/inst/rv_core/if_id_pipeline_reg/pc_o_reg[0]/C
                         clock pessimism              0.234    13.257    
                         clock uncertainty           -0.160    13.096    
    SLICE_X16Y40         FDCE (Recov_AFF_SLICEL_C_CLR)
                                                     -0.093    13.003    design_1_i/riscv_wrapper_0/inst/rv_core/if_id_pipeline_reg/pc_o_reg[0]
  -------------------------------------------------------------------
                         required time                         13.003    
                         arrival time                          -6.674    
  -------------------------------------------------------------------
                         slack                                  6.329    

Slack (MET) :             6.329ns  (required time - arrival time)
  Source:                 design_1_i/riscv_wrapper_0/inst/core_rst_n_r_reg/C
                            (rising edge-triggered cell FDRE clocked by clk_pl_0  {rise@0.000ns fall@5.000ns period=10.000ns})
  Destination:            design_1_i/riscv_wrapper_0/inst/rv_core/if_id_pipeline_reg/pc_o_reg[1]/CLR
                            (recovery check against rising-edge clock clk_pl_0  {rise@0.000ns fall@5.000ns period=10.000ns})
  Path Group:             **async_default**
  Path Type:              Recovery (Max at Slow Process Corner)
  Requirement:            10.000ns  (clk_pl_0 rise@10.000ns - clk_pl_0 rise@0.000ns)
  Data Path Delay:        3.327ns  (logic 0.157ns (4.720%)  route 3.170ns (95.280%))
  Logic Levels:           1  (BUFGCE=1)
  Clock Path Skew:        -0.091ns (DCD - SCD + CPR)
    Destination Clock Delay (DCD):    3.022ns = ( 13.022 - 10.000 ) 
    Source Clock Delay      (SCD):    3.348ns
    Clock Pessimism Removal (CPR):    0.234ns
  Clock Uncertainty:      0.160ns  ((TSJ^2 + DJ^2)^1/2) / 2 + PE
    Total System Jitter     (TSJ):    0.071ns
    Discrete Jitter          (DJ):    0.312ns
    Phase Error              (PE):    0.000ns
  Clock Net Delay (Source):      3.081ns (routing 1.584ns, distribution 1.497ns)
  Clock Net Delay (Destination): 2.806ns (routing 1.450ns, distribution 1.356ns)

    Location             Delay type                Incr(ns)  Path(ns)    Netlist Resource(s)
  -------------------------------------------------------------------    -------------------
                         (clock clk_pl_0 rise edge)
                                                      0.000     0.000 r  
    PS8_X0Y0             PS8                          0.000     0.000 r  design_1_i/zynq_ultra_ps_e_0/inst/PS8_i/PLCLK[0]
                         net (fo=1, routed)           0.229     0.229    design_1_i/zynq_ultra_ps_e_0/inst/pl_clk_unbuffered[0]
    BUFG_PS_X0Y80        BUFG_PS (Prop_BUFG_PS_I_O)
                                                      0.038     0.267 r  design_1_i/zynq_ultra_ps_e_0/inst/buffer_pl_clk_0.PL_CLK_0_BUFG/O
    X1Y1 (CLOCK_ROOT)    net (fo=18546, routed)       3.081     3.348    design_1_i/riscv_wrapper_0/inst/clk_i
    SLICE_X19Y58         FDRE                                         r  design_1_i/riscv_wrapper_0/inst/core_rst_n_r_reg/C
  -------------------------------------------------------------------    -------------------
    SLICE_X19Y58         FDRE (Prop_FFF_SLICEL_C_Q)
                                                      0.113     3.461 r  design_1_i/riscv_wrapper_0/inst/core_rst_n_r_reg/Q
                         net (fo=1, routed)           1.415     4.876    design_1_i/riscv_wrapper_0/inst/core_rst_n_r_bufg_place
    BUFGCE_X0Y26         BUFGCE (Prop_BUFCE_BUFGCE_I_O)
                                                      0.044     4.920 r  design_1_i/riscv_wrapper_0/inst/core_rst_n_r_reg_bufg_place/O
                         net (fo=1465, routed)        1.755     6.674    design_1_i/riscv_wrapper_0/inst/rv_core/if_id_pipeline_reg/p_0_in
    SLICE_X15Y40         FDCE                                         f  design_1_i/riscv_wrapper_0/inst/rv_core/if_id_pipeline_reg/pc_o_reg[1]/CLR  (IS_INVERTED)
  -------------------------------------------------------------------    -------------------

                         (clock clk_pl_0 rise edge)
                                                     10.000    10.000 r  
    PS8_X0Y0             PS8                          0.000    10.000 r  design_1_i/zynq_ultra_ps_e_0/inst/PS8_i/PLCLK[0]
                         net (fo=1, routed)           0.181    10.181    design_1_i/zynq_ultra_ps_e_0/inst/pl_clk_unbuffered[0]
    BUFG_PS_X0Y80        BUFG_PS (Prop_BUFG_PS_I_O)
                                                      0.035    10.216 r  design_1_i/zynq_ultra_ps_e_0/inst/buffer_pl_clk_0.PL_CLK_0_BUFG/O
    X1Y1 (CLOCK_ROOT)    net (fo=18546, routed)       2.806    13.022    design_1_i/riscv_wrapper_0/inst/rv_core/if_id_pipeline_reg/clk_i
    SLICE_X15Y40         FDCE                                         r  design_1_i/riscv_wrapper_0/inst/rv_core/if_id_pipeline_reg/pc_o_reg[1]/C
                         clock pessimism              0.234    13.257    
                         clock uncertainty           -0.160    13.096    
    SLICE_X15Y40         FDCE (Recov_AFF_SLICEL_C_CLR)
                                                     -0.093    13.003    design_1_i/riscv_wrapper_0/inst/rv_core/if_id_pipeline_reg/pc_o_reg[1]
  -------------------------------------------------------------------
                         required time                         13.003    
                         arrival time                          -6.674    
  -------------------------------------------------------------------
                         slack                                  6.329    

Slack (MET) :             6.329ns  (required time - arrival time)
  Source:                 design_1_i/riscv_wrapper_0/inst/core_rst_n_r_reg/C
                            (rising edge-triggered cell FDRE clocked by clk_pl_0  {rise@0.000ns fall@5.000ns period=10.000ns})
  Destination:            design_1_i/riscv_wrapper_0/inst/rv_core/program_counter/pc_o_reg[0]/CLR
                            (recovery check against rising-edge clock clk_pl_0  {rise@0.000ns fall@5.000ns period=10.000ns})
  Path Group:             **async_default**
  Path Type:              Recovery (Max at Slow Process Corner)
  Requirement:            10.000ns  (clk_pl_0 rise@10.000ns - clk_pl_0 rise@0.000ns)
  Data Path Delay:        3.327ns  (logic 0.157ns (4.720%)  route 3.170ns (95.280%))
  Logic Levels:           1  (BUFGCE=1)
  Clock Path Skew:        -0.091ns (DCD - SCD + CPR)
    Destination Clock Delay (DCD):    3.022ns = ( 13.022 - 10.000 ) 
    Source Clock Delay      (SCD):    3.348ns
    Clock Pessimism Removal (CPR):    0.234ns
  Clock Uncertainty:      0.160ns  ((TSJ^2 + DJ^2)^1/2) / 2 + PE
    Total System Jitter     (TSJ):    0.071ns
    Discrete Jitter          (DJ):    0.312ns
    Phase Error              (PE):    0.000ns
  Clock Net Delay (Source):      3.081ns (routing 1.584ns, distribution 1.497ns)
  Clock Net Delay (Destination): 2.806ns (routing 1.450ns, distribution 1.356ns)

    Location             Delay type                Incr(ns)  Path(ns)    Netlist Resource(s)
  -------------------------------------------------------------------    -------------------
                         (clock clk_pl_0 rise edge)
                                                      0.000     0.000 r  
    PS8_X0Y0             PS8                          0.000     0.000 r  design_1_i/zynq_ultra_ps_e_0/inst/PS8_i/PLCLK[0]
                         net (fo=1, routed)           0.229     0.229    design_1_i/zynq_ultra_ps_e_0/inst/pl_clk_unbuffered[0]
    BUFG_PS_X0Y80        BUFG_PS (Prop_BUFG_PS_I_O)
                                                      0.038     0.267 r  design_1_i/zynq_ultra_ps_e_0/inst/buffer_pl_clk_0.PL_CLK_0_BUFG/O
    X1Y1 (CLOCK_ROOT)    net (fo=18546, routed)       3.081     3.348    design_1_i/riscv_wrapper_0/inst/clk_i
    SLICE_X19Y58         FDRE                                         r  design_1_i/riscv_wrapper_0/inst/core_rst_n_r_reg/C
  -------------------------------------------------------------------    -------------------
    SLICE_X19Y58         FDRE (Prop_FFF_SLICEL_C_Q)
                                                      0.113     3.461 r  design_1_i/riscv_wrapper_0/inst/core_rst_n_r_reg/Q
                         net (fo=1, routed)           1.415     4.876    design_1_i/riscv_wrapper_0/inst/core_rst_n_r_bufg_place
    BUFGCE_X0Y26         BUFGCE (Prop_BUFCE_BUFGCE_I_O)
                                                      0.044     4.920 r  design_1_i/riscv_wrapper_0/inst/core_rst_n_r_reg_bufg_place/O
                         net (fo=1465, routed)        1.755     6.674    design_1_i/riscv_wrapper_0/inst/rv_core/program_counter/p_0_in
    SLICE_X16Y40         FDCE                                         f  design_1_i/riscv_wrapper_0/inst/rv_core/program_counter/pc_o_reg[0]/CLR  (IS_INVERTED)
  -------------------------------------------------------------------    -------------------

                         (clock clk_pl_0 rise edge)
                                                     10.000    10.000 r  
    PS8_X0Y0             PS8                          0.000    10.000 r  design_1_i/zynq_ultra_ps_e_0/inst/PS8_i/PLCLK[0]
                         net (fo=1, routed)           0.181    10.181    design_1_i/zynq_ultra_ps_e_0/inst/pl_clk_unbuffered[0]
    BUFG_PS_X0Y80        BUFG_PS (Prop_BUFG_PS_I_O)
                                                      0.035    10.216 r  design_1_i/zynq_ultra_ps_e_0/inst/buffer_pl_clk_0.PL_CLK_0_BUFG/O
    X1Y1 (CLOCK_ROOT)    net (fo=18546, routed)       2.806    13.022    design_1_i/riscv_wrapper_0/inst/rv_core/program_counter/clk_i
    SLICE_X16Y40         FDCE                                         r  design_1_i/riscv_wrapper_0/inst/rv_core/program_counter/pc_o_reg[0]/C
                         clock pessimism              0.234    13.257    
                         clock uncertainty           -0.160    13.096    
    SLICE_X16Y40         FDCE (Recov_BFF2_SLICEL_C_CLR)
                                                     -0.093    13.003    design_1_i/riscv_wrapper_0/inst/rv_core/program_counter/pc_o_reg[0]
  -------------------------------------------------------------------
                         required time                         13.003    
                         arrival time                          -6.674    
  -------------------------------------------------------------------
                         slack                                  6.329    

Slack (MET) :             6.329ns  (required time - arrival time)
  Source:                 design_1_i/riscv_wrapper_0/inst/core_rst_n_r_reg/C
                            (rising edge-triggered cell FDRE clocked by clk_pl_0  {rise@0.000ns fall@5.000ns period=10.000ns})
  Destination:            design_1_i/riscv_wrapper_0/inst/rv_core/program_counter/pc_o_reg[1]/CLR
                            (recovery check against rising-edge clock clk_pl_0  {rise@0.000ns fall@5.000ns period=10.000ns})
  Path Group:             **async_default**
  Path Type:              Recovery (Max at Slow Process Corner)
  Requirement:            10.000ns  (clk_pl_0 rise@10.000ns - clk_pl_0 rise@0.000ns)
  Data Path Delay:        3.327ns  (logic 0.157ns (4.720%)  route 3.170ns (95.280%))
  Logic Levels:           1  (BUFGCE=1)
  Clock Path Skew:        -0.091ns (DCD - SCD + CPR)
    Destination Clock Delay (DCD):    3.022ns = ( 13.022 - 10.000 ) 
    Source Clock Delay      (SCD):    3.348ns
    Clock Pessimism Removal (CPR):    0.234ns
  Clock Uncertainty:      0.160ns  ((TSJ^2 + DJ^2)^1/2) / 2 + PE
    Total System Jitter     (TSJ):    0.071ns
    Discrete Jitter          (DJ):    0.312ns
    Phase Error              (PE):    0.000ns
  Clock Net Delay (Source):      3.081ns (routing 1.584ns, distribution 1.497ns)
  Clock Net Delay (Destination): 2.806ns (routing 1.450ns, distribution 1.356ns)

    Location             Delay type                Incr(ns)  Path(ns)    Netlist Resource(s)
  -------------------------------------------------------------------    -------------------
                         (clock clk_pl_0 rise edge)
                                                      0.000     0.000 r  
    PS8_X0Y0             PS8                          0.000     0.000 r  design_1_i/zynq_ultra_ps_e_0/inst/PS8_i/PLCLK[0]
                         net (fo=1, routed)           0.229     0.229    design_1_i/zynq_ultra_ps_e_0/inst/pl_clk_unbuffered[0]
    BUFG_PS_X0Y80        BUFG_PS (Prop_BUFG_PS_I_O)
                                                      0.038     0.267 r  design_1_i/zynq_ultra_ps_e_0/inst/buffer_pl_clk_0.PL_CLK_0_BUFG/O
    X1Y1 (CLOCK_ROOT)    net (fo=18546, routed)       3.081     3.348    design_1_i/riscv_wrapper_0/inst/clk_i
    SLICE_X19Y58         FDRE                                         r  design_1_i/riscv_wrapper_0/inst/core_rst_n_r_reg/C
  -------------------------------------------------------------------    -------------------
    SLICE_X19Y58         FDRE (Prop_FFF_SLICEL_C_Q)
                                                      0.113     3.461 r  design_1_i/riscv_wrapper_0/inst/core_rst_n_r_reg/Q
                         net (fo=1, routed)           1.415     4.876    design_1_i/riscv_wrapper_0/inst/core_rst_n_r_bufg_place
    BUFGCE_X0Y26         BUFGCE (Prop_BUFCE_BUFGCE_I_O)
                                                      0.044     4.920 r  design_1_i/riscv_wrapper_0/inst/core_rst_n_r_reg_bufg_place/O
                         net (fo=1465, routed)        1.755     6.674    design_1_i/riscv_wrapper_0/inst/rv_core/program_counter/p_0_in
    SLICE_X16Y40         FDCE                                         f  design_1_i/riscv_wrapper_0/inst/rv_core/program_counter/pc_o_reg[1]/CLR  (IS_INVERTED)
  -------------------------------------------------------------------    -------------------

                         (clock clk_pl_0 rise edge)
                                                     10.000    10.000 r  
    PS8_X0Y0             PS8                          0.000    10.000 r  design_1_i/zynq_ultra_ps_e_0/inst/PS8_i/PLCLK[0]
                         net (fo=1, routed)           0.181    10.181    design_1_i/zynq_ultra_ps_e_0/inst/pl_clk_unbuffered[0]
    BUFG_PS_X0Y80        BUFG_PS (Prop_BUFG_PS_I_O)
                                                      0.035    10.216 r  design_1_i/zynq_ultra_ps_e_0/inst/buffer_pl_clk_0.PL_CLK_0_BUFG/O
    X1Y1 (CLOCK_ROOT)    net (fo=18546, routed)       2.806    13.022    design_1_i/riscv_wrapper_0/inst/rv_core/program_counter/clk_i
    SLICE_X16Y40         FDCE                                         r  design_1_i/riscv_wrapper_0/inst/rv_core/program_counter/pc_o_reg[1]/C
                         clock pessimism              0.234    13.257    
                         clock uncertainty           -0.160    13.096    
    SLICE_X16Y40         FDCE (Recov_DFF_SLICEL_C_CLR)
                                                     -0.093    13.003    design_1_i/riscv_wrapper_0/inst/rv_core/program_counter/pc_o_reg[1]
  -------------------------------------------------------------------
                         required time                         13.003    
                         arrival time                          -6.674    
  -------------------------------------------------------------------
                         slack                                  6.329    

Slack (MET) :             6.329ns  (required time - arrival time)
  Source:                 design_1_i/riscv_wrapper_0/inst/core_rst_n_r_reg/C
                            (rising edge-triggered cell FDRE clocked by clk_pl_0  {rise@0.000ns fall@5.000ns period=10.000ns})
  Destination:            design_1_i/riscv_wrapper_0/inst/rv_core/program_counter/pc_o_reg[6]/CLR
                            (recovery check against rising-edge clock clk_pl_0  {rise@0.000ns fall@5.000ns period=10.000ns})
  Path Group:             **async_default**
  Path Type:              Recovery (Max at Slow Process Corner)
  Requirement:            10.000ns  (clk_pl_0 rise@10.000ns - clk_pl_0 rise@0.000ns)
  Data Path Delay:        3.327ns  (logic 0.157ns (4.720%)  route 3.170ns (95.280%))
  Logic Levels:           1  (BUFGCE=1)
  Clock Path Skew:        -0.091ns (DCD - SCD + CPR)
    Destination Clock Delay (DCD):    3.022ns = ( 13.022 - 10.000 ) 
    Source Clock Delay      (SCD):    3.348ns
    Clock Pessimism Removal (CPR):    0.234ns
  Clock Uncertainty:      0.160ns  ((TSJ^2 + DJ^2)^1/2) / 2 + PE
    Total System Jitter     (TSJ):    0.071ns
    Discrete Jitter          (DJ):    0.312ns
    Phase Error              (PE):    0.000ns
  Clock Net Delay (Source):      3.081ns (routing 1.584ns, distribution 1.497ns)
  Clock Net Delay (Destination): 2.806ns (routing 1.450ns, distribution 1.356ns)

    Location             Delay type                Incr(ns)  Path(ns)    Netlist Resource(s)
  -------------------------------------------------------------------    -------------------
                         (clock clk_pl_0 rise edge)
                                                      0.000     0.000 r  
    PS8_X0Y0             PS8                          0.000     0.000 r  design_1_i/zynq_ultra_ps_e_0/inst/PS8_i/PLCLK[0]
                         net (fo=1, routed)           0.229     0.229    design_1_i/zynq_ultra_ps_e_0/inst/pl_clk_unbuffered[0]
    BUFG_PS_X0Y80        BUFG_PS (Prop_BUFG_PS_I_O)
                                                      0.038     0.267 r  design_1_i/zynq_ultra_ps_e_0/inst/buffer_pl_clk_0.PL_CLK_0_BUFG/O
    X1Y1 (CLOCK_ROOT)    net (fo=18546, routed)       3.081     3.348    design_1_i/riscv_wrapper_0/inst/clk_i
    SLICE_X19Y58         FDRE                                         r  design_1_i/riscv_wrapper_0/inst/core_rst_n_r_reg/C
  -------------------------------------------------------------------    -------------------
    SLICE_X19Y58         FDRE (Prop_FFF_SLICEL_C_Q)
                                                      0.113     3.461 r  design_1_i/riscv_wrapper_0/inst/core_rst_n_r_reg/Q
                         net (fo=1, routed)           1.415     4.876    design_1_i/riscv_wrapper_0/inst/core_rst_n_r_bufg_place
    BUFGCE_X0Y26         BUFGCE (Prop_BUFCE_BUFGCE_I_O)
                                                      0.044     4.920 r  design_1_i/riscv_wrapper_0/inst/core_rst_n_r_reg_bufg_place/O
                         net (fo=1465, routed)        1.755     6.674    design_1_i/riscv_wrapper_0/inst/rv_core/program_counter/p_0_in
    SLICE_X16Y40         FDCE                                         f  design_1_i/riscv_wrapper_0/inst/rv_core/program_counter/pc_o_reg[6]/CLR  (IS_INVERTED)
  -------------------------------------------------------------------    -------------------

                         (clock clk_pl_0 rise edge)
                                                     10.000    10.000 r  
    PS8_X0Y0             PS8                          0.000    10.000 r  design_1_i/zynq_ultra_ps_e_0/inst/PS8_i/PLCLK[0]
                         net (fo=1, routed)           0.181    10.181    design_1_i/zynq_ultra_ps_e_0/inst/pl_clk_unbuffered[0]
    BUFG_PS_X0Y80        BUFG_PS (Prop_BUFG_PS_I_O)
                                                      0.035    10.216 r  design_1_i/zynq_ultra_ps_e_0/inst/buffer_pl_clk_0.PL_CLK_0_BUFG/O
    X1Y1 (CLOCK_ROOT)    net (fo=18546, routed)       2.806    13.022    design_1_i/riscv_wrapper_0/inst/rv_core/program_counter/clk_i
    SLICE_X16Y40         FDCE                                         r  design_1_i/riscv_wrapper_0/inst/rv_core/program_counter/pc_o_reg[6]/C
                         clock pessimism              0.234    13.257    
                         clock uncertainty           -0.160    13.096    
    SLICE_X16Y40         FDCE (Recov_CFF_SLICEL_C_CLR)
                                                     -0.093    13.003    design_1_i/riscv_wrapper_0/inst/rv_core/program_counter/pc_o_reg[6]
  -------------------------------------------------------------------
                         required time                         13.003    
                         arrival time                          -6.674    
  -------------------------------------------------------------------
                         slack                                  6.329    

Slack (MET) :             6.329ns  (required time - arrival time)
  Source:                 design_1_i/riscv_wrapper_0/inst/core_rst_n_r_reg/C
                            (rising edge-triggered cell FDRE clocked by clk_pl_0  {rise@0.000ns fall@5.000ns period=10.000ns})
  Destination:            design_1_i/riscv_wrapper_0/inst/rv_core/if_id_pipeline_reg/pc_o_reg[2]/CLR
                            (recovery check against rising-edge clock clk_pl_0  {rise@0.000ns fall@5.000ns period=10.000ns})
  Path Group:             **async_default**
  Path Type:              Recovery (Max at Slow Process Corner)
  Requirement:            10.000ns  (clk_pl_0 rise@10.000ns - clk_pl_0 rise@0.000ns)
  Data Path Delay:        3.325ns  (logic 0.157ns (4.722%)  route 3.168ns (95.278%))
  Logic Levels:           1  (BUFGCE=1)
  Clock Path Skew:        -0.093ns (DCD - SCD + CPR)
    Destination Clock Delay (DCD):    3.020ns = ( 13.020 - 10.000 ) 
    Source Clock Delay      (SCD):    3.348ns
    Clock Pessimism Removal (CPR):    0.234ns
  Clock Uncertainty:      0.160ns  ((TSJ^2 + DJ^2)^1/2) / 2 + PE
    Total System Jitter     (TSJ):    0.071ns
    Discrete Jitter          (DJ):    0.312ns
    Phase Error              (PE):    0.000ns
  Clock Net Delay (Source):      3.081ns (routing 1.584ns, distribution 1.497ns)
  Clock Net Delay (Destination): 2.804ns (routing 1.450ns, distribution 1.354ns)

    Location             Delay type                Incr(ns)  Path(ns)    Netlist Resource(s)
  -------------------------------------------------------------------    -------------------
                         (clock clk_pl_0 rise edge)
                                                      0.000     0.000 r  
    PS8_X0Y0             PS8                          0.000     0.000 r  design_1_i/zynq_ultra_ps_e_0/inst/PS8_i/PLCLK[0]
                         net (fo=1, routed)           0.229     0.229    design_1_i/zynq_ultra_ps_e_0/inst/pl_clk_unbuffered[0]
    BUFG_PS_X0Y80        BUFG_PS (Prop_BUFG_PS_I_O)
                                                      0.038     0.267 r  design_1_i/zynq_ultra_ps_e_0/inst/buffer_pl_clk_0.PL_CLK_0_BUFG/O
    X1Y1 (CLOCK_ROOT)    net (fo=18546, routed)       3.081     3.348    design_1_i/riscv_wrapper_0/inst/clk_i
    SLICE_X19Y58         FDRE                                         r  design_1_i/riscv_wrapper_0/inst/core_rst_n_r_reg/C
  -------------------------------------------------------------------    -------------------
    SLICE_X19Y58         FDRE (Prop_FFF_SLICEL_C_Q)
                                                      0.113     3.461 r  design_1_i/riscv_wrapper_0/inst/core_rst_n_r_reg/Q
                         net (fo=1, routed)           1.415     4.876    design_1_i/riscv_wrapper_0/inst/core_rst_n_r_bufg_place
    BUFGCE_X0Y26         BUFGCE (Prop_BUFCE_BUFGCE_I_O)
                                                      0.044     4.920 r  design_1_i/riscv_wrapper_0/inst/core_rst_n_r_reg_bufg_place/O
                         net (fo=1465, routed)        1.753     6.672    design_1_i/riscv_wrapper_0/inst/rv_core/if_id_pipeline_reg/p_0_in
    SLICE_X16Y38         FDCE                                         f  design_1_i/riscv_wrapper_0/inst/rv_core/if_id_pipeline_reg/pc_o_reg[2]/CLR  (IS_INVERTED)
  -------------------------------------------------------------------    -------------------

                         (clock clk_pl_0 rise edge)
                                                     10.000    10.000 r  
    PS8_X0Y0             PS8                          0.000    10.000 r  design_1_i/zynq_ultra_ps_e_0/inst/PS8_i/PLCLK[0]
                         net (fo=1, routed)           0.181    10.181    design_1_i/zynq_ultra_ps_e_0/inst/pl_clk_unbuffered[0]
    BUFG_PS_X0Y80        BUFG_PS (Prop_BUFG_PS_I_O)
                                                      0.035    10.216 r  design_1_i/zynq_ultra_ps_e_0/inst/buffer_pl_clk_0.PL_CLK_0_BUFG/O
    X1Y1 (CLOCK_ROOT)    net (fo=18546, routed)       2.804    13.020    design_1_i/riscv_wrapper_0/inst/rv_core/if_id_pipeline_reg/clk_i
    SLICE_X16Y38         FDCE                                         r  design_1_i/riscv_wrapper_0/inst/rv_core/if_id_pipeline_reg/pc_o_reg[2]/C
                         clock pessimism              0.234    13.255    
                         clock uncertainty           -0.160    13.094    
    SLICE_X16Y38         FDCE (Recov_AFF_SLICEL_C_CLR)
                                                     -0.093    13.001    design_1_i/riscv_wrapper_0/inst/rv_core/if_id_pipeline_reg/pc_o_reg[2]
  -------------------------------------------------------------------
                         required time                         13.001    
                         arrival time                          -6.672    
  -------------------------------------------------------------------
                         slack                                  6.329    

Slack (MET) :             6.329ns  (required time - arrival time)
  Source:                 design_1_i/riscv_wrapper_0/inst/core_rst_n_r_reg/C
                            (rising edge-triggered cell FDRE clocked by clk_pl_0  {rise@0.000ns fall@5.000ns period=10.000ns})
  Destination:            design_1_i/riscv_wrapper_0/inst/rv_core/if_id_pipeline_reg/pc_o_reg[3]/CLR
                            (recovery check against rising-edge clock clk_pl_0  {rise@0.000ns fall@5.000ns period=10.000ns})
  Path Group:             **async_default**
  Path Type:              Recovery (Max at Slow Process Corner)
  Requirement:            10.000ns  (clk_pl_0 rise@10.000ns - clk_pl_0 rise@0.000ns)
  Data Path Delay:        3.325ns  (logic 0.157ns (4.722%)  route 3.168ns (95.278%))
  Logic Levels:           1  (BUFGCE=1)
  Clock Path Skew:        -0.093ns (DCD - SCD + CPR)
    Destination Clock Delay (DCD):    3.020ns = ( 13.020 - 10.000 ) 
    Source Clock Delay      (SCD):    3.348ns
    Clock Pessimism Removal (CPR):    0.234ns
  Clock Uncertainty:      0.160ns  ((TSJ^2 + DJ^2)^1/2) / 2 + PE
    Total System Jitter     (TSJ):    0.071ns
    Discrete Jitter          (DJ):    0.312ns
    Phase Error              (PE):    0.000ns
  Clock Net Delay (Source):      3.081ns (routing 1.584ns, distribution 1.497ns)
  Clock Net Delay (Destination): 2.804ns (routing 1.450ns, distribution 1.354ns)

    Location             Delay type                Incr(ns)  Path(ns)    Netlist Resource(s)
  -------------------------------------------------------------------    -------------------
                         (clock clk_pl_0 rise edge)
                                                      0.000     0.000 r  
    PS8_X0Y0             PS8                          0.000     0.000 r  design_1_i/zynq_ultra_ps_e_0/inst/PS8_i/PLCLK[0]
                         net (fo=1, routed)           0.229     0.229    design_1_i/zynq_ultra_ps_e_0/inst/pl_clk_unbuffered[0]
    BUFG_PS_X0Y80        BUFG_PS (Prop_BUFG_PS_I_O)
                                                      0.038     0.267 r  design_1_i/zynq_ultra_ps_e_0/inst/buffer_pl_clk_0.PL_CLK_0_BUFG/O
    X1Y1 (CLOCK_ROOT)    net (fo=18546, routed)       3.081     3.348    design_1_i/riscv_wrapper_0/inst/clk_i
    SLICE_X19Y58         FDRE                                         r  design_1_i/riscv_wrapper_0/inst/core_rst_n_r_reg/C
  -------------------------------------------------------------------    -------------------
    SLICE_X19Y58         FDRE (Prop_FFF_SLICEL_C_Q)
                                                      0.113     3.461 r  design_1_i/riscv_wrapper_0/inst/core_rst_n_r_reg/Q
                         net (fo=1, routed)           1.415     4.876    design_1_i/riscv_wrapper_0/inst/core_rst_n_r_bufg_place
    BUFGCE_X0Y26         BUFGCE (Prop_BUFCE_BUFGCE_I_O)
                                                      0.044     4.920 r  design_1_i/riscv_wrapper_0/inst/core_rst_n_r_reg_bufg_place/O
                         net (fo=1465, routed)        1.753     6.672    design_1_i/riscv_wrapper_0/inst/rv_core/if_id_pipeline_reg/p_0_in
    SLICE_X15Y38         FDCE                                         f  design_1_i/riscv_wrapper_0/inst/rv_core/if_id_pipeline_reg/pc_o_reg[3]/CLR  (IS_INVERTED)
  -------------------------------------------------------------------    -------------------

                         (clock clk_pl_0 rise edge)
                                                     10.000    10.000 r  
    PS8_X0Y0             PS8                          0.000    10.000 r  design_1_i/zynq_ultra_ps_e_0/inst/PS8_i/PLCLK[0]
                         net (fo=1, routed)           0.181    10.181    design_1_i/zynq_ultra_ps_e_0/inst/pl_clk_unbuffered[0]
    BUFG_PS_X0Y80        BUFG_PS (Prop_BUFG_PS_I_O)
                                                      0.035    10.216 r  design_1_i/zynq_ultra_ps_e_0/inst/buffer_pl_clk_0.PL_CLK_0_BUFG/O
    X1Y1 (CLOCK_ROOT)    net (fo=18546, routed)       2.804    13.020    design_1_i/riscv_wrapper_0/inst/rv_core/if_id_pipeline_reg/clk_i
    SLICE_X15Y38         FDCE                                         r  design_1_i/riscv_wrapper_0/inst/rv_core/if_id_pipeline_reg/pc_o_reg[3]/C
                         clock pessimism              0.234    13.255    
                         clock uncertainty           -0.160    13.094    
    SLICE_X15Y38         FDCE (Recov_AFF_SLICEL_C_CLR)
                                                     -0.093    13.001    design_1_i/riscv_wrapper_0/inst/rv_core/if_id_pipeline_reg/pc_o_reg[3]
  -------------------------------------------------------------------
                         required time                         13.001    
                         arrival time                          -6.672    
  -------------------------------------------------------------------
                         slack                                  6.329    

Slack (MET) :             6.334ns  (required time - arrival time)
  Source:                 design_1_i/riscv_wrapper_0/inst/core_rst_n_r_reg/C
                            (rising edge-triggered cell FDRE clocked by clk_pl_0  {rise@0.000ns fall@5.000ns period=10.000ns})
  Destination:            design_1_i/riscv_wrapper_0/inst/rv_core/program_counter/pc_o_reg[25]/CLR
                            (recovery check against rising-edge clock clk_pl_0  {rise@0.000ns fall@5.000ns period=10.000ns})
  Path Group:             **async_default**
  Path Type:              Recovery (Max at Slow Process Corner)
  Requirement:            10.000ns  (clk_pl_0 rise@10.000ns - clk_pl_0 rise@0.000ns)
  Data Path Delay:        3.314ns  (logic 0.157ns (4.738%)  route 3.157ns (95.262%))
  Logic Levels:           1  (BUFGCE=1)
  Clock Path Skew:        -0.099ns (DCD - SCD + CPR)
    Destination Clock Delay (DCD):    3.014ns = ( 13.014 - 10.000 ) 
    Source Clock Delay      (SCD):    3.348ns
    Clock Pessimism Removal (CPR):    0.234ns
  Clock Uncertainty:      0.160ns  ((TSJ^2 + DJ^2)^1/2) / 2 + PE
    Total System Jitter     (TSJ):    0.071ns
    Discrete Jitter          (DJ):    0.312ns
    Phase Error              (PE):    0.000ns
  Clock Net Delay (Source):      3.081ns (routing 1.584ns, distribution 1.497ns)
  Clock Net Delay (Destination): 2.798ns (routing 1.450ns, distribution 1.348ns)

    Location             Delay type                Incr(ns)  Path(ns)    Netlist Resource(s)
  -------------------------------------------------------------------    -------------------
                         (clock clk_pl_0 rise edge)
                                                      0.000     0.000 r  
    PS8_X0Y0             PS8                          0.000     0.000 r  design_1_i/zynq_ultra_ps_e_0/inst/PS8_i/PLCLK[0]
                         net (fo=1, routed)           0.229     0.229    design_1_i/zynq_ultra_ps_e_0/inst/pl_clk_unbuffered[0]
    BUFG_PS_X0Y80        BUFG_PS (Prop_BUFG_PS_I_O)
                                                      0.038     0.267 r  design_1_i/zynq_ultra_ps_e_0/inst/buffer_pl_clk_0.PL_CLK_0_BUFG/O
    X1Y1 (CLOCK_ROOT)    net (fo=18546, routed)       3.081     3.348    design_1_i/riscv_wrapper_0/inst/clk_i
    SLICE_X19Y58         FDRE                                         r  design_1_i/riscv_wrapper_0/inst/core_rst_n_r_reg/C
  -------------------------------------------------------------------    -------------------
    SLICE_X19Y58         FDRE (Prop_FFF_SLICEL_C_Q)
                                                      0.113     3.461 r  design_1_i/riscv_wrapper_0/inst/core_rst_n_r_reg/Q
                         net (fo=1, routed)           1.415     4.876    design_1_i/riscv_wrapper_0/inst/core_rst_n_r_bufg_place
    BUFGCE_X0Y26         BUFGCE (Prop_BUFCE_BUFGCE_I_O)
                                                      0.044     4.920 r  design_1_i/riscv_wrapper_0/inst/core_rst_n_r_reg_bufg_place/O
                         net (fo=1465, routed)        1.742     6.662    design_1_i/riscv_wrapper_0/inst/rv_core/program_counter/p_0_in
    SLICE_X17Y44         FDCE                                         f  design_1_i/riscv_wrapper_0/inst/rv_core/program_counter/pc_o_reg[25]/CLR  (IS_INVERTED)
  -------------------------------------------------------------------    -------------------

                         (clock clk_pl_0 rise edge)
                                                     10.000    10.000 r  
    PS8_X0Y0             PS8                          0.000    10.000 r  design_1_i/zynq_ultra_ps_e_0/inst/PS8_i/PLCLK[0]
                         net (fo=1, routed)           0.181    10.181    design_1_i/zynq_ultra_ps_e_0/inst/pl_clk_unbuffered[0]
    BUFG_PS_X0Y80        BUFG_PS (Prop_BUFG_PS_I_O)
                                                      0.035    10.216 r  design_1_i/zynq_ultra_ps_e_0/inst/buffer_pl_clk_0.PL_CLK_0_BUFG/O
    X1Y1 (CLOCK_ROOT)    net (fo=18546, routed)       2.798    13.014    design_1_i/riscv_wrapper_0/inst/rv_core/program_counter/clk_i
    SLICE_X17Y44         FDCE                                         r  design_1_i/riscv_wrapper_0/inst/rv_core/program_counter/pc_o_reg[25]/C
                         clock pessimism              0.234    13.248    
                         clock uncertainty           -0.160    13.088    
    SLICE_X17Y44         FDCE (Recov_DFF_SLICEM_C_CLR)
                                                     -0.093    12.995    design_1_i/riscv_wrapper_0/inst/rv_core/program_counter/pc_o_reg[25]
  -------------------------------------------------------------------
                         required time                         12.995    
                         arrival time                          -6.662    
  -------------------------------------------------------------------
                         slack                                  6.334    

Slack (MET) :             6.334ns  (required time - arrival time)
  Source:                 design_1_i/riscv_wrapper_0/inst/core_rst_n_r_reg/C
                            (rising edge-triggered cell FDRE clocked by clk_pl_0  {rise@0.000ns fall@5.000ns period=10.000ns})
  Destination:            design_1_i/riscv_wrapper_0/inst/rv_core/program_counter/pc_o_reg[26]/CLR
                            (recovery check against rising-edge clock clk_pl_0  {rise@0.000ns fall@5.000ns period=10.000ns})
  Path Group:             **async_default**
  Path Type:              Recovery (Max at Slow Process Corner)
  Requirement:            10.000ns  (clk_pl_0 rise@10.000ns - clk_pl_0 rise@0.000ns)
  Data Path Delay:        3.314ns  (logic 0.157ns (4.738%)  route 3.157ns (95.262%))
  Logic Levels:           1  (BUFGCE=1)
  Clock Path Skew:        -0.099ns (DCD - SCD + CPR)
    Destination Clock Delay (DCD):    3.014ns = ( 13.014 - 10.000 ) 
    Source Clock Delay      (SCD):    3.348ns
    Clock Pessimism Removal (CPR):    0.234ns
  Clock Uncertainty:      0.160ns  ((TSJ^2 + DJ^2)^1/2) / 2 + PE
    Total System Jitter     (TSJ):    0.071ns
    Discrete Jitter          (DJ):    0.312ns
    Phase Error              (PE):    0.000ns
  Clock Net Delay (Source):      3.081ns (routing 1.584ns, distribution 1.497ns)
  Clock Net Delay (Destination): 2.798ns (routing 1.450ns, distribution 1.348ns)

    Location             Delay type                Incr(ns)  Path(ns)    Netlist Resource(s)
  -------------------------------------------------------------------    -------------------
                         (clock clk_pl_0 rise edge)
                                                      0.000     0.000 r  
    PS8_X0Y0             PS8                          0.000     0.000 r  design_1_i/zynq_ultra_ps_e_0/inst/PS8_i/PLCLK[0]
                         net (fo=1, routed)           0.229     0.229    design_1_i/zynq_ultra_ps_e_0/inst/pl_clk_unbuffered[0]
    BUFG_PS_X0Y80        BUFG_PS (Prop_BUFG_PS_I_O)
                                                      0.038     0.267 r  design_1_i/zynq_ultra_ps_e_0/inst/buffer_pl_clk_0.PL_CLK_0_BUFG/O
    X1Y1 (CLOCK_ROOT)    net (fo=18546, routed)       3.081     3.348    design_1_i/riscv_wrapper_0/inst/clk_i
    SLICE_X19Y58         FDRE                                         r  design_1_i/riscv_wrapper_0/inst/core_rst_n_r_reg/C
  -------------------------------------------------------------------    -------------------
    SLICE_X19Y58         FDRE (Prop_FFF_SLICEL_C_Q)
                                                      0.113     3.461 r  design_1_i/riscv_wrapper_0/inst/core_rst_n_r_reg/Q
                         net (fo=1, routed)           1.415     4.876    design_1_i/riscv_wrapper_0/inst/core_rst_n_r_bufg_place
    BUFGCE_X0Y26         BUFGCE (Prop_BUFCE_BUFGCE_I_O)
                                                      0.044     4.920 r  design_1_i/riscv_wrapper_0/inst/core_rst_n_r_reg_bufg_place/O
                         net (fo=1465, routed)        1.742     6.662    design_1_i/riscv_wrapper_0/inst/rv_core/program_counter/p_0_in
    SLICE_X17Y44         FDCE                                         f  design_1_i/riscv_wrapper_0/inst/rv_core/program_counter/pc_o_reg[26]/CLR  (IS_INVERTED)
  -------------------------------------------------------------------    -------------------

                         (clock clk_pl_0 rise edge)
                                                     10.000    10.000 r  
    PS8_X0Y0             PS8                          0.000    10.000 r  design_1_i/zynq_ultra_ps_e_0/inst/PS8_i/PLCLK[0]
                         net (fo=1, routed)           0.181    10.181    design_1_i/zynq_ultra_ps_e_0/inst/pl_clk_unbuffered[0]
    BUFG_PS_X0Y80        BUFG_PS (Prop_BUFG_PS_I_O)
                                                      0.035    10.216 r  design_1_i/zynq_ultra_ps_e_0/inst/buffer_pl_clk_0.PL_CLK_0_BUFG/O
    X1Y1 (CLOCK_ROOT)    net (fo=18546, routed)       2.798    13.014    design_1_i/riscv_wrapper_0/inst/rv_core/program_counter/clk_i
    SLICE_X17Y44         FDCE                                         r  design_1_i/riscv_wrapper_0/inst/rv_core/program_counter/pc_o_reg[26]/C
                         clock pessimism              0.234    13.248    
                         clock uncertainty           -0.160    13.088    
    SLICE_X17Y44         FDCE (Recov_CFF_SLICEM_C_CLR)
                                                     -0.093    12.995    design_1_i/riscv_wrapper_0/inst/rv_core/program_counter/pc_o_reg[26]
  -------------------------------------------------------------------
                         required time                         12.995    
                         arrival time                          -6.662    
  -------------------------------------------------------------------
                         slack                                  6.334    

Slack (MET) :             6.334ns  (required time - arrival time)
  Source:                 design_1_i/riscv_wrapper_0/inst/core_rst_n_r_reg/C
                            (rising edge-triggered cell FDRE clocked by clk_pl_0  {rise@0.000ns fall@5.000ns period=10.000ns})
  Destination:            design_1_i/riscv_wrapper_0/inst/rv_core/program_counter/pc_o_reg[29]/CLR
                            (recovery check against rising-edge clock clk_pl_0  {rise@0.000ns fall@5.000ns period=10.000ns})
  Path Group:             **async_default**
  Path Type:              Recovery (Max at Slow Process Corner)
  Requirement:            10.000ns  (clk_pl_0 rise@10.000ns - clk_pl_0 rise@0.000ns)
  Data Path Delay:        3.314ns  (logic 0.157ns (4.738%)  route 3.157ns (95.262%))
  Logic Levels:           1  (BUFGCE=1)
  Clock Path Skew:        -0.099ns (DCD - SCD + CPR)
    Destination Clock Delay (DCD):    3.014ns = ( 13.014 - 10.000 ) 
    Source Clock Delay      (SCD):    3.348ns
    Clock Pessimism Removal (CPR):    0.234ns
  Clock Uncertainty:      0.160ns  ((TSJ^2 + DJ^2)^1/2) / 2 + PE
    Total System Jitter     (TSJ):    0.071ns
    Discrete Jitter          (DJ):    0.312ns
    Phase Error              (PE):    0.000ns
  Clock Net Delay (Source):      3.081ns (routing 1.584ns, distribution 1.497ns)
  Clock Net Delay (Destination): 2.798ns (routing 1.450ns, distribution 1.348ns)

    Location             Delay type                Incr(ns)  Path(ns)    Netlist Resource(s)
  -------------------------------------------------------------------    -------------------
                         (clock clk_pl_0 rise edge)
                                                      0.000     0.000 r  
    PS8_X0Y0             PS8                          0.000     0.000 r  design_1_i/zynq_ultra_ps_e_0/inst/PS8_i/PLCLK[0]
                         net (fo=1, routed)           0.229     0.229    design_1_i/zynq_ultra_ps_e_0/inst/pl_clk_unbuffered[0]
    BUFG_PS_X0Y80        BUFG_PS (Prop_BUFG_PS_I_O)
                                                      0.038     0.267 r  design_1_i/zynq_ultra_ps_e_0/inst/buffer_pl_clk_0.PL_CLK_0_BUFG/O
    X1Y1 (CLOCK_ROOT)    net (fo=18546, routed)       3.081     3.348    design_1_i/riscv_wrapper_0/inst/clk_i
    SLICE_X19Y58         FDRE                                         r  design_1_i/riscv_wrapper_0/inst/core_rst_n_r_reg/C
  -------------------------------------------------------------------    -------------------
    SLICE_X19Y58         FDRE (Prop_FFF_SLICEL_C_Q)
                                                      0.113     3.461 r  design_1_i/riscv_wrapper_0/inst/core_rst_n_r_reg/Q
                         net (fo=1, routed)           1.415     4.876    design_1_i/riscv_wrapper_0/inst/core_rst_n_r_bufg_place
    BUFGCE_X0Y26         BUFGCE (Prop_BUFCE_BUFGCE_I_O)
                                                      0.044     4.920 r  design_1_i/riscv_wrapper_0/inst/core_rst_n_r_reg_bufg_place/O
                         net (fo=1465, routed)        1.742     6.662    design_1_i/riscv_wrapper_0/inst/rv_core/program_counter/p_0_in
    SLICE_X17Y44         FDCE                                         f  design_1_i/riscv_wrapper_0/inst/rv_core/program_counter/pc_o_reg[29]/CLR  (IS_INVERTED)
  -------------------------------------------------------------------    -------------------

                         (clock clk_pl_0 rise edge)
                                                     10.000    10.000 r  
    PS8_X0Y0             PS8                          0.000    10.000 r  design_1_i/zynq_ultra_ps_e_0/inst/PS8_i/PLCLK[0]
                         net (fo=1, routed)           0.181    10.181    design_1_i/zynq_ultra_ps_e_0/inst/pl_clk_unbuffered[0]
    BUFG_PS_X0Y80        BUFG_PS (Prop_BUFG_PS_I_O)
                                                      0.035    10.216 r  design_1_i/zynq_ultra_ps_e_0/inst/buffer_pl_clk_0.PL_CLK_0_BUFG/O
    X1Y1 (CLOCK_ROOT)    net (fo=18546, routed)       2.798    13.014    design_1_i/riscv_wrapper_0/inst/rv_core/program_counter/clk_i
    SLICE_X17Y44         FDCE                                         r  design_1_i/riscv_wrapper_0/inst/rv_core/program_counter/pc_o_reg[29]/C
                         clock pessimism              0.234    13.248    
                         clock uncertainty           -0.160    13.088    
    SLICE_X17Y44         FDCE (Recov_BFF_SLICEM_C_CLR)
                                                     -0.093    12.995    design_1_i/riscv_wrapper_0/inst/rv_core/program_counter/pc_o_reg[29]
  -------------------------------------------------------------------
                         required time                         12.995    
                         arrival time                          -6.662    
  -------------------------------------------------------------------
                         slack                                  6.334    





Min Delay Paths
--------------------------------------------------------------------------------------
Slack (MET) :             1.610ns  (arrival time - required time)
  Source:                 design_1_i/riscv_wrapper_0/inst/core_rst_n_r_reg/C
                            (rising edge-triggered cell FDRE clocked by clk_pl_0  {rise@0.000ns fall@5.000ns period=10.000ns})
  Destination:            design_1_i/riscv_wrapper_0/inst/rv_core/if_id_pipeline_reg/pc_o_reg[19]/CLR
                            (removal check against rising-edge clock clk_pl_0  {rise@0.000ns fall@5.000ns period=10.000ns})
  Path Group:             **async_default**
  Path Type:              Removal (Min at Fast Process Corner)
  Requirement:            0.000ns  (clk_pl_0 rise@0.000ns - clk_pl_0 rise@0.000ns)
  Data Path Delay:        1.649ns  (logic 0.106ns (6.428%)  route 1.543ns (93.572%))
  Logic Levels:           1  (BUFGCE=1)
  Clock Path Skew:        0.057ns (DCD - SCD - CPR)
    Destination Clock Delay (DCD):    2.056ns
    Source Clock Delay      (SCD):    1.859ns
    Clock Pessimism Removal (CPR):    0.141ns
  Clock Net Delay (Source):      1.708ns (routing 0.886ns, distribution 0.822ns)
  Clock Net Delay (Destination): 1.869ns (routing 0.971ns, distribution 0.898ns)

    Location             Delay type                Incr(ns)  Path(ns)    Netlist Resource(s)
  -------------------------------------------------------------------    -------------------
                         (clock clk_pl_0 rise edge)
                                                      0.000     0.000 r  
    PS8_X0Y0             PS8                          0.000     0.000 r  design_1_i/zynq_ultra_ps_e_0/inst/PS8_i/PLCLK[0]
                         net (fo=1, routed)           0.129     0.129    design_1_i/zynq_ultra_ps_e_0/inst/pl_clk_unbuffered[0]
    BUFG_PS_X0Y80        BUFG_PS (Prop_BUFG_PS_I_O)
                                                      0.022     0.151 r  design_1_i/zynq_ultra_ps_e_0/inst/buffer_pl_clk_0.PL_CLK_0_BUFG/O
    X1Y1 (CLOCK_ROOT)    net (fo=18546, routed)       1.708     1.859    design_1_i/riscv_wrapper_0/inst/clk_i
    SLICE_X19Y58         FDRE                                         r  design_1_i/riscv_wrapper_0/inst/core_rst_n_r_reg/C
  -------------------------------------------------------------------    -------------------
    SLICE_X19Y58         FDRE (Prop_FFF_SLICEL_C_Q)
                                                      0.083     1.942 r  design_1_i/riscv_wrapper_0/inst/core_rst_n_r_reg/Q
                         net (fo=1, routed)           0.624     2.566    design_1_i/riscv_wrapper_0/inst/core_rst_n_r_bufg_place
    BUFGCE_X0Y26         BUFGCE (Prop_BUFCE_BUFGCE_I_O)
                                                      0.023     2.589 r  design_1_i/riscv_wrapper_0/inst/core_rst_n_r_reg_bufg_place/O
                         net (fo=1465, routed)        0.919     3.508    design_1_i/riscv_wrapper_0/inst/rv_core/if_id_pipeline_reg/p_0_in
    SLICE_X15Y46         FDCE                                         f  design_1_i/riscv_wrapper_0/inst/rv_core/if_id_pipeline_reg/pc_o_reg[19]/CLR  (IS_INVERTED)
  -------------------------------------------------------------------    -------------------

                         (clock clk_pl_0 rise edge)
                                                      0.000     0.000 r  
    PS8_X0Y0             PS8                          0.000     0.000 r  design_1_i/zynq_ultra_ps_e_0/inst/PS8_i/PLCLK[0]
                         net (fo=1, routed)           0.164     0.164    design_1_i/zynq_ultra_ps_e_0/inst/pl_clk_unbuffered[0]
    BUFG_PS_X0Y80        BUFG_PS (Prop_BUFG_PS_I_O)
                                                      0.023     0.187 r  design_1_i/zynq_ultra_ps_e_0/inst/buffer_pl_clk_0.PL_CLK_0_BUFG/O
    X1Y1 (CLOCK_ROOT)    net (fo=18546, routed)       1.869     2.056    design_1_i/riscv_wrapper_0/inst/rv_core/if_id_pipeline_reg/clk_i
    SLICE_X15Y46         FDCE                                         r  design_1_i/riscv_wrapper_0/inst/rv_core/if_id_pipeline_reg/pc_o_reg[19]/C
                         clock pessimism             -0.141     1.916    
    SLICE_X15Y46         FDCE (Remov_EFF_SLICEL_C_CLR)
                                                     -0.018     1.898    design_1_i/riscv_wrapper_0/inst/rv_core/if_id_pipeline_reg/pc_o_reg[19]
  -------------------------------------------------------------------
                         required time                         -1.898    
                         arrival time                           3.508    
  -------------------------------------------------------------------
                         slack                                  1.610    

Slack (MET) :             1.610ns  (arrival time - required time)
  Source:                 design_1_i/riscv_wrapper_0/inst/core_rst_n_r_reg/C
                            (rising edge-triggered cell FDRE clocked by clk_pl_0  {rise@0.000ns fall@5.000ns period=10.000ns})
  Destination:            design_1_i/riscv_wrapper_0/inst/rv_core/if_id_pipeline_reg/pc_o_reg[26]/CLR
                            (removal check against rising-edge clock clk_pl_0  {rise@0.000ns fall@5.000ns period=10.000ns})
  Path Group:             **async_default**
  Path Type:              Removal (Min at Fast Process Corner)
  Requirement:            0.000ns  (clk_pl_0 rise@0.000ns - clk_pl_0 rise@0.000ns)
  Data Path Delay:        1.649ns  (logic 0.106ns (6.428%)  route 1.543ns (93.572%))
  Logic Levels:           1  (BUFGCE=1)
  Clock Path Skew:        0.057ns (DCD - SCD - CPR)
    Destination Clock Delay (DCD):    2.056ns
    Source Clock Delay      (SCD):    1.859ns
    Clock Pessimism Removal (CPR):    0.141ns
  Clock Net Delay (Source):      1.708ns (routing 0.886ns, distribution 0.822ns)
  Clock Net Delay (Destination): 1.869ns (routing 0.971ns, distribution 0.898ns)

    Location             Delay type                Incr(ns)  Path(ns)    Netlist Resource(s)
  -------------------------------------------------------------------    -------------------
                         (clock clk_pl_0 rise edge)
                                                      0.000     0.000 r  
    PS8_X0Y0             PS8                          0.000     0.000 r  design_1_i/zynq_ultra_ps_e_0/inst/PS8_i/PLCLK[0]
                         net (fo=1, routed)           0.129     0.129    design_1_i/zynq_ultra_ps_e_0/inst/pl_clk_unbuffered[0]
    BUFG_PS_X0Y80        BUFG_PS (Prop_BUFG_PS_I_O)
                                                      0.022     0.151 r  design_1_i/zynq_ultra_ps_e_0/inst/buffer_pl_clk_0.PL_CLK_0_BUFG/O
    X1Y1 (CLOCK_ROOT)    net (fo=18546, routed)       1.708     1.859    design_1_i/riscv_wrapper_0/inst/clk_i
    SLICE_X19Y58         FDRE                                         r  design_1_i/riscv_wrapper_0/inst/core_rst_n_r_reg/C
  -------------------------------------------------------------------    -------------------
    SLICE_X19Y58         FDRE (Prop_FFF_SLICEL_C_Q)
                                                      0.083     1.942 r  design_1_i/riscv_wrapper_0/inst/core_rst_n_r_reg/Q
                         net (fo=1, routed)           0.624     2.566    design_1_i/riscv_wrapper_0/inst/core_rst_n_r_bufg_place
    BUFGCE_X0Y26         BUFGCE (Prop_BUFCE_BUFGCE_I_O)
                                                      0.023     2.589 r  design_1_i/riscv_wrapper_0/inst/core_rst_n_r_reg_bufg_place/O
                         net (fo=1465, routed)        0.919     3.508    design_1_i/riscv_wrapper_0/inst/rv_core/if_id_pipeline_reg/p_0_in
    SLICE_X15Y46         FDCE                                         f  design_1_i/riscv_wrapper_0/inst/rv_core/if_id_pipeline_reg/pc_o_reg[26]/CLR  (IS_INVERTED)
  -------------------------------------------------------------------    -------------------

                         (clock clk_pl_0 rise edge)
                                                      0.000     0.000 r  
    PS8_X0Y0             PS8                          0.000     0.000 r  design_1_i/zynq_ultra_ps_e_0/inst/PS8_i/PLCLK[0]
                         net (fo=1, routed)           0.164     0.164    design_1_i/zynq_ultra_ps_e_0/inst/pl_clk_unbuffered[0]
    BUFG_PS_X0Y80        BUFG_PS (Prop_BUFG_PS_I_O)
                                                      0.023     0.187 r  design_1_i/zynq_ultra_ps_e_0/inst/buffer_pl_clk_0.PL_CLK_0_BUFG/O
    X1Y1 (CLOCK_ROOT)    net (fo=18546, routed)       1.869     2.056    design_1_i/riscv_wrapper_0/inst/rv_core/if_id_pipeline_reg/clk_i
    SLICE_X15Y46         FDCE                                         r  design_1_i/riscv_wrapper_0/inst/rv_core/if_id_pipeline_reg/pc_o_reg[26]/C
                         clock pessimism             -0.141     1.916    
    SLICE_X15Y46         FDCE (Remov_EFF2_SLICEL_C_CLR)
                                                     -0.018     1.898    design_1_i/riscv_wrapper_0/inst/rv_core/if_id_pipeline_reg/pc_o_reg[26]
  -------------------------------------------------------------------
                         required time                         -1.898    
                         arrival time                           3.508    
  -------------------------------------------------------------------
                         slack                                  1.610    

Slack (MET) :             1.613ns  (arrival time - required time)
  Source:                 design_1_i/riscv_wrapper_0/inst/core_rst_n_r_reg/C
                            (rising edge-triggered cell FDRE clocked by clk_pl_0  {rise@0.000ns fall@5.000ns period=10.000ns})
  Destination:            design_1_i/riscv_wrapper_0/inst/rv_core/if_id_pipeline_reg/pc_o_reg[0]/CLR
                            (removal check against rising-edge clock clk_pl_0  {rise@0.000ns fall@5.000ns period=10.000ns})
  Path Group:             **async_default**
  Path Type:              Removal (Min at Fast Process Corner)
  Requirement:            0.000ns  (clk_pl_0 rise@0.000ns - clk_pl_0 rise@0.000ns)
  Data Path Delay:        1.651ns  (logic 0.106ns (6.422%)  route 1.545ns (93.578%))
  Logic Levels:           1  (BUFGCE=1)
  Clock Path Skew:        0.055ns (DCD - SCD - CPR)
    Destination Clock Delay (DCD):    2.055ns
    Source Clock Delay      (SCD):    1.859ns
    Clock Pessimism Removal (CPR):    0.141ns
  Clock Net Delay (Source):      1.708ns (routing 0.886ns, distribution 0.822ns)
  Clock Net Delay (Destination): 1.868ns (routing 0.971ns, distribution 0.897ns)

    Location             Delay type                Incr(ns)  Path(ns)    Netlist Resource(s)
  -------------------------------------------------------------------    -------------------
                         (clock clk_pl_0 rise edge)
                                                      0.000     0.000 r  
    PS8_X0Y0             PS8                          0.000     0.000 r  design_1_i/zynq_ultra_ps_e_0/inst/PS8_i/PLCLK[0]
                         net (fo=1, routed)           0.129     0.129    design_1_i/zynq_ultra_ps_e_0/inst/pl_clk_unbuffered[0]
    BUFG_PS_X0Y80        BUFG_PS (Prop_BUFG_PS_I_O)
                                                      0.022     0.151 r  design_1_i/zynq_ultra_ps_e_0/inst/buffer_pl_clk_0.PL_CLK_0_BUFG/O
    X1Y1 (CLOCK_ROOT)    net (fo=18546, routed)       1.708     1.859    design_1_i/riscv_wrapper_0/inst/clk_i
    SLICE_X19Y58         FDRE                                         r  design_1_i/riscv_wrapper_0/inst/core_rst_n_r_reg/C
  -------------------------------------------------------------------    -------------------
    SLICE_X19Y58         FDRE (Prop_FFF_SLICEL_C_Q)
                                                      0.083     1.942 r  design_1_i/riscv_wrapper_0/inst/core_rst_n_r_reg/Q
                         net (fo=1, routed)           0.624     2.566    design_1_i/riscv_wrapper_0/inst/core_rst_n_r_bufg_place
    BUFGCE_X0Y26         BUFGCE (Prop_BUFCE_BUFGCE_I_O)
                                                      0.023     2.589 r  design_1_i/riscv_wrapper_0/inst/core_rst_n_r_reg_bufg_place/O
                         net (fo=1465, routed)        0.921     3.509    design_1_i/riscv_wrapper_0/inst/rv_core/if_id_pipeline_reg/p_0_in
    SLICE_X16Y40         FDCE                                         f  design_1_i/riscv_wrapper_0/inst/rv_core/if_id_pipeline_reg/pc_o_reg[0]/CLR  (IS_INVERTED)
  -------------------------------------------------------------------    -------------------

                         (clock clk_pl_0 rise edge)
                                                      0.000     0.000 r  
    PS8_X0Y0             PS8                          0.000     0.000 r  design_1_i/zynq_ultra_ps_e_0/inst/PS8_i/PLCLK[0]
                         net (fo=1, routed)           0.164     0.164    design_1_i/zynq_ultra_ps_e_0/inst/pl_clk_unbuffered[0]
    BUFG_PS_X0Y80        BUFG_PS (Prop_BUFG_PS_I_O)
                                                      0.023     0.187 r  design_1_i/zynq_ultra_ps_e_0/inst/buffer_pl_clk_0.PL_CLK_0_BUFG/O
    X1Y1 (CLOCK_ROOT)    net (fo=18546, routed)       1.868     2.055    design_1_i/riscv_wrapper_0/inst/rv_core/if_id_pipeline_reg/clk_i
    SLICE_X16Y40         FDCE                                         r  design_1_i/riscv_wrapper_0/inst/rv_core/if_id_pipeline_reg/pc_o_reg[0]/C
                         clock pessimism             -0.141     1.914    
    SLICE_X16Y40         FDCE (Remov_AFF_SLICEL_C_CLR)
                                                     -0.018     1.896    design_1_i/riscv_wrapper_0/inst/rv_core/if_id_pipeline_reg/pc_o_reg[0]
  -------------------------------------------------------------------
                         required time                         -1.896    
                         arrival time                           3.509    
  -------------------------------------------------------------------
                         slack                                  1.613    

Slack (MET) :             1.613ns  (arrival time - required time)
  Source:                 design_1_i/riscv_wrapper_0/inst/core_rst_n_r_reg/C
                            (rising edge-triggered cell FDRE clocked by clk_pl_0  {rise@0.000ns fall@5.000ns period=10.000ns})
  Destination:            design_1_i/riscv_wrapper_0/inst/rv_core/if_id_pipeline_reg/pc_o_reg[1]/CLR
                            (removal check against rising-edge clock clk_pl_0  {rise@0.000ns fall@5.000ns period=10.000ns})
  Path Group:             **async_default**
  Path Type:              Removal (Min at Fast Process Corner)
  Requirement:            0.000ns  (clk_pl_0 rise@0.000ns - clk_pl_0 rise@0.000ns)
  Data Path Delay:        1.651ns  (logic 0.106ns (6.422%)  route 1.545ns (93.578%))
  Logic Levels:           1  (BUFGCE=1)
  Clock Path Skew:        0.055ns (DCD - SCD - CPR)
    Destination Clock Delay (DCD):    2.055ns
    Source Clock Delay      (SCD):    1.859ns
    Clock Pessimism Removal (CPR):    0.141ns
  Clock Net Delay (Source):      1.708ns (routing 0.886ns, distribution 0.822ns)
  Clock Net Delay (Destination): 1.868ns (routing 0.971ns, distribution 0.897ns)

    Location             Delay type                Incr(ns)  Path(ns)    Netlist Resource(s)
  -------------------------------------------------------------------    -------------------
                         (clock clk_pl_0 rise edge)
                                                      0.000     0.000 r  
    PS8_X0Y0             PS8                          0.000     0.000 r  design_1_i/zynq_ultra_ps_e_0/inst/PS8_i/PLCLK[0]
                         net (fo=1, routed)           0.129     0.129    design_1_i/zynq_ultra_ps_e_0/inst/pl_clk_unbuffered[0]
    BUFG_PS_X0Y80        BUFG_PS (Prop_BUFG_PS_I_O)
                                                      0.022     0.151 r  design_1_i/zynq_ultra_ps_e_0/inst/buffer_pl_clk_0.PL_CLK_0_BUFG/O
    X1Y1 (CLOCK_ROOT)    net (fo=18546, routed)       1.708     1.859    design_1_i/riscv_wrapper_0/inst/clk_i
    SLICE_X19Y58         FDRE                                         r  design_1_i/riscv_wrapper_0/inst/core_rst_n_r_reg/C
  -------------------------------------------------------------------    -------------------
    SLICE_X19Y58         FDRE (Prop_FFF_SLICEL_C_Q)
                                                      0.083     1.942 r  design_1_i/riscv_wrapper_0/inst/core_rst_n_r_reg/Q
                         net (fo=1, routed)           0.624     2.566    design_1_i/riscv_wrapper_0/inst/core_rst_n_r_bufg_place
    BUFGCE_X0Y26         BUFGCE (Prop_BUFCE_BUFGCE_I_O)
                                                      0.023     2.589 r  design_1_i/riscv_wrapper_0/inst/core_rst_n_r_reg_bufg_place/O
                         net (fo=1465, routed)        0.921     3.509    design_1_i/riscv_wrapper_0/inst/rv_core/if_id_pipeline_reg/p_0_in
    SLICE_X15Y40         FDCE                                         f  design_1_i/riscv_wrapper_0/inst/rv_core/if_id_pipeline_reg/pc_o_reg[1]/CLR  (IS_INVERTED)
  -------------------------------------------------------------------    -------------------

                         (clock clk_pl_0 rise edge)
                                                      0.000     0.000 r  
    PS8_X0Y0             PS8                          0.000     0.000 r  design_1_i/zynq_ultra_ps_e_0/inst/PS8_i/PLCLK[0]
                         net (fo=1, routed)           0.164     0.164    design_1_i/zynq_ultra_ps_e_0/inst/pl_clk_unbuffered[0]
    BUFG_PS_X0Y80        BUFG_PS (Prop_BUFG_PS_I_O)
                                                      0.023     0.187 r  design_1_i/zynq_ultra_ps_e_0/inst/buffer_pl_clk_0.PL_CLK_0_BUFG/O
    X1Y1 (CLOCK_ROOT)    net (fo=18546, routed)       1.868     2.055    design_1_i/riscv_wrapper_0/inst/rv_core/if_id_pipeline_reg/clk_i
    SLICE_X15Y40         FDCE                                         r  design_1_i/riscv_wrapper_0/inst/rv_core/if_id_pipeline_reg/pc_o_reg[1]/C
                         clock pessimism             -0.141     1.914    
    SLICE_X15Y40         FDCE (Remov_AFF_SLICEL_C_CLR)
                                                     -0.018     1.896    design_1_i/riscv_wrapper_0/inst/rv_core/if_id_pipeline_reg/pc_o_reg[1]
  -------------------------------------------------------------------
                         required time                         -1.896    
                         arrival time                           3.509    
  -------------------------------------------------------------------
                         slack                                  1.613    

Slack (MET) :             1.613ns  (arrival time - required time)
  Source:                 design_1_i/riscv_wrapper_0/inst/core_rst_n_r_reg/C
                            (rising edge-triggered cell FDRE clocked by clk_pl_0  {rise@0.000ns fall@5.000ns period=10.000ns})
  Destination:            design_1_i/riscv_wrapper_0/inst/rv_core/program_counter/pc_o_reg[0]/CLR
                            (removal check against rising-edge clock clk_pl_0  {rise@0.000ns fall@5.000ns period=10.000ns})
  Path Group:             **async_default**
  Path Type:              Removal (Min at Fast Process Corner)
  Requirement:            0.000ns  (clk_pl_0 rise@0.000ns - clk_pl_0 rise@0.000ns)
  Data Path Delay:        1.651ns  (logic 0.106ns (6.422%)  route 1.545ns (93.578%))
  Logic Levels:           1  (BUFGCE=1)
  Clock Path Skew:        0.055ns (DCD - SCD - CPR)
    Destination Clock Delay (DCD):    2.055ns
    Source Clock Delay      (SCD):    1.859ns
    Clock Pessimism Removal (CPR):    0.141ns
  Clock Net Delay (Source):      1.708ns (routing 0.886ns, distribution 0.822ns)
  Clock Net Delay (Destination): 1.868ns (routing 0.971ns, distribution 0.897ns)

    Location             Delay type                Incr(ns)  Path(ns)    Netlist Resource(s)
  -------------------------------------------------------------------    -------------------
                         (clock clk_pl_0 rise edge)
                                                      0.000     0.000 r  
    PS8_X0Y0             PS8                          0.000     0.000 r  design_1_i/zynq_ultra_ps_e_0/inst/PS8_i/PLCLK[0]
                         net (fo=1, routed)           0.129     0.129    design_1_i/zynq_ultra_ps_e_0/inst/pl_clk_unbuffered[0]
    BUFG_PS_X0Y80        BUFG_PS (Prop_BUFG_PS_I_O)
                                                      0.022     0.151 r  design_1_i/zynq_ultra_ps_e_0/inst/buffer_pl_clk_0.PL_CLK_0_BUFG/O
    X1Y1 (CLOCK_ROOT)    net (fo=18546, routed)       1.708     1.859    design_1_i/riscv_wrapper_0/inst/clk_i
    SLICE_X19Y58         FDRE                                         r  design_1_i/riscv_wrapper_0/inst/core_rst_n_r_reg/C
  -------------------------------------------------------------------    -------------------
    SLICE_X19Y58         FDRE (Prop_FFF_SLICEL_C_Q)
                                                      0.083     1.942 r  design_1_i/riscv_wrapper_0/inst/core_rst_n_r_reg/Q
                         net (fo=1, routed)           0.624     2.566    design_1_i/riscv_wrapper_0/inst/core_rst_n_r_bufg_place
    BUFGCE_X0Y26         BUFGCE (Prop_BUFCE_BUFGCE_I_O)
                                                      0.023     2.589 r  design_1_i/riscv_wrapper_0/inst/core_rst_n_r_reg_bufg_place/O
                         net (fo=1465, routed)        0.921     3.509    design_1_i/riscv_wrapper_0/inst/rv_core/program_counter/p_0_in
    SLICE_X16Y40         FDCE                                         f  design_1_i/riscv_wrapper_0/inst/rv_core/program_counter/pc_o_reg[0]/CLR  (IS_INVERTED)
  -------------------------------------------------------------------    -------------------

                         (clock clk_pl_0 rise edge)
                                                      0.000     0.000 r  
    PS8_X0Y0             PS8                          0.000     0.000 r  design_1_i/zynq_ultra_ps_e_0/inst/PS8_i/PLCLK[0]
                         net (fo=1, routed)           0.164     0.164    design_1_i/zynq_ultra_ps_e_0/inst/pl_clk_unbuffered[0]
    BUFG_PS_X0Y80        BUFG_PS (Prop_BUFG_PS_I_O)
                                                      0.023     0.187 r  design_1_i/zynq_ultra_ps_e_0/inst/buffer_pl_clk_0.PL_CLK_0_BUFG/O
    X1Y1 (CLOCK_ROOT)    net (fo=18546, routed)       1.868     2.055    design_1_i/riscv_wrapper_0/inst/rv_core/program_counter/clk_i
    SLICE_X16Y40         FDCE                                         r  design_1_i/riscv_wrapper_0/inst/rv_core/program_counter/pc_o_reg[0]/C
                         clock pessimism             -0.141     1.914    
    SLICE_X16Y40         FDCE (Remov_BFF2_SLICEL_C_CLR)
                                                     -0.018     1.896    design_1_i/riscv_wrapper_0/inst/rv_core/program_counter/pc_o_reg[0]
  -------------------------------------------------------------------
                         required time                         -1.896    
                         arrival time                           3.509    
  -------------------------------------------------------------------
                         slack                                  1.613    

Slack (MET) :             1.613ns  (arrival time - required time)
  Source:                 design_1_i/riscv_wrapper_0/inst/core_rst_n_r_reg/C
                            (rising edge-triggered cell FDRE clocked by clk_pl_0  {rise@0.000ns fall@5.000ns period=10.000ns})
  Destination:            design_1_i/riscv_wrapper_0/inst/rv_core/program_counter/pc_o_reg[1]/CLR
                            (removal check against rising-edge clock clk_pl_0  {rise@0.000ns fall@5.000ns period=10.000ns})
  Path Group:             **async_default**
  Path Type:              Removal (Min at Fast Process Corner)
  Requirement:            0.000ns  (clk_pl_0 rise@0.000ns - clk_pl_0 rise@0.000ns)
  Data Path Delay:        1.651ns  (logic 0.106ns (6.422%)  route 1.545ns (93.578%))
  Logic Levels:           1  (BUFGCE=1)
  Clock Path Skew:        0.055ns (DCD - SCD - CPR)
    Destination Clock Delay (DCD):    2.055ns
    Source Clock Delay      (SCD):    1.859ns
    Clock Pessimism Removal (CPR):    0.141ns
  Clock Net Delay (Source):      1.708ns (routing 0.886ns, distribution 0.822ns)
  Clock Net Delay (Destination): 1.868ns (routing 0.971ns, distribution 0.897ns)

    Location             Delay type                Incr(ns)  Path(ns)    Netlist Resource(s)
  -------------------------------------------------------------------    -------------------
                         (clock clk_pl_0 rise edge)
                                                      0.000     0.000 r  
    PS8_X0Y0             PS8                          0.000     0.000 r  design_1_i/zynq_ultra_ps_e_0/inst/PS8_i/PLCLK[0]
                         net (fo=1, routed)           0.129     0.129    design_1_i/zynq_ultra_ps_e_0/inst/pl_clk_unbuffered[0]
    BUFG_PS_X0Y80        BUFG_PS (Prop_BUFG_PS_I_O)
                                                      0.022     0.151 r  design_1_i/zynq_ultra_ps_e_0/inst/buffer_pl_clk_0.PL_CLK_0_BUFG/O
    X1Y1 (CLOCK_ROOT)    net (fo=18546, routed)       1.708     1.859    design_1_i/riscv_wrapper_0/inst/clk_i
    SLICE_X19Y58         FDRE                                         r  design_1_i/riscv_wrapper_0/inst/core_rst_n_r_reg/C
  -------------------------------------------------------------------    -------------------
    SLICE_X19Y58         FDRE (Prop_FFF_SLICEL_C_Q)
                                                      0.083     1.942 r  design_1_i/riscv_wrapper_0/inst/core_rst_n_r_reg/Q
                         net (fo=1, routed)           0.624     2.566    design_1_i/riscv_wrapper_0/inst/core_rst_n_r_bufg_place
    BUFGCE_X0Y26         BUFGCE (Prop_BUFCE_BUFGCE_I_O)
                                                      0.023     2.589 r  design_1_i/riscv_wrapper_0/inst/core_rst_n_r_reg_bufg_place/O
                         net (fo=1465, routed)        0.921     3.509    design_1_i/riscv_wrapper_0/inst/rv_core/program_counter/p_0_in
    SLICE_X16Y40         FDCE                                         f  design_1_i/riscv_wrapper_0/inst/rv_core/program_counter/pc_o_reg[1]/CLR  (IS_INVERTED)
  -------------------------------------------------------------------    -------------------

                         (clock clk_pl_0 rise edge)
                                                      0.000     0.000 r  
    PS8_X0Y0             PS8                          0.000     0.000 r  design_1_i/zynq_ultra_ps_e_0/inst/PS8_i/PLCLK[0]
                         net (fo=1, routed)           0.164     0.164    design_1_i/zynq_ultra_ps_e_0/inst/pl_clk_unbuffered[0]
    BUFG_PS_X0Y80        BUFG_PS (Prop_BUFG_PS_I_O)
                                                      0.023     0.187 r  design_1_i/zynq_ultra_ps_e_0/inst/buffer_pl_clk_0.PL_CLK_0_BUFG/O
    X1Y1 (CLOCK_ROOT)    net (fo=18546, routed)       1.868     2.055    design_1_i/riscv_wrapper_0/inst/rv_core/program_counter/clk_i
    SLICE_X16Y40         FDCE                                         r  design_1_i/riscv_wrapper_0/inst/rv_core/program_counter/pc_o_reg[1]/C
                         clock pessimism             -0.141     1.914    
    SLICE_X16Y40         FDCE (Remov_DFF_SLICEL_C_CLR)
                                                     -0.018     1.896    design_1_i/riscv_wrapper_0/inst/rv_core/program_counter/pc_o_reg[1]
  -------------------------------------------------------------------
                         required time                         -1.896    
                         arrival time                           3.509    
  -------------------------------------------------------------------
                         slack                                  1.613    

Slack (MET) :             1.613ns  (arrival time - required time)
  Source:                 design_1_i/riscv_wrapper_0/inst/core_rst_n_r_reg/C
                            (rising edge-triggered cell FDRE clocked by clk_pl_0  {rise@0.000ns fall@5.000ns period=10.000ns})
  Destination:            design_1_i/riscv_wrapper_0/inst/rv_core/program_counter/pc_o_reg[6]/CLR
                            (removal check against rising-edge clock clk_pl_0  {rise@0.000ns fall@5.000ns period=10.000ns})
  Path Group:             **async_default**
  Path Type:              Removal (Min at Fast Process Corner)
  Requirement:            0.000ns  (clk_pl_0 rise@0.000ns - clk_pl_0 rise@0.000ns)
  Data Path Delay:        1.651ns  (logic 0.106ns (6.422%)  route 1.545ns (93.578%))
  Logic Levels:           1  (BUFGCE=1)
  Clock Path Skew:        0.055ns (DCD - SCD - CPR)
    Destination Clock Delay (DCD):    2.055ns
    Source Clock Delay      (SCD):    1.859ns
    Clock Pessimism Removal (CPR):    0.141ns
  Clock Net Delay (Source):      1.708ns (routing 0.886ns, distribution 0.822ns)
  Clock Net Delay (Destination): 1.868ns (routing 0.971ns, distribution 0.897ns)

    Location             Delay type                Incr(ns)  Path(ns)    Netlist Resource(s)
  -------------------------------------------------------------------    -------------------
                         (clock clk_pl_0 rise edge)
                                                      0.000     0.000 r  
    PS8_X0Y0             PS8                          0.000     0.000 r  design_1_i/zynq_ultra_ps_e_0/inst/PS8_i/PLCLK[0]
                         net (fo=1, routed)           0.129     0.129    design_1_i/zynq_ultra_ps_e_0/inst/pl_clk_unbuffered[0]
    BUFG_PS_X0Y80        BUFG_PS (Prop_BUFG_PS_I_O)
                                                      0.022     0.151 r  design_1_i/zynq_ultra_ps_e_0/inst/buffer_pl_clk_0.PL_CLK_0_BUFG/O
    X1Y1 (CLOCK_ROOT)    net (fo=18546, routed)       1.708     1.859    design_1_i/riscv_wrapper_0/inst/clk_i
    SLICE_X19Y58         FDRE                                         r  design_1_i/riscv_wrapper_0/inst/core_rst_n_r_reg/C
  -------------------------------------------------------------------    -------------------
    SLICE_X19Y58         FDRE (Prop_FFF_SLICEL_C_Q)
                                                      0.083     1.942 r  design_1_i/riscv_wrapper_0/inst/core_rst_n_r_reg/Q
                         net (fo=1, routed)           0.624     2.566    design_1_i/riscv_wrapper_0/inst/core_rst_n_r_bufg_place
    BUFGCE_X0Y26         BUFGCE (Prop_BUFCE_BUFGCE_I_O)
                                                      0.023     2.589 r  design_1_i/riscv_wrapper_0/inst/core_rst_n_r_reg_bufg_place/O
                         net (fo=1465, routed)        0.921     3.509    design_1_i/riscv_wrapper_0/inst/rv_core/program_counter/p_0_in
    SLICE_X16Y40         FDCE                                         f  design_1_i/riscv_wrapper_0/inst/rv_core/program_counter/pc_o_reg[6]/CLR  (IS_INVERTED)
  -------------------------------------------------------------------    -------------------

                         (clock clk_pl_0 rise edge)
                                                      0.000     0.000 r  
    PS8_X0Y0             PS8                          0.000     0.000 r  design_1_i/zynq_ultra_ps_e_0/inst/PS8_i/PLCLK[0]
                         net (fo=1, routed)           0.164     0.164    design_1_i/zynq_ultra_ps_e_0/inst/pl_clk_unbuffered[0]
    BUFG_PS_X0Y80        BUFG_PS (Prop_BUFG_PS_I_O)
                                                      0.023     0.187 r  design_1_i/zynq_ultra_ps_e_0/inst/buffer_pl_clk_0.PL_CLK_0_BUFG/O
    X1Y1 (CLOCK_ROOT)    net (fo=18546, routed)       1.868     2.055    design_1_i/riscv_wrapper_0/inst/rv_core/program_counter/clk_i
    SLICE_X16Y40         FDCE                                         r  design_1_i/riscv_wrapper_0/inst/rv_core/program_counter/pc_o_reg[6]/C
                         clock pessimism             -0.141     1.914    
    SLICE_X16Y40         FDCE (Remov_CFF_SLICEL_C_CLR)
                                                     -0.018     1.896    design_1_i/riscv_wrapper_0/inst/rv_core/program_counter/pc_o_reg[6]
  -------------------------------------------------------------------
                         required time                         -1.896    
                         arrival time                           3.509    
  -------------------------------------------------------------------
                         slack                                  1.613    

Slack (MET) :             1.613ns  (arrival time - required time)
  Source:                 design_1_i/riscv_wrapper_0/inst/core_rst_n_r_reg/C
                            (rising edge-triggered cell FDRE clocked by clk_pl_0  {rise@0.000ns fall@5.000ns period=10.000ns})
  Destination:            design_1_i/riscv_wrapper_0/inst/rv_core/if_id_pipeline_reg/pc_o_reg[2]/CLR
                            (removal check against rising-edge clock clk_pl_0  {rise@0.000ns fall@5.000ns period=10.000ns})
  Path Group:             **async_default**
  Path Type:              Removal (Min at Fast Process Corner)
  Requirement:            0.000ns  (clk_pl_0 rise@0.000ns - clk_pl_0 rise@0.000ns)
  Data Path Delay:        1.649ns  (logic 0.106ns (6.430%)  route 1.543ns (93.570%))
  Logic Levels:           1  (BUFGCE=1)
  Clock Path Skew:        0.053ns (DCD - SCD - CPR)
    Destination Clock Delay (DCD):    2.053ns
    Source Clock Delay      (SCD):    1.859ns
    Clock Pessimism Removal (CPR):    0.141ns
  Clock Net Delay (Source):      1.708ns (routing 0.886ns, distribution 0.822ns)
  Clock Net Delay (Destination): 1.866ns (routing 0.971ns, distribution 0.895ns)

    Location             Delay type                Incr(ns)  Path(ns)    Netlist Resource(s)
  -------------------------------------------------------------------    -------------------
                         (clock clk_pl_0 rise edge)
                                                      0.000     0.000 r  
    PS8_X0Y0             PS8                          0.000     0.000 r  design_1_i/zynq_ultra_ps_e_0/inst/PS8_i/PLCLK[0]
                         net (fo=1, routed)           0.129     0.129    design_1_i/zynq_ultra_ps_e_0/inst/pl_clk_unbuffered[0]
    BUFG_PS_X0Y80        BUFG_PS (Prop_BUFG_PS_I_O)
                                                      0.022     0.151 r  design_1_i/zynq_ultra_ps_e_0/inst/buffer_pl_clk_0.PL_CLK_0_BUFG/O
    X1Y1 (CLOCK_ROOT)    net (fo=18546, routed)       1.708     1.859    design_1_i/riscv_wrapper_0/inst/clk_i
    SLICE_X19Y58         FDRE                                         r  design_1_i/riscv_wrapper_0/inst/core_rst_n_r_reg/C
  -------------------------------------------------------------------    -------------------
    SLICE_X19Y58         FDRE (Prop_FFF_SLICEL_C_Q)
                                                      0.083     1.942 r  design_1_i/riscv_wrapper_0/inst/core_rst_n_r_reg/Q
                         net (fo=1, routed)           0.624     2.566    design_1_i/riscv_wrapper_0/inst/core_rst_n_r_bufg_place
    BUFGCE_X0Y26         BUFGCE (Prop_BUFCE_BUFGCE_I_O)
                                                      0.023     2.589 r  design_1_i/riscv_wrapper_0/inst/core_rst_n_r_reg_bufg_place/O
                         net (fo=1465, routed)        0.919     3.507    design_1_i/riscv_wrapper_0/inst/rv_core/if_id_pipeline_reg/p_0_in
    SLICE_X16Y38         FDCE                                         f  design_1_i/riscv_wrapper_0/inst/rv_core/if_id_pipeline_reg/pc_o_reg[2]/CLR  (IS_INVERTED)
  -------------------------------------------------------------------    -------------------

                         (clock clk_pl_0 rise edge)
                                                      0.000     0.000 r  
    PS8_X0Y0             PS8                          0.000     0.000 r  design_1_i/zynq_ultra_ps_e_0/inst/PS8_i/PLCLK[0]
                         net (fo=1, routed)           0.164     0.164    design_1_i/zynq_ultra_ps_e_0/inst/pl_clk_unbuffered[0]
    BUFG_PS_X0Y80        BUFG_PS (Prop_BUFG_PS_I_O)
                                                      0.023     0.187 r  design_1_i/zynq_ultra_ps_e_0/inst/buffer_pl_clk_0.PL_CLK_0_BUFG/O
    X1Y1 (CLOCK_ROOT)    net (fo=18546, routed)       1.866     2.053    design_1_i/riscv_wrapper_0/inst/rv_core/if_id_pipeline_reg/clk_i
    SLICE_X16Y38         FDCE                                         r  design_1_i/riscv_wrapper_0/inst/rv_core/if_id_pipeline_reg/pc_o_reg[2]/C
                         clock pessimism             -0.141     1.912    
    SLICE_X16Y38         FDCE (Remov_AFF_SLICEL_C_CLR)
                                                     -0.018     1.894    design_1_i/riscv_wrapper_0/inst/rv_core/if_id_pipeline_reg/pc_o_reg[2]
  -------------------------------------------------------------------
                         required time                         -1.894    
                         arrival time                           3.507    
  -------------------------------------------------------------------
                         slack                                  1.613    

Slack (MET) :             1.613ns  (arrival time - required time)
  Source:                 design_1_i/riscv_wrapper_0/inst/core_rst_n_r_reg/C
                            (rising edge-triggered cell FDRE clocked by clk_pl_0  {rise@0.000ns fall@5.000ns period=10.000ns})
  Destination:            design_1_i/riscv_wrapper_0/inst/rv_core/if_id_pipeline_reg/pc_o_reg[3]/CLR
                            (removal check against rising-edge clock clk_pl_0  {rise@0.000ns fall@5.000ns period=10.000ns})
  Path Group:             **async_default**
  Path Type:              Removal (Min at Fast Process Corner)
  Requirement:            0.000ns  (clk_pl_0 rise@0.000ns - clk_pl_0 rise@0.000ns)
  Data Path Delay:        1.649ns  (logic 0.106ns (6.430%)  route 1.543ns (93.570%))
  Logic Levels:           1  (BUFGCE=1)
  Clock Path Skew:        0.053ns (DCD - SCD - CPR)
    Destination Clock Delay (DCD):    2.053ns
    Source Clock Delay      (SCD):    1.859ns
    Clock Pessimism Removal (CPR):    0.141ns
  Clock Net Delay (Source):      1.708ns (routing 0.886ns, distribution 0.822ns)
  Clock Net Delay (Destination): 1.866ns (routing 0.971ns, distribution 0.895ns)

    Location             Delay type                Incr(ns)  Path(ns)    Netlist Resource(s)
  -------------------------------------------------------------------    -------------------
                         (clock clk_pl_0 rise edge)
                                                      0.000     0.000 r  
    PS8_X0Y0             PS8                          0.000     0.000 r  design_1_i/zynq_ultra_ps_e_0/inst/PS8_i/PLCLK[0]
                         net (fo=1, routed)           0.129     0.129    design_1_i/zynq_ultra_ps_e_0/inst/pl_clk_unbuffered[0]
    BUFG_PS_X0Y80        BUFG_PS (Prop_BUFG_PS_I_O)
                                                      0.022     0.151 r  design_1_i/zynq_ultra_ps_e_0/inst/buffer_pl_clk_0.PL_CLK_0_BUFG/O
    X1Y1 (CLOCK_ROOT)    net (fo=18546, routed)       1.708     1.859    design_1_i/riscv_wrapper_0/inst/clk_i
    SLICE_X19Y58         FDRE                                         r  design_1_i/riscv_wrapper_0/inst/core_rst_n_r_reg/C
  -------------------------------------------------------------------    -------------------
    SLICE_X19Y58         FDRE (Prop_FFF_SLICEL_C_Q)
                                                      0.083     1.942 r  design_1_i/riscv_wrapper_0/inst/core_rst_n_r_reg/Q
                         net (fo=1, routed)           0.624     2.566    design_1_i/riscv_wrapper_0/inst/core_rst_n_r_bufg_place
    BUFGCE_X0Y26         BUFGCE (Prop_BUFCE_BUFGCE_I_O)
                                                      0.023     2.589 r  design_1_i/riscv_wrapper_0/inst/core_rst_n_r_reg_bufg_place/O
                         net (fo=1465, routed)        0.919     3.507    design_1_i/riscv_wrapper_0/inst/rv_core/if_id_pipeline_reg/p_0_in
    SLICE_X15Y38         FDCE                                         f  design_1_i/riscv_wrapper_0/inst/rv_core/if_id_pipeline_reg/pc_o_reg[3]/CLR  (IS_INVERTED)
  -------------------------------------------------------------------    -------------------

                         (clock clk_pl_0 rise edge)
                                                      0.000     0.000 r  
    PS8_X0Y0             PS8                          0.000     0.000 r  design_1_i/zynq_ultra_ps_e_0/inst/PS8_i/PLCLK[0]
                         net (fo=1, routed)           0.164     0.164    design_1_i/zynq_ultra_ps_e_0/inst/pl_clk_unbuffered[0]
    BUFG_PS_X0Y80        BUFG_PS (Prop_BUFG_PS_I_O)
                                                      0.023     0.187 r  design_1_i/zynq_ultra_ps_e_0/inst/buffer_pl_clk_0.PL_CLK_0_BUFG/O
    X1Y1 (CLOCK_ROOT)    net (fo=18546, routed)       1.866     2.053    design_1_i/riscv_wrapper_0/inst/rv_core/if_id_pipeline_reg/clk_i
    SLICE_X15Y38         FDCE                                         r  design_1_i/riscv_wrapper_0/inst/rv_core/if_id_pipeline_reg/pc_o_reg[3]/C
                         clock pessimism             -0.141     1.912    
    SLICE_X15Y38         FDCE (Remov_AFF_SLICEL_C_CLR)
                                                     -0.018     1.894    design_1_i/riscv_wrapper_0/inst/rv_core/if_id_pipeline_reg/pc_o_reg[3]
  -------------------------------------------------------------------
                         required time                         -1.894    
                         arrival time                           3.507    
  -------------------------------------------------------------------
                         slack                                  1.613    

Slack (MET) :             1.614ns  (arrival time - required time)
  Source:                 design_1_i/riscv_wrapper_0/inst/core_rst_n_r_reg/C
                            (rising edge-triggered cell FDRE clocked by clk_pl_0  {rise@0.000ns fall@5.000ns period=10.000ns})
  Destination:            design_1_i/riscv_wrapper_0/inst/rv_core/if_id_pipeline_reg/pc_o_reg[27]/CLR
                            (removal check against rising-edge clock clk_pl_0  {rise@0.000ns fall@5.000ns period=10.000ns})
  Path Group:             **async_default**
  Path Type:              Removal (Min at Fast Process Corner)
  Requirement:            0.000ns  (clk_pl_0 rise@0.000ns - clk_pl_0 rise@0.000ns)
  Data Path Delay:        1.645ns  (logic 0.106ns (6.446%)  route 1.539ns (93.554%))
  Logic Levels:           1  (BUFGCE=1)
  Clock Path Skew:        0.049ns (DCD - SCD - CPR)
    Destination Clock Delay (DCD):    2.048ns
    Source Clock Delay      (SCD):    1.859ns
    Clock Pessimism Removal (CPR):    0.141ns
  Clock Net Delay (Source):      1.708ns (routing 0.886ns, distribution 0.822ns)
  Clock Net Delay (Destination): 1.861ns (routing 0.971ns, distribution 0.890ns)

    Location             Delay type                Incr(ns)  Path(ns)    Netlist Resource(s)
  -------------------------------------------------------------------    -------------------
                         (clock clk_pl_0 rise edge)
                                                      0.000     0.000 r  
    PS8_X0Y0             PS8                          0.000     0.000 r  design_1_i/zynq_ultra_ps_e_0/inst/PS8_i/PLCLK[0]
                         net (fo=1, routed)           0.129     0.129    design_1_i/zynq_ultra_ps_e_0/inst/pl_clk_unbuffered[0]
    BUFG_PS_X0Y80        BUFG_PS (Prop_BUFG_PS_I_O)
                                                      0.022     0.151 r  design_1_i/zynq_ultra_ps_e_0/inst/buffer_pl_clk_0.PL_CLK_0_BUFG/O
    X1Y1 (CLOCK_ROOT)    net (fo=18546, routed)       1.708     1.859    design_1_i/riscv_wrapper_0/inst/clk_i
    SLICE_X19Y58         FDRE                                         r  design_1_i/riscv_wrapper_0/inst/core_rst_n_r_reg/C
  -------------------------------------------------------------------    -------------------
    SLICE_X19Y58         FDRE (Prop_FFF_SLICEL_C_Q)
                                                      0.083     1.942 r  design_1_i/riscv_wrapper_0/inst/core_rst_n_r_reg/Q
                         net (fo=1, routed)           0.624     2.566    design_1_i/riscv_wrapper_0/inst/core_rst_n_r_bufg_place
    BUFGCE_X0Y26         BUFGCE (Prop_BUFCE_BUFGCE_I_O)
                                                      0.023     2.589 r  design_1_i/riscv_wrapper_0/inst/core_rst_n_r_reg_bufg_place/O
                         net (fo=1465, routed)        0.915     3.503    design_1_i/riscv_wrapper_0/inst/rv_core/if_id_pipeline_reg/p_0_in
    SLICE_X14Y43         FDCE                                         f  design_1_i/riscv_wrapper_0/inst/rv_core/if_id_pipeline_reg/pc_o_reg[27]/CLR  (IS_INVERTED)
  -------------------------------------------------------------------    -------------------

                         (clock clk_pl_0 rise edge)
                                                      0.000     0.000 r  
    PS8_X0Y0             PS8                          0.000     0.000 r  design_1_i/zynq_ultra_ps_e_0/inst/PS8_i/PLCLK[0]
                         net (fo=1, routed)           0.164     0.164    design_1_i/zynq_ultra_ps_e_0/inst/pl_clk_unbuffered[0]
    BUFG_PS_X0Y80        BUFG_PS (Prop_BUFG_PS_I_O)
                                                      0.023     0.187 r  design_1_i/zynq_ultra_ps_e_0/inst/buffer_pl_clk_0.PL_CLK_0_BUFG/O
    X1Y1 (CLOCK_ROOT)    net (fo=18546, routed)       1.861     2.048    design_1_i/riscv_wrapper_0/inst/rv_core/if_id_pipeline_reg/clk_i
    SLICE_X14Y43         FDCE                                         r  design_1_i/riscv_wrapper_0/inst/rv_core/if_id_pipeline_reg/pc_o_reg[27]/C
                         clock pessimism             -0.141     1.907    
    SLICE_X14Y43         FDCE (Remov_AFF_SLICEL_C_CLR)
                                                     -0.018     1.889    design_1_i/riscv_wrapper_0/inst/rv_core/if_id_pipeline_reg/pc_o_reg[27]
  -------------------------------------------------------------------
                         required time                         -1.889    
                         arrival time                           3.503    
  -------------------------------------------------------------------
                         slack                                  1.614    





--------------------------------------------------------------------------------------
Path Group:  (none)
From Clock:  
  To Clock:  clk_pl_0

Max Delay             1 Endpoint
Min Delay             1 Endpoint
--------------------------------------------------------------------------------------


Max Delay Paths
--------------------------------------------------------------------------------------
Slack:                    inf
  Source:                 design_1_i/zynq_ultra_ps_e_0/inst/PS8_i/EMIOGPIOO[95]
                            (internal pin)
  Destination:            design_1_i/rst_ps8_0_99M/U0/EXT_LPF/ACTIVE_LOW_EXT.ACT_LO_EXT/syncstages_ff_reg[0]/D
                            (rising edge-triggered cell FDRE clocked by clk_pl_0  {rise@0.000ns fall@5.000ns period=10.000ns})
  Path Group:             (none)
  Path Type:              Setup (Max at Slow Process Corner)
  Data Path Delay:        2.965ns  (logic 0.228ns (7.690%)  route 2.737ns (92.310%))
  Logic Levels:           1  (LUT1=1)
  Clock Uncertainty:      0.158ns  ((TSJ^2 + DJ^2)^1/2) / 2 + PE
    Total System Jitter     (TSJ):    0.050ns
    Discrete Jitter          (DJ):    0.312ns
    Phase Error              (PE):    0.000ns
  Clock Net Delay (Destination): 2.621ns (routing 1.450ns, distribution 1.171ns)
  Timing Exception:       False Path

    Location             Delay type                Incr(ns)  Path(ns)    Netlist Resource(s)
  -------------------------------------------------------------------    -------------------
    PS8_X0Y0             PS8                          0.000     0.000 f  design_1_i/zynq_ultra_ps_e_0/inst/PS8_i/EMIOGPIOO[95]
                         net (fo=1, routed)           2.362     2.362    design_1_i/rst_ps8_0_99M/U0/EXT_LPF/ext_reset_in
    SLICE_X24Y87         LUT1 (Prop_H6LUT_SLICEM_I0_O)
                                                      0.228     2.590 r  design_1_i/rst_ps8_0_99M/U0/EXT_LPF/ACTIVE_LOW_EXT.ACT_LO_EXT_i_1/O
                         net (fo=1, routed)           0.375     2.965    design_1_i/rst_ps8_0_99M/U0/EXT_LPF/ACTIVE_LOW_EXT.ACT_LO_EXT/src_in
    SLICE_X24Y87         FDRE                                         r  design_1_i/rst_ps8_0_99M/U0/EXT_LPF/ACTIVE_LOW_EXT.ACT_LO_EXT/syncstages_ff_reg[0]/D
  -------------------------------------------------------------------    -------------------

                         (clock clk_pl_0 rise edge)
                                                      0.000     0.000 r  
    PS8_X0Y0             PS8                          0.000     0.000 r  design_1_i/zynq_ultra_ps_e_0/inst/PS8_i/PLCLK[0]
                         net (fo=1, routed)           0.181     0.181    design_1_i/zynq_ultra_ps_e_0/inst/pl_clk_unbuffered[0]
    BUFG_PS_X0Y80        BUFG_PS (Prop_BUFG_PS_I_O)
                                                      0.035     0.216 r  design_1_i/zynq_ultra_ps_e_0/inst/buffer_pl_clk_0.PL_CLK_0_BUFG/O
    X1Y1 (CLOCK_ROOT)    net (fo=18546, routed)       2.621     2.837    design_1_i/rst_ps8_0_99M/U0/EXT_LPF/ACTIVE_LOW_EXT.ACT_LO_EXT/dest_clk
    SLICE_X24Y87         FDRE                                         r  design_1_i/rst_ps8_0_99M/U0/EXT_LPF/ACTIVE_LOW_EXT.ACT_LO_EXT/syncstages_ff_reg[0]/C





Min Delay Paths
--------------------------------------------------------------------------------------
Slack:                    inf
  Source:                 design_1_i/zynq_ultra_ps_e_0/inst/PS8_i/EMIOGPIOO[95]
                            (internal pin)
  Destination:            design_1_i/rst_ps8_0_99M/U0/EXT_LPF/ACTIVE_LOW_EXT.ACT_LO_EXT/syncstages_ff_reg[0]/D
                            (rising edge-triggered cell FDRE clocked by clk_pl_0  {rise@0.000ns fall@5.000ns period=10.000ns})
  Path Group:             (none)
  Path Type:              Hold (Min at Fast Process Corner)
  Data Path Delay:        1.181ns  (logic 0.106ns (8.975%)  route 1.075ns (91.025%))
  Logic Levels:           1  (LUT1=1)
  Clock Uncertainty:      0.158ns  ((TSJ^2 + DJ^2)^1/2) / 2 + PE
    Total System Jitter     (TSJ):    0.050ns
    Discrete Jitter          (DJ):    0.312ns
    Phase Error              (PE):    0.000ns
  Clock Net Delay (Destination): 1.750ns (routing 0.971ns, distribution 0.779ns)
  Timing Exception:       False Path

    Location             Delay type                Incr(ns)  Path(ns)    Netlist Resource(s)
  -------------------------------------------------------------------    -------------------
    PS8_X0Y0             PS8                          0.000     0.000 f  design_1_i/zynq_ultra_ps_e_0/inst/PS8_i/EMIOGPIOO[95]
                         net (fo=1, routed)           0.958     0.958    design_1_i/rst_ps8_0_99M/U0/EXT_LPF/ext_reset_in
    SLICE_X24Y87         LUT1 (Prop_H6LUT_SLICEM_I0_O)
                                                      0.106     1.064 r  design_1_i/rst_ps8_0_99M/U0/EXT_LPF/ACTIVE_LOW_EXT.ACT_LO_EXT_i_1/O
                         net (fo=1, routed)           0.117     1.181    design_1_i/rst_ps8_0_99M/U0/EXT_LPF/ACTIVE_LOW_EXT.ACT_LO_EXT/src_in
    SLICE_X24Y87         FDRE                                         r  design_1_i/rst_ps8_0_99M/U0/EXT_LPF/ACTIVE_LOW_EXT.ACT_LO_EXT/syncstages_ff_reg[0]/D
  -------------------------------------------------------------------    -------------------

                         (clock clk_pl_0 rise edge)
                                                      0.000     0.000 r  
    PS8_X0Y0             PS8                          0.000     0.000 r  design_1_i/zynq_ultra_ps_e_0/inst/PS8_i/PLCLK[0]
                         net (fo=1, routed)           0.164     0.164    design_1_i/zynq_ultra_ps_e_0/inst/pl_clk_unbuffered[0]
    BUFG_PS_X0Y80        BUFG_PS (Prop_BUFG_PS_I_O)
                                                      0.023     0.187 r  design_1_i/zynq_ultra_ps_e_0/inst/buffer_pl_clk_0.PL_CLK_0_BUFG/O
    X1Y1 (CLOCK_ROOT)    net (fo=18546, routed)       1.750     1.937    design_1_i/rst_ps8_0_99M/U0/EXT_LPF/ACTIVE_LOW_EXT.ACT_LO_EXT/dest_clk
    SLICE_X24Y87         FDRE                                         r  design_1_i/rst_ps8_0_99M/U0/EXT_LPF/ACTIVE_LOW_EXT.ACT_LO_EXT/syncstages_ff_reg[0]/C





--------------------------------------------------------------------------------------
Path Group:  (none)
From Clock:  clk_pl_0
  To Clock:  clk_pl_0

Max Delay           104 Endpoints
Min Delay           104 Endpoints
--------------------------------------------------------------------------------------


Max Delay Paths
--------------------------------------------------------------------------------------
Slack:                    inf
  Source:                 design_1_i/axi_smc/inst/clk_map/psr_aclk/U0/ACTIVE_LOW_BSR_OUT_DFF[0].FDRE_BSR_N/C
                            (rising edge-triggered cell FDRE clocked by clk_pl_0  {rise@0.000ns fall@5.000ns period=10.000ns})
  Destination:            <hidden>
                            (recovery check against rising-edge clock clk_pl_0  {rise@0.000ns fall@5.000ns period=10.000ns})
  Path Group:             (none)
  Path Type:              Recovery (Max at Slow Process Corner)
  Data Path Delay:        4.847ns  (logic 0.114ns (2.352%)  route 4.733ns (97.648%))
  Logic Levels:           0  
  Clock Path Skew:        -0.257ns (DCD - SCD + CPR)
    Destination Clock Delay (DCD):    3.070ns
    Source Clock Delay      (SCD):    3.327ns
    Clock Pessimism Removal (CPR):    0.000ns
  Clock Uncertainty:      0.160ns  ((TSJ^2 + DJ^2)^1/2) / 2 + PE
    Total System Jitter     (TSJ):    0.071ns
    Discrete Jitter          (DJ):    0.312ns
    Phase Error              (PE):    0.000ns
  Clock Net Delay (Source):      3.060ns (routing 1.584ns, distribution 1.476ns)
  Clock Net Delay (Destination): 2.854ns (routing 1.450ns, distribution 1.404ns)
  Timing Exception:       False Path

    Location             Delay type                Incr(ns)  Path(ns)    Netlist Resource(s)
  -------------------------------------------------------------------    -------------------
                         (clock clk_pl_0 rise edge)
                                                      0.000     0.000 r  
    PS8_X0Y0             PS8                          0.000     0.000 r  design_1_i/zynq_ultra_ps_e_0/inst/PS8_i/PLCLK[0]
                         net (fo=1, routed)           0.229     0.229    design_1_i/zynq_ultra_ps_e_0/inst/pl_clk_unbuffered[0]
    BUFG_PS_X0Y80        BUFG_PS (Prop_BUFG_PS_I_O)
                                                      0.038     0.267 r  design_1_i/zynq_ultra_ps_e_0/inst/buffer_pl_clk_0.PL_CLK_0_BUFG/O
    X1Y1 (CLOCK_ROOT)    net (fo=18546, routed)       3.060     3.327    design_1_i/axi_smc/inst/clk_map/psr_aclk/U0/aclk
    SLICE_X22Y21         FDRE                                         r  design_1_i/axi_smc/inst/clk_map/psr_aclk/U0/ACTIVE_LOW_BSR_OUT_DFF[0].FDRE_BSR_N/C
  -------------------------------------------------------------------    -------------------
    SLICE_X22Y21         FDRE (Prop_EFF_SLICEL_C_Q)
                                                      0.114     3.441 r  design_1_i/axi_smc/inst/clk_map/psr_aclk/U0/ACTIVE_LOW_BSR_OUT_DFF[0].FDRE_BSR_N/Q
                         net (fo=102, routed)         4.733     8.174    <hidden>
    SLICE_X8Y150         FDCE                                         f  <hidden>  (IS_INVERTED)
  -------------------------------------------------------------------    -------------------

                         (clock clk_pl_0 rise edge)
                                                      0.000     0.000 r  
    PS8_X0Y0             PS8                          0.000     0.000 r  design_1_i/zynq_ultra_ps_e_0/inst/PS8_i/PLCLK[0]
                         net (fo=1, routed)           0.181     0.181    design_1_i/zynq_ultra_ps_e_0/inst/pl_clk_unbuffered[0]
    BUFG_PS_X0Y80        BUFG_PS (Prop_BUFG_PS_I_O)
                                                      0.035     0.216 r  design_1_i/zynq_ultra_ps_e_0/inst/buffer_pl_clk_0.PL_CLK_0_BUFG/O
    X1Y1 (CLOCK_ROOT)    net (fo=18546, routed)       2.854     3.070    <hidden>
    SLICE_X8Y150         FDCE                                         r  <hidden>

Slack:                    inf
  Source:                 design_1_i/axi_smc/inst/clk_map/psr_aclk/U0/ACTIVE_LOW_BSR_OUT_DFF[0].FDRE_BSR_N/C
                            (rising edge-triggered cell FDRE clocked by clk_pl_0  {rise@0.000ns fall@5.000ns period=10.000ns})
  Destination:            <hidden>
                            (recovery check against rising-edge clock clk_pl_0  {rise@0.000ns fall@5.000ns period=10.000ns})
  Path Group:             (none)
  Path Type:              Recovery (Max at Slow Process Corner)
  Data Path Delay:        4.847ns  (logic 0.114ns (2.352%)  route 4.733ns (97.648%))
  Logic Levels:           0  
  Clock Path Skew:        -0.257ns (DCD - SCD + CPR)
    Destination Clock Delay (DCD):    3.070ns
    Source Clock Delay      (SCD):    3.327ns
    Clock Pessimism Removal (CPR):    0.000ns
  Clock Uncertainty:      0.160ns  ((TSJ^2 + DJ^2)^1/2) / 2 + PE
    Total System Jitter     (TSJ):    0.071ns
    Discrete Jitter          (DJ):    0.312ns
    Phase Error              (PE):    0.000ns
  Clock Net Delay (Source):      3.060ns (routing 1.584ns, distribution 1.476ns)
  Clock Net Delay (Destination): 2.854ns (routing 1.450ns, distribution 1.404ns)
  Timing Exception:       False Path

    Location             Delay type                Incr(ns)  Path(ns)    Netlist Resource(s)
  -------------------------------------------------------------------    -------------------
                         (clock clk_pl_0 rise edge)
                                                      0.000     0.000 r  
    PS8_X0Y0             PS8                          0.000     0.000 r  design_1_i/zynq_ultra_ps_e_0/inst/PS8_i/PLCLK[0]
                         net (fo=1, routed)           0.229     0.229    design_1_i/zynq_ultra_ps_e_0/inst/pl_clk_unbuffered[0]
    BUFG_PS_X0Y80        BUFG_PS (Prop_BUFG_PS_I_O)
                                                      0.038     0.267 r  design_1_i/zynq_ultra_ps_e_0/inst/buffer_pl_clk_0.PL_CLK_0_BUFG/O
    X1Y1 (CLOCK_ROOT)    net (fo=18546, routed)       3.060     3.327    design_1_i/axi_smc/inst/clk_map/psr_aclk/U0/aclk
    SLICE_X22Y21         FDRE                                         r  design_1_i/axi_smc/inst/clk_map/psr_aclk/U0/ACTIVE_LOW_BSR_OUT_DFF[0].FDRE_BSR_N/C
  -------------------------------------------------------------------    -------------------
    SLICE_X22Y21         FDRE (Prop_EFF_SLICEL_C_Q)
                                                      0.114     3.441 r  design_1_i/axi_smc/inst/clk_map/psr_aclk/U0/ACTIVE_LOW_BSR_OUT_DFF[0].FDRE_BSR_N/Q
                         net (fo=102, routed)         4.733     8.174    <hidden>
    SLICE_X8Y150         FDCE                                         f  <hidden>  (IS_INVERTED)
  -------------------------------------------------------------------    -------------------

                         (clock clk_pl_0 rise edge)
                                                      0.000     0.000 r  
    PS8_X0Y0             PS8                          0.000     0.000 r  design_1_i/zynq_ultra_ps_e_0/inst/PS8_i/PLCLK[0]
                         net (fo=1, routed)           0.181     0.181    design_1_i/zynq_ultra_ps_e_0/inst/pl_clk_unbuffered[0]
    BUFG_PS_X0Y80        BUFG_PS (Prop_BUFG_PS_I_O)
                                                      0.035     0.216 r  design_1_i/zynq_ultra_ps_e_0/inst/buffer_pl_clk_0.PL_CLK_0_BUFG/O
    X1Y1 (CLOCK_ROOT)    net (fo=18546, routed)       2.854     3.070    <hidden>
    SLICE_X8Y150         FDCE                                         r  <hidden>

Slack:                    inf
  Source:                 design_1_i/axi_smc/inst/clk_map/psr_aclk/U0/ACTIVE_LOW_BSR_OUT_DFF[0].FDRE_BSR_N/C
                            (rising edge-triggered cell FDRE clocked by clk_pl_0  {rise@0.000ns fall@5.000ns period=10.000ns})
  Destination:            <hidden>
                            (recovery check against rising-edge clock clk_pl_0  {rise@0.000ns fall@5.000ns period=10.000ns})
  Path Group:             (none)
  Path Type:              Recovery (Max at Slow Process Corner)
  Data Path Delay:        4.847ns  (logic 0.114ns (2.352%)  route 4.733ns (97.648%))
  Logic Levels:           0  
  Clock Path Skew:        -0.257ns (DCD - SCD + CPR)
    Destination Clock Delay (DCD):    3.070ns
    Source Clock Delay      (SCD):    3.327ns
    Clock Pessimism Removal (CPR):    0.000ns
  Clock Uncertainty:      0.160ns  ((TSJ^2 + DJ^2)^1/2) / 2 + PE
    Total System Jitter     (TSJ):    0.071ns
    Discrete Jitter          (DJ):    0.312ns
    Phase Error              (PE):    0.000ns
  Clock Net Delay (Source):      3.060ns (routing 1.584ns, distribution 1.476ns)
  Clock Net Delay (Destination): 2.854ns (routing 1.450ns, distribution 1.404ns)
  Timing Exception:       False Path

    Location             Delay type                Incr(ns)  Path(ns)    Netlist Resource(s)
  -------------------------------------------------------------------    -------------------
                         (clock clk_pl_0 rise edge)
                                                      0.000     0.000 r  
    PS8_X0Y0             PS8                          0.000     0.000 r  design_1_i/zynq_ultra_ps_e_0/inst/PS8_i/PLCLK[0]
                         net (fo=1, routed)           0.229     0.229    design_1_i/zynq_ultra_ps_e_0/inst/pl_clk_unbuffered[0]
    BUFG_PS_X0Y80        BUFG_PS (Prop_BUFG_PS_I_O)
                                                      0.038     0.267 r  design_1_i/zynq_ultra_ps_e_0/inst/buffer_pl_clk_0.PL_CLK_0_BUFG/O
    X1Y1 (CLOCK_ROOT)    net (fo=18546, routed)       3.060     3.327    design_1_i/axi_smc/inst/clk_map/psr_aclk/U0/aclk
    SLICE_X22Y21         FDRE                                         r  design_1_i/axi_smc/inst/clk_map/psr_aclk/U0/ACTIVE_LOW_BSR_OUT_DFF[0].FDRE_BSR_N/C
  -------------------------------------------------------------------    -------------------
    SLICE_X22Y21         FDRE (Prop_EFF_SLICEL_C_Q)
                                                      0.114     3.441 r  design_1_i/axi_smc/inst/clk_map/psr_aclk/U0/ACTIVE_LOW_BSR_OUT_DFF[0].FDRE_BSR_N/Q
                         net (fo=102, routed)         4.733     8.174    <hidden>
    SLICE_X8Y150         FDCE                                         f  <hidden>  (IS_INVERTED)
  -------------------------------------------------------------------    -------------------

                         (clock clk_pl_0 rise edge)
                                                      0.000     0.000 r  
    PS8_X0Y0             PS8                          0.000     0.000 r  design_1_i/zynq_ultra_ps_e_0/inst/PS8_i/PLCLK[0]
                         net (fo=1, routed)           0.181     0.181    design_1_i/zynq_ultra_ps_e_0/inst/pl_clk_unbuffered[0]
    BUFG_PS_X0Y80        BUFG_PS (Prop_BUFG_PS_I_O)
                                                      0.035     0.216 r  design_1_i/zynq_ultra_ps_e_0/inst/buffer_pl_clk_0.PL_CLK_0_BUFG/O
    X1Y1 (CLOCK_ROOT)    net (fo=18546, routed)       2.854     3.070    <hidden>
    SLICE_X8Y150         FDCE                                         r  <hidden>

Slack:                    inf
  Source:                 design_1_i/axi_smc/inst/clk_map/psr_aclk/U0/ACTIVE_LOW_BSR_OUT_DFF[0].FDRE_BSR_N/C
                            (rising edge-triggered cell FDRE clocked by clk_pl_0  {rise@0.000ns fall@5.000ns period=10.000ns})
  Destination:            <hidden>
                            (recovery check against rising-edge clock clk_pl_0  {rise@0.000ns fall@5.000ns period=10.000ns})
  Path Group:             (none)
  Path Type:              Recovery (Max at Slow Process Corner)
  Data Path Delay:        4.829ns  (logic 0.114ns (2.361%)  route 4.715ns (97.639%))
  Logic Levels:           0  
  Clock Path Skew:        -0.261ns (DCD - SCD + CPR)
    Destination Clock Delay (DCD):    3.066ns
    Source Clock Delay      (SCD):    3.327ns
    Clock Pessimism Removal (CPR):    0.000ns
  Clock Uncertainty:      0.160ns  ((TSJ^2 + DJ^2)^1/2) / 2 + PE
    Total System Jitter     (TSJ):    0.071ns
    Discrete Jitter          (DJ):    0.312ns
    Phase Error              (PE):    0.000ns
  Clock Net Delay (Source):      3.060ns (routing 1.584ns, distribution 1.476ns)
  Clock Net Delay (Destination): 2.850ns (routing 1.450ns, distribution 1.400ns)
  Timing Exception:       False Path

    Location             Delay type                Incr(ns)  Path(ns)    Netlist Resource(s)
  -------------------------------------------------------------------    -------------------
                         (clock clk_pl_0 rise edge)
                                                      0.000     0.000 r  
    PS8_X0Y0             PS8                          0.000     0.000 r  design_1_i/zynq_ultra_ps_e_0/inst/PS8_i/PLCLK[0]
                         net (fo=1, routed)           0.229     0.229    design_1_i/zynq_ultra_ps_e_0/inst/pl_clk_unbuffered[0]
    BUFG_PS_X0Y80        BUFG_PS (Prop_BUFG_PS_I_O)
                                                      0.038     0.267 r  design_1_i/zynq_ultra_ps_e_0/inst/buffer_pl_clk_0.PL_CLK_0_BUFG/O
    X1Y1 (CLOCK_ROOT)    net (fo=18546, routed)       3.060     3.327    design_1_i/axi_smc/inst/clk_map/psr_aclk/U0/aclk
    SLICE_X22Y21         FDRE                                         r  design_1_i/axi_smc/inst/clk_map/psr_aclk/U0/ACTIVE_LOW_BSR_OUT_DFF[0].FDRE_BSR_N/C
  -------------------------------------------------------------------    -------------------
    SLICE_X22Y21         FDRE (Prop_EFF_SLICEL_C_Q)
                                                      0.114     3.441 r  design_1_i/axi_smc/inst/clk_map/psr_aclk/U0/ACTIVE_LOW_BSR_OUT_DFF[0].FDRE_BSR_N/Q
                         net (fo=102, routed)         4.715     8.156    <hidden>
    SLICE_X9Y150         FDCE                                         f  <hidden>  (IS_INVERTED)
  -------------------------------------------------------------------    -------------------

                         (clock clk_pl_0 rise edge)
                                                      0.000     0.000 r  
    PS8_X0Y0             PS8                          0.000     0.000 r  design_1_i/zynq_ultra_ps_e_0/inst/PS8_i/PLCLK[0]
                         net (fo=1, routed)           0.181     0.181    design_1_i/zynq_ultra_ps_e_0/inst/pl_clk_unbuffered[0]
    BUFG_PS_X0Y80        BUFG_PS (Prop_BUFG_PS_I_O)
                                                      0.035     0.216 r  design_1_i/zynq_ultra_ps_e_0/inst/buffer_pl_clk_0.PL_CLK_0_BUFG/O
    X1Y1 (CLOCK_ROOT)    net (fo=18546, routed)       2.850     3.066    <hidden>
    SLICE_X9Y150         FDCE                                         r  <hidden>

Slack:                    inf
  Source:                 design_1_i/axi_smc/inst/clk_map/psr_aclk/U0/ACTIVE_LOW_BSR_OUT_DFF[0].FDRE_BSR_N/C
                            (rising edge-triggered cell FDRE clocked by clk_pl_0  {rise@0.000ns fall@5.000ns period=10.000ns})
  Destination:            <hidden>
                            (recovery check against rising-edge clock clk_pl_0  {rise@0.000ns fall@5.000ns period=10.000ns})
  Path Group:             (none)
  Path Type:              Recovery (Max at Slow Process Corner)
  Data Path Delay:        4.829ns  (logic 0.114ns (2.361%)  route 4.715ns (97.639%))
  Logic Levels:           0  
  Clock Path Skew:        -0.261ns (DCD - SCD + CPR)
    Destination Clock Delay (DCD):    3.066ns
    Source Clock Delay      (SCD):    3.327ns
    Clock Pessimism Removal (CPR):    0.000ns
  Clock Uncertainty:      0.160ns  ((TSJ^2 + DJ^2)^1/2) / 2 + PE
    Total System Jitter     (TSJ):    0.071ns
    Discrete Jitter          (DJ):    0.312ns
    Phase Error              (PE):    0.000ns
  Clock Net Delay (Source):      3.060ns (routing 1.584ns, distribution 1.476ns)
  Clock Net Delay (Destination): 2.850ns (routing 1.450ns, distribution 1.400ns)
  Timing Exception:       False Path

    Location             Delay type                Incr(ns)  Path(ns)    Netlist Resource(s)
  -------------------------------------------------------------------    -------------------
                         (clock clk_pl_0 rise edge)
                                                      0.000     0.000 r  
    PS8_X0Y0             PS8                          0.000     0.000 r  design_1_i/zynq_ultra_ps_e_0/inst/PS8_i/PLCLK[0]
                         net (fo=1, routed)           0.229     0.229    design_1_i/zynq_ultra_ps_e_0/inst/pl_clk_unbuffered[0]
    BUFG_PS_X0Y80        BUFG_PS (Prop_BUFG_PS_I_O)
                                                      0.038     0.267 r  design_1_i/zynq_ultra_ps_e_0/inst/buffer_pl_clk_0.PL_CLK_0_BUFG/O
    X1Y1 (CLOCK_ROOT)    net (fo=18546, routed)       3.060     3.327    design_1_i/axi_smc/inst/clk_map/psr_aclk/U0/aclk
    SLICE_X22Y21         FDRE                                         r  design_1_i/axi_smc/inst/clk_map/psr_aclk/U0/ACTIVE_LOW_BSR_OUT_DFF[0].FDRE_BSR_N/C
  -------------------------------------------------------------------    -------------------
    SLICE_X22Y21         FDRE (Prop_EFF_SLICEL_C_Q)
                                                      0.114     3.441 r  design_1_i/axi_smc/inst/clk_map/psr_aclk/U0/ACTIVE_LOW_BSR_OUT_DFF[0].FDRE_BSR_N/Q
                         net (fo=102, routed)         4.715     8.156    <hidden>
    SLICE_X9Y150         FDCE                                         f  <hidden>  (IS_INVERTED)
  -------------------------------------------------------------------    -------------------

                         (clock clk_pl_0 rise edge)
                                                      0.000     0.000 r  
    PS8_X0Y0             PS8                          0.000     0.000 r  design_1_i/zynq_ultra_ps_e_0/inst/PS8_i/PLCLK[0]
                         net (fo=1, routed)           0.181     0.181    design_1_i/zynq_ultra_ps_e_0/inst/pl_clk_unbuffered[0]
    BUFG_PS_X0Y80        BUFG_PS (Prop_BUFG_PS_I_O)
                                                      0.035     0.216 r  design_1_i/zynq_ultra_ps_e_0/inst/buffer_pl_clk_0.PL_CLK_0_BUFG/O
    X1Y1 (CLOCK_ROOT)    net (fo=18546, routed)       2.850     3.066    <hidden>
    SLICE_X9Y150         FDCE                                         r  <hidden>

Slack:                    inf
  Source:                 design_1_i/axi_smc/inst/clk_map/psr_aclk/U0/ACTIVE_LOW_BSR_OUT_DFF[0].FDRE_BSR_N/C
                            (rising edge-triggered cell FDRE clocked by clk_pl_0  {rise@0.000ns fall@5.000ns period=10.000ns})
  Destination:            <hidden>
                            (recovery check against rising-edge clock clk_pl_0  {rise@0.000ns fall@5.000ns period=10.000ns})
  Path Group:             (none)
  Path Type:              Recovery (Max at Slow Process Corner)
  Data Path Delay:        4.829ns  (logic 0.114ns (2.361%)  route 4.715ns (97.639%))
  Logic Levels:           0  
  Clock Path Skew:        -0.261ns (DCD - SCD + CPR)
    Destination Clock Delay (DCD):    3.066ns
    Source Clock Delay      (SCD):    3.327ns
    Clock Pessimism Removal (CPR):    0.000ns
  Clock Uncertainty:      0.160ns  ((TSJ^2 + DJ^2)^1/2) / 2 + PE
    Total System Jitter     (TSJ):    0.071ns
    Discrete Jitter          (DJ):    0.312ns
    Phase Error              (PE):    0.000ns
  Clock Net Delay (Source):      3.060ns (routing 1.584ns, distribution 1.476ns)
  Clock Net Delay (Destination): 2.850ns (routing 1.450ns, distribution 1.400ns)
  Timing Exception:       False Path

    Location             Delay type                Incr(ns)  Path(ns)    Netlist Resource(s)
  -------------------------------------------------------------------    -------------------
                         (clock clk_pl_0 rise edge)
                                                      0.000     0.000 r  
    PS8_X0Y0             PS8                          0.000     0.000 r  design_1_i/zynq_ultra_ps_e_0/inst/PS8_i/PLCLK[0]
                         net (fo=1, routed)           0.229     0.229    design_1_i/zynq_ultra_ps_e_0/inst/pl_clk_unbuffered[0]
    BUFG_PS_X0Y80        BUFG_PS (Prop_BUFG_PS_I_O)
                                                      0.038     0.267 r  design_1_i/zynq_ultra_ps_e_0/inst/buffer_pl_clk_0.PL_CLK_0_BUFG/O
    X1Y1 (CLOCK_ROOT)    net (fo=18546, routed)       3.060     3.327    design_1_i/axi_smc/inst/clk_map/psr_aclk/U0/aclk
    SLICE_X22Y21         FDRE                                         r  design_1_i/axi_smc/inst/clk_map/psr_aclk/U0/ACTIVE_LOW_BSR_OUT_DFF[0].FDRE_BSR_N/C
  -------------------------------------------------------------------    -------------------
    SLICE_X22Y21         FDRE (Prop_EFF_SLICEL_C_Q)
                                                      0.114     3.441 r  design_1_i/axi_smc/inst/clk_map/psr_aclk/U0/ACTIVE_LOW_BSR_OUT_DFF[0].FDRE_BSR_N/Q
                         net (fo=102, routed)         4.715     8.156    <hidden>
    SLICE_X9Y150         FDCE                                         f  <hidden>  (IS_INVERTED)
  -------------------------------------------------------------------    -------------------

                         (clock clk_pl_0 rise edge)
                                                      0.000     0.000 r  
    PS8_X0Y0             PS8                          0.000     0.000 r  design_1_i/zynq_ultra_ps_e_0/inst/PS8_i/PLCLK[0]
                         net (fo=1, routed)           0.181     0.181    design_1_i/zynq_ultra_ps_e_0/inst/pl_clk_unbuffered[0]
    BUFG_PS_X0Y80        BUFG_PS (Prop_BUFG_PS_I_O)
                                                      0.035     0.216 r  design_1_i/zynq_ultra_ps_e_0/inst/buffer_pl_clk_0.PL_CLK_0_BUFG/O
    X1Y1 (CLOCK_ROOT)    net (fo=18546, routed)       2.850     3.066    <hidden>
    SLICE_X9Y150         FDCE                                         r  <hidden>

Slack:                    inf
  Source:                 design_1_i/axi_smc/inst/clk_map/psr_aclk/U0/ACTIVE_LOW_BSR_OUT_DFF[0].FDRE_BSR_N/C
                            (rising edge-triggered cell FDRE clocked by clk_pl_0  {rise@0.000ns fall@5.000ns period=10.000ns})
  Destination:            <hidden>
                            (recovery check against rising-edge clock clk_pl_0  {rise@0.000ns fall@5.000ns period=10.000ns})
  Path Group:             (none)
  Path Type:              Recovery (Max at Slow Process Corner)
  Data Path Delay:        4.571ns  (logic 0.114ns (2.494%)  route 4.457ns (97.506%))
  Logic Levels:           0  
  Clock Path Skew:        -0.274ns (DCD - SCD + CPR)
    Destination Clock Delay (DCD):    3.053ns
    Source Clock Delay      (SCD):    3.327ns
    Clock Pessimism Removal (CPR):    0.000ns
  Clock Uncertainty:      0.160ns  ((TSJ^2 + DJ^2)^1/2) / 2 + PE
    Total System Jitter     (TSJ):    0.071ns
    Discrete Jitter          (DJ):    0.312ns
    Phase Error              (PE):    0.000ns
  Clock Net Delay (Source):      3.060ns (routing 1.584ns, distribution 1.476ns)
  Clock Net Delay (Destination): 2.837ns (routing 1.450ns, distribution 1.387ns)
  Timing Exception:       False Path

    Location             Delay type                Incr(ns)  Path(ns)    Netlist Resource(s)
  -------------------------------------------------------------------    -------------------
                         (clock clk_pl_0 rise edge)
                                                      0.000     0.000 r  
    PS8_X0Y0             PS8                          0.000     0.000 r  design_1_i/zynq_ultra_ps_e_0/inst/PS8_i/PLCLK[0]
                         net (fo=1, routed)           0.229     0.229    design_1_i/zynq_ultra_ps_e_0/inst/pl_clk_unbuffered[0]
    BUFG_PS_X0Y80        BUFG_PS (Prop_BUFG_PS_I_O)
                                                      0.038     0.267 r  design_1_i/zynq_ultra_ps_e_0/inst/buffer_pl_clk_0.PL_CLK_0_BUFG/O
    X1Y1 (CLOCK_ROOT)    net (fo=18546, routed)       3.060     3.327    design_1_i/axi_smc/inst/clk_map/psr_aclk/U0/aclk
    SLICE_X22Y21         FDRE                                         r  design_1_i/axi_smc/inst/clk_map/psr_aclk/U0/ACTIVE_LOW_BSR_OUT_DFF[0].FDRE_BSR_N/C
  -------------------------------------------------------------------    -------------------
    SLICE_X22Y21         FDRE (Prop_EFF_SLICEL_C_Q)
                                                      0.114     3.441 r  design_1_i/axi_smc/inst/clk_map/psr_aclk/U0/ACTIVE_LOW_BSR_OUT_DFF[0].FDRE_BSR_N/Q
                         net (fo=102, routed)         4.457     7.898    <hidden>
    SLICE_X16Y130        FDCE                                         f  <hidden>  (IS_INVERTED)
  -------------------------------------------------------------------    -------------------

                         (clock clk_pl_0 rise edge)
                                                      0.000     0.000 r  
    PS8_X0Y0             PS8                          0.000     0.000 r  design_1_i/zynq_ultra_ps_e_0/inst/PS8_i/PLCLK[0]
                         net (fo=1, routed)           0.181     0.181    design_1_i/zynq_ultra_ps_e_0/inst/pl_clk_unbuffered[0]
    BUFG_PS_X0Y80        BUFG_PS (Prop_BUFG_PS_I_O)
                                                      0.035     0.216 r  design_1_i/zynq_ultra_ps_e_0/inst/buffer_pl_clk_0.PL_CLK_0_BUFG/O
    X1Y1 (CLOCK_ROOT)    net (fo=18546, routed)       2.837     3.053    <hidden>
    SLICE_X16Y130        FDCE                                         r  <hidden>

Slack:                    inf
  Source:                 design_1_i/axi_smc/inst/clk_map/psr_aclk/U0/ACTIVE_LOW_BSR_OUT_DFF[0].FDRE_BSR_N/C
                            (rising edge-triggered cell FDRE clocked by clk_pl_0  {rise@0.000ns fall@5.000ns period=10.000ns})
  Destination:            <hidden>
                            (recovery check against rising-edge clock clk_pl_0  {rise@0.000ns fall@5.000ns period=10.000ns})
  Path Group:             (none)
  Path Type:              Recovery (Max at Slow Process Corner)
  Data Path Delay:        4.571ns  (logic 0.114ns (2.494%)  route 4.457ns (97.506%))
  Logic Levels:           0  
  Clock Path Skew:        -0.274ns (DCD - SCD + CPR)
    Destination Clock Delay (DCD):    3.053ns
    Source Clock Delay      (SCD):    3.327ns
    Clock Pessimism Removal (CPR):    0.000ns
  Clock Uncertainty:      0.160ns  ((TSJ^2 + DJ^2)^1/2) / 2 + PE
    Total System Jitter     (TSJ):    0.071ns
    Discrete Jitter          (DJ):    0.312ns
    Phase Error              (PE):    0.000ns
  Clock Net Delay (Source):      3.060ns (routing 1.584ns, distribution 1.476ns)
  Clock Net Delay (Destination): 2.837ns (routing 1.450ns, distribution 1.387ns)
  Timing Exception:       False Path

    Location             Delay type                Incr(ns)  Path(ns)    Netlist Resource(s)
  -------------------------------------------------------------------    -------------------
                         (clock clk_pl_0 rise edge)
                                                      0.000     0.000 r  
    PS8_X0Y0             PS8                          0.000     0.000 r  design_1_i/zynq_ultra_ps_e_0/inst/PS8_i/PLCLK[0]
                         net (fo=1, routed)           0.229     0.229    design_1_i/zynq_ultra_ps_e_0/inst/pl_clk_unbuffered[0]
    BUFG_PS_X0Y80        BUFG_PS (Prop_BUFG_PS_I_O)
                                                      0.038     0.267 r  design_1_i/zynq_ultra_ps_e_0/inst/buffer_pl_clk_0.PL_CLK_0_BUFG/O
    X1Y1 (CLOCK_ROOT)    net (fo=18546, routed)       3.060     3.327    design_1_i/axi_smc/inst/clk_map/psr_aclk/U0/aclk
    SLICE_X22Y21         FDRE                                         r  design_1_i/axi_smc/inst/clk_map/psr_aclk/U0/ACTIVE_LOW_BSR_OUT_DFF[0].FDRE_BSR_N/C
  -------------------------------------------------------------------    -------------------
    SLICE_X22Y21         FDRE (Prop_EFF_SLICEL_C_Q)
                                                      0.114     3.441 r  design_1_i/axi_smc/inst/clk_map/psr_aclk/U0/ACTIVE_LOW_BSR_OUT_DFF[0].FDRE_BSR_N/Q
                         net (fo=102, routed)         4.457     7.898    <hidden>
    SLICE_X16Y130        FDCE                                         f  <hidden>  (IS_INVERTED)
  -------------------------------------------------------------------    -------------------

                         (clock clk_pl_0 rise edge)
                                                      0.000     0.000 r  
    PS8_X0Y0             PS8                          0.000     0.000 r  design_1_i/zynq_ultra_ps_e_0/inst/PS8_i/PLCLK[0]
                         net (fo=1, routed)           0.181     0.181    design_1_i/zynq_ultra_ps_e_0/inst/pl_clk_unbuffered[0]
    BUFG_PS_X0Y80        BUFG_PS (Prop_BUFG_PS_I_O)
                                                      0.035     0.216 r  design_1_i/zynq_ultra_ps_e_0/inst/buffer_pl_clk_0.PL_CLK_0_BUFG/O
    X1Y1 (CLOCK_ROOT)    net (fo=18546, routed)       2.837     3.053    <hidden>
    SLICE_X16Y130        FDCE                                         r  <hidden>

Slack:                    inf
  Source:                 design_1_i/axi_smc/inst/clk_map/psr_aclk/U0/ACTIVE_LOW_BSR_OUT_DFF[0].FDRE_BSR_N/C
                            (rising edge-triggered cell FDRE clocked by clk_pl_0  {rise@0.000ns fall@5.000ns period=10.000ns})
  Destination:            <hidden>
                            (recovery check against rising-edge clock clk_pl_0  {rise@0.000ns fall@5.000ns period=10.000ns})
  Path Group:             (none)
  Path Type:              Recovery (Max at Slow Process Corner)
  Data Path Delay:        4.571ns  (logic 0.114ns (2.494%)  route 4.457ns (97.506%))
  Logic Levels:           0  
  Clock Path Skew:        -0.274ns (DCD - SCD + CPR)
    Destination Clock Delay (DCD):    3.053ns
    Source Clock Delay      (SCD):    3.327ns
    Clock Pessimism Removal (CPR):    0.000ns
  Clock Uncertainty:      0.160ns  ((TSJ^2 + DJ^2)^1/2) / 2 + PE
    Total System Jitter     (TSJ):    0.071ns
    Discrete Jitter          (DJ):    0.312ns
    Phase Error              (PE):    0.000ns
  Clock Net Delay (Source):      3.060ns (routing 1.584ns, distribution 1.476ns)
  Clock Net Delay (Destination): 2.837ns (routing 1.450ns, distribution 1.387ns)
  Timing Exception:       False Path

    Location             Delay type                Incr(ns)  Path(ns)    Netlist Resource(s)
  -------------------------------------------------------------------    -------------------
                         (clock clk_pl_0 rise edge)
                                                      0.000     0.000 r  
    PS8_X0Y0             PS8                          0.000     0.000 r  design_1_i/zynq_ultra_ps_e_0/inst/PS8_i/PLCLK[0]
                         net (fo=1, routed)           0.229     0.229    design_1_i/zynq_ultra_ps_e_0/inst/pl_clk_unbuffered[0]
    BUFG_PS_X0Y80        BUFG_PS (Prop_BUFG_PS_I_O)
                                                      0.038     0.267 r  design_1_i/zynq_ultra_ps_e_0/inst/buffer_pl_clk_0.PL_CLK_0_BUFG/O
    X1Y1 (CLOCK_ROOT)    net (fo=18546, routed)       3.060     3.327    design_1_i/axi_smc/inst/clk_map/psr_aclk/U0/aclk
    SLICE_X22Y21         FDRE                                         r  design_1_i/axi_smc/inst/clk_map/psr_aclk/U0/ACTIVE_LOW_BSR_OUT_DFF[0].FDRE_BSR_N/C
  -------------------------------------------------------------------    -------------------
    SLICE_X22Y21         FDRE (Prop_EFF_SLICEL_C_Q)
                                                      0.114     3.441 r  design_1_i/axi_smc/inst/clk_map/psr_aclk/U0/ACTIVE_LOW_BSR_OUT_DFF[0].FDRE_BSR_N/Q
                         net (fo=102, routed)         4.457     7.898    <hidden>
    SLICE_X16Y130        FDCE                                         f  <hidden>  (IS_INVERTED)
  -------------------------------------------------------------------    -------------------

                         (clock clk_pl_0 rise edge)
                                                      0.000     0.000 r  
    PS8_X0Y0             PS8                          0.000     0.000 r  design_1_i/zynq_ultra_ps_e_0/inst/PS8_i/PLCLK[0]
                         net (fo=1, routed)           0.181     0.181    design_1_i/zynq_ultra_ps_e_0/inst/pl_clk_unbuffered[0]
    BUFG_PS_X0Y80        BUFG_PS (Prop_BUFG_PS_I_O)
                                                      0.035     0.216 r  design_1_i/zynq_ultra_ps_e_0/inst/buffer_pl_clk_0.PL_CLK_0_BUFG/O
    X1Y1 (CLOCK_ROOT)    net (fo=18546, routed)       2.837     3.053    <hidden>
    SLICE_X16Y130        FDCE                                         r  <hidden>

Slack:                    inf
  Source:                 design_1_i/axi_smc/inst/clk_map/psr_aclk/U0/ACTIVE_LOW_BSR_OUT_DFF[0].FDRE_BSR_N/C
                            (rising edge-triggered cell FDRE clocked by clk_pl_0  {rise@0.000ns fall@5.000ns period=10.000ns})
  Destination:            <hidden>
                            (recovery check against rising-edge clock clk_pl_0  {rise@0.000ns fall@5.000ns period=10.000ns})
  Path Group:             (none)
  Path Type:              Recovery (Max at Slow Process Corner)
  Data Path Delay:        4.529ns  (logic 0.114ns (2.517%)  route 4.415ns (97.483%))
  Logic Levels:           0  
  Clock Path Skew:        -0.239ns (DCD - SCD + CPR)
    Destination Clock Delay (DCD):    3.088ns
    Source Clock Delay      (SCD):    3.327ns
    Clock Pessimism Removal (CPR):    0.000ns
  Clock Uncertainty:      0.160ns  ((TSJ^2 + DJ^2)^1/2) / 2 + PE
    Total System Jitter     (TSJ):    0.071ns
    Discrete Jitter          (DJ):    0.312ns
    Phase Error              (PE):    0.000ns
  Clock Net Delay (Source):      3.060ns (routing 1.584ns, distribution 1.476ns)
  Clock Net Delay (Destination): 2.872ns (routing 1.450ns, distribution 1.422ns)
  Timing Exception:       False Path

    Location             Delay type                Incr(ns)  Path(ns)    Netlist Resource(s)
  -------------------------------------------------------------------    -------------------
                         (clock clk_pl_0 rise edge)
                                                      0.000     0.000 r  
    PS8_X0Y0             PS8                          0.000     0.000 r  design_1_i/zynq_ultra_ps_e_0/inst/PS8_i/PLCLK[0]
                         net (fo=1, routed)           0.229     0.229    design_1_i/zynq_ultra_ps_e_0/inst/pl_clk_unbuffered[0]
    BUFG_PS_X0Y80        BUFG_PS (Prop_BUFG_PS_I_O)
                                                      0.038     0.267 r  design_1_i/zynq_ultra_ps_e_0/inst/buffer_pl_clk_0.PL_CLK_0_BUFG/O
    X1Y1 (CLOCK_ROOT)    net (fo=18546, routed)       3.060     3.327    design_1_i/axi_smc/inst/clk_map/psr_aclk/U0/aclk
    SLICE_X22Y21         FDRE                                         r  design_1_i/axi_smc/inst/clk_map/psr_aclk/U0/ACTIVE_LOW_BSR_OUT_DFF[0].FDRE_BSR_N/C
  -------------------------------------------------------------------    -------------------
    SLICE_X22Y21         FDRE (Prop_EFF_SLICEL_C_Q)
                                                      0.114     3.441 r  design_1_i/axi_smc/inst/clk_map/psr_aclk/U0/ACTIVE_LOW_BSR_OUT_DFF[0].FDRE_BSR_N/Q
                         net (fo=102, routed)         4.415     7.855    <hidden>
    SLICE_X7Y128         FDCE                                         f  <hidden>  (IS_INVERTED)
  -------------------------------------------------------------------    -------------------

                         (clock clk_pl_0 rise edge)
                                                      0.000     0.000 r  
    PS8_X0Y0             PS8                          0.000     0.000 r  design_1_i/zynq_ultra_ps_e_0/inst/PS8_i/PLCLK[0]
                         net (fo=1, routed)           0.181     0.181    design_1_i/zynq_ultra_ps_e_0/inst/pl_clk_unbuffered[0]
    BUFG_PS_X0Y80        BUFG_PS (Prop_BUFG_PS_I_O)
                                                      0.035     0.216 r  design_1_i/zynq_ultra_ps_e_0/inst/buffer_pl_clk_0.PL_CLK_0_BUFG/O
    X1Y1 (CLOCK_ROOT)    net (fo=18546, routed)       2.872     3.088    <hidden>
    SLICE_X7Y128         FDCE                                         r  <hidden>





Min Delay Paths
--------------------------------------------------------------------------------------
Slack:                    inf
  Source:                 design_1_i/riscv_wrapper_0/inst/rv_core/ex_mem_pipeline_reg/cpu_halted_o_reg/C
                            (rising edge-triggered cell FDRE clocked by clk_pl_0  {rise@0.000ns fall@5.000ns period=10.000ns})
  Destination:            design_1_i/axi_gpio_0/U0/gpio_core_1/Dual.INPUT_DOUBLE_REGS5/syncstages_ff_reg[0][0]/D
                            (rising edge-triggered cell FDRE clocked by clk_pl_0  {rise@0.000ns fall@5.000ns period=10.000ns})
  Path Group:             (none)
  Path Type:              Hold (Min at Fast Process Corner)
  Data Path Delay:        0.243ns  (logic 0.082ns (33.745%)  route 0.161ns (66.255%))
  Logic Levels:           0  
  Clock Path Skew:        0.197ns (DCD - SCD - CPR)
    Destination Clock Delay (DCD):    2.051ns
    Source Clock Delay      (SCD):    1.854ns
    Clock Pessimism Removal (CPR):    -0.000ns
  Clock Uncertainty:      0.160ns  ((TSJ^2 + DJ^2)^1/2) / 2 + PE
    Total System Jitter     (TSJ):    0.071ns
    Discrete Jitter          (DJ):    0.312ns
    Phase Error              (PE):    0.000ns
  Clock Net Delay (Source):      1.703ns (routing 0.886ns, distribution 0.817ns)
  Clock Net Delay (Destination): 1.864ns (routing 0.971ns, distribution 0.893ns)
  Timing Exception:       False Path

    Location             Delay type                Incr(ns)  Path(ns)    Netlist Resource(s)
  -------------------------------------------------------------------    -------------------
                         (clock clk_pl_0 rise edge)
                                                      0.000     0.000 r  
    PS8_X0Y0             PS8                          0.000     0.000 r  design_1_i/zynq_ultra_ps_e_0/inst/PS8_i/PLCLK[0]
                         net (fo=1, routed)           0.129     0.129    design_1_i/zynq_ultra_ps_e_0/inst/pl_clk_unbuffered[0]
    BUFG_PS_X0Y80        BUFG_PS (Prop_BUFG_PS_I_O)
                                                      0.022     0.151 r  design_1_i/zynq_ultra_ps_e_0/inst/buffer_pl_clk_0.PL_CLK_0_BUFG/O
    X1Y1 (CLOCK_ROOT)    net (fo=18546, routed)       1.703     1.854    design_1_i/riscv_wrapper_0/inst/rv_core/ex_mem_pipeline_reg/clk_i
    SLICE_X21Y49         FDRE                                         r  design_1_i/riscv_wrapper_0/inst/rv_core/ex_mem_pipeline_reg/cpu_halted_o_reg/C
  -------------------------------------------------------------------    -------------------
    SLICE_X21Y49         FDRE (Prop_AFF_SLICEM_C_Q)
                                                      0.082     1.936 r  design_1_i/riscv_wrapper_0/inst/rv_core/ex_mem_pipeline_reg/cpu_halted_o_reg/Q
                         net (fo=1, routed)           0.161     2.097    design_1_i/axi_gpio_0/U0/gpio_core_1/Dual.INPUT_DOUBLE_REGS5/async_path_bit
    SLICE_X19Y53         FDRE                                         r  design_1_i/axi_gpio_0/U0/gpio_core_1/Dual.INPUT_DOUBLE_REGS5/syncstages_ff_reg[0][0]/D
  -------------------------------------------------------------------    -------------------

                         (clock clk_pl_0 rise edge)
                                                      0.000     0.000 r  
    PS8_X0Y0             PS8                          0.000     0.000 r  design_1_i/zynq_ultra_ps_e_0/inst/PS8_i/PLCLK[0]
                         net (fo=1, routed)           0.164     0.164    design_1_i/zynq_ultra_ps_e_0/inst/pl_clk_unbuffered[0]
    BUFG_PS_X0Y80        BUFG_PS (Prop_BUFG_PS_I_O)
                                                      0.023     0.187 r  design_1_i/zynq_ultra_ps_e_0/inst/buffer_pl_clk_0.PL_CLK_0_BUFG/O
    X1Y1 (CLOCK_ROOT)    net (fo=18546, routed)       1.864     2.051    design_1_i/axi_gpio_0/U0/gpio_core_1/Dual.INPUT_DOUBLE_REGS5/dest_clk
    SLICE_X19Y53         FDRE                                         r  design_1_i/axi_gpio_0/U0/gpio_core_1/Dual.INPUT_DOUBLE_REGS5/syncstages_ff_reg[0][0]/C

Slack:                    inf
  Source:                 design_1_i/axi_smc/inst/clk_map/psr_aclk/U0/ACTIVE_LOW_BSR_OUT_DFF[0].FDRE_BSR_N/C
                            (rising edge-triggered cell FDRE clocked by clk_pl_0  {rise@0.000ns fall@5.000ns period=10.000ns})
  Destination:            <hidden>
                            (removal check against rising-edge clock clk_pl_0  {rise@0.000ns fall@5.000ns period=10.000ns})
  Path Group:             (none)
  Path Type:              Removal (Min at Fast Process Corner)
  Data Path Delay:        0.357ns  (logic 0.084ns (23.528%)  route 0.273ns (76.472%))
  Logic Levels:           0  
  Clock Path Skew:        0.204ns (DCD - SCD - CPR)
    Destination Clock Delay (DCD):    2.051ns
    Source Clock Delay      (SCD):    1.847ns
    Clock Pessimism Removal (CPR):    -0.000ns
  Clock Uncertainty:      0.160ns  ((TSJ^2 + DJ^2)^1/2) / 2 + PE
    Total System Jitter     (TSJ):    0.071ns
    Discrete Jitter          (DJ):    0.312ns
    Phase Error              (PE):    0.000ns
  Clock Net Delay (Source):      1.696ns (routing 0.886ns, distribution 0.810ns)
  Clock Net Delay (Destination): 1.864ns (routing 0.971ns, distribution 0.893ns)
  Timing Exception:       False Path

    Location             Delay type                Incr(ns)  Path(ns)    Netlist Resource(s)
  -------------------------------------------------------------------    -------------------
                         (clock clk_pl_0 rise edge)
                                                      0.000     0.000 r  
    PS8_X0Y0             PS8                          0.000     0.000 r  design_1_i/zynq_ultra_ps_e_0/inst/PS8_i/PLCLK[0]
                         net (fo=1, routed)           0.129     0.129    design_1_i/zynq_ultra_ps_e_0/inst/pl_clk_unbuffered[0]
    BUFG_PS_X0Y80        BUFG_PS (Prop_BUFG_PS_I_O)
                                                      0.022     0.151 r  design_1_i/zynq_ultra_ps_e_0/inst/buffer_pl_clk_0.PL_CLK_0_BUFG/O
    X1Y1 (CLOCK_ROOT)    net (fo=18546, routed)       1.696     1.847    design_1_i/axi_smc/inst/clk_map/psr_aclk/U0/aclk
    SLICE_X22Y21         FDRE                                         r  design_1_i/axi_smc/inst/clk_map/psr_aclk/U0/ACTIVE_LOW_BSR_OUT_DFF[0].FDRE_BSR_N/C
  -------------------------------------------------------------------    -------------------
    SLICE_X22Y21         FDRE (Prop_EFF_SLICEL_C_Q)
                                                      0.084     1.931 r  design_1_i/axi_smc/inst/clk_map/psr_aclk/U0/ACTIVE_LOW_BSR_OUT_DFF[0].FDRE_BSR_N/Q
                         net (fo=102, routed)         0.273     2.204    <hidden>
    SLICE_X19Y61         FDCE                                         f  <hidden>  (IS_INVERTED)
  -------------------------------------------------------------------    -------------------

                         (clock clk_pl_0 rise edge)
                                                      0.000     0.000 r  
    PS8_X0Y0             PS8                          0.000     0.000 r  design_1_i/zynq_ultra_ps_e_0/inst/PS8_i/PLCLK[0]
                         net (fo=1, routed)           0.164     0.164    design_1_i/zynq_ultra_ps_e_0/inst/pl_clk_unbuffered[0]
    BUFG_PS_X0Y80        BUFG_PS (Prop_BUFG_PS_I_O)
                                                      0.023     0.187 r  design_1_i/zynq_ultra_ps_e_0/inst/buffer_pl_clk_0.PL_CLK_0_BUFG/O
    X1Y1 (CLOCK_ROOT)    net (fo=18546, routed)       1.864     2.051    <hidden>
    SLICE_X19Y61         FDCE                                         r  <hidden>

Slack:                    inf
  Source:                 design_1_i/axi_smc/inst/clk_map/psr_aclk/U0/ACTIVE_LOW_BSR_OUT_DFF[0].FDRE_BSR_N/C
                            (rising edge-triggered cell FDRE clocked by clk_pl_0  {rise@0.000ns fall@5.000ns period=10.000ns})
  Destination:            <hidden>
                            (removal check against rising-edge clock clk_pl_0  {rise@0.000ns fall@5.000ns period=10.000ns})
  Path Group:             (none)
  Path Type:              Removal (Min at Fast Process Corner)
  Data Path Delay:        0.357ns  (logic 0.084ns (23.528%)  route 0.273ns (76.472%))
  Logic Levels:           0  
  Clock Path Skew:        0.204ns (DCD - SCD - CPR)
    Destination Clock Delay (DCD):    2.051ns
    Source Clock Delay      (SCD):    1.847ns
    Clock Pessimism Removal (CPR):    -0.000ns
  Clock Uncertainty:      0.160ns  ((TSJ^2 + DJ^2)^1/2) / 2 + PE
    Total System Jitter     (TSJ):    0.071ns
    Discrete Jitter          (DJ):    0.312ns
    Phase Error              (PE):    0.000ns
  Clock Net Delay (Source):      1.696ns (routing 0.886ns, distribution 0.810ns)
  Clock Net Delay (Destination): 1.864ns (routing 0.971ns, distribution 0.893ns)
  Timing Exception:       False Path

    Location             Delay type                Incr(ns)  Path(ns)    Netlist Resource(s)
  -------------------------------------------------------------------    -------------------
                         (clock clk_pl_0 rise edge)
                                                      0.000     0.000 r  
    PS8_X0Y0             PS8                          0.000     0.000 r  design_1_i/zynq_ultra_ps_e_0/inst/PS8_i/PLCLK[0]
                         net (fo=1, routed)           0.129     0.129    design_1_i/zynq_ultra_ps_e_0/inst/pl_clk_unbuffered[0]
    BUFG_PS_X0Y80        BUFG_PS (Prop_BUFG_PS_I_O)
                                                      0.022     0.151 r  design_1_i/zynq_ultra_ps_e_0/inst/buffer_pl_clk_0.PL_CLK_0_BUFG/O
    X1Y1 (CLOCK_ROOT)    net (fo=18546, routed)       1.696     1.847    design_1_i/axi_smc/inst/clk_map/psr_aclk/U0/aclk
    SLICE_X22Y21         FDRE                                         r  design_1_i/axi_smc/inst/clk_map/psr_aclk/U0/ACTIVE_LOW_BSR_OUT_DFF[0].FDRE_BSR_N/C
  -------------------------------------------------------------------    -------------------
    SLICE_X22Y21         FDRE (Prop_EFF_SLICEL_C_Q)
                                                      0.084     1.931 r  design_1_i/axi_smc/inst/clk_map/psr_aclk/U0/ACTIVE_LOW_BSR_OUT_DFF[0].FDRE_BSR_N/Q
                         net (fo=102, routed)         0.273     2.204    <hidden>
    SLICE_X19Y61         FDCE                                         f  <hidden>  (IS_INVERTED)
  -------------------------------------------------------------------    -------------------

                         (clock clk_pl_0 rise edge)
                                                      0.000     0.000 r  
    PS8_X0Y0             PS8                          0.000     0.000 r  design_1_i/zynq_ultra_ps_e_0/inst/PS8_i/PLCLK[0]
                         net (fo=1, routed)           0.164     0.164    design_1_i/zynq_ultra_ps_e_0/inst/pl_clk_unbuffered[0]
    BUFG_PS_X0Y80        BUFG_PS (Prop_BUFG_PS_I_O)
                                                      0.023     0.187 r  design_1_i/zynq_ultra_ps_e_0/inst/buffer_pl_clk_0.PL_CLK_0_BUFG/O
    X1Y1 (CLOCK_ROOT)    net (fo=18546, routed)       1.864     2.051    <hidden>
    SLICE_X19Y61         FDCE                                         r  <hidden>

Slack:                    inf
  Source:                 design_1_i/axi_smc/inst/clk_map/psr_aclk/U0/ACTIVE_LOW_BSR_OUT_DFF[0].FDRE_BSR_N/C
                            (rising edge-triggered cell FDRE clocked by clk_pl_0  {rise@0.000ns fall@5.000ns period=10.000ns})
  Destination:            <hidden>
                            (removal check against rising-edge clock clk_pl_0  {rise@0.000ns fall@5.000ns period=10.000ns})
  Path Group:             (none)
  Path Type:              Removal (Min at Fast Process Corner)
  Data Path Delay:        0.357ns  (logic 0.084ns (23.528%)  route 0.273ns (76.472%))
  Logic Levels:           0  
  Clock Path Skew:        0.204ns (DCD - SCD - CPR)
    Destination Clock Delay (DCD):    2.051ns
    Source Clock Delay      (SCD):    1.847ns
    Clock Pessimism Removal (CPR):    -0.000ns
  Clock Uncertainty:      0.160ns  ((TSJ^2 + DJ^2)^1/2) / 2 + PE
    Total System Jitter     (TSJ):    0.071ns
    Discrete Jitter          (DJ):    0.312ns
    Phase Error              (PE):    0.000ns
  Clock Net Delay (Source):      1.696ns (routing 0.886ns, distribution 0.810ns)
  Clock Net Delay (Destination): 1.864ns (routing 0.971ns, distribution 0.893ns)
  Timing Exception:       False Path

    Location             Delay type                Incr(ns)  Path(ns)    Netlist Resource(s)
  -------------------------------------------------------------------    -------------------
                         (clock clk_pl_0 rise edge)
                                                      0.000     0.000 r  
    PS8_X0Y0             PS8                          0.000     0.000 r  design_1_i/zynq_ultra_ps_e_0/inst/PS8_i/PLCLK[0]
                         net (fo=1, routed)           0.129     0.129    design_1_i/zynq_ultra_ps_e_0/inst/pl_clk_unbuffered[0]
    BUFG_PS_X0Y80        BUFG_PS (Prop_BUFG_PS_I_O)
                                                      0.022     0.151 r  design_1_i/zynq_ultra_ps_e_0/inst/buffer_pl_clk_0.PL_CLK_0_BUFG/O
    X1Y1 (CLOCK_ROOT)    net (fo=18546, routed)       1.696     1.847    design_1_i/axi_smc/inst/clk_map/psr_aclk/U0/aclk
    SLICE_X22Y21         FDRE                                         r  design_1_i/axi_smc/inst/clk_map/psr_aclk/U0/ACTIVE_LOW_BSR_OUT_DFF[0].FDRE_BSR_N/C
  -------------------------------------------------------------------    -------------------
    SLICE_X22Y21         FDRE (Prop_EFF_SLICEL_C_Q)
                                                      0.084     1.931 r  design_1_i/axi_smc/inst/clk_map/psr_aclk/U0/ACTIVE_LOW_BSR_OUT_DFF[0].FDRE_BSR_N/Q
                         net (fo=102, routed)         0.273     2.204    <hidden>
    SLICE_X19Y61         FDCE                                         f  <hidden>  (IS_INVERTED)
  -------------------------------------------------------------------    -------------------

                         (clock clk_pl_0 rise edge)
                                                      0.000     0.000 r  
    PS8_X0Y0             PS8                          0.000     0.000 r  design_1_i/zynq_ultra_ps_e_0/inst/PS8_i/PLCLK[0]
                         net (fo=1, routed)           0.164     0.164    design_1_i/zynq_ultra_ps_e_0/inst/pl_clk_unbuffered[0]
    BUFG_PS_X0Y80        BUFG_PS (Prop_BUFG_PS_I_O)
                                                      0.023     0.187 r  design_1_i/zynq_ultra_ps_e_0/inst/buffer_pl_clk_0.PL_CLK_0_BUFG/O
    X1Y1 (CLOCK_ROOT)    net (fo=18546, routed)       1.864     2.051    <hidden>
    SLICE_X19Y61         FDCE                                         r  <hidden>

Slack:                    inf
  Source:                 design_1_i/axi_smc/inst/clk_map/psr_aclk/U0/ACTIVE_LOW_BSR_OUT_DFF[0].FDRE_BSR_N/C
                            (rising edge-triggered cell FDRE clocked by clk_pl_0  {rise@0.000ns fall@5.000ns period=10.000ns})
  Destination:            <hidden>
                            (removal check against rising-edge clock clk_pl_0  {rise@0.000ns fall@5.000ns period=10.000ns})
  Path Group:             (none)
  Path Type:              Removal (Min at Fast Process Corner)
  Data Path Delay:        0.373ns  (logic 0.084ns (22.499%)  route 0.289ns (77.501%))
  Logic Levels:           0  
  Clock Path Skew:        0.215ns (DCD - SCD - CPR)
    Destination Clock Delay (DCD):    2.061ns
    Source Clock Delay      (SCD):    1.847ns
    Clock Pessimism Removal (CPR):    -0.000ns
  Clock Uncertainty:      0.160ns  ((TSJ^2 + DJ^2)^1/2) / 2 + PE
    Total System Jitter     (TSJ):    0.071ns
    Discrete Jitter          (DJ):    0.312ns
    Phase Error              (PE):    0.000ns
  Clock Net Delay (Source):      1.696ns (routing 0.886ns, distribution 0.810ns)
  Clock Net Delay (Destination): 1.874ns (routing 0.971ns, distribution 0.903ns)
  Timing Exception:       False Path

    Location             Delay type                Incr(ns)  Path(ns)    Netlist Resource(s)
  -------------------------------------------------------------------    -------------------
                         (clock clk_pl_0 rise edge)
                                                      0.000     0.000 r  
    PS8_X0Y0             PS8                          0.000     0.000 r  design_1_i/zynq_ultra_ps_e_0/inst/PS8_i/PLCLK[0]
                         net (fo=1, routed)           0.129     0.129    design_1_i/zynq_ultra_ps_e_0/inst/pl_clk_unbuffered[0]
    BUFG_PS_X0Y80        BUFG_PS (Prop_BUFG_PS_I_O)
                                                      0.022     0.151 r  design_1_i/zynq_ultra_ps_e_0/inst/buffer_pl_clk_0.PL_CLK_0_BUFG/O
    X1Y1 (CLOCK_ROOT)    net (fo=18546, routed)       1.696     1.847    design_1_i/axi_smc/inst/clk_map/psr_aclk/U0/aclk
    SLICE_X22Y21         FDRE                                         r  design_1_i/axi_smc/inst/clk_map/psr_aclk/U0/ACTIVE_LOW_BSR_OUT_DFF[0].FDRE_BSR_N/C
  -------------------------------------------------------------------    -------------------
    SLICE_X22Y21         FDRE (Prop_EFF_SLICEL_C_Q)
                                                      0.084     1.931 r  design_1_i/axi_smc/inst/clk_map/psr_aclk/U0/ACTIVE_LOW_BSR_OUT_DFF[0].FDRE_BSR_N/Q
                         net (fo=102, routed)         0.289     2.220    <hidden>
    SLICE_X12Y51         FDCE                                         f  <hidden>  (IS_INVERTED)
  -------------------------------------------------------------------    -------------------

                         (clock clk_pl_0 rise edge)
                                                      0.000     0.000 r  
    PS8_X0Y0             PS8                          0.000     0.000 r  design_1_i/zynq_ultra_ps_e_0/inst/PS8_i/PLCLK[0]
                         net (fo=1, routed)           0.164     0.164    design_1_i/zynq_ultra_ps_e_0/inst/pl_clk_unbuffered[0]
    BUFG_PS_X0Y80        BUFG_PS (Prop_BUFG_PS_I_O)
                                                      0.023     0.187 r  design_1_i/zynq_ultra_ps_e_0/inst/buffer_pl_clk_0.PL_CLK_0_BUFG/O
    X1Y1 (CLOCK_ROOT)    net (fo=18546, routed)       1.874     2.061    <hidden>
    SLICE_X12Y51         FDCE                                         r  <hidden>

Slack:                    inf
  Source:                 design_1_i/axi_smc/inst/clk_map/psr_aclk/U0/ACTIVE_LOW_BSR_OUT_DFF[0].FDRE_BSR_N/C
                            (rising edge-triggered cell FDRE clocked by clk_pl_0  {rise@0.000ns fall@5.000ns period=10.000ns})
  Destination:            <hidden>
                            (removal check against rising-edge clock clk_pl_0  {rise@0.000ns fall@5.000ns period=10.000ns})
  Path Group:             (none)
  Path Type:              Removal (Min at Fast Process Corner)
  Data Path Delay:        0.373ns  (logic 0.084ns (22.499%)  route 0.289ns (77.501%))
  Logic Levels:           0  
  Clock Path Skew:        0.215ns (DCD - SCD - CPR)
    Destination Clock Delay (DCD):    2.061ns
    Source Clock Delay      (SCD):    1.847ns
    Clock Pessimism Removal (CPR):    -0.000ns
  Clock Uncertainty:      0.160ns  ((TSJ^2 + DJ^2)^1/2) / 2 + PE
    Total System Jitter     (TSJ):    0.071ns
    Discrete Jitter          (DJ):    0.312ns
    Phase Error              (PE):    0.000ns
  Clock Net Delay (Source):      1.696ns (routing 0.886ns, distribution 0.810ns)
  Clock Net Delay (Destination): 1.874ns (routing 0.971ns, distribution 0.903ns)
  Timing Exception:       False Path

    Location             Delay type                Incr(ns)  Path(ns)    Netlist Resource(s)
  -------------------------------------------------------------------    -------------------
                         (clock clk_pl_0 rise edge)
                                                      0.000     0.000 r  
    PS8_X0Y0             PS8                          0.000     0.000 r  design_1_i/zynq_ultra_ps_e_0/inst/PS8_i/PLCLK[0]
                         net (fo=1, routed)           0.129     0.129    design_1_i/zynq_ultra_ps_e_0/inst/pl_clk_unbuffered[0]
    BUFG_PS_X0Y80        BUFG_PS (Prop_BUFG_PS_I_O)
                                                      0.022     0.151 r  design_1_i/zynq_ultra_ps_e_0/inst/buffer_pl_clk_0.PL_CLK_0_BUFG/O
    X1Y1 (CLOCK_ROOT)    net (fo=18546, routed)       1.696     1.847    design_1_i/axi_smc/inst/clk_map/psr_aclk/U0/aclk
    SLICE_X22Y21         FDRE                                         r  design_1_i/axi_smc/inst/clk_map/psr_aclk/U0/ACTIVE_LOW_BSR_OUT_DFF[0].FDRE_BSR_N/C
  -------------------------------------------------------------------    -------------------
    SLICE_X22Y21         FDRE (Prop_EFF_SLICEL_C_Q)
                                                      0.084     1.931 r  design_1_i/axi_smc/inst/clk_map/psr_aclk/U0/ACTIVE_LOW_BSR_OUT_DFF[0].FDRE_BSR_N/Q
                         net (fo=102, routed)         0.289     2.220    <hidden>
    SLICE_X12Y51         FDCE                                         f  <hidden>  (IS_INVERTED)
  -------------------------------------------------------------------    -------------------

                         (clock clk_pl_0 rise edge)
                                                      0.000     0.000 r  
    PS8_X0Y0             PS8                          0.000     0.000 r  design_1_i/zynq_ultra_ps_e_0/inst/PS8_i/PLCLK[0]
                         net (fo=1, routed)           0.164     0.164    design_1_i/zynq_ultra_ps_e_0/inst/pl_clk_unbuffered[0]
    BUFG_PS_X0Y80        BUFG_PS (Prop_BUFG_PS_I_O)
                                                      0.023     0.187 r  design_1_i/zynq_ultra_ps_e_0/inst/buffer_pl_clk_0.PL_CLK_0_BUFG/O
    X1Y1 (CLOCK_ROOT)    net (fo=18546, routed)       1.874     2.061    <hidden>
    SLICE_X12Y51         FDCE                                         r  <hidden>

Slack:                    inf
  Source:                 design_1_i/axi_smc/inst/clk_map/psr_aclk/U0/ACTIVE_LOW_BSR_OUT_DFF[0].FDRE_BSR_N/C
                            (rising edge-triggered cell FDRE clocked by clk_pl_0  {rise@0.000ns fall@5.000ns period=10.000ns})
  Destination:            <hidden>
                            (removal check against rising-edge clock clk_pl_0  {rise@0.000ns fall@5.000ns period=10.000ns})
  Path Group:             (none)
  Path Type:              Removal (Min at Fast Process Corner)
  Data Path Delay:        0.373ns  (logic 0.084ns (22.499%)  route 0.289ns (77.501%))
  Logic Levels:           0  
  Clock Path Skew:        0.215ns (DCD - SCD - CPR)
    Destination Clock Delay (DCD):    2.061ns
    Source Clock Delay      (SCD):    1.847ns
    Clock Pessimism Removal (CPR):    -0.000ns
  Clock Uncertainty:      0.160ns  ((TSJ^2 + DJ^2)^1/2) / 2 + PE
    Total System Jitter     (TSJ):    0.071ns
    Discrete Jitter          (DJ):    0.312ns
    Phase Error              (PE):    0.000ns
  Clock Net Delay (Source):      1.696ns (routing 0.886ns, distribution 0.810ns)
  Clock Net Delay (Destination): 1.874ns (routing 0.971ns, distribution 0.903ns)
  Timing Exception:       False Path

    Location             Delay type                Incr(ns)  Path(ns)    Netlist Resource(s)
  -------------------------------------------------------------------    -------------------
                         (clock clk_pl_0 rise edge)
                                                      0.000     0.000 r  
    PS8_X0Y0             PS8                          0.000     0.000 r  design_1_i/zynq_ultra_ps_e_0/inst/PS8_i/PLCLK[0]
                         net (fo=1, routed)           0.129     0.129    design_1_i/zynq_ultra_ps_e_0/inst/pl_clk_unbuffered[0]
    BUFG_PS_X0Y80        BUFG_PS (Prop_BUFG_PS_I_O)
                                                      0.022     0.151 r  design_1_i/zynq_ultra_ps_e_0/inst/buffer_pl_clk_0.PL_CLK_0_BUFG/O
    X1Y1 (CLOCK_ROOT)    net (fo=18546, routed)       1.696     1.847    design_1_i/axi_smc/inst/clk_map/psr_aclk/U0/aclk
    SLICE_X22Y21         FDRE                                         r  design_1_i/axi_smc/inst/clk_map/psr_aclk/U0/ACTIVE_LOW_BSR_OUT_DFF[0].FDRE_BSR_N/C
  -------------------------------------------------------------------    -------------------
    SLICE_X22Y21         FDRE (Prop_EFF_SLICEL_C_Q)
                                                      0.084     1.931 r  design_1_i/axi_smc/inst/clk_map/psr_aclk/U0/ACTIVE_LOW_BSR_OUT_DFF[0].FDRE_BSR_N/Q
                         net (fo=102, routed)         0.289     2.220    <hidden>
    SLICE_X12Y51         FDCE                                         f  <hidden>  (IS_INVERTED)
  -------------------------------------------------------------------    -------------------

                         (clock clk_pl_0 rise edge)
                                                      0.000     0.000 r  
    PS8_X0Y0             PS8                          0.000     0.000 r  design_1_i/zynq_ultra_ps_e_0/inst/PS8_i/PLCLK[0]
                         net (fo=1, routed)           0.164     0.164    design_1_i/zynq_ultra_ps_e_0/inst/pl_clk_unbuffered[0]
    BUFG_PS_X0Y80        BUFG_PS (Prop_BUFG_PS_I_O)
                                                      0.023     0.187 r  design_1_i/zynq_ultra_ps_e_0/inst/buffer_pl_clk_0.PL_CLK_0_BUFG/O
    X1Y1 (CLOCK_ROOT)    net (fo=18546, routed)       1.874     2.061    <hidden>
    SLICE_X12Y51         FDCE                                         r  <hidden>

Slack:                    inf
  Source:                 design_1_i/axi_smc/inst/clk_map/psr_aclk/U0/ACTIVE_LOW_BSR_OUT_DFF[0].FDRE_BSR_N/C
                            (rising edge-triggered cell FDRE clocked by clk_pl_0  {rise@0.000ns fall@5.000ns period=10.000ns})
  Destination:            <hidden>
                            (removal check against rising-edge clock clk_pl_0  {rise@0.000ns fall@5.000ns period=10.000ns})
  Path Group:             (none)
  Path Type:              Removal (Min at Fast Process Corner)
  Data Path Delay:        0.405ns  (logic 0.084ns (20.731%)  route 0.321ns (79.269%))
  Logic Levels:           0  
  Clock Path Skew:        0.183ns (DCD - SCD - CPR)
    Destination Clock Delay (DCD):    2.030ns
    Source Clock Delay      (SCD):    1.847ns
    Clock Pessimism Removal (CPR):    -0.000ns
  Clock Uncertainty:      0.160ns  ((TSJ^2 + DJ^2)^1/2) / 2 + PE
    Total System Jitter     (TSJ):    0.071ns
    Discrete Jitter          (DJ):    0.312ns
    Phase Error              (PE):    0.000ns
  Clock Net Delay (Source):      1.696ns (routing 0.886ns, distribution 0.810ns)
  Clock Net Delay (Destination): 1.843ns (routing 0.971ns, distribution 0.872ns)
  Timing Exception:       False Path

    Location             Delay type                Incr(ns)  Path(ns)    Netlist Resource(s)
  -------------------------------------------------------------------    -------------------
                         (clock clk_pl_0 rise edge)
                                                      0.000     0.000 r  
    PS8_X0Y0             PS8                          0.000     0.000 r  design_1_i/zynq_ultra_ps_e_0/inst/PS8_i/PLCLK[0]
                         net (fo=1, routed)           0.129     0.129    design_1_i/zynq_ultra_ps_e_0/inst/pl_clk_unbuffered[0]
    BUFG_PS_X0Y80        BUFG_PS (Prop_BUFG_PS_I_O)
                                                      0.022     0.151 r  design_1_i/zynq_ultra_ps_e_0/inst/buffer_pl_clk_0.PL_CLK_0_BUFG/O
    X1Y1 (CLOCK_ROOT)    net (fo=18546, routed)       1.696     1.847    design_1_i/axi_smc/inst/clk_map/psr_aclk/U0/aclk
    SLICE_X22Y21         FDRE                                         r  design_1_i/axi_smc/inst/clk_map/psr_aclk/U0/ACTIVE_LOW_BSR_OUT_DFF[0].FDRE_BSR_N/C
  -------------------------------------------------------------------    -------------------
    SLICE_X22Y21         FDRE (Prop_EFF_SLICEL_C_Q)
                                                      0.084     1.931 r  design_1_i/axi_smc/inst/clk_map/psr_aclk/U0/ACTIVE_LOW_BSR_OUT_DFF[0].FDRE_BSR_N/Q
                         net (fo=102, routed)         0.321     2.252    <hidden>
    SLICE_X19Y65         FDCE                                         f  <hidden>  (IS_INVERTED)
  -------------------------------------------------------------------    -------------------

                         (clock clk_pl_0 rise edge)
                                                      0.000     0.000 r  
    PS8_X0Y0             PS8                          0.000     0.000 r  design_1_i/zynq_ultra_ps_e_0/inst/PS8_i/PLCLK[0]
                         net (fo=1, routed)           0.164     0.164    design_1_i/zynq_ultra_ps_e_0/inst/pl_clk_unbuffered[0]
    BUFG_PS_X0Y80        BUFG_PS (Prop_BUFG_PS_I_O)
                                                      0.023     0.187 r  design_1_i/zynq_ultra_ps_e_0/inst/buffer_pl_clk_0.PL_CLK_0_BUFG/O
    X1Y1 (CLOCK_ROOT)    net (fo=18546, routed)       1.843     2.030    <hidden>
    SLICE_X19Y65         FDCE                                         r  <hidden>

Slack:                    inf
  Source:                 design_1_i/axi_smc/inst/clk_map/psr_aclk/U0/ACTIVE_LOW_BSR_OUT_DFF[0].FDRE_BSR_N/C
                            (rising edge-triggered cell FDRE clocked by clk_pl_0  {rise@0.000ns fall@5.000ns period=10.000ns})
  Destination:            <hidden>
                            (removal check against rising-edge clock clk_pl_0  {rise@0.000ns fall@5.000ns period=10.000ns})
  Path Group:             (none)
  Path Type:              Removal (Min at Fast Process Corner)
  Data Path Delay:        0.405ns  (logic 0.084ns (20.731%)  route 0.321ns (79.269%))
  Logic Levels:           0  
  Clock Path Skew:        0.183ns (DCD - SCD - CPR)
    Destination Clock Delay (DCD):    2.030ns
    Source Clock Delay      (SCD):    1.847ns
    Clock Pessimism Removal (CPR):    -0.000ns
  Clock Uncertainty:      0.160ns  ((TSJ^2 + DJ^2)^1/2) / 2 + PE
    Total System Jitter     (TSJ):    0.071ns
    Discrete Jitter          (DJ):    0.312ns
    Phase Error              (PE):    0.000ns
  Clock Net Delay (Source):      1.696ns (routing 0.886ns, distribution 0.810ns)
  Clock Net Delay (Destination): 1.843ns (routing 0.971ns, distribution 0.872ns)
  Timing Exception:       False Path

    Location             Delay type                Incr(ns)  Path(ns)    Netlist Resource(s)
  -------------------------------------------------------------------    -------------------
                         (clock clk_pl_0 rise edge)
                                                      0.000     0.000 r  
    PS8_X0Y0             PS8                          0.000     0.000 r  design_1_i/zynq_ultra_ps_e_0/inst/PS8_i/PLCLK[0]
                         net (fo=1, routed)           0.129     0.129    design_1_i/zynq_ultra_ps_e_0/inst/pl_clk_unbuffered[0]
    BUFG_PS_X0Y80        BUFG_PS (Prop_BUFG_PS_I_O)
                                                      0.022     0.151 r  design_1_i/zynq_ultra_ps_e_0/inst/buffer_pl_clk_0.PL_CLK_0_BUFG/O
    X1Y1 (CLOCK_ROOT)    net (fo=18546, routed)       1.696     1.847    design_1_i/axi_smc/inst/clk_map/psr_aclk/U0/aclk
    SLICE_X22Y21         FDRE                                         r  design_1_i/axi_smc/inst/clk_map/psr_aclk/U0/ACTIVE_LOW_BSR_OUT_DFF[0].FDRE_BSR_N/C
  -------------------------------------------------------------------    -------------------
    SLICE_X22Y21         FDRE (Prop_EFF_SLICEL_C_Q)
                                                      0.084     1.931 r  design_1_i/axi_smc/inst/clk_map/psr_aclk/U0/ACTIVE_LOW_BSR_OUT_DFF[0].FDRE_BSR_N/Q
                         net (fo=102, routed)         0.321     2.252    <hidden>
    SLICE_X19Y65         FDCE                                         f  <hidden>  (IS_INVERTED)
  -------------------------------------------------------------------    -------------------

                         (clock clk_pl_0 rise edge)
                                                      0.000     0.000 r  
    PS8_X0Y0             PS8                          0.000     0.000 r  design_1_i/zynq_ultra_ps_e_0/inst/PS8_i/PLCLK[0]
                         net (fo=1, routed)           0.164     0.164    design_1_i/zynq_ultra_ps_e_0/inst/pl_clk_unbuffered[0]
    BUFG_PS_X0Y80        BUFG_PS (Prop_BUFG_PS_I_O)
                                                      0.023     0.187 r  design_1_i/zynq_ultra_ps_e_0/inst/buffer_pl_clk_0.PL_CLK_0_BUFG/O
    X1Y1 (CLOCK_ROOT)    net (fo=18546, routed)       1.843     2.030    <hidden>
    SLICE_X19Y65         FDCE                                         r  <hidden>

Slack:                    inf
  Source:                 design_1_i/axi_smc/inst/clk_map/psr_aclk/U0/ACTIVE_LOW_BSR_OUT_DFF[0].FDRE_BSR_N/C
                            (rising edge-triggered cell FDRE clocked by clk_pl_0  {rise@0.000ns fall@5.000ns period=10.000ns})
  Destination:            <hidden>
                            (removal check against rising-edge clock clk_pl_0  {rise@0.000ns fall@5.000ns period=10.000ns})
  Path Group:             (none)
  Path Type:              Removal (Min at Fast Process Corner)
  Data Path Delay:        0.405ns  (logic 0.084ns (20.731%)  route 0.321ns (79.269%))
  Logic Levels:           0  
  Clock Path Skew:        0.183ns (DCD - SCD - CPR)
    Destination Clock Delay (DCD):    2.030ns
    Source Clock Delay      (SCD):    1.847ns
    Clock Pessimism Removal (CPR):    -0.000ns
  Clock Uncertainty:      0.160ns  ((TSJ^2 + DJ^2)^1/2) / 2 + PE
    Total System Jitter     (TSJ):    0.071ns
    Discrete Jitter          (DJ):    0.312ns
    Phase Error              (PE):    0.000ns
  Clock Net Delay (Source):      1.696ns (routing 0.886ns, distribution 0.810ns)
  Clock Net Delay (Destination): 1.843ns (routing 0.971ns, distribution 0.872ns)
  Timing Exception:       False Path

    Location             Delay type                Incr(ns)  Path(ns)    Netlist Resource(s)
  -------------------------------------------------------------------    -------------------
                         (clock clk_pl_0 rise edge)
                                                      0.000     0.000 r  
    PS8_X0Y0             PS8                          0.000     0.000 r  design_1_i/zynq_ultra_ps_e_0/inst/PS8_i/PLCLK[0]
                         net (fo=1, routed)           0.129     0.129    design_1_i/zynq_ultra_ps_e_0/inst/pl_clk_unbuffered[0]
    BUFG_PS_X0Y80        BUFG_PS (Prop_BUFG_PS_I_O)
                                                      0.022     0.151 r  design_1_i/zynq_ultra_ps_e_0/inst/buffer_pl_clk_0.PL_CLK_0_BUFG/O
    X1Y1 (CLOCK_ROOT)    net (fo=18546, routed)       1.696     1.847    design_1_i/axi_smc/inst/clk_map/psr_aclk/U0/aclk
    SLICE_X22Y21         FDRE                                         r  design_1_i/axi_smc/inst/clk_map/psr_aclk/U0/ACTIVE_LOW_BSR_OUT_DFF[0].FDRE_BSR_N/C
  -------------------------------------------------------------------    -------------------
    SLICE_X22Y21         FDRE (Prop_EFF_SLICEL_C_Q)
                                                      0.084     1.931 r  design_1_i/axi_smc/inst/clk_map/psr_aclk/U0/ACTIVE_LOW_BSR_OUT_DFF[0].FDRE_BSR_N/Q
                         net (fo=102, routed)         0.321     2.252    <hidden>
    SLICE_X19Y65         FDCE                                         f  <hidden>  (IS_INVERTED)
  -------------------------------------------------------------------    -------------------

                         (clock clk_pl_0 rise edge)
                                                      0.000     0.000 r  
    PS8_X0Y0             PS8                          0.000     0.000 r  design_1_i/zynq_ultra_ps_e_0/inst/PS8_i/PLCLK[0]
                         net (fo=1, routed)           0.164     0.164    design_1_i/zynq_ultra_ps_e_0/inst/pl_clk_unbuffered[0]
    BUFG_PS_X0Y80        BUFG_PS (Prop_BUFG_PS_I_O)
                                                      0.023     0.187 r  design_1_i/zynq_ultra_ps_e_0/inst/buffer_pl_clk_0.PL_CLK_0_BUFG/O
    X1Y1 (CLOCK_ROOT)    net (fo=18546, routed)       1.843     2.030    <hidden>
    SLICE_X19Y65         FDCE                                         r  <hidden>





